name	HexA	HexN	DP	Ac	S	formula	neutral_mass	floating_NH3
HS_HexA5_HexN5_Ac0_S0_pNP	5	5	10	0	0	C66H100N6O53	1824.531422	0
HS_HexA5_HexN5_Ac0_S0_pNP	5	5	10	0	0	C66H100N6O53	1841.557971	1
HS_HexA5_HexN5_Ac0_S0_pNP	5	5	10	0	0	C66H100N6O53	1858.584520	2
HS_HexA5_HexN5_Ac0_S0_pNP	5	5	10	0	0	C66H100N6O53	1875.611069	3
HS_HexA5_HexN5_Ac0_S0_pNP	5	5	10	0	0	C66H100N6O53	1892.637618	4
HS_HexA5_HexN5_Ac0_S0_pNP	5	5	10	0	0	C66H100N6O53	1909.664168	5
HS_HexA5_HexN5_Ac0_S1_pNP	5	5	10	0	1	C66H100N6O56S	1904.488237	0
HS_HexA5_HexN5_Ac0_S1_pNP	5	5	10	0	1	C66H100N6O56S	1921.514786	1
HS_HexA5_HexN5_Ac0_S1_pNP	5	5	10	0	1	C66H100N6O56S	1938.541335	2
HS_HexA5_HexN5_Ac0_S1_pNP	5	5	10	0	1	C66H100N6O56S	1955.567884	3
HS_HexA5_HexN5_Ac0_S1_pNP	5	5	10	0	1	C66H100N6O56S	1972.594434	4
HS_HexA5_HexN5_Ac0_S1_pNP	5	5	10	0	1	C66H100N6O56S	1989.620983	5
HS_HexA5_HexN5_Ac0_S1_pNP	5	5	10	0	1	C66H100N6O56S	2006.647532	6
HS_HexA5_HexN5_Ac0_S2_pNP	5	5	10	0	2	C66H100N6O59S2	1984.445052	0
HS_HexA5_HexN5_Ac0_S2_pNP	5	5	10	0	2	C66H100N6O59S2	2001.471601	1
HS_HexA5_HexN5_Ac0_S2_pNP	5	5	10	0	2	C66H100N6O59S2	2018.498150	2
HS_HexA5_HexN5_Ac0_S2_pNP	5	5	10	0	2	C66H100N6O59S2	2035.524699	3
HS_HexA5_HexN5_Ac0_S2_pNP	5	5	10	0	2	C66H100N6O59S2	2052.551249	4
HS_HexA5_HexN5_Ac0_S2_pNP	5	5	10	0	2	C66H100N6O59S2	2069.577798	5
HS_HexA5_HexN5_Ac0_S2_pNP	5	5	10	0	2	C66H100N6O59S2	2086.604347	6
HS_HexA5_HexN5_Ac0_S2_pNP	5	5	10	0	2	C66H100N6O59S2	2103.630896	7
HS_HexA5_HexN5_Ac0_S3_pNP	5	5	10	0	3	C66H100N6O62S3	2064.401867	0
HS_HexA5_HexN5_Ac0_S3_pNP	5	5	10	0	3	C66H100N6O62S3	2081.428416	1
HS_HexA5_HexN5_Ac0_S3_pNP	5	5	10	0	3	C66H100N6O62S3	2098.454965	2
HS_HexA5_HexN5_Ac0_S3_pNP	5	5	10	0	3	C66H100N6O62S3	2115.481514	3
HS_HexA5_HexN5_Ac0_S3_pNP	5	5	10	0	3	C66H100N6O62S3	2132.508064	4
HS_HexA5_HexN5_Ac0_S3_pNP	5	5	10	0	3	C66H100N6O62S3	2149.534613	5
HS_HexA5_HexN5_Ac0_S3_pNP	5	5	10	0	3	C66H100N6O62S3	2166.561162	6
HS_HexA5_HexN5_Ac0_S3_pNP	5	5	10	0	3	C66H100N6O62S3	2183.587711	7
HS_HexA5_HexN5_Ac0_S3_pNP	5	5	10	0	3	C66H100N6O62S3	2200.614260	8
HS_HexA5_HexN5_Ac0_S4_pNP	5	5	10	0	4	C66H100N6O65S4	2144.358682	0
HS_HexA5_HexN5_Ac0_S4_pNP	5	5	10	0	4	C66H100N6O65S4	2161.385231	1
HS_HexA5_HexN5_Ac0_S4_pNP	5	5	10	0	4	C66H100N6O65S4	2178.411780	2
HS_HexA5_HexN5_Ac0_S4_pNP	5	5	10	0	4	C66H100N6O65S4	2195.438330	3
HS_HexA5_HexN5_Ac0_S4_pNP	5	5	10	0	4	C66H100N6O65S4	2212.464879	4
HS_HexA5_HexN5_Ac0_S4_pNP	5	5	10	0	4	C66H100N6O65S4	2229.491428	5
HS_HexA5_HexN5_Ac0_S4_pNP	5	5	10	0	4	C66H100N6O65S4	2246.517977	6
HS_HexA5_HexN5_Ac0_S4_pNP	5	5	10	0	4	C66H100N6O65S4	2263.544526	7
HS_HexA5_HexN5_Ac0_S4_pNP	5	5	10	0	4	C66H100N6O65S4	2280.571075	8
HS_HexA5_HexN5_Ac0_S4_pNP	5	5	10	0	4	C66H100N6O65S4	2297.597624	9
HS_HexA5_HexN5_Ac0_S5_pNP	5	5	10	0	5	C66H100N6O68S5	2224.315497	0
HS_HexA5_HexN5_Ac0_S5_pNP	5	5	10	0	5	C66H100N6O68S5	2241.342046	1
HS_HexA5_HexN5_Ac0_S5_pNP	5	5	10	0	5	C66H100N6O68S5	2258.368595	2
HS_HexA5_HexN5_Ac0_S5_pNP	5	5	10	0	5	C66H100N6O68S5	2275.395145	3
HS_HexA5_HexN5_Ac0_S5_pNP	5	5	10	0	5	C66H100N6O68S5	2292.421694	4
HS_HexA5_HexN5_Ac0_S5_pNP	5	5	10	0	5	C66H100N6O68S5	2309.448243	5
HS_HexA5_HexN5_Ac0_S5_pNP	5	5	10	0	5	C66H100N6O68S5	2326.474792	6
HS_HexA5_HexN5_Ac0_S5_pNP	5	5	10	0	5	C66H100N6O68S5	2343.501341	7
HS_HexA5_HexN5_Ac0_S5_pNP	5	5	10	0	5	C66H100N6O68S5	2360.527890	8
HS_HexA5_HexN5_Ac0_S5_pNP	5	5	10	0	5	C66H100N6O68S5	2377.554439	9
HS_HexA5_HexN5_Ac0_S5_pNP	5	5	10	0	5	C66H100N6O68S5	2394.580988	10
HS_HexA5_HexN5_Ac0_S6_pNP	5	5	10	0	6	C66H100N6O71S6	2304.272312	0
HS_HexA5_HexN5_Ac0_S6_pNP	5	5	10	0	6	C66H100N6O71S6	2321.298861	1
HS_HexA5_HexN5_Ac0_S6_pNP	5	5	10	0	6	C66H100N6O71S6	2338.325410	2
HS_HexA5_HexN5_Ac0_S6_pNP	5	5	10	0	6	C66H100N6O71S6	2355.351960	3
HS_HexA5_HexN5_Ac0_S6_pNP	5	5	10	0	6	C66H100N6O71S6	2372.378509	4
HS_HexA5_HexN5_Ac0_S6_pNP	5	5	10	0	6	C66H100N6O71S6	2389.405058	5
HS_HexA5_HexN5_Ac0_S6_pNP	5	5	10	0	6	C66H100N6O71S6	2406.431607	6
HS_HexA5_HexN5_Ac0_S6_pNP	5	5	10	0	6	C66H100N6O71S6	2423.458156	7
HS_HexA5_HexN5_Ac0_S6_pNP	5	5	10	0	6	C66H100N6O71S6	2440.484705	8
HS_HexA5_HexN5_Ac0_S6_pNP	5	5	10	0	6	C66H100N6O71S6	2457.511254	9
HS_HexA5_HexN5_Ac0_S6_pNP	5	5	10	0	6	C66H100N6O71S6	2474.537803	10
HS_HexA5_HexN5_Ac0_S6_pNP	5	5	10	0	6	C66H100N6O71S6	2491.564352	11
HS_HexA5_HexN5_Ac0_S7_pNP	5	5	10	0	7	C66H100N6O74S7	2384.229127	0
HS_HexA5_HexN5_Ac0_S7_pNP	5	5	10	0	7	C66H100N6O74S7	2401.255676	1
HS_HexA5_HexN5_Ac0_S7_pNP	5	5	10	0	7	C66H100N6O74S7	2418.282226	2
HS_HexA5_HexN5_Ac0_S7_pNP	5	5	10	0	7	C66H100N6O74S7	2435.308775	3
HS_HexA5_HexN5_Ac0_S7_pNP	5	5	10	0	7	C66H100N6O74S7	2452.335324	4
HS_HexA5_HexN5_Ac0_S7_pNP	5	5	10	0	7	C66H100N6O74S7	2469.361873	5
HS_HexA5_HexN5_Ac0_S7_pNP	5	5	10	0	7	C66H100N6O74S7	2486.388422	6
HS_HexA5_HexN5_Ac0_S7_pNP	5	5	10	0	7	C66H100N6O74S7	2503.414971	7
HS_HexA5_HexN5_Ac0_S7_pNP	5	5	10	0	7	C66H100N6O74S7	2520.441520	8
HS_HexA5_HexN5_Ac0_S7_pNP	5	5	10	0	7	C66H100N6O74S7	2537.468069	9
HS_HexA5_HexN5_Ac0_S7_pNP	5	5	10	0	7	C66H100N6O74S7	2554.494618	10
HS_HexA5_HexN5_Ac0_S7_pNP	5	5	10	0	7	C66H100N6O74S7	2571.521167	11
HS_HexA5_HexN5_Ac0_S7_pNP	5	5	10	0	7	C66H100N6O74S7	2588.547717	12
HS_HexA5_HexN5_Ac0_S8_pNP	5	5	10	0	8	C66H100N6O77S8	2464.185942	0
HS_HexA5_HexN5_Ac0_S8_pNP	5	5	10	0	8	C66H100N6O77S8	2481.212491	1
HS_HexA5_HexN5_Ac0_S8_pNP	5	5	10	0	8	C66H100N6O77S8	2498.239041	2
HS_HexA5_HexN5_Ac0_S8_pNP	5	5	10	0	8	C66H100N6O77S8	2515.265590	3
HS_HexA5_HexN5_Ac0_S8_pNP	5	5	10	0	8	C66H100N6O77S8	2532.292139	4
HS_HexA5_HexN5_Ac0_S8_pNP	5	5	10	0	8	C66H100N6O77S8	2549.318688	5
HS_HexA5_HexN5_Ac0_S8_pNP	5	5	10	0	8	C66H100N6O77S8	2566.345237	6
HS_HexA5_HexN5_Ac0_S8_pNP	5	5	10	0	8	C66H100N6O77S8	2583.371786	7
HS_HexA5_HexN5_Ac0_S8_pNP	5	5	10	0	8	C66H100N6O77S8	2600.398335	8
HS_HexA5_HexN5_Ac0_S8_pNP	5	5	10	0	8	C66H100N6O77S8	2617.424884	9
HS_HexA5_HexN5_Ac0_S8_pNP	5	5	10	0	8	C66H100N6O77S8	2634.451433	10
HS_HexA5_HexN5_Ac0_S8_pNP	5	5	10	0	8	C66H100N6O77S8	2651.477982	11
HS_HexA5_HexN5_Ac0_S8_pNP	5	5	10	0	8	C66H100N6O77S8	2668.504532	12
HS_HexA5_HexN5_Ac0_S8_pNP	5	5	10	0	8	C66H100N6O77S8	2685.531081	13
HS_HexA5_HexN5_Ac0_S9_pNP	5	5	10	0	9	C66H100N6O80S9	2544.142757	0
HS_HexA5_HexN5_Ac0_S9_pNP	5	5	10	0	9	C66H100N6O80S9	2561.169306	1
HS_HexA5_HexN5_Ac0_S9_pNP	5	5	10	0	9	C66H100N6O80S9	2578.195856	2
HS_HexA5_HexN5_Ac0_S9_pNP	5	5	10	0	9	C66H100N6O80S9	2595.222405	3
HS_HexA5_HexN5_Ac0_S9_pNP	5	5	10	0	9	C66H100N6O80S9	2612.248954	4
HS_HexA5_HexN5_Ac0_S9_pNP	5	5	10	0	9	C66H100N6O80S9	2629.275503	5
HS_HexA5_HexN5_Ac0_S9_pNP	5	5	10	0	9	C66H100N6O80S9	2646.302052	6
HS_HexA5_HexN5_Ac0_S9_pNP	5	5	10	0	9	C66H100N6O80S9	2663.328601	7
HS_HexA5_HexN5_Ac0_S9_pNP	5	5	10	0	9	C66H100N6O80S9	2680.355150	8
HS_HexA5_HexN5_Ac0_S9_pNP	5	5	10	0	9	C66H100N6O80S9	2697.381699	9
HS_HexA5_HexN5_Ac0_S9_pNP	5	5	10	0	9	C66H100N6O80S9	2714.408248	10
HS_HexA5_HexN5_Ac0_S9_pNP	5	5	10	0	9	C66H100N6O80S9	2731.434797	11
HS_HexA5_HexN5_Ac0_S9_pNP	5	5	10	0	9	C66H100N6O80S9	2748.461347	12
HS_HexA5_HexN5_Ac0_S9_pNP	5	5	10	0	9	C66H100N6O80S9	2765.487896	13
HS_HexA5_HexN5_Ac0_S9_pNP	5	5	10	0	9	C66H100N6O80S9	2782.514445	14
HS_HexA5_HexN5_Ac0_S10_pNP	5	5	10	0	10	C66H100N6O83S10	2624.099572	0
HS_HexA5_HexN5_Ac0_S10_pNP	5	5	10	0	10	C66H100N6O83S10	2641.126122	1
HS_HexA5_HexN5_Ac0_S10_pNP	5	5	10	0	10	C66H100N6O83S10	2658.152671	2
HS_HexA5_HexN5_Ac0_S10_pNP	5	5	10	0	10	C66H100N6O83S10	2675.179220	3
HS_HexA5_HexN5_Ac0_S10_pNP	5	5	10	0	10	C66H100N6O83S10	2692.205769	4
HS_HexA5_HexN5_Ac0_S10_pNP	5	5	10	0	10	C66H100N6O83S10	2709.232318	5
HS_HexA5_HexN5_Ac0_S10_pNP	5	5	10	0	10	C66H100N6O83S10	2726.258867	6
HS_HexA5_HexN5_Ac0_S10_pNP	5	5	10	0	10	C66H100N6O83S10	2743.285416	7
HS_HexA5_HexN5_Ac0_S10_pNP	5	5	10	0	10	C66H100N6O83S10	2760.311965	8
HS_HexA5_HexN5_Ac0_S10_pNP	5	5	10	0	10	C66H100N6O83S10	2777.338514	9
HS_HexA5_HexN5_Ac0_S10_pNP	5	5	10	0	10	C66H100N6O83S10	2794.365063	10
HS_HexA5_HexN5_Ac0_S10_pNP	5	5	10	0	10	C66H100N6O83S10	2811.391613	11
HS_HexA5_HexN5_Ac0_S10_pNP	5	5	10	0	10	C66H100N6O83S10	2828.418162	12
HS_HexA5_HexN5_Ac0_S10_pNP	5	5	10	0	10	C66H100N6O83S10	2845.444711	13
HS_HexA5_HexN5_Ac0_S10_pNP	5	5	10	0	10	C66H100N6O83S10	2862.471260	14
HS_HexA5_HexN5_Ac0_S10_pNP	5	5	10	0	10	C66H100N6O83S10	2879.497809	15
HS_HexA5_HexN5_Ac0_S11_pNP	5	5	10	0	11	C66H100N6O86S11	2704.056387	0
HS_HexA5_HexN5_Ac0_S11_pNP	5	5	10	0	11	C66H100N6O86S11	2721.082937	1
HS_HexA5_HexN5_Ac0_S11_pNP	5	5	10	0	11	C66H100N6O86S11	2738.109486	2
HS_HexA5_HexN5_Ac0_S11_pNP	5	5	10	0	11	C66H100N6O86S11	2755.136035	3
HS_HexA5_HexN5_Ac0_S11_pNP	5	5	10	0	11	C66H100N6O86S11	2772.162584	4
HS_HexA5_HexN5_Ac0_S11_pNP	5	5	10	0	11	C66H100N6O86S11	2789.189133	5
HS_HexA5_HexN5_Ac0_S11_pNP	5	5	10	0	11	C66H100N6O86S11	2806.215682	6
HS_HexA5_HexN5_Ac0_S11_pNP	5	5	10	0	11	C66H100N6O86S11	2823.242231	7
HS_HexA5_HexN5_Ac0_S11_pNP	5	5	10	0	11	C66H100N6O86S11	2840.268780	8
HS_HexA5_HexN5_Ac0_S11_pNP	5	5	10	0	11	C66H100N6O86S11	2857.295329	9
HS_HexA5_HexN5_Ac0_S11_pNP	5	5	10	0	11	C66H100N6O86S11	2874.321878	10
HS_HexA5_HexN5_Ac0_S11_pNP	5	5	10	0	11	C66H100N6O86S11	2891.348428	11
HS_HexA5_HexN5_Ac0_S11_pNP	5	5	10	0	11	C66H100N6O86S11	2908.374977	12
HS_HexA5_HexN5_Ac0_S11_pNP	5	5	10	0	11	C66H100N6O86S11	2925.401526	13
HS_HexA5_HexN5_Ac0_S11_pNP	5	5	10	0	11	C66H100N6O86S11	2942.428075	14
HS_HexA5_HexN5_Ac0_S11_pNP	5	5	10	0	11	C66H100N6O86S11	2959.454624	15
HS_HexA5_HexN5_Ac0_S11_pNP	5	5	10	0	11	C66H100N6O86S11	2976.481173	16
HS_HexA5_HexN5_Ac0_S12_pNP	5	5	10	0	12	C66H100N6O89S12	2784.013202	0
HS_HexA5_HexN5_Ac0_S12_pNP	5	5	10	0	12	C66H100N6O89S12	2801.039752	1
HS_HexA5_HexN5_Ac0_S12_pNP	5	5	10	0	12	C66H100N6O89S12	2818.066301	2
HS_HexA5_HexN5_Ac0_S12_pNP	5	5	10	0	12	C66H100N6O89S12	2835.092850	3
HS_HexA5_HexN5_Ac0_S12_pNP	5	5	10	0	12	C66H100N6O89S12	2852.119399	4
HS_HexA5_HexN5_Ac0_S12_pNP	5	5	10	0	12	C66H100N6O89S12	2869.145948	5
HS_HexA5_HexN5_Ac0_S12_pNP	5	5	10	0	12	C66H100N6O89S12	2886.172497	6
HS_HexA5_HexN5_Ac0_S12_pNP	5	5	10	0	12	C66H100N6O89S12	2903.199046	7
HS_HexA5_HexN5_Ac0_S12_pNP	5	5	10	0	12	C66H100N6O89S12	2920.225595	8
HS_HexA5_HexN5_Ac0_S12_pNP	5	5	10	0	12	C66H100N6O89S12	2937.252144	9
HS_HexA5_HexN5_Ac0_S12_pNP	5	5	10	0	12	C66H100N6O89S12	2954.278693	10
HS_HexA5_HexN5_Ac0_S12_pNP	5	5	10	0	12	C66H100N6O89S12	2971.305243	11
HS_HexA5_HexN5_Ac0_S12_pNP	5	5	10	0	12	C66H100N6O89S12	2988.331792	12
HS_HexA5_HexN5_Ac0_S12_pNP	5	5	10	0	12	C66H100N6O89S12	3005.358341	13
HS_HexA5_HexN5_Ac0_S12_pNP	5	5	10	0	12	C66H100N6O89S12	3022.384890	14
HS_HexA5_HexN5_Ac0_S12_pNP	5	5	10	0	12	C66H100N6O89S12	3039.411439	15
HS_HexA5_HexN5_Ac0_S12_pNP	5	5	10	0	12	C66H100N6O89S12	3056.437988	16
HS_HexA5_HexN5_Ac0_S12_pNP	5	5	10	0	12	C66H100N6O89S12	3073.464537	17
HS_HexA5_HexN5_Ac0_S13_pNP	5	5	10	0	13	C66H100N6O92S13	2863.970018	0
HS_HexA5_HexN5_Ac0_S13_pNP	5	5	10	0	13	C66H100N6O92S13	2880.996567	1
HS_HexA5_HexN5_Ac0_S13_pNP	5	5	10	0	13	C66H100N6O92S13	2898.023116	2
HS_HexA5_HexN5_Ac0_S13_pNP	5	5	10	0	13	C66H100N6O92S13	2915.049665	3
HS_HexA5_HexN5_Ac0_S13_pNP	5	5	10	0	13	C66H100N6O92S13	2932.076214	4
HS_HexA5_HexN5_Ac0_S13_pNP	5	5	10	0	13	C66H100N6O92S13	2949.102763	5
HS_HexA5_HexN5_Ac0_S13_pNP	5	5	10	0	13	C66H100N6O92S13	2966.129312	6
HS_HexA5_HexN5_Ac0_S13_pNP	5	5	10	0	13	C66H100N6O92S13	2983.155861	7
HS_HexA5_HexN5_Ac0_S13_pNP	5	5	10	0	13	C66H100N6O92S13	3000.182410	8
HS_HexA5_HexN5_Ac0_S13_pNP	5	5	10	0	13	C66H100N6O92S13	3017.208959	9
HS_HexA5_HexN5_Ac0_S13_pNP	5	5	10	0	13	C66H100N6O92S13	3034.235509	10
HS_HexA5_HexN5_Ac0_S13_pNP	5	5	10	0	13	C66H100N6O92S13	3051.262058	11
HS_HexA5_HexN5_Ac0_S13_pNP	5	5	10	0	13	C66H100N6O92S13	3068.288607	12
HS_HexA5_HexN5_Ac0_S13_pNP	5	5	10	0	13	C66H100N6O92S13	3085.315156	13
HS_HexA5_HexN5_Ac0_S13_pNP	5	5	10	0	13	C66H100N6O92S13	3102.341705	14
HS_HexA5_HexN5_Ac0_S13_pNP	5	5	10	0	13	C66H100N6O92S13	3119.368254	15
HS_HexA5_HexN5_Ac0_S13_pNP	5	5	10	0	13	C66H100N6O92S13	3136.394803	16
HS_HexA5_HexN5_Ac0_S13_pNP	5	5	10	0	13	C66H100N6O92S13	3153.421352	17
HS_HexA5_HexN5_Ac0_S13_pNP	5	5	10	0	13	C66H100N6O92S13	3170.447901	18
HS_HexA5_HexN5_Ac0_S14_pNP	5	5	10	0	14	C66H100N6O95S14	2943.926833	0
HS_HexA5_HexN5_Ac0_S14_pNP	5	5	10	0	14	C66H100N6O95S14	2960.953382	1
HS_HexA5_HexN5_Ac0_S14_pNP	5	5	10	0	14	C66H100N6O95S14	2977.979931	2
HS_HexA5_HexN5_Ac0_S14_pNP	5	5	10	0	14	C66H100N6O95S14	2995.006480	3
HS_HexA5_HexN5_Ac0_S14_pNP	5	5	10	0	14	C66H100N6O95S14	3012.033029	4
HS_HexA5_HexN5_Ac0_S14_pNP	5	5	10	0	14	C66H100N6O95S14	3029.059578	5
HS_HexA5_HexN5_Ac0_S14_pNP	5	5	10	0	14	C66H100N6O95S14	3046.086127	6
HS_HexA5_HexN5_Ac0_S14_pNP	5	5	10	0	14	C66H100N6O95S14	3063.112676	7
HS_HexA5_HexN5_Ac0_S14_pNP	5	5	10	0	14	C66H100N6O95S14	3080.139225	8
HS_HexA5_HexN5_Ac0_S14_pNP	5	5	10	0	14	C66H100N6O95S14	3097.165774	9
HS_HexA5_HexN5_Ac0_S14_pNP	5	5	10	0	14	C66H100N6O95S14	3114.192324	10
HS_HexA5_HexN5_Ac0_S14_pNP	5	5	10	0	14	C66H100N6O95S14	3131.218873	11
HS_HexA5_HexN5_Ac0_S14_pNP	5	5	10	0	14	C66H100N6O95S14	3148.245422	12
HS_HexA5_HexN5_Ac0_S14_pNP	5	5	10	0	14	C66H100N6O95S14	3165.271971	13
HS_HexA5_HexN5_Ac0_S14_pNP	5	5	10	0	14	C66H100N6O95S14	3182.298520	14
HS_HexA5_HexN5_Ac0_S14_pNP	5	5	10	0	14	C66H100N6O95S14	3199.325069	15
HS_HexA5_HexN5_Ac0_S14_pNP	5	5	10	0	14	C66H100N6O95S14	3216.351618	16
HS_HexA5_HexN5_Ac0_S14_pNP	5	5	10	0	14	C66H100N6O95S14	3233.378167	17
HS_HexA5_HexN5_Ac0_S14_pNP	5	5	10	0	14	C66H100N6O95S14	3250.404716	18
HS_HexA5_HexN5_Ac0_S14_pNP	5	5	10	0	14	C66H100N6O95S14	3267.431265	19
HS_HexA5_HexN5_Ac0_S15_pNP	5	5	10	0	15	C66H100N6O98S15	3023.883648	0
HS_HexA5_HexN5_Ac0_S15_pNP	5	5	10	0	15	C66H100N6O98S15	3040.910197	1
HS_HexA5_HexN5_Ac0_S15_pNP	5	5	10	0	15	C66H100N6O98S15	3057.936746	2
HS_HexA5_HexN5_Ac0_S15_pNP	5	5	10	0	15	C66H100N6O98S15	3074.963295	3
HS_HexA5_HexN5_Ac0_S15_pNP	5	5	10	0	15	C66H100N6O98S15	3091.989844	4
HS_HexA5_HexN5_Ac0_S15_pNP	5	5	10	0	15	C66H100N6O98S15	3109.016393	5
HS_HexA5_HexN5_Ac0_S15_pNP	5	5	10	0	15	C66H100N6O98S15	3126.042942	6
HS_HexA5_HexN5_Ac0_S15_pNP	5	5	10	0	15	C66H100N6O98S15	3143.069491	7
HS_HexA5_HexN5_Ac0_S15_pNP	5	5	10	0	15	C66H100N6O98S15	3160.096040	8
HS_HexA5_HexN5_Ac0_S15_pNP	5	5	10	0	15	C66H100N6O98S15	3177.122589	9
HS_HexA5_HexN5_Ac0_S15_pNP	5	5	10	0	15	C66H100N6O98S15	3194.149139	10
HS_HexA5_HexN5_Ac0_S15_pNP	5	5	10	0	15	C66H100N6O98S15	3211.175688	11
HS_HexA5_HexN5_Ac0_S15_pNP	5	5	10	0	15	C66H100N6O98S15	3228.202237	12
HS_HexA5_HexN5_Ac0_S15_pNP	5	5	10	0	15	C66H100N6O98S15	3245.228786	13
HS_HexA5_HexN5_Ac0_S15_pNP	5	5	10	0	15	C66H100N6O98S15	3262.255335	14
HS_HexA5_HexN5_Ac0_S15_pNP	5	5	10	0	15	C66H100N6O98S15	3279.281884	15
HS_HexA5_HexN5_Ac0_S15_pNP	5	5	10	0	15	C66H100N6O98S15	3296.308433	16
HS_HexA5_HexN5_Ac0_S15_pNP	5	5	10	0	15	C66H100N6O98S15	3313.334982	17
HS_HexA5_HexN5_Ac0_S15_pNP	5	5	10	0	15	C66H100N6O98S15	3330.361531	18
HS_HexA5_HexN5_Ac0_S15_pNP	5	5	10	0	15	C66H100N6O98S15	3347.388081	19
HS_HexA5_HexN5_Ac0_S15_pNP	5	5	10	0	15	C66H100N6O98S15	3364.414630	20
HS_HexA5_HexN5_Ac1_S0_pNP	5	5	10	1	0	C68H102N6O54	1866.541987	0
HS_HexA5_HexN5_Ac1_S0_pNP	5	5	10	1	0	C68H102N6O54	1883.568536	1
HS_HexA5_HexN5_Ac1_S0_pNP	5	5	10	1	0	C68H102N6O54	1900.595085	2
HS_HexA5_HexN5_Ac1_S0_pNP	5	5	10	1	0	C68H102N6O54	1917.621634	3
HS_HexA5_HexN5_Ac1_S0_pNP	5	5	10	1	0	C68H102N6O54	1934.648183	4
HS_HexA5_HexN5_Ac1_S0_pNP	5	5	10	1	0	C68H102N6O54	1951.674732	5
HS_HexA5_HexN5_Ac1_S1_pNP	5	5	10	1	1	C68H102N6O57S	1946.498802	0
HS_HexA5_HexN5_Ac1_S1_pNP	5	5	10	1	1	C68H102N6O57S	1963.525351	1
HS_HexA5_HexN5_Ac1_S1_pNP	5	5	10	1	1	C68H102N6O57S	1980.551900	2
HS_HexA5_HexN5_Ac1_S1_pNP	5	5	10	1	1	C68H102N6O57S	1997.578449	3
HS_HexA5_HexN5_Ac1_S1_pNP	5	5	10	1	1	C68H102N6O57S	2014.604998	4
HS_HexA5_HexN5_Ac1_S1_pNP	5	5	10	1	1	C68H102N6O57S	2031.631547	5
HS_HexA5_HexN5_Ac1_S1_pNP	5	5	10	1	1	C68H102N6O57S	2048.658096	6
HS_HexA5_HexN5_Ac1_S2_pNP	5	5	10	1	2	C68H102N6O60S2	2026.455617	0
HS_HexA5_HexN5_Ac1_S2_pNP	5	5	10	1	2	C68H102N6O60S2	2043.482166	1
HS_HexA5_HexN5_Ac1_S2_pNP	5	5	10	1	2	C68H102N6O60S2	2060.508715	2
HS_HexA5_HexN5_Ac1_S2_pNP	5	5	10	1	2	C68H102N6O60S2	2077.535264	3
HS_HexA5_HexN5_Ac1_S2_pNP	5	5	10	1	2	C68H102N6O60S2	2094.561813	4
HS_HexA5_HexN5_Ac1_S2_pNP	5	5	10	1	2	C68H102N6O60S2	2111.588362	5
HS_HexA5_HexN5_Ac1_S2_pNP	5	5	10	1	2	C68H102N6O60S2	2128.614911	6
HS_HexA5_HexN5_Ac1_S2_pNP	5	5	10	1	2	C68H102N6O60S2	2145.641461	7
HS_HexA5_HexN5_Ac1_S3_pNP	5	5	10	1	3	C68H102N6O63S3	2106.412432	0
HS_HexA5_HexN5_Ac1_S3_pNP	5	5	10	1	3	C68H102N6O63S3	2123.438981	1
HS_HexA5_HexN5_Ac1_S3_pNP	5	5	10	1	3	C68H102N6O63S3	2140.465530	2
HS_HexA5_HexN5_Ac1_S3_pNP	5	5	10	1	3	C68H102N6O63S3	2157.492079	3
HS_HexA5_HexN5_Ac1_S3_pNP	5	5	10	1	3	C68H102N6O63S3	2174.518628	4
HS_HexA5_HexN5_Ac1_S3_pNP	5	5	10	1	3	C68H102N6O63S3	2191.545177	5
HS_HexA5_HexN5_Ac1_S3_pNP	5	5	10	1	3	C68H102N6O63S3	2208.571726	6
HS_HexA5_HexN5_Ac1_S3_pNP	5	5	10	1	3	C68H102N6O63S3	2225.598276	7
HS_HexA5_HexN5_Ac1_S3_pNP	5	5	10	1	3	C68H102N6O63S3	2242.624825	8
HS_HexA5_HexN5_Ac1_S4_pNP	5	5	10	1	4	C68H102N6O66S4	2186.369247	0
HS_HexA5_HexN5_Ac1_S4_pNP	5	5	10	1	4	C68H102N6O66S4	2203.395796	1
HS_HexA5_HexN5_Ac1_S4_pNP	5	5	10	1	4	C68H102N6O66S4	2220.422345	2
HS_HexA5_HexN5_Ac1_S4_pNP	5	5	10	1	4	C68H102N6O66S4	2237.448894	3
HS_HexA5_HexN5_Ac1_S4_pNP	5	5	10	1	4	C68H102N6O66S4	2254.475443	4
HS_HexA5_HexN5_Ac1_S4_pNP	5	5	10	1	4	C68H102N6O66S4	2271.501992	5
HS_HexA5_HexN5_Ac1_S4_pNP	5	5	10	1	4	C68H102N6O66S4	2288.528542	6
HS_HexA5_HexN5_Ac1_S4_pNP	5	5	10	1	4	C68H102N6O66S4	2305.555091	7
HS_HexA5_HexN5_Ac1_S4_pNP	5	5	10	1	4	C68H102N6O66S4	2322.581640	8
HS_HexA5_HexN5_Ac1_S4_pNP	5	5	10	1	4	C68H102N6O66S4	2339.608189	9
HS_HexA5_HexN5_Ac1_S5_pNP	5	5	10	1	5	C68H102N6O69S5	2266.326062	0
HS_HexA5_HexN5_Ac1_S5_pNP	5	5	10	1	5	C68H102N6O69S5	2283.352611	1
HS_HexA5_HexN5_Ac1_S5_pNP	5	5	10	1	5	C68H102N6O69S5	2300.379160	2
HS_HexA5_HexN5_Ac1_S5_pNP	5	5	10	1	5	C68H102N6O69S5	2317.405709	3
HS_HexA5_HexN5_Ac1_S5_pNP	5	5	10	1	5	C68H102N6O69S5	2334.432258	4
HS_HexA5_HexN5_Ac1_S5_pNP	5	5	10	1	5	C68H102N6O69S5	2351.458807	5
HS_HexA5_HexN5_Ac1_S5_pNP	5	5	10	1	5	C68H102N6O69S5	2368.485357	6
HS_HexA5_HexN5_Ac1_S5_pNP	5	5	10	1	5	C68H102N6O69S5	2385.511906	7
HS_HexA5_HexN5_Ac1_S5_pNP	5	5	10	1	5	C68H102N6O69S5	2402.538455	8
HS_HexA5_HexN5_Ac1_S5_pNP	5	5	10	1	5	C68H102N6O69S5	2419.565004	9
HS_HexA5_HexN5_Ac1_S5_pNP	5	5	10	1	5	C68H102N6O69S5	2436.591553	10
HS_HexA5_HexN5_Ac1_S6_pNP	5	5	10	1	6	C68H102N6O72S6	2346.282877	0
HS_HexA5_HexN5_Ac1_S6_pNP	5	5	10	1	6	C68H102N6O72S6	2363.309426	1
HS_HexA5_HexN5_Ac1_S6_pNP	5	5	10	1	6	C68H102N6O72S6	2380.335975	2
HS_HexA5_HexN5_Ac1_S6_pNP	5	5	10	1	6	C68H102N6O72S6	2397.362524	3
HS_HexA5_HexN5_Ac1_S6_pNP	5	5	10	1	6	C68H102N6O72S6	2414.389073	4
HS_HexA5_HexN5_Ac1_S6_pNP	5	5	10	1	6	C68H102N6O72S6	2431.415622	5
HS_HexA5_HexN5_Ac1_S6_pNP	5	5	10	1	6	C68H102N6O72S6	2448.442172	6
HS_HexA5_HexN5_Ac1_S6_pNP	5	5	10	1	6	C68H102N6O72S6	2465.468721	7
HS_HexA5_HexN5_Ac1_S6_pNP	5	5	10	1	6	C68H102N6O72S6	2482.495270	8
HS_HexA5_HexN5_Ac1_S6_pNP	5	5	10	1	6	C68H102N6O72S6	2499.521819	9
HS_HexA5_HexN5_Ac1_S6_pNP	5	5	10	1	6	C68H102N6O72S6	2516.548368	10
HS_HexA5_HexN5_Ac1_S6_pNP	5	5	10	1	6	C68H102N6O72S6	2533.574917	11
HS_HexA5_HexN5_Ac1_S7_pNP	5	5	10	1	7	C68H102N6O75S7	2426.239692	0
HS_HexA5_HexN5_Ac1_S7_pNP	5	5	10	1	7	C68H102N6O75S7	2443.266241	1
HS_HexA5_HexN5_Ac1_S7_pNP	5	5	10	1	7	C68H102N6O75S7	2460.292790	2
HS_HexA5_HexN5_Ac1_S7_pNP	5	5	10	1	7	C68H102N6O75S7	2477.319339	3
HS_HexA5_HexN5_Ac1_S7_pNP	5	5	10	1	7	C68H102N6O75S7	2494.345888	4
HS_HexA5_HexN5_Ac1_S7_pNP	5	5	10	1	7	C68H102N6O75S7	2511.372438	5
HS_HexA5_HexN5_Ac1_S7_pNP	5	5	10	1	7	C68H102N6O75S7	2528.398987	6
HS_HexA5_HexN5_Ac1_S7_pNP	5	5	10	1	7	C68H102N6O75S7	2545.425536	7
HS_HexA5_HexN5_Ac1_S7_pNP	5	5	10	1	7	C68H102N6O75S7	2562.452085	8
HS_HexA5_HexN5_Ac1_S7_pNP	5	5	10	1	7	C68H102N6O75S7	2579.478634	9
HS_HexA5_HexN5_Ac1_S7_pNP	5	5	10	1	7	C68H102N6O75S7	2596.505183	10
HS_HexA5_HexN5_Ac1_S7_pNP	5	5	10	1	7	C68H102N6O75S7	2613.531732	11
HS_HexA5_HexN5_Ac1_S7_pNP	5	5	10	1	7	C68H102N6O75S7	2630.558281	12
HS_HexA5_HexN5_Ac1_S8_pNP	5	5	10	1	8	C68H102N6O78S8	2506.196507	0
HS_HexA5_HexN5_Ac1_S8_pNP	5	5	10	1	8	C68H102N6O78S8	2523.223056	1
HS_HexA5_HexN5_Ac1_S8_pNP	5	5	10	1	8	C68H102N6O78S8	2540.249605	2
HS_HexA5_HexN5_Ac1_S8_pNP	5	5	10	1	8	C68H102N6O78S8	2557.276154	3
HS_HexA5_HexN5_Ac1_S8_pNP	5	5	10	1	8	C68H102N6O78S8	2574.302703	4
HS_HexA5_HexN5_Ac1_S8_pNP	5	5	10	1	8	C68H102N6O78S8	2591.329253	5
HS_HexA5_HexN5_Ac1_S8_pNP	5	5	10	1	8	C68H102N6O78S8	2608.355802	6
HS_HexA5_HexN5_Ac1_S8_pNP	5	5	10	1	8	C68H102N6O78S8	2625.382351	7
HS_HexA5_HexN5_Ac1_S8_pNP	5	5	10	1	8	C68H102N6O78S8	2642.408900	8
HS_HexA5_HexN5_Ac1_S8_pNP	5	5	10	1	8	C68H102N6O78S8	2659.435449	9
HS_HexA5_HexN5_Ac1_S8_pNP	5	5	10	1	8	C68H102N6O78S8	2676.461998	10
HS_HexA5_HexN5_Ac1_S8_pNP	5	5	10	1	8	C68H102N6O78S8	2693.488547	11
HS_HexA5_HexN5_Ac1_S8_pNP	5	5	10	1	8	C68H102N6O78S8	2710.515096	12
HS_HexA5_HexN5_Ac1_S8_pNP	5	5	10	1	8	C68H102N6O78S8	2727.541645	13
HS_HexA5_HexN5_Ac1_S9_pNP	5	5	10	1	9	C68H102N6O81S9	2586.153322	0
HS_HexA5_HexN5_Ac1_S9_pNP	5	5	10	1	9	C68H102N6O81S9	2603.179871	1
HS_HexA5_HexN5_Ac1_S9_pNP	5	5	10	1	9	C68H102N6O81S9	2620.206420	2
HS_HexA5_HexN5_Ac1_S9_pNP	5	5	10	1	9	C68H102N6O81S9	2637.232969	3
HS_HexA5_HexN5_Ac1_S9_pNP	5	5	10	1	9	C68H102N6O81S9	2654.259518	4
HS_HexA5_HexN5_Ac1_S9_pNP	5	5	10	1	9	C68H102N6O81S9	2671.286068	5
HS_HexA5_HexN5_Ac1_S9_pNP	5	5	10	1	9	C68H102N6O81S9	2688.312617	6
HS_HexA5_HexN5_Ac1_S9_pNP	5	5	10	1	9	C68H102N6O81S9	2705.339166	7
HS_HexA5_HexN5_Ac1_S9_pNP	5	5	10	1	9	C68H102N6O81S9	2722.365715	8
HS_HexA5_HexN5_Ac1_S9_pNP	5	5	10	1	9	C68H102N6O81S9	2739.392264	9
HS_HexA5_HexN5_Ac1_S9_pNP	5	5	10	1	9	C68H102N6O81S9	2756.418813	10
HS_HexA5_HexN5_Ac1_S9_pNP	5	5	10	1	9	C68H102N6O81S9	2773.445362	11
HS_HexA5_HexN5_Ac1_S9_pNP	5	5	10	1	9	C68H102N6O81S9	2790.471911	12
HS_HexA5_HexN5_Ac1_S9_pNP	5	5	10	1	9	C68H102N6O81S9	2807.498460	13
HS_HexA5_HexN5_Ac1_S9_pNP	5	5	10	1	9	C68H102N6O81S9	2824.525009	14
HS_HexA5_HexN5_Ac1_S10_pNP	5	5	10	1	10	C68H102N6O84S10	2666.110137	0
HS_HexA5_HexN5_Ac1_S10_pNP	5	5	10	1	10	C68H102N6O84S10	2683.136686	1
HS_HexA5_HexN5_Ac1_S10_pNP	5	5	10	1	10	C68H102N6O84S10	2700.163235	2
HS_HexA5_HexN5_Ac1_S10_pNP	5	5	10	1	10	C68H102N6O84S10	2717.189784	3
HS_HexA5_HexN5_Ac1_S10_pNP	5	5	10	1	10	C68H102N6O84S10	2734.216334	4
HS_HexA5_HexN5_Ac1_S10_pNP	5	5	10	1	10	C68H102N6O84S10	2751.242883	5
HS_HexA5_HexN5_Ac1_S10_pNP	5	5	10	1	10	C68H102N6O84S10	2768.269432	6
HS_HexA5_HexN5_Ac1_S10_pNP	5	5	10	1	10	C68H102N6O84S10	2785.295981	7
HS_HexA5_HexN5_Ac1_S10_pNP	5	5	10	1	10	C68H102N6O84S10	2802.322530	8
HS_HexA5_HexN5_Ac1_S10_pNP	5	5	10	1	10	C68H102N6O84S10	2819.349079	9
HS_HexA5_HexN5_Ac1_S10_pNP	5	5	10	1	10	C68H102N6O84S10	2836.375628	10
HS_HexA5_HexN5_Ac1_S10_pNP	5	5	10	1	10	C68H102N6O84S10	2853.402177	11
HS_HexA5_HexN5_Ac1_S10_pNP	5	5	10	1	10	C68H102N6O84S10	2870.428726	12
HS_HexA5_HexN5_Ac1_S10_pNP	5	5	10	1	10	C68H102N6O84S10	2887.455275	13
HS_HexA5_HexN5_Ac1_S10_pNP	5	5	10	1	10	C68H102N6O84S10	2904.481825	14
HS_HexA5_HexN5_Ac1_S10_pNP	5	5	10	1	10	C68H102N6O84S10	2921.508374	15
HS_HexA5_HexN5_Ac1_S11_pNP	5	5	10	1	11	C68H102N6O87S11	2746.066952	0
HS_HexA5_HexN5_Ac1_S11_pNP	5	5	10	1	11	C68H102N6O87S11	2763.093501	1
HS_HexA5_HexN5_Ac1_S11_pNP	5	5	10	1	11	C68H102N6O87S11	2780.120050	2
HS_HexA5_HexN5_Ac1_S11_pNP	5	5	10	1	11	C68H102N6O87S11	2797.146599	3
HS_HexA5_HexN5_Ac1_S11_pNP	5	5	10	1	11	C68H102N6O87S11	2814.173149	4
HS_HexA5_HexN5_Ac1_S11_pNP	5	5	10	1	11	C68H102N6O87S11	2831.199698	5
HS_HexA5_HexN5_Ac1_S11_pNP	5	5	10	1	11	C68H102N6O87S11	2848.226247	6
HS_HexA5_HexN5_Ac1_S11_pNP	5	5	10	1	11	C68H102N6O87S11	2865.252796	7
HS_HexA5_HexN5_Ac1_S11_pNP	5	5	10	1	11	C68H102N6O87S11	2882.279345	8
HS_HexA5_HexN5_Ac1_S11_pNP	5	5	10	1	11	C68H102N6O87S11	2899.305894	9
HS_HexA5_HexN5_Ac1_S11_pNP	5	5	10	1	11	C68H102N6O87S11	2916.332443	10
HS_HexA5_HexN5_Ac1_S11_pNP	5	5	10	1	11	C68H102N6O87S11	2933.358992	11
HS_HexA5_HexN5_Ac1_S11_pNP	5	5	10	1	11	C68H102N6O87S11	2950.385541	12
HS_HexA5_HexN5_Ac1_S11_pNP	5	5	10	1	11	C68H102N6O87S11	2967.412090	13
HS_HexA5_HexN5_Ac1_S11_pNP	5	5	10	1	11	C68H102N6O87S11	2984.438640	14
HS_HexA5_HexN5_Ac1_S11_pNP	5	5	10	1	11	C68H102N6O87S11	3001.465189	15
HS_HexA5_HexN5_Ac1_S11_pNP	5	5	10	1	11	C68H102N6O87S11	3018.491738	16
HS_HexA5_HexN5_Ac1_S12_pNP	5	5	10	1	12	C68H102N6O90S12	2826.023767	0
HS_HexA5_HexN5_Ac1_S12_pNP	5	5	10	1	12	C68H102N6O90S12	2843.050316	1
HS_HexA5_HexN5_Ac1_S12_pNP	5	5	10	1	12	C68H102N6O90S12	2860.076865	2
HS_HexA5_HexN5_Ac1_S12_pNP	5	5	10	1	12	C68H102N6O90S12	2877.103414	3
HS_HexA5_HexN5_Ac1_S12_pNP	5	5	10	1	12	C68H102N6O90S12	2894.129964	4
HS_HexA5_HexN5_Ac1_S12_pNP	5	5	10	1	12	C68H102N6O90S12	2911.156513	5
HS_HexA5_HexN5_Ac1_S12_pNP	5	5	10	1	12	C68H102N6O90S12	2928.183062	6
HS_HexA5_HexN5_Ac1_S12_pNP	5	5	10	1	12	C68H102N6O90S12	2945.209611	7
HS_HexA5_HexN5_Ac1_S12_pNP	5	5	10	1	12	C68H102N6O90S12	2962.236160	8
HS_HexA5_HexN5_Ac1_S12_pNP	5	5	10	1	12	C68H102N6O90S12	2979.262709	9
HS_HexA5_HexN5_Ac1_S12_pNP	5	5	10	1	12	C68H102N6O90S12	2996.289258	10
HS_HexA5_HexN5_Ac1_S12_pNP	5	5	10	1	12	C68H102N6O90S12	3013.315807	11
HS_HexA5_HexN5_Ac1_S12_pNP	5	5	10	1	12	C68H102N6O90S12	3030.342356	12
HS_HexA5_HexN5_Ac1_S12_pNP	5	5	10	1	12	C68H102N6O90S12	3047.368905	13
HS_HexA5_HexN5_Ac1_S12_pNP	5	5	10	1	12	C68H102N6O90S12	3064.395455	14
HS_HexA5_HexN5_Ac1_S12_pNP	5	5	10	1	12	C68H102N6O90S12	3081.422004	15
HS_HexA5_HexN5_Ac1_S12_pNP	5	5	10	1	12	C68H102N6O90S12	3098.448553	16
HS_HexA5_HexN5_Ac1_S12_pNP	5	5	10	1	12	C68H102N6O90S12	3115.475102	17
HS_HexA5_HexN5_Ac1_S13_pNP	5	5	10	1	13	C68H102N6O93S13	2905.980582	0
HS_HexA5_HexN5_Ac1_S13_pNP	5	5	10	1	13	C68H102N6O93S13	2923.007131	1
HS_HexA5_HexN5_Ac1_S13_pNP	5	5	10	1	13	C68H102N6O93S13	2940.033680	2
HS_HexA5_HexN5_Ac1_S13_pNP	5	5	10	1	13	C68H102N6O93S13	2957.060230	3
HS_HexA5_HexN5_Ac1_S13_pNP	5	5	10	1	13	C68H102N6O93S13	2974.086779	4
HS_HexA5_HexN5_Ac1_S13_pNP	5	5	10	1	13	C68H102N6O93S13	2991.113328	5
HS_HexA5_HexN5_Ac1_S13_pNP	5	5	10	1	13	C68H102N6O93S13	3008.139877	6
HS_HexA5_HexN5_Ac1_S13_pNP	5	5	10	1	13	C68H102N6O93S13	3025.166426	7
HS_HexA5_HexN5_Ac1_S13_pNP	5	5	10	1	13	C68H102N6O93S13	3042.192975	8
HS_HexA5_HexN5_Ac1_S13_pNP	5	5	10	1	13	C68H102N6O93S13	3059.219524	9
HS_HexA5_HexN5_Ac1_S13_pNP	5	5	10	1	13	C68H102N6O93S13	3076.246073	10
HS_HexA5_HexN5_Ac1_S13_pNP	5	5	10	1	13	C68H102N6O93S13	3093.272622	11
HS_HexA5_HexN5_Ac1_S13_pNP	5	5	10	1	13	C68H102N6O93S13	3110.299171	12
HS_HexA5_HexN5_Ac1_S13_pNP	5	5	10	1	13	C68H102N6O93S13	3127.325721	13
HS_HexA5_HexN5_Ac1_S13_pNP	5	5	10	1	13	C68H102N6O93S13	3144.352270	14
HS_HexA5_HexN5_Ac1_S13_pNP	5	5	10	1	13	C68H102N6O93S13	3161.378819	15
HS_HexA5_HexN5_Ac1_S13_pNP	5	5	10	1	13	C68H102N6O93S13	3178.405368	16
HS_HexA5_HexN5_Ac1_S13_pNP	5	5	10	1	13	C68H102N6O93S13	3195.431917	17
HS_HexA5_HexN5_Ac1_S13_pNP	5	5	10	1	13	C68H102N6O93S13	3212.458466	18
HS_HexA5_HexN5_Ac1_S14_pNP	5	5	10	1	14	C68H102N6O96S14	2985.937397	0
HS_HexA5_HexN5_Ac1_S14_pNP	5	5	10	1	14	C68H102N6O96S14	3002.963946	1
HS_HexA5_HexN5_Ac1_S14_pNP	5	5	10	1	14	C68H102N6O96S14	3019.990495	2
HS_HexA5_HexN5_Ac1_S14_pNP	5	5	10	1	14	C68H102N6O96S14	3037.017045	3
HS_HexA5_HexN5_Ac1_S14_pNP	5	5	10	1	14	C68H102N6O96S14	3054.043594	4
HS_HexA5_HexN5_Ac1_S14_pNP	5	5	10	1	14	C68H102N6O96S14	3071.070143	5
HS_HexA5_HexN5_Ac1_S14_pNP	5	5	10	1	14	C68H102N6O96S14	3088.096692	6
HS_HexA5_HexN5_Ac1_S14_pNP	5	5	10	1	14	C68H102N6O96S14	3105.123241	7
HS_HexA5_HexN5_Ac1_S14_pNP	5	5	10	1	14	C68H102N6O96S14	3122.149790	8
HS_HexA5_HexN5_Ac1_S14_pNP	5	5	10	1	14	C68H102N6O96S14	3139.176339	9
HS_HexA5_HexN5_Ac1_S14_pNP	5	5	10	1	14	C68H102N6O96S14	3156.202888	10
HS_HexA5_HexN5_Ac1_S14_pNP	5	5	10	1	14	C68H102N6O96S14	3173.229437	11
HS_HexA5_HexN5_Ac1_S14_pNP	5	5	10	1	14	C68H102N6O96S14	3190.255986	12
HS_HexA5_HexN5_Ac1_S14_pNP	5	5	10	1	14	C68H102N6O96S14	3207.282536	13
HS_HexA5_HexN5_Ac1_S14_pNP	5	5	10	1	14	C68H102N6O96S14	3224.309085	14
HS_HexA5_HexN5_Ac1_S14_pNP	5	5	10	1	14	C68H102N6O96S14	3241.335634	15
HS_HexA5_HexN5_Ac1_S14_pNP	5	5	10	1	14	C68H102N6O96S14	3258.362183	16
HS_HexA5_HexN5_Ac1_S14_pNP	5	5	10	1	14	C68H102N6O96S14	3275.388732	17
HS_HexA5_HexN5_Ac1_S14_pNP	5	5	10	1	14	C68H102N6O96S14	3292.415281	18
HS_HexA5_HexN5_Ac1_S14_pNP	5	5	10	1	14	C68H102N6O96S14	3309.441830	19
HS_HexA5_HexN5_Ac1_S15_pNP	5	5	10	1	15	C68H102N6O99S15	3065.894212	0
HS_HexA5_HexN5_Ac1_S15_pNP	5	5	10	1	15	C68H102N6O99S15	3082.920761	1
HS_HexA5_HexN5_Ac1_S15_pNP	5	5	10	1	15	C68H102N6O99S15	3099.947310	2
HS_HexA5_HexN5_Ac1_S15_pNP	5	5	10	1	15	C68H102N6O99S15	3116.973860	3
HS_HexA5_HexN5_Ac1_S15_pNP	5	5	10	1	15	C68H102N6O99S15	3134.000409	4
HS_HexA5_HexN5_Ac1_S15_pNP	5	5	10	1	15	C68H102N6O99S15	3151.026958	5
HS_HexA5_HexN5_Ac1_S15_pNP	5	5	10	1	15	C68H102N6O99S15	3168.053507	6
HS_HexA5_HexN5_Ac1_S15_pNP	5	5	10	1	15	C68H102N6O99S15	3185.080056	7
HS_HexA5_HexN5_Ac1_S15_pNP	5	5	10	1	15	C68H102N6O99S15	3202.106605	8
HS_HexA5_HexN5_Ac1_S15_pNP	5	5	10	1	15	C68H102N6O99S15	3219.133154	9
HS_HexA5_HexN5_Ac1_S15_pNP	5	5	10	1	15	C68H102N6O99S15	3236.159703	10
HS_HexA5_HexN5_Ac1_S15_pNP	5	5	10	1	15	C68H102N6O99S15	3253.186252	11
HS_HexA5_HexN5_Ac1_S15_pNP	5	5	10	1	15	C68H102N6O99S15	3270.212801	12
HS_HexA5_HexN5_Ac1_S15_pNP	5	5	10	1	15	C68H102N6O99S15	3287.239351	13
HS_HexA5_HexN5_Ac1_S15_pNP	5	5	10	1	15	C68H102N6O99S15	3304.265900	14
HS_HexA5_HexN5_Ac1_S15_pNP	5	5	10	1	15	C68H102N6O99S15	3321.292449	15
HS_HexA5_HexN5_Ac1_S15_pNP	5	5	10	1	15	C68H102N6O99S15	3338.318998	16
HS_HexA5_HexN5_Ac1_S15_pNP	5	5	10	1	15	C68H102N6O99S15	3355.345547	17
HS_HexA5_HexN5_Ac1_S15_pNP	5	5	10	1	15	C68H102N6O99S15	3372.372096	18
HS_HexA5_HexN5_Ac1_S15_pNP	5	5	10	1	15	C68H102N6O99S15	3389.398645	19
HS_HexA5_HexN5_Ac1_S15_pNP	5	5	10	1	15	C68H102N6O99S15	3406.425194	20
HS_HexA5_HexN5_Ac2_S0_pNP	5	5	10	2	0	C70H104N6O55	1908.552551	0
HS_HexA5_HexN5_Ac2_S0_pNP	5	5	10	2	0	C70H104N6O55	1925.579101	1
HS_HexA5_HexN5_Ac2_S0_pNP	5	5	10	2	0	C70H104N6O55	1942.605650	2
HS_HexA5_HexN5_Ac2_S0_pNP	5	5	10	2	0	C70H104N6O55	1959.632199	3
HS_HexA5_HexN5_Ac2_S0_pNP	5	5	10	2	0	C70H104N6O55	1976.658748	4
HS_HexA5_HexN5_Ac2_S0_pNP	5	5	10	2	0	C70H104N6O55	1993.685297	5
HS_HexA5_HexN5_Ac2_S1_pNP	5	5	10	2	1	C70H104N6O58S	1988.509366	0
HS_HexA5_HexN5_Ac2_S1_pNP	5	5	10	2	1	C70H104N6O58S	2005.535916	1
HS_HexA5_HexN5_Ac2_S1_pNP	5	5	10	2	1	C70H104N6O58S	2022.562465	2
HS_HexA5_HexN5_Ac2_S1_pNP	5	5	10	2	1	C70H104N6O58S	2039.589014	3
HS_HexA5_HexN5_Ac2_S1_pNP	5	5	10	2	1	C70H104N6O58S	2056.615563	4
HS_HexA5_HexN5_Ac2_S1_pNP	5	5	10	2	1	C70H104N6O58S	2073.642112	5
HS_HexA5_HexN5_Ac2_S1_pNP	5	5	10	2	1	C70H104N6O58S	2090.668661	6
HS_HexA5_HexN5_Ac2_S2_pNP	5	5	10	2	2	C70H104N6O61S2	2068.466182	0
HS_HexA5_HexN5_Ac2_S2_pNP	5	5	10	2	2	C70H104N6O61S2	2085.492731	1
HS_HexA5_HexN5_Ac2_S2_pNP	5	5	10	2	2	C70H104N6O61S2	2102.519280	2
HS_HexA5_HexN5_Ac2_S2_pNP	5	5	10	2	2	C70H104N6O61S2	2119.545829	3
HS_HexA5_HexN5_Ac2_S2_pNP	5	5	10	2	2	C70H104N6O61S2	2136.572378	4
HS_HexA5_HexN5_Ac2_S2_pNP	5	5	10	2	2	C70H104N6O61S2	2153.598927	5
HS_HexA5_HexN5_Ac2_S2_pNP	5	5	10	2	2	C70H104N6O61S2	2170.625476	6
HS_HexA5_HexN5_Ac2_S2_pNP	5	5	10	2	2	C70H104N6O61S2	2187.652025	7
HS_HexA5_HexN5_Ac2_S3_pNP	5	5	10	2	3	C70H104N6O64S3	2148.422997	0
HS_HexA5_HexN5_Ac2_S3_pNP	5	5	10	2	3	C70H104N6O64S3	2165.449546	1
HS_HexA5_HexN5_Ac2_S3_pNP	5	5	10	2	3	C70H104N6O64S3	2182.476095	2
HS_HexA5_HexN5_Ac2_S3_pNP	5	5	10	2	3	C70H104N6O64S3	2199.502644	3
HS_HexA5_HexN5_Ac2_S3_pNP	5	5	10	2	3	C70H104N6O64S3	2216.529193	4
HS_HexA5_HexN5_Ac2_S3_pNP	5	5	10	2	3	C70H104N6O64S3	2233.555742	5
HS_HexA5_HexN5_Ac2_S3_pNP	5	5	10	2	3	C70H104N6O64S3	2250.582291	6
HS_HexA5_HexN5_Ac2_S3_pNP	5	5	10	2	3	C70H104N6O64S3	2267.608840	7
HS_HexA5_HexN5_Ac2_S3_pNP	5	5	10	2	3	C70H104N6O64S3	2284.635389	8
HS_HexA5_HexN5_Ac2_S4_pNP	5	5	10	2	4	C70H104N6O67S4	2228.379812	0
HS_HexA5_HexN5_Ac2_S4_pNP	5	5	10	2	4	C70H104N6O67S4	2245.406361	1
HS_HexA5_HexN5_Ac2_S4_pNP	5	5	10	2	4	C70H104N6O67S4	2262.432910	2
HS_HexA5_HexN5_Ac2_S4_pNP	5	5	10	2	4	C70H104N6O67S4	2279.459459	3
HS_HexA5_HexN5_Ac2_S4_pNP	5	5	10	2	4	C70H104N6O67S4	2296.486008	4
HS_HexA5_HexN5_Ac2_S4_pNP	5	5	10	2	4	C70H104N6O67S4	2313.512557	5
HS_HexA5_HexN5_Ac2_S4_pNP	5	5	10	2	4	C70H104N6O67S4	2330.539106	6
HS_HexA5_HexN5_Ac2_S4_pNP	5	5	10	2	4	C70H104N6O67S4	2347.565655	7
HS_HexA5_HexN5_Ac2_S4_pNP	5	5	10	2	4	C70H104N6O67S4	2364.592204	8
HS_HexA5_HexN5_Ac2_S4_pNP	5	5	10	2	4	C70H104N6O67S4	2381.618753	9
HS_HexA5_HexN5_Ac2_S5_pNP	5	5	10	2	5	C70H104N6O70S5	2308.336627	0
HS_HexA5_HexN5_Ac2_S5_pNP	5	5	10	2	5	C70H104N6O70S5	2325.363176	1
HS_HexA5_HexN5_Ac2_S5_pNP	5	5	10	2	5	C70H104N6O70S5	2342.389725	2
HS_HexA5_HexN5_Ac2_S5_pNP	5	5	10	2	5	C70H104N6O70S5	2359.416274	3
HS_HexA5_HexN5_Ac2_S5_pNP	5	5	10	2	5	C70H104N6O70S5	2376.442823	4
HS_HexA5_HexN5_Ac2_S5_pNP	5	5	10	2	5	C70H104N6O70S5	2393.469372	5
HS_HexA5_HexN5_Ac2_S5_pNP	5	5	10	2	5	C70H104N6O70S5	2410.495921	6
HS_HexA5_HexN5_Ac2_S5_pNP	5	5	10	2	5	C70H104N6O70S5	2427.522470	7
HS_HexA5_HexN5_Ac2_S5_pNP	5	5	10	2	5	C70H104N6O70S5	2444.549019	8
HS_HexA5_HexN5_Ac2_S5_pNP	5	5	10	2	5	C70H104N6O70S5	2461.575569	9
HS_HexA5_HexN5_Ac2_S5_pNP	5	5	10	2	5	C70H104N6O70S5	2478.602118	10
HS_HexA5_HexN5_Ac2_S6_pNP	5	5	10	2	6	C70H104N6O73S6	2388.293442	0
HS_HexA5_HexN5_Ac2_S6_pNP	5	5	10	2	6	C70H104N6O73S6	2405.319991	1
HS_HexA5_HexN5_Ac2_S6_pNP	5	5	10	2	6	C70H104N6O73S6	2422.346540	2
HS_HexA5_HexN5_Ac2_S6_pNP	5	5	10	2	6	C70H104N6O73S6	2439.373089	3
HS_HexA5_HexN5_Ac2_S6_pNP	5	5	10	2	6	C70H104N6O73S6	2456.399638	4
HS_HexA5_HexN5_Ac2_S6_pNP	5	5	10	2	6	C70H104N6O73S6	2473.426187	5
HS_HexA5_HexN5_Ac2_S6_pNP	5	5	10	2	6	C70H104N6O73S6	2490.452736	6
HS_HexA5_HexN5_Ac2_S6_pNP	5	5	10	2	6	C70H104N6O73S6	2507.479285	7
HS_HexA5_HexN5_Ac2_S6_pNP	5	5	10	2	6	C70H104N6O73S6	2524.505834	8
HS_HexA5_HexN5_Ac2_S6_pNP	5	5	10	2	6	C70H104N6O73S6	2541.532384	9
HS_HexA5_HexN5_Ac2_S6_pNP	5	5	10	2	6	C70H104N6O73S6	2558.558933	10
HS_HexA5_HexN5_Ac2_S6_pNP	5	5	10	2	6	C70H104N6O73S6	2575.585482	11
HS_HexA5_HexN5_Ac2_S7_pNP	5	5	10	2	7	C70H104N6O76S7	2468.250257	0
HS_HexA5_HexN5_Ac2_S7_pNP	5	5	10	2	7	C70H104N6O76S7	2485.276806	1
HS_HexA5_HexN5_Ac2_S7_pNP	5	5	10	2	7	C70H104N6O76S7	2502.303355	2
HS_HexA5_HexN5_Ac2_S7_pNP	5	5	10	2	7	C70H104N6O76S7	2519.329904	3
HS_HexA5_HexN5_Ac2_S7_pNP	5	5	10	2	7	C70H104N6O76S7	2536.356453	4
HS_HexA5_HexN5_Ac2_S7_pNP	5	5	10	2	7	C70H104N6O76S7	2553.383002	5
HS_HexA5_HexN5_Ac2_S7_pNP	5	5	10	2	7	C70H104N6O76S7	2570.409551	6
HS_HexA5_HexN5_Ac2_S7_pNP	5	5	10	2	7	C70H104N6O76S7	2587.436100	7
HS_HexA5_HexN5_Ac2_S7_pNP	5	5	10	2	7	C70H104N6O76S7	2604.462649	8
HS_HexA5_HexN5_Ac2_S7_pNP	5	5	10	2	7	C70H104N6O76S7	2621.489199	9
HS_HexA5_HexN5_Ac2_S7_pNP	5	5	10	2	7	C70H104N6O76S7	2638.515748	10
HS_HexA5_HexN5_Ac2_S7_pNP	5	5	10	2	7	C70H104N6O76S7	2655.542297	11
HS_HexA5_HexN5_Ac2_S7_pNP	5	5	10	2	7	C70H104N6O76S7	2672.568846	12
HS_HexA5_HexN5_Ac2_S8_pNP	5	5	10	2	8	C70H104N6O79S8	2548.207072	0
HS_HexA5_HexN5_Ac2_S8_pNP	5	5	10	2	8	C70H104N6O79S8	2565.233621	1
HS_HexA5_HexN5_Ac2_S8_pNP	5	5	10	2	8	C70H104N6O79S8	2582.260170	2
HS_HexA5_HexN5_Ac2_S8_pNP	5	5	10	2	8	C70H104N6O79S8	2599.286719	3
HS_HexA5_HexN5_Ac2_S8_pNP	5	5	10	2	8	C70H104N6O79S8	2616.313268	4
HS_HexA5_HexN5_Ac2_S8_pNP	5	5	10	2	8	C70H104N6O79S8	2633.339817	5
HS_HexA5_HexN5_Ac2_S8_pNP	5	5	10	2	8	C70H104N6O79S8	2650.366366	6
HS_HexA5_HexN5_Ac2_S8_pNP	5	5	10	2	8	C70H104N6O79S8	2667.392915	7
HS_HexA5_HexN5_Ac2_S8_pNP	5	5	10	2	8	C70H104N6O79S8	2684.419465	8
HS_HexA5_HexN5_Ac2_S8_pNP	5	5	10	2	8	C70H104N6O79S8	2701.446014	9
HS_HexA5_HexN5_Ac2_S8_pNP	5	5	10	2	8	C70H104N6O79S8	2718.472563	10
HS_HexA5_HexN5_Ac2_S8_pNP	5	5	10	2	8	C70H104N6O79S8	2735.499112	11
HS_HexA5_HexN5_Ac2_S8_pNP	5	5	10	2	8	C70H104N6O79S8	2752.525661	12
HS_HexA5_HexN5_Ac2_S8_pNP	5	5	10	2	8	C70H104N6O79S8	2769.552210	13
HS_HexA5_HexN5_Ac2_S9_pNP	5	5	10	2	9	C70H104N6O82S9	2628.163887	0
HS_HexA5_HexN5_Ac2_S9_pNP	5	5	10	2	9	C70H104N6O82S9	2645.190436	1
HS_HexA5_HexN5_Ac2_S9_pNP	5	5	10	2	9	C70H104N6O82S9	2662.216985	2
HS_HexA5_HexN5_Ac2_S9_pNP	5	5	10	2	9	C70H104N6O82S9	2679.243534	3
HS_HexA5_HexN5_Ac2_S9_pNP	5	5	10	2	9	C70H104N6O82S9	2696.270083	4
HS_HexA5_HexN5_Ac2_S9_pNP	5	5	10	2	9	C70H104N6O82S9	2713.296632	5
HS_HexA5_HexN5_Ac2_S9_pNP	5	5	10	2	9	C70H104N6O82S9	2730.323181	6
HS_HexA5_HexN5_Ac2_S9_pNP	5	5	10	2	9	C70H104N6O82S9	2747.349730	7
HS_HexA5_HexN5_Ac2_S9_pNP	5	5	10	2	9	C70H104N6O82S9	2764.376280	8
HS_HexA5_HexN5_Ac2_S9_pNP	5	5	10	2	9	C70H104N6O82S9	2781.402829	9
HS_HexA5_HexN5_Ac2_S9_pNP	5	5	10	2	9	C70H104N6O82S9	2798.429378	10
HS_HexA5_HexN5_Ac2_S9_pNP	5	5	10	2	9	C70H104N6O82S9	2815.455927	11
HS_HexA5_HexN5_Ac2_S9_pNP	5	5	10	2	9	C70H104N6O82S9	2832.482476	12
HS_HexA5_HexN5_Ac2_S9_pNP	5	5	10	2	9	C70H104N6O82S9	2849.509025	13
HS_HexA5_HexN5_Ac2_S9_pNP	5	5	10	2	9	C70H104N6O82S9	2866.535574	14
HS_HexA5_HexN5_Ac2_S10_pNP	5	5	10	2	10	C70H104N6O85S10	2708.120702	0
HS_HexA5_HexN5_Ac2_S10_pNP	5	5	10	2	10	C70H104N6O85S10	2725.147251	1
HS_HexA5_HexN5_Ac2_S10_pNP	5	5	10	2	10	C70H104N6O85S10	2742.173800	2
HS_HexA5_HexN5_Ac2_S10_pNP	5	5	10	2	10	C70H104N6O85S10	2759.200349	3
HS_HexA5_HexN5_Ac2_S10_pNP	5	5	10	2	10	C70H104N6O85S10	2776.226898	4
HS_HexA5_HexN5_Ac2_S10_pNP	5	5	10	2	10	C70H104N6O85S10	2793.253447	5
HS_HexA5_HexN5_Ac2_S10_pNP	5	5	10	2	10	C70H104N6O85S10	2810.279996	6
HS_HexA5_HexN5_Ac2_S10_pNP	5	5	10	2	10	C70H104N6O85S10	2827.306545	7
HS_HexA5_HexN5_Ac2_S10_pNP	5	5	10	2	10	C70H104N6O85S10	2844.333095	8
HS_HexA5_HexN5_Ac2_S10_pNP	5	5	10	2	10	C70H104N6O85S10	2861.359644	9
HS_HexA5_HexN5_Ac2_S10_pNP	5	5	10	2	10	C70H104N6O85S10	2878.386193	10
HS_HexA5_HexN5_Ac2_S10_pNP	5	5	10	2	10	C70H104N6O85S10	2895.412742	11
HS_HexA5_HexN5_Ac2_S10_pNP	5	5	10	2	10	C70H104N6O85S10	2912.439291	12
HS_HexA5_HexN5_Ac2_S10_pNP	5	5	10	2	10	C70H104N6O85S10	2929.465840	13
HS_HexA5_HexN5_Ac2_S10_pNP	5	5	10	2	10	C70H104N6O85S10	2946.492389	14
HS_HexA5_HexN5_Ac2_S10_pNP	5	5	10	2	10	C70H104N6O85S10	2963.518938	15
HS_HexA5_HexN5_Ac2_S11_pNP	5	5	10	2	11	C70H104N6O88S11	2788.077517	0
HS_HexA5_HexN5_Ac2_S11_pNP	5	5	10	2	11	C70H104N6O88S11	2805.104066	1
HS_HexA5_HexN5_Ac2_S11_pNP	5	5	10	2	11	C70H104N6O88S11	2822.130615	2
HS_HexA5_HexN5_Ac2_S11_pNP	5	5	10	2	11	C70H104N6O88S11	2839.157164	3
HS_HexA5_HexN5_Ac2_S11_pNP	5	5	10	2	11	C70H104N6O88S11	2856.183713	4
HS_HexA5_HexN5_Ac2_S11_pNP	5	5	10	2	11	C70H104N6O88S11	2873.210262	5
HS_HexA5_HexN5_Ac2_S11_pNP	5	5	10	2	11	C70H104N6O88S11	2890.236811	6
HS_HexA5_HexN5_Ac2_S11_pNP	5	5	10	2	11	C70H104N6O88S11	2907.263361	7
HS_HexA5_HexN5_Ac2_S11_pNP	5	5	10	2	11	C70H104N6O88S11	2924.289910	8
HS_HexA5_HexN5_Ac2_S11_pNP	5	5	10	2	11	C70H104N6O88S11	2941.316459	9
HS_HexA5_HexN5_Ac2_S11_pNP	5	5	10	2	11	C70H104N6O88S11	2958.343008	10
HS_HexA5_HexN5_Ac2_S11_pNP	5	5	10	2	11	C70H104N6O88S11	2975.369557	11
HS_HexA5_HexN5_Ac2_S11_pNP	5	5	10	2	11	C70H104N6O88S11	2992.396106	12
HS_HexA5_HexN5_Ac2_S11_pNP	5	5	10	2	11	C70H104N6O88S11	3009.422655	13
HS_HexA5_HexN5_Ac2_S11_pNP	5	5	10	2	11	C70H104N6O88S11	3026.449204	14
HS_HexA5_HexN5_Ac2_S11_pNP	5	5	10	2	11	C70H104N6O88S11	3043.475753	15
HS_HexA5_HexN5_Ac2_S11_pNP	5	5	10	2	11	C70H104N6O88S11	3060.502302	16
HS_HexA5_HexN5_Ac2_S12_pNP	5	5	10	2	12	C70H104N6O91S12	2868.034332	0
HS_HexA5_HexN5_Ac2_S12_pNP	5	5	10	2	12	C70H104N6O91S12	2885.060881	1
HS_HexA5_HexN5_Ac2_S12_pNP	5	5	10	2	12	C70H104N6O91S12	2902.087430	2
HS_HexA5_HexN5_Ac2_S12_pNP	5	5	10	2	12	C70H104N6O91S12	2919.113979	3
HS_HexA5_HexN5_Ac2_S12_pNP	5	5	10	2	12	C70H104N6O91S12	2936.140528	4
HS_HexA5_HexN5_Ac2_S12_pNP	5	5	10	2	12	C70H104N6O91S12	2953.167077	5
HS_HexA5_HexN5_Ac2_S12_pNP	5	5	10	2	12	C70H104N6O91S12	2970.193626	6
HS_HexA5_HexN5_Ac2_S12_pNP	5	5	10	2	12	C70H104N6O91S12	2987.220176	7
HS_HexA5_HexN5_Ac2_S12_pNP	5	5	10	2	12	C70H104N6O91S12	3004.246725	8
HS_HexA5_HexN5_Ac2_S12_pNP	5	5	10	2	12	C70H104N6O91S12	3021.273274	9
HS_HexA5_HexN5_Ac2_S12_pNP	5	5	10	2	12	C70H104N6O91S12	3038.299823	10
HS_HexA5_HexN5_Ac2_S12_pNP	5	5	10	2	12	C70H104N6O91S12	3055.326372	11
HS_HexA5_HexN5_Ac2_S12_pNP	5	5	10	2	12	C70H104N6O91S12	3072.352921	12
HS_HexA5_HexN5_Ac2_S12_pNP	5	5	10	2	12	C70H104N6O91S12	3089.379470	13
HS_HexA5_HexN5_Ac2_S12_pNP	5	5	10	2	12	C70H104N6O91S12	3106.406019	14
HS_HexA5_HexN5_Ac2_S12_pNP	5	5	10	2	12	C70H104N6O91S12	3123.432568	15
HS_HexA5_HexN5_Ac2_S12_pNP	5	5	10	2	12	C70H104N6O91S12	3140.459117	16
HS_HexA5_HexN5_Ac2_S12_pNP	5	5	10	2	12	C70H104N6O91S12	3157.485667	17
HS_HexA5_HexN5_Ac2_S13_pNP	5	5	10	2	13	C70H104N6O94S13	2947.991147	0
HS_HexA5_HexN5_Ac2_S13_pNP	5	5	10	2	13	C70H104N6O94S13	2965.017696	1
HS_HexA5_HexN5_Ac2_S13_pNP	5	5	10	2	13	C70H104N6O94S13	2982.044245	2
HS_HexA5_HexN5_Ac2_S13_pNP	5	5	10	2	13	C70H104N6O94S13	2999.070794	3
HS_HexA5_HexN5_Ac2_S13_pNP	5	5	10	2	13	C70H104N6O94S13	3016.097343	4
HS_HexA5_HexN5_Ac2_S13_pNP	5	5	10	2	13	C70H104N6O94S13	3033.123892	5
HS_HexA5_HexN5_Ac2_S13_pNP	5	5	10	2	13	C70H104N6O94S13	3050.150441	6
HS_HexA5_HexN5_Ac2_S13_pNP	5	5	10	2	13	C70H104N6O94S13	3067.176991	7
HS_HexA5_HexN5_Ac2_S13_pNP	5	5	10	2	13	C70H104N6O94S13	3084.203540	8
HS_HexA5_HexN5_Ac2_S13_pNP	5	5	10	2	13	C70H104N6O94S13	3101.230089	9
HS_HexA5_HexN5_Ac2_S13_pNP	5	5	10	2	13	C70H104N6O94S13	3118.256638	10
HS_HexA5_HexN5_Ac2_S13_pNP	5	5	10	2	13	C70H104N6O94S13	3135.283187	11
HS_HexA5_HexN5_Ac2_S13_pNP	5	5	10	2	13	C70H104N6O94S13	3152.309736	12
HS_HexA5_HexN5_Ac2_S13_pNP	5	5	10	2	13	C70H104N6O94S13	3169.336285	13
HS_HexA5_HexN5_Ac2_S13_pNP	5	5	10	2	13	C70H104N6O94S13	3186.362834	14
HS_HexA5_HexN5_Ac2_S13_pNP	5	5	10	2	13	C70H104N6O94S13	3203.389383	15
HS_HexA5_HexN5_Ac2_S13_pNP	5	5	10	2	13	C70H104N6O94S13	3220.415933	16
HS_HexA5_HexN5_Ac2_S13_pNP	5	5	10	2	13	C70H104N6O94S13	3237.442482	17
HS_HexA5_HexN5_Ac2_S13_pNP	5	5	10	2	13	C70H104N6O94S13	3254.469031	18
HS_HexA5_HexN5_Ac2_S14_pNP	5	5	10	2	14	C70H104N6O97S14	3027.947962	0
HS_HexA5_HexN5_Ac2_S14_pNP	5	5	10	2	14	C70H104N6O97S14	3044.974511	1
HS_HexA5_HexN5_Ac2_S14_pNP	5	5	10	2	14	C70H104N6O97S14	3062.001060	2
HS_HexA5_HexN5_Ac2_S14_pNP	5	5	10	2	14	C70H104N6O97S14	3079.027609	3
HS_HexA5_HexN5_Ac2_S14_pNP	5	5	10	2	14	C70H104N6O97S14	3096.054158	4
HS_HexA5_HexN5_Ac2_S14_pNP	5	5	10	2	14	C70H104N6O97S14	3113.080707	5
HS_HexA5_HexN5_Ac2_S14_pNP	5	5	10	2	14	C70H104N6O97S14	3130.107257	6
HS_HexA5_HexN5_Ac2_S14_pNP	5	5	10	2	14	C70H104N6O97S14	3147.133806	7
HS_HexA5_HexN5_Ac2_S14_pNP	5	5	10	2	14	C70H104N6O97S14	3164.160355	8
HS_HexA5_HexN5_Ac2_S14_pNP	5	5	10	2	14	C70H104N6O97S14	3181.186904	9
HS_HexA5_HexN5_Ac2_S14_pNP	5	5	10	2	14	C70H104N6O97S14	3198.213453	10
HS_HexA5_HexN5_Ac2_S14_pNP	5	5	10	2	14	C70H104N6O97S14	3215.240002	11
HS_HexA5_HexN5_Ac2_S14_pNP	5	5	10	2	14	C70H104N6O97S14	3232.266551	12
HS_HexA5_HexN5_Ac2_S14_pNP	5	5	10	2	14	C70H104N6O97S14	3249.293100	13
HS_HexA5_HexN5_Ac2_S14_pNP	5	5	10	2	14	C70H104N6O97S14	3266.319649	14
HS_HexA5_HexN5_Ac2_S14_pNP	5	5	10	2	14	C70H104N6O97S14	3283.346198	15
HS_HexA5_HexN5_Ac2_S14_pNP	5	5	10	2	14	C70H104N6O97S14	3300.372748	16
HS_HexA5_HexN5_Ac2_S14_pNP	5	5	10	2	14	C70H104N6O97S14	3317.399297	17
HS_HexA5_HexN5_Ac2_S14_pNP	5	5	10	2	14	C70H104N6O97S14	3334.425846	18
HS_HexA5_HexN5_Ac2_S14_pNP	5	5	10	2	14	C70H104N6O97S14	3351.452395	19
HS_HexA5_HexN5_Ac2_S15_pNP	5	5	10	2	15	C70H104N6O100S15	3107.904777	0
HS_HexA5_HexN5_Ac2_S15_pNP	5	5	10	2	15	C70H104N6O100S15	3124.931326	1
HS_HexA5_HexN5_Ac2_S15_pNP	5	5	10	2	15	C70H104N6O100S15	3141.957875	2
HS_HexA5_HexN5_Ac2_S15_pNP	5	5	10	2	15	C70H104N6O100S15	3158.984424	3
HS_HexA5_HexN5_Ac2_S15_pNP	5	5	10	2	15	C70H104N6O100S15	3176.010973	4
HS_HexA5_HexN5_Ac2_S15_pNP	5	5	10	2	15	C70H104N6O100S15	3193.037522	5
HS_HexA5_HexN5_Ac2_S15_pNP	5	5	10	2	15	C70H104N6O100S15	3210.064072	6
HS_HexA5_HexN5_Ac2_S15_pNP	5	5	10	2	15	C70H104N6O100S15	3227.090621	7
HS_HexA5_HexN5_Ac2_S15_pNP	5	5	10	2	15	C70H104N6O100S15	3244.117170	8
HS_HexA5_HexN5_Ac2_S15_pNP	5	5	10	2	15	C70H104N6O100S15	3261.143719	9
HS_HexA5_HexN5_Ac2_S15_pNP	5	5	10	2	15	C70H104N6O100S15	3278.170268	10
HS_HexA5_HexN5_Ac2_S15_pNP	5	5	10	2	15	C70H104N6O100S15	3295.196817	11
HS_HexA5_HexN5_Ac2_S15_pNP	5	5	10	2	15	C70H104N6O100S15	3312.223366	12
HS_HexA5_HexN5_Ac2_S15_pNP	5	5	10	2	15	C70H104N6O100S15	3329.249915	13
HS_HexA5_HexN5_Ac2_S15_pNP	5	5	10	2	15	C70H104N6O100S15	3346.276464	14
HS_HexA5_HexN5_Ac2_S15_pNP	5	5	10	2	15	C70H104N6O100S15	3363.303013	15
HS_HexA5_HexN5_Ac2_S15_pNP	5	5	10	2	15	C70H104N6O100S15	3380.329563	16
HS_HexA5_HexN5_Ac2_S15_pNP	5	5	10	2	15	C70H104N6O100S15	3397.356112	17
HS_HexA5_HexN5_Ac2_S15_pNP	5	5	10	2	15	C70H104N6O100S15	3414.382661	18
HS_HexA5_HexN5_Ac2_S15_pNP	5	5	10	2	15	C70H104N6O100S15	3431.409210	19
HS_HexA5_HexN5_Ac2_S15_pNP	5	5	10	2	15	C70H104N6O100S15	3448.435759	20
HS_HexA5_HexN5_Ac3_S0_pNP	5	5	10	3	0	C72H106N6O56	1950.563116	0
HS_HexA5_HexN5_Ac3_S0_pNP	5	5	10	3	0	C72H106N6O56	1967.589665	1
HS_HexA5_HexN5_Ac3_S0_pNP	5	5	10	3	0	C72H106N6O56	1984.616214	2
HS_HexA5_HexN5_Ac3_S0_pNP	5	5	10	3	0	C72H106N6O56	2001.642763	3
HS_HexA5_HexN5_Ac3_S0_pNP	5	5	10	3	0	C72H106N6O56	2018.669313	4
HS_HexA5_HexN5_Ac3_S0_pNP	5	5	10	3	0	C72H106N6O56	2035.695862	5
HS_HexA5_HexN5_Ac3_S1_pNP	5	5	10	3	1	C72H106N6O59S	2030.519931	0
HS_HexA5_HexN5_Ac3_S1_pNP	5	5	10	3	1	C72H106N6O59S	2047.546480	1
HS_HexA5_HexN5_Ac3_S1_pNP	5	5	10	3	1	C72H106N6O59S	2064.573029	2
HS_HexA5_HexN5_Ac3_S1_pNP	5	5	10	3	1	C72H106N6O59S	2081.599578	3
HS_HexA5_HexN5_Ac3_S1_pNP	5	5	10	3	1	C72H106N6O59S	2098.626128	4
HS_HexA5_HexN5_Ac3_S1_pNP	5	5	10	3	1	C72H106N6O59S	2115.652677	5
HS_HexA5_HexN5_Ac3_S1_pNP	5	5	10	3	1	C72H106N6O59S	2132.679226	6
HS_HexA5_HexN5_Ac3_S2_pNP	5	5	10	3	2	C72H106N6O62S2	2110.476746	0
HS_HexA5_HexN5_Ac3_S2_pNP	5	5	10	3	2	C72H106N6O62S2	2127.503295	1
HS_HexA5_HexN5_Ac3_S2_pNP	5	5	10	3	2	C72H106N6O62S2	2144.529844	2
HS_HexA5_HexN5_Ac3_S2_pNP	5	5	10	3	2	C72H106N6O62S2	2161.556394	3
HS_HexA5_HexN5_Ac3_S2_pNP	5	5	10	3	2	C72H106N6O62S2	2178.582943	4
HS_HexA5_HexN5_Ac3_S2_pNP	5	5	10	3	2	C72H106N6O62S2	2195.609492	5
HS_HexA5_HexN5_Ac3_S2_pNP	5	5	10	3	2	C72H106N6O62S2	2212.636041	6
HS_HexA5_HexN5_Ac3_S2_pNP	5	5	10	3	2	C72H106N6O62S2	2229.662590	7
HS_HexA5_HexN5_Ac3_S3_pNP	5	5	10	3	3	C72H106N6O65S3	2190.433561	0
HS_HexA5_HexN5_Ac3_S3_pNP	5	5	10	3	3	C72H106N6O65S3	2207.460110	1
HS_HexA5_HexN5_Ac3_S3_pNP	5	5	10	3	3	C72H106N6O65S3	2224.486659	2
HS_HexA5_HexN5_Ac3_S3_pNP	5	5	10	3	3	C72H106N6O65S3	2241.513209	3
HS_HexA5_HexN5_Ac3_S3_pNP	5	5	10	3	3	C72H106N6O65S3	2258.539758	4
HS_HexA5_HexN5_Ac3_S3_pNP	5	5	10	3	3	C72H106N6O65S3	2275.566307	5
HS_HexA5_HexN5_Ac3_S3_pNP	5	5	10	3	3	C72H106N6O65S3	2292.592856	6
HS_HexA5_HexN5_Ac3_S3_pNP	5	5	10	3	3	C72H106N6O65S3	2309.619405	7
HS_HexA5_HexN5_Ac3_S3_pNP	5	5	10	3	3	C72H106N6O65S3	2326.645954	8
HS_HexA5_HexN5_Ac3_S4_pNP	5	5	10	3	4	C72H106N6O68S4	2270.390376	0
HS_HexA5_HexN5_Ac3_S4_pNP	5	5	10	3	4	C72H106N6O68S4	2287.416925	1
HS_HexA5_HexN5_Ac3_S4_pNP	5	5	10	3	4	C72H106N6O68S4	2304.443474	2
HS_HexA5_HexN5_Ac3_S4_pNP	5	5	10	3	4	C72H106N6O68S4	2321.470024	3
HS_HexA5_HexN5_Ac3_S4_pNP	5	5	10	3	4	C72H106N6O68S4	2338.496573	4
HS_HexA5_HexN5_Ac3_S4_pNP	5	5	10	3	4	C72H106N6O68S4	2355.523122	5
HS_HexA5_HexN5_Ac3_S4_pNP	5	5	10	3	4	C72H106N6O68S4	2372.549671	6
HS_HexA5_HexN5_Ac3_S4_pNP	5	5	10	3	4	C72H106N6O68S4	2389.576220	7
HS_HexA5_HexN5_Ac3_S4_pNP	5	5	10	3	4	C72H106N6O68S4	2406.602769	8
HS_HexA5_HexN5_Ac3_S4_pNP	5	5	10	3	4	C72H106N6O68S4	2423.629318	9
HS_HexA5_HexN5_Ac3_S5_pNP	5	5	10	3	5	C72H106N6O71S5	2350.347191	0
HS_HexA5_HexN5_Ac3_S5_pNP	5	5	10	3	5	C72H106N6O71S5	2367.373740	1
HS_HexA5_HexN5_Ac3_S5_pNP	5	5	10	3	5	C72H106N6O71S5	2384.400290	2
HS_HexA5_HexN5_Ac3_S5_pNP	5	5	10	3	5	C72H106N6O71S5	2401.426839	3
HS_HexA5_HexN5_Ac3_S5_pNP	5	5	10	3	5	C72H106N6O71S5	2418.453388	4
HS_HexA5_HexN5_Ac3_S5_pNP	5	5	10	3	5	C72H106N6O71S5	2435.479937	5
HS_HexA5_HexN5_Ac3_S5_pNP	5	5	10	3	5	C72H106N6O71S5	2452.506486	6
HS_HexA5_HexN5_Ac3_S5_pNP	5	5	10	3	5	C72H106N6O71S5	2469.533035	7
HS_HexA5_HexN5_Ac3_S5_pNP	5	5	10	3	5	C72H106N6O71S5	2486.559584	8
HS_HexA5_HexN5_Ac3_S5_pNP	5	5	10	3	5	C72H106N6O71S5	2503.586133	9
HS_HexA5_HexN5_Ac3_S5_pNP	5	5	10	3	5	C72H106N6O71S5	2520.612682	10
HS_HexA5_HexN5_Ac3_S6_pNP	5	5	10	3	6	C72H106N6O74S6	2430.304006	0
HS_HexA5_HexN5_Ac3_S6_pNP	5	5	10	3	6	C72H106N6O74S6	2447.330555	1
HS_HexA5_HexN5_Ac3_S6_pNP	5	5	10	3	6	C72H106N6O74S6	2464.357105	2
HS_HexA5_HexN5_Ac3_S6_pNP	5	5	10	3	6	C72H106N6O74S6	2481.383654	3
HS_HexA5_HexN5_Ac3_S6_pNP	5	5	10	3	6	C72H106N6O74S6	2498.410203	4
HS_HexA5_HexN5_Ac3_S6_pNP	5	5	10	3	6	C72H106N6O74S6	2515.436752	5
HS_HexA5_HexN5_Ac3_S6_pNP	5	5	10	3	6	C72H106N6O74S6	2532.463301	6
HS_HexA5_HexN5_Ac3_S6_pNP	5	5	10	3	6	C72H106N6O74S6	2549.489850	7
HS_HexA5_HexN5_Ac3_S6_pNP	5	5	10	3	6	C72H106N6O74S6	2566.516399	8
HS_HexA5_HexN5_Ac3_S6_pNP	5	5	10	3	6	C72H106N6O74S6	2583.542948	9
HS_HexA5_HexN5_Ac3_S6_pNP	5	5	10	3	6	C72H106N6O74S6	2600.569497	10
HS_HexA5_HexN5_Ac3_S6_pNP	5	5	10	3	6	C72H106N6O74S6	2617.596046	11
HS_HexA5_HexN5_Ac3_S7_pNP	5	5	10	3	7	C72H106N6O77S7	2510.260821	0
HS_HexA5_HexN5_Ac3_S7_pNP	5	5	10	3	7	C72H106N6O77S7	2527.287370	1
HS_HexA5_HexN5_Ac3_S7_pNP	5	5	10	3	7	C72H106N6O77S7	2544.313920	2
HS_HexA5_HexN5_Ac3_S7_pNP	5	5	10	3	7	C72H106N6O77S7	2561.340469	3
HS_HexA5_HexN5_Ac3_S7_pNP	5	5	10	3	7	C72H106N6O77S7	2578.367018	4
HS_HexA5_HexN5_Ac3_S7_pNP	5	5	10	3	7	C72H106N6O77S7	2595.393567	5
HS_HexA5_HexN5_Ac3_S7_pNP	5	5	10	3	7	C72H106N6O77S7	2612.420116	6
HS_HexA5_HexN5_Ac3_S7_pNP	5	5	10	3	7	C72H106N6O77S7	2629.446665	7
HS_HexA5_HexN5_Ac3_S7_pNP	5	5	10	3	7	C72H106N6O77S7	2646.473214	8
HS_HexA5_HexN5_Ac3_S7_pNP	5	5	10	3	7	C72H106N6O77S7	2663.499763	9
HS_HexA5_HexN5_Ac3_S7_pNP	5	5	10	3	7	C72H106N6O77S7	2680.526312	10
HS_HexA5_HexN5_Ac3_S7_pNP	5	5	10	3	7	C72H106N6O77S7	2697.552861	11
HS_HexA5_HexN5_Ac3_S7_pNP	5	5	10	3	7	C72H106N6O77S7	2714.579411	12
HS_HexA5_HexN5_Ac3_S8_pNP	5	5	10	3	8	C72H106N6O80S8	2590.217636	0
HS_HexA5_HexN5_Ac3_S8_pNP	5	5	10	3	8	C72H106N6O80S8	2607.244186	1
HS_HexA5_HexN5_Ac3_S8_pNP	5	5	10	3	8	C72H106N6O80S8	2624.270735	2
HS_HexA5_HexN5_Ac3_S8_pNP	5	5	10	3	8	C72H106N6O80S8	2641.297284	3
HS_HexA5_HexN5_Ac3_S8_pNP	5	5	10	3	8	C72H106N6O80S8	2658.323833	4
HS_HexA5_HexN5_Ac3_S8_pNP	5	5	10	3	8	C72H106N6O80S8	2675.350382	5
HS_HexA5_HexN5_Ac3_S8_pNP	5	5	10	3	8	C72H106N6O80S8	2692.376931	6
HS_HexA5_HexN5_Ac3_S8_pNP	5	5	10	3	8	C72H106N6O80S8	2709.403480	7
HS_HexA5_HexN5_Ac3_S8_pNP	5	5	10	3	8	C72H106N6O80S8	2726.430029	8
HS_HexA5_HexN5_Ac3_S8_pNP	5	5	10	3	8	C72H106N6O80S8	2743.456578	9
HS_HexA5_HexN5_Ac3_S8_pNP	5	5	10	3	8	C72H106N6O80S8	2760.483127	10
HS_HexA5_HexN5_Ac3_S8_pNP	5	5	10	3	8	C72H106N6O80S8	2777.509677	11
HS_HexA5_HexN5_Ac3_S8_pNP	5	5	10	3	8	C72H106N6O80S8	2794.536226	12
HS_HexA5_HexN5_Ac3_S8_pNP	5	5	10	3	8	C72H106N6O80S8	2811.562775	13
HS_HexA5_HexN5_Ac3_S9_pNP	5	5	10	3	9	C72H106N6O83S9	2670.174451	0
HS_HexA5_HexN5_Ac3_S9_pNP	5	5	10	3	9	C72H106N6O83S9	2687.201001	1
HS_HexA5_HexN5_Ac3_S9_pNP	5	5	10	3	9	C72H106N6O83S9	2704.227550	2
HS_HexA5_HexN5_Ac3_S9_pNP	5	5	10	3	9	C72H106N6O83S9	2721.254099	3
HS_HexA5_HexN5_Ac3_S9_pNP	5	5	10	3	9	C72H106N6O83S9	2738.280648	4
HS_HexA5_HexN5_Ac3_S9_pNP	5	5	10	3	9	C72H106N6O83S9	2755.307197	5
HS_HexA5_HexN5_Ac3_S9_pNP	5	5	10	3	9	C72H106N6O83S9	2772.333746	6
HS_HexA5_HexN5_Ac3_S9_pNP	5	5	10	3	9	C72H106N6O83S9	2789.360295	7
HS_HexA5_HexN5_Ac3_S9_pNP	5	5	10	3	9	C72H106N6O83S9	2806.386844	8
HS_HexA5_HexN5_Ac3_S9_pNP	5	5	10	3	9	C72H106N6O83S9	2823.413393	9
HS_HexA5_HexN5_Ac3_S9_pNP	5	5	10	3	9	C72H106N6O83S9	2840.439942	10
HS_HexA5_HexN5_Ac3_S9_pNP	5	5	10	3	9	C72H106N6O83S9	2857.466492	11
HS_HexA5_HexN5_Ac3_S9_pNP	5	5	10	3	9	C72H106N6O83S9	2874.493041	12
HS_HexA5_HexN5_Ac3_S9_pNP	5	5	10	3	9	C72H106N6O83S9	2891.519590	13
HS_HexA5_HexN5_Ac3_S9_pNP	5	5	10	3	9	C72H106N6O83S9	2908.546139	14
HS_HexA5_HexN5_Ac3_S10_pNP	5	5	10	3	10	C72H106N6O86S10	2750.131266	0
HS_HexA5_HexN5_Ac3_S10_pNP	5	5	10	3	10	C72H106N6O86S10	2767.157816	1
HS_HexA5_HexN5_Ac3_S10_pNP	5	5	10	3	10	C72H106N6O86S10	2784.184365	2
HS_HexA5_HexN5_Ac3_S10_pNP	5	5	10	3	10	C72H106N6O86S10	2801.210914	3
HS_HexA5_HexN5_Ac3_S10_pNP	5	5	10	3	10	C72H106N6O86S10	2818.237463	4
HS_HexA5_HexN5_Ac3_S10_pNP	5	5	10	3	10	C72H106N6O86S10	2835.264012	5
HS_HexA5_HexN5_Ac3_S10_pNP	5	5	10	3	10	C72H106N6O86S10	2852.290561	6
HS_HexA5_HexN5_Ac3_S10_pNP	5	5	10	3	10	C72H106N6O86S10	2869.317110	7
HS_HexA5_HexN5_Ac3_S10_pNP	5	5	10	3	10	C72H106N6O86S10	2886.343659	8
HS_HexA5_HexN5_Ac3_S10_pNP	5	5	10	3	10	C72H106N6O86S10	2903.370208	9
HS_HexA5_HexN5_Ac3_S10_pNP	5	5	10	3	10	C72H106N6O86S10	2920.396757	10
HS_HexA5_HexN5_Ac3_S10_pNP	5	5	10	3	10	C72H106N6O86S10	2937.423307	11
HS_HexA5_HexN5_Ac3_S10_pNP	5	5	10	3	10	C72H106N6O86S10	2954.449856	12
HS_HexA5_HexN5_Ac3_S10_pNP	5	5	10	3	10	C72H106N6O86S10	2971.476405	13
HS_HexA5_HexN5_Ac3_S10_pNP	5	5	10	3	10	C72H106N6O86S10	2988.502954	14
HS_HexA5_HexN5_Ac3_S10_pNP	5	5	10	3	10	C72H106N6O86S10	3005.529503	15
HS_HexA5_HexN5_Ac3_S11_pNP	5	5	10	3	11	C72H106N6O89S11	2830.088082	0
HS_HexA5_HexN5_Ac3_S11_pNP	5	5	10	3	11	C72H106N6O89S11	2847.114631	1
HS_HexA5_HexN5_Ac3_S11_pNP	5	5	10	3	11	C72H106N6O89S11	2864.141180	2
HS_HexA5_HexN5_Ac3_S11_pNP	5	5	10	3	11	C72H106N6O89S11	2881.167729	3
HS_HexA5_HexN5_Ac3_S11_pNP	5	5	10	3	11	C72H106N6O89S11	2898.194278	4
HS_HexA5_HexN5_Ac3_S11_pNP	5	5	10	3	11	C72H106N6O89S11	2915.220827	5
HS_HexA5_HexN5_Ac3_S11_pNP	5	5	10	3	11	C72H106N6O89S11	2932.247376	6
HS_HexA5_HexN5_Ac3_S11_pNP	5	5	10	3	11	C72H106N6O89S11	2949.273925	7
HS_HexA5_HexN5_Ac3_S11_pNP	5	5	10	3	11	C72H106N6O89S11	2966.300474	8
HS_HexA5_HexN5_Ac3_S11_pNP	5	5	10	3	11	C72H106N6O89S11	2983.327023	9
HS_HexA5_HexN5_Ac3_S11_pNP	5	5	10	3	11	C72H106N6O89S11	3000.353573	10
HS_HexA5_HexN5_Ac3_S11_pNP	5	5	10	3	11	C72H106N6O89S11	3017.380122	11
HS_HexA5_HexN5_Ac3_S11_pNP	5	5	10	3	11	C72H106N6O89S11	3034.406671	12
HS_HexA5_HexN5_Ac3_S11_pNP	5	5	10	3	11	C72H106N6O89S11	3051.433220	13
HS_HexA5_HexN5_Ac3_S11_pNP	5	5	10	3	11	C72H106N6O89S11	3068.459769	14
HS_HexA5_HexN5_Ac3_S11_pNP	5	5	10	3	11	C72H106N6O89S11	3085.486318	15
HS_HexA5_HexN5_Ac3_S11_pNP	5	5	10	3	11	C72H106N6O89S11	3102.512867	16
HS_HexA5_HexN5_Ac3_S12_pNP	5	5	10	3	12	C72H106N6O92S12	2910.044897	0
HS_HexA5_HexN5_Ac3_S12_pNP	5	5	10	3	12	C72H106N6O92S12	2927.071446	1
HS_HexA5_HexN5_Ac3_S12_pNP	5	5	10	3	12	C72H106N6O92S12	2944.097995	2
HS_HexA5_HexN5_Ac3_S12_pNP	5	5	10	3	12	C72H106N6O92S12	2961.124544	3
HS_HexA5_HexN5_Ac3_S12_pNP	5	5	10	3	12	C72H106N6O92S12	2978.151093	4
HS_HexA5_HexN5_Ac3_S12_pNP	5	5	10	3	12	C72H106N6O92S12	2995.177642	5
HS_HexA5_HexN5_Ac3_S12_pNP	5	5	10	3	12	C72H106N6O92S12	3012.204191	6
HS_HexA5_HexN5_Ac3_S12_pNP	5	5	10	3	12	C72H106N6O92S12	3029.230740	7
HS_HexA5_HexN5_Ac3_S12_pNP	5	5	10	3	12	C72H106N6O92S12	3046.257289	8
HS_HexA5_HexN5_Ac3_S12_pNP	5	5	10	3	12	C72H106N6O92S12	3063.283838	9
HS_HexA5_HexN5_Ac3_S12_pNP	5	5	10	3	12	C72H106N6O92S12	3080.310388	10
HS_HexA5_HexN5_Ac3_S12_pNP	5	5	10	3	12	C72H106N6O92S12	3097.336937	11
HS_HexA5_HexN5_Ac3_S12_pNP	5	5	10	3	12	C72H106N6O92S12	3114.363486	12
HS_HexA5_HexN5_Ac3_S12_pNP	5	5	10	3	12	C72H106N6O92S12	3131.390035	13
HS_HexA5_HexN5_Ac3_S12_pNP	5	5	10	3	12	C72H106N6O92S12	3148.416584	14
HS_HexA5_HexN5_Ac3_S12_pNP	5	5	10	3	12	C72H106N6O92S12	3165.443133	15
HS_HexA5_HexN5_Ac3_S12_pNP	5	5	10	3	12	C72H106N6O92S12	3182.469682	16
HS_HexA5_HexN5_Ac3_S12_pNP	5	5	10	3	12	C72H106N6O92S12	3199.496231	17
HS_HexA5_HexN5_Ac3_S13_pNP	5	5	10	3	13	C72H106N6O95S13	2990.001712	0
HS_HexA5_HexN5_Ac3_S13_pNP	5	5	10	3	13	C72H106N6O95S13	3007.028261	1
HS_HexA5_HexN5_Ac3_S13_pNP	5	5	10	3	13	C72H106N6O95S13	3024.054810	2
HS_HexA5_HexN5_Ac3_S13_pNP	5	5	10	3	13	C72H106N6O95S13	3041.081359	3
HS_HexA5_HexN5_Ac3_S13_pNP	5	5	10	3	13	C72H106N6O95S13	3058.107908	4
HS_HexA5_HexN5_Ac3_S13_pNP	5	5	10	3	13	C72H106N6O95S13	3075.134457	5
HS_HexA5_HexN5_Ac3_S13_pNP	5	5	10	3	13	C72H106N6O95S13	3092.161006	6
HS_HexA5_HexN5_Ac3_S13_pNP	5	5	10	3	13	C72H106N6O95S13	3109.187555	7
HS_HexA5_HexN5_Ac3_S13_pNP	5	5	10	3	13	C72H106N6O95S13	3126.214104	8
HS_HexA5_HexN5_Ac3_S13_pNP	5	5	10	3	13	C72H106N6O95S13	3143.240653	9
HS_HexA5_HexN5_Ac3_S13_pNP	5	5	10	3	13	C72H106N6O95S13	3160.267203	10
HS_HexA5_HexN5_Ac3_S13_pNP	5	5	10	3	13	C72H106N6O95S13	3177.293752	11
HS_HexA5_HexN5_Ac3_S13_pNP	5	5	10	3	13	C72H106N6O95S13	3194.320301	12
HS_HexA5_HexN5_Ac3_S13_pNP	5	5	10	3	13	C72H106N6O95S13	3211.346850	13
HS_HexA5_HexN5_Ac3_S13_pNP	5	5	10	3	13	C72H106N6O95S13	3228.373399	14
HS_HexA5_HexN5_Ac3_S13_pNP	5	5	10	3	13	C72H106N6O95S13	3245.399948	15
HS_HexA5_HexN5_Ac3_S13_pNP	5	5	10	3	13	C72H106N6O95S13	3262.426497	16
HS_HexA5_HexN5_Ac3_S13_pNP	5	5	10	3	13	C72H106N6O95S13	3279.453046	17
HS_HexA5_HexN5_Ac3_S13_pNP	5	5	10	3	13	C72H106N6O95S13	3296.479595	18
HS_HexA5_HexN5_Ac3_S14_pNP	5	5	10	3	14	C72H106N6O98S14	3069.958527	0
HS_HexA5_HexN5_Ac3_S14_pNP	5	5	10	3	14	C72H106N6O98S14	3086.985076	1
HS_HexA5_HexN5_Ac3_S14_pNP	5	5	10	3	14	C72H106N6O98S14	3104.011625	2
HS_HexA5_HexN5_Ac3_S14_pNP	5	5	10	3	14	C72H106N6O98S14	3121.038174	3
HS_HexA5_HexN5_Ac3_S14_pNP	5	5	10	3	14	C72H106N6O98S14	3138.064723	4
HS_HexA5_HexN5_Ac3_S14_pNP	5	5	10	3	14	C72H106N6O98S14	3155.091272	5
HS_HexA5_HexN5_Ac3_S14_pNP	5	5	10	3	14	C72H106N6O98S14	3172.117821	6
HS_HexA5_HexN5_Ac3_S14_pNP	5	5	10	3	14	C72H106N6O98S14	3189.144370	7
HS_HexA5_HexN5_Ac3_S14_pNP	5	5	10	3	14	C72H106N6O98S14	3206.170919	8
HS_HexA5_HexN5_Ac3_S14_pNP	5	5	10	3	14	C72H106N6O98S14	3223.197469	9
HS_HexA5_HexN5_Ac3_S14_pNP	5	5	10	3	14	C72H106N6O98S14	3240.224018	10
HS_HexA5_HexN5_Ac3_S14_pNP	5	5	10	3	14	C72H106N6O98S14	3257.250567	11
HS_HexA5_HexN5_Ac3_S14_pNP	5	5	10	3	14	C72H106N6O98S14	3274.277116	12
HS_HexA5_HexN5_Ac3_S14_pNP	5	5	10	3	14	C72H106N6O98S14	3291.303665	13
HS_HexA5_HexN5_Ac3_S14_pNP	5	5	10	3	14	C72H106N6O98S14	3308.330214	14
HS_HexA5_HexN5_Ac3_S14_pNP	5	5	10	3	14	C72H106N6O98S14	3325.356763	15
HS_HexA5_HexN5_Ac3_S14_pNP	5	5	10	3	14	C72H106N6O98S14	3342.383312	16
HS_HexA5_HexN5_Ac3_S14_pNP	5	5	10	3	14	C72H106N6O98S14	3359.409861	17
HS_HexA5_HexN5_Ac3_S14_pNP	5	5	10	3	14	C72H106N6O98S14	3376.436410	18
HS_HexA5_HexN5_Ac3_S14_pNP	5	5	10	3	14	C72H106N6O98S14	3393.462960	19
HS_HexA5_HexN5_Ac3_S15_pNP	5	5	10	3	15	C72H106N6O101S15	3149.915342	0
HS_HexA5_HexN5_Ac3_S15_pNP	5	5	10	3	15	C72H106N6O101S15	3166.941891	1
HS_HexA5_HexN5_Ac3_S15_pNP	5	5	10	3	15	C72H106N6O101S15	3183.968440	2
HS_HexA5_HexN5_Ac3_S15_pNP	5	5	10	3	15	C72H106N6O101S15	3200.994989	3
HS_HexA5_HexN5_Ac3_S15_pNP	5	5	10	3	15	C72H106N6O101S15	3218.021538	4
HS_HexA5_HexN5_Ac3_S15_pNP	5	5	10	3	15	C72H106N6O101S15	3235.048087	5
HS_HexA5_HexN5_Ac3_S15_pNP	5	5	10	3	15	C72H106N6O101S15	3252.074636	6
HS_HexA5_HexN5_Ac3_S15_pNP	5	5	10	3	15	C72H106N6O101S15	3269.101185	7
HS_HexA5_HexN5_Ac3_S15_pNP	5	5	10	3	15	C72H106N6O101S15	3286.127734	8
HS_HexA5_HexN5_Ac3_S15_pNP	5	5	10	3	15	C72H106N6O101S15	3303.154284	9
HS_HexA5_HexN5_Ac3_S15_pNP	5	5	10	3	15	C72H106N6O101S15	3320.180833	10
HS_HexA5_HexN5_Ac3_S15_pNP	5	5	10	3	15	C72H106N6O101S15	3337.207382	11
HS_HexA5_HexN5_Ac3_S15_pNP	5	5	10	3	15	C72H106N6O101S15	3354.233931	12
HS_HexA5_HexN5_Ac3_S15_pNP	5	5	10	3	15	C72H106N6O101S15	3371.260480	13
HS_HexA5_HexN5_Ac3_S15_pNP	5	5	10	3	15	C72H106N6O101S15	3388.287029	14
HS_HexA5_HexN5_Ac3_S15_pNP	5	5	10	3	15	C72H106N6O101S15	3405.313578	15
HS_HexA5_HexN5_Ac3_S15_pNP	5	5	10	3	15	C72H106N6O101S15	3422.340127	16
HS_HexA5_HexN5_Ac3_S15_pNP	5	5	10	3	15	C72H106N6O101S15	3439.366676	17
HS_HexA5_HexN5_Ac3_S15_pNP	5	5	10	3	15	C72H106N6O101S15	3456.393225	18
HS_HexA5_HexN5_Ac3_S15_pNP	5	5	10	3	15	C72H106N6O101S15	3473.419775	19
HS_HexA5_HexN5_Ac3_S15_pNP	5	5	10	3	15	C72H106N6O101S15	3490.446324	20
HS_HexA5_HexN5_Ac4_S0_pNP	5	5	10	4	0	C74H108N6O57	1992.573681	0
HS_HexA5_HexN5_Ac4_S0_pNP	5	5	10	4	0	C74H108N6O57	2009.600230	1
HS_HexA5_HexN5_Ac4_S0_pNP	5	5	10	4	0	C74H108N6O57	2026.626779	2
HS_HexA5_HexN5_Ac4_S0_pNP	5	5	10	4	0	C74H108N6O57	2043.653328	3
HS_HexA5_HexN5_Ac4_S0_pNP	5	5	10	4	0	C74H108N6O57	2060.679877	4
HS_HexA5_HexN5_Ac4_S0_pNP	5	5	10	4	0	C74H108N6O57	2077.706426	5
HS_HexA5_HexN5_Ac4_S1_pNP	5	5	10	4	1	C74H108N6O60S	2072.530496	0
HS_HexA5_HexN5_Ac4_S1_pNP	5	5	10	4	1	C74H108N6O60S	2089.557045	1
HS_HexA5_HexN5_Ac4_S1_pNP	5	5	10	4	1	C74H108N6O60S	2106.583594	2
HS_HexA5_HexN5_Ac4_S1_pNP	5	5	10	4	1	C74H108N6O60S	2123.610143	3
HS_HexA5_HexN5_Ac4_S1_pNP	5	5	10	4	1	C74H108N6O60S	2140.636692	4
HS_HexA5_HexN5_Ac4_S1_pNP	5	5	10	4	1	C74H108N6O60S	2157.663241	5
HS_HexA5_HexN5_Ac4_S1_pNP	5	5	10	4	1	C74H108N6O60S	2174.689790	6
HS_HexA5_HexN5_Ac4_S2_pNP	5	5	10	4	2	C74H108N6O63S2	2152.487311	0
HS_HexA5_HexN5_Ac4_S2_pNP	5	5	10	4	2	C74H108N6O63S2	2169.513860	1
HS_HexA5_HexN5_Ac4_S2_pNP	5	5	10	4	2	C74H108N6O63S2	2186.540409	2
HS_HexA5_HexN5_Ac4_S2_pNP	5	5	10	4	2	C74H108N6O63S2	2203.566958	3
HS_HexA5_HexN5_Ac4_S2_pNP	5	5	10	4	2	C74H108N6O63S2	2220.593507	4
HS_HexA5_HexN5_Ac4_S2_pNP	5	5	10	4	2	C74H108N6O63S2	2237.620056	5
HS_HexA5_HexN5_Ac4_S2_pNP	5	5	10	4	2	C74H108N6O63S2	2254.646605	6
HS_HexA5_HexN5_Ac4_S2_pNP	5	5	10	4	2	C74H108N6O63S2	2271.673155	7
HS_HexA5_HexN5_Ac4_S3_pNP	5	5	10	4	3	C74H108N6O66S3	2232.444126	0
HS_HexA5_HexN5_Ac4_S3_pNP	5	5	10	4	3	C74H108N6O66S3	2249.470675	1
HS_HexA5_HexN5_Ac4_S3_pNP	5	5	10	4	3	C74H108N6O66S3	2266.497224	2
HS_HexA5_HexN5_Ac4_S3_pNP	5	5	10	4	3	C74H108N6O66S3	2283.523773	3
HS_HexA5_HexN5_Ac4_S3_pNP	5	5	10	4	3	C74H108N6O66S3	2300.550322	4
HS_HexA5_HexN5_Ac4_S3_pNP	5	5	10	4	3	C74H108N6O66S3	2317.576871	5
HS_HexA5_HexN5_Ac4_S3_pNP	5	5	10	4	3	C74H108N6O66S3	2334.603421	6
HS_HexA5_HexN5_Ac4_S3_pNP	5	5	10	4	3	C74H108N6O66S3	2351.629970	7
HS_HexA5_HexN5_Ac4_S3_pNP	5	5	10	4	3	C74H108N6O66S3	2368.656519	8
HS_HexA5_HexN5_Ac4_S4_pNP	5	5	10	4	4	C74H108N6O69S4	2312.400941	0
HS_HexA5_HexN5_Ac4_S4_pNP	5	5	10	4	4	C74H108N6O69S4	2329.427490	1
HS_HexA5_HexN5_Ac4_S4_pNP	5	5	10	4	4	C74H108N6O69S4	2346.454039	2
HS_HexA5_HexN5_Ac4_S4_pNP	5	5	10	4	4	C74H108N6O69S4	2363.480588	3
HS_HexA5_HexN5_Ac4_S4_pNP	5	5	10	4	4	C74H108N6O69S4	2380.507137	4
HS_HexA5_HexN5_Ac4_S4_pNP	5	5	10	4	4	C74H108N6O69S4	2397.533686	5
HS_HexA5_HexN5_Ac4_S4_pNP	5	5	10	4	4	C74H108N6O69S4	2414.560236	6
HS_HexA5_HexN5_Ac4_S4_pNP	5	5	10	4	4	C74H108N6O69S4	2431.586785	7
HS_HexA5_HexN5_Ac4_S4_pNP	5	5	10	4	4	C74H108N6O69S4	2448.613334	8
HS_HexA5_HexN5_Ac4_S4_pNP	5	5	10	4	4	C74H108N6O69S4	2465.639883	9
HS_HexA5_HexN5_Ac4_S5_pNP	5	5	10	4	5	C74H108N6O72S5	2392.357756	0
HS_HexA5_HexN5_Ac4_S5_pNP	5	5	10	4	5	C74H108N6O72S5	2409.384305	1
HS_HexA5_HexN5_Ac4_S5_pNP	5	5	10	4	5	C74H108N6O72S5	2426.410854	2
HS_HexA5_HexN5_Ac4_S5_pNP	5	5	10	4	5	C74H108N6O72S5	2443.437403	3
HS_HexA5_HexN5_Ac4_S5_pNP	5	5	10	4	5	C74H108N6O72S5	2460.463952	4
HS_HexA5_HexN5_Ac4_S5_pNP	5	5	10	4	5	C74H108N6O72S5	2477.490501	5
HS_HexA5_HexN5_Ac4_S5_pNP	5	5	10	4	5	C74H108N6O72S5	2494.517051	6
HS_HexA5_HexN5_Ac4_S5_pNP	5	5	10	4	5	C74H108N6O72S5	2511.543600	7
HS_HexA5_HexN5_Ac4_S5_pNP	5	5	10	4	5	C74H108N6O72S5	2528.570149	8
HS_HexA5_HexN5_Ac4_S5_pNP	5	5	10	4	5	C74H108N6O72S5	2545.596698	9
HS_HexA5_HexN5_Ac4_S5_pNP	5	5	10	4	5	C74H108N6O72S5	2562.623247	10
HS_HexA5_HexN5_Ac4_S6_pNP	5	5	10	4	6	C74H108N6O75S6	2472.314571	0
HS_HexA5_HexN5_Ac4_S6_pNP	5	5	10	4	6	C74H108N6O75S6	2489.341120	1
HS_HexA5_HexN5_Ac4_S6_pNP	5	5	10	4	6	C74H108N6O75S6	2506.367669	2
HS_HexA5_HexN5_Ac4_S6_pNP	5	5	10	4	6	C74H108N6O75S6	2523.394218	3
HS_HexA5_HexN5_Ac4_S6_pNP	5	5	10	4	6	C74H108N6O75S6	2540.420767	4
HS_HexA5_HexN5_Ac4_S6_pNP	5	5	10	4	6	C74H108N6O75S6	2557.447317	5
HS_HexA5_HexN5_Ac4_S6_pNP	5	5	10	4	6	C74H108N6O75S6	2574.473866	6
HS_HexA5_HexN5_Ac4_S6_pNP	5	5	10	4	6	C74H108N6O75S6	2591.500415	7
HS_HexA5_HexN5_Ac4_S6_pNP	5	5	10	4	6	C74H108N6O75S6	2608.526964	8
HS_HexA5_HexN5_Ac4_S6_pNP	5	5	10	4	6	C74H108N6O75S6	2625.553513	9
HS_HexA5_HexN5_Ac4_S6_pNP	5	5	10	4	6	C74H108N6O75S6	2642.580062	10
HS_HexA5_HexN5_Ac4_S6_pNP	5	5	10	4	6	C74H108N6O75S6	2659.606611	11
HS_HexA5_HexN5_Ac4_S7_pNP	5	5	10	4	7	C74H108N6O78S7	2552.271386	0
HS_HexA5_HexN5_Ac4_S7_pNP	5	5	10	4	7	C74H108N6O78S7	2569.297935	1
HS_HexA5_HexN5_Ac4_S7_pNP	5	5	10	4	7	C74H108N6O78S7	2586.324484	2
HS_HexA5_HexN5_Ac4_S7_pNP	5	5	10	4	7	C74H108N6O78S7	2603.351033	3
HS_HexA5_HexN5_Ac4_S7_pNP	5	5	10	4	7	C74H108N6O78S7	2620.377582	4
HS_HexA5_HexN5_Ac4_S7_pNP	5	5	10	4	7	C74H108N6O78S7	2637.404132	5
HS_HexA5_HexN5_Ac4_S7_pNP	5	5	10	4	7	C74H108N6O78S7	2654.430681	6
HS_HexA5_HexN5_Ac4_S7_pNP	5	5	10	4	7	C74H108N6O78S7	2671.457230	7
HS_HexA5_HexN5_Ac4_S7_pNP	5	5	10	4	7	C74H108N6O78S7	2688.483779	8
HS_HexA5_HexN5_Ac4_S7_pNP	5	5	10	4	7	C74H108N6O78S7	2705.510328	9
HS_HexA5_HexN5_Ac4_S7_pNP	5	5	10	4	7	C74H108N6O78S7	2722.536877	10
HS_HexA5_HexN5_Ac4_S7_pNP	5	5	10	4	7	C74H108N6O78S7	2739.563426	11
HS_HexA5_HexN5_Ac4_S7_pNP	5	5	10	4	7	C74H108N6O78S7	2756.589975	12
HS_HexA5_HexN5_Ac4_S8_pNP	5	5	10	4	8	C74H108N6O81S8	2632.228201	0
HS_HexA5_HexN5_Ac4_S8_pNP	5	5	10	4	8	C74H108N6O81S8	2649.254750	1
HS_HexA5_HexN5_Ac4_S8_pNP	5	5	10	4	8	C74H108N6O81S8	2666.281299	2
HS_HexA5_HexN5_Ac4_S8_pNP	5	5	10	4	8	C74H108N6O81S8	2683.307848	3
HS_HexA5_HexN5_Ac4_S8_pNP	5	5	10	4	8	C74H108N6O81S8	2700.334397	4
HS_HexA5_HexN5_Ac4_S8_pNP	5	5	10	4	8	C74H108N6O81S8	2717.360947	5
HS_HexA5_HexN5_Ac4_S8_pNP	5	5	10	4	8	C74H108N6O81S8	2734.387496	6
HS_HexA5_HexN5_Ac4_S8_pNP	5	5	10	4	8	C74H108N6O81S8	2751.414045	7
HS_HexA5_HexN5_Ac4_S8_pNP	5	5	10	4	8	C74H108N6O81S8	2768.440594	8
HS_HexA5_HexN5_Ac4_S8_pNP	5	5	10	4	8	C74H108N6O81S8	2785.467143	9
HS_HexA5_HexN5_Ac4_S8_pNP	5	5	10	4	8	C74H108N6O81S8	2802.493692	10
HS_HexA5_HexN5_Ac4_S8_pNP	5	5	10	4	8	C74H108N6O81S8	2819.520241	11
HS_HexA5_HexN5_Ac4_S8_pNP	5	5	10	4	8	C74H108N6O81S8	2836.546790	12
HS_HexA5_HexN5_Ac4_S8_pNP	5	5	10	4	8	C74H108N6O81S8	2853.573339	13
HS_HexA5_HexN5_Ac4_S9_pNP	5	5	10	4	9	C74H108N6O84S9	2712.185016	0
HS_HexA5_HexN5_Ac4_S9_pNP	5	5	10	4	9	C74H108N6O84S9	2729.211565	1
HS_HexA5_HexN5_Ac4_S9_pNP	5	5	10	4	9	C74H108N6O84S9	2746.238114	2
HS_HexA5_HexN5_Ac4_S9_pNP	5	5	10	4	9	C74H108N6O84S9	2763.264663	3
HS_HexA5_HexN5_Ac4_S9_pNP	5	5	10	4	9	C74H108N6O84S9	2780.291213	4
HS_HexA5_HexN5_Ac4_S9_pNP	5	5	10	4	9	C74H108N6O84S9	2797.317762	5
HS_HexA5_HexN5_Ac4_S9_pNP	5	5	10	4	9	C74H108N6O84S9	2814.344311	6
HS_HexA5_HexN5_Ac4_S9_pNP	5	5	10	4	9	C74H108N6O84S9	2831.370860	7
HS_HexA5_HexN5_Ac4_S9_pNP	5	5	10	4	9	C74H108N6O84S9	2848.397409	8
HS_HexA5_HexN5_Ac4_S9_pNP	5	5	10	4	9	C74H108N6O84S9	2865.423958	9
HS_HexA5_HexN5_Ac4_S9_pNP	5	5	10	4	9	C74H108N6O84S9	2882.450507	10
HS_HexA5_HexN5_Ac4_S9_pNP	5	5	10	4	9	C74H108N6O84S9	2899.477056	11
HS_HexA5_HexN5_Ac4_S9_pNP	5	5	10	4	9	C74H108N6O84S9	2916.503605	12
HS_HexA5_HexN5_Ac4_S9_pNP	5	5	10	4	9	C74H108N6O84S9	2933.530154	13
HS_HexA5_HexN5_Ac4_S9_pNP	5	5	10	4	9	C74H108N6O84S9	2950.556704	14
HS_HexA5_HexN5_Ac4_S10_pNP	5	5	10	4	10	C74H108N6O87S10	2792.141831	0
HS_HexA5_HexN5_Ac4_S10_pNP	5	5	10	4	10	C74H108N6O87S10	2809.168380	1
HS_HexA5_HexN5_Ac4_S10_pNP	5	5	10	4	10	C74H108N6O87S10	2826.194929	2
HS_HexA5_HexN5_Ac4_S10_pNP	5	5	10	4	10	C74H108N6O87S10	2843.221478	3
HS_HexA5_HexN5_Ac4_S10_pNP	5	5	10	4	10	C74H108N6O87S10	2860.248028	4
HS_HexA5_HexN5_Ac4_S10_pNP	5	5	10	4	10	C74H108N6O87S10	2877.274577	5
HS_HexA5_HexN5_Ac4_S10_pNP	5	5	10	4	10	C74H108N6O87S10	2894.301126	6
HS_HexA5_HexN5_Ac4_S10_pNP	5	5	10	4	10	C74H108N6O87S10	2911.327675	7
HS_HexA5_HexN5_Ac4_S10_pNP	5	5	10	4	10	C74H108N6O87S10	2928.354224	8
HS_HexA5_HexN5_Ac4_S10_pNP	5	5	10	4	10	C74H108N6O87S10	2945.380773	9
HS_HexA5_HexN5_Ac4_S10_pNP	5	5	10	4	10	C74H108N6O87S10	2962.407322	10
HS_HexA5_HexN5_Ac4_S10_pNP	5	5	10	4	10	C74H108N6O87S10	2979.433871	11
HS_HexA5_HexN5_Ac4_S10_pNP	5	5	10	4	10	C74H108N6O87S10	2996.460420	12
HS_HexA5_HexN5_Ac4_S10_pNP	5	5	10	4	10	C74H108N6O87S10	3013.486969	13
HS_HexA5_HexN5_Ac4_S10_pNP	5	5	10	4	10	C74H108N6O87S10	3030.513519	14
HS_HexA5_HexN5_Ac4_S10_pNP	5	5	10	4	10	C74H108N6O87S10	3047.540068	15
HS_HexA5_HexN5_Ac4_S11_pNP	5	5	10	4	11	C74H108N6O90S11	2872.098646	0
HS_HexA5_HexN5_Ac4_S11_pNP	5	5	10	4	11	C74H108N6O90S11	2889.125195	1
HS_HexA5_HexN5_Ac4_S11_pNP	5	5	10	4	11	C74H108N6O90S11	2906.151744	2
HS_HexA5_HexN5_Ac4_S11_pNP	5	5	10	4	11	C74H108N6O90S11	2923.178293	3
HS_HexA5_HexN5_Ac4_S11_pNP	5	5	10	4	11	C74H108N6O90S11	2940.204843	4
HS_HexA5_HexN5_Ac4_S11_pNP	5	5	10	4	11	C74H108N6O90S11	2957.231392	5
HS_HexA5_HexN5_Ac4_S11_pNP	5	5	10	4	11	C74H108N6O90S11	2974.257941	6
HS_HexA5_HexN5_Ac4_S11_pNP	5	5	10	4	11	C74H108N6O90S11	2991.284490	7
HS_HexA5_HexN5_Ac4_S11_pNP	5	5	10	4	11	C74H108N6O90S11	3008.311039	8
HS_HexA5_HexN5_Ac4_S11_pNP	5	5	10	4	11	C74H108N6O90S11	3025.337588	9
HS_HexA5_HexN5_Ac4_S11_pNP	5	5	10	4	11	C74H108N6O90S11	3042.364137	10
HS_HexA5_HexN5_Ac4_S11_pNP	5	5	10	4	11	C74H108N6O90S11	3059.390686	11
HS_HexA5_HexN5_Ac4_S11_pNP	5	5	10	4	11	C74H108N6O90S11	3076.417235	12
HS_HexA5_HexN5_Ac4_S11_pNP	5	5	10	4	11	C74H108N6O90S11	3093.443785	13
HS_HexA5_HexN5_Ac4_S11_pNP	5	5	10	4	11	C74H108N6O90S11	3110.470334	14
HS_HexA5_HexN5_Ac4_S11_pNP	5	5	10	4	11	C74H108N6O90S11	3127.496883	15
HS_HexA5_HexN5_Ac4_S11_pNP	5	5	10	4	11	C74H108N6O90S11	3144.523432	16
HS_HexA5_HexN5_Ac4_S12_pNP	5	5	10	4	12	C74H108N6O93S12	2952.055461	0
HS_HexA5_HexN5_Ac4_S12_pNP	5	5	10	4	12	C74H108N6O93S12	2969.082010	1
HS_HexA5_HexN5_Ac4_S12_pNP	5	5	10	4	12	C74H108N6O93S12	2986.108559	2
HS_HexA5_HexN5_Ac4_S12_pNP	5	5	10	4	12	C74H108N6O93S12	3003.135109	3
HS_HexA5_HexN5_Ac4_S12_pNP	5	5	10	4	12	C74H108N6O93S12	3020.161658	4
HS_HexA5_HexN5_Ac4_S12_pNP	5	5	10	4	12	C74H108N6O93S12	3037.188207	5
HS_HexA5_HexN5_Ac4_S12_pNP	5	5	10	4	12	C74H108N6O93S12	3054.214756	6
HS_HexA5_HexN5_Ac4_S12_pNP	5	5	10	4	12	C74H108N6O93S12	3071.241305	7
HS_HexA5_HexN5_Ac4_S12_pNP	5	5	10	4	12	C74H108N6O93S12	3088.267854	8
HS_HexA5_HexN5_Ac4_S12_pNP	5	5	10	4	12	C74H108N6O93S12	3105.294403	9
HS_HexA5_HexN5_Ac4_S12_pNP	5	5	10	4	12	C74H108N6O93S12	3122.320952	10
HS_HexA5_HexN5_Ac4_S12_pNP	5	5	10	4	12	C74H108N6O93S12	3139.347501	11
HS_HexA5_HexN5_Ac4_S12_pNP	5	5	10	4	12	C74H108N6O93S12	3156.374050	12
HS_HexA5_HexN5_Ac4_S12_pNP	5	5	10	4	12	C74H108N6O93S12	3173.400600	13
HS_HexA5_HexN5_Ac4_S12_pNP	5	5	10	4	12	C74H108N6O93S12	3190.427149	14
HS_HexA5_HexN5_Ac4_S12_pNP	5	5	10	4	12	C74H108N6O93S12	3207.453698	15
HS_HexA5_HexN5_Ac4_S12_pNP	5	5	10	4	12	C74H108N6O93S12	3224.480247	16
HS_HexA5_HexN5_Ac4_S12_pNP	5	5	10	4	12	C74H108N6O93S12	3241.506796	17
HS_HexA5_HexN5_Ac4_S13_pNP	5	5	10	4	13	C74H108N6O96S13	3032.012276	0
HS_HexA5_HexN5_Ac4_S13_pNP	5	5	10	4	13	C74H108N6O96S13	3049.038825	1
HS_HexA5_HexN5_Ac4_S13_pNP	5	5	10	4	13	C74H108N6O96S13	3066.065374	2
HS_HexA5_HexN5_Ac4_S13_pNP	5	5	10	4	13	C74H108N6O96S13	3083.091924	3
HS_HexA5_HexN5_Ac4_S13_pNP	5	5	10	4	13	C74H108N6O96S13	3100.118473	4
HS_HexA5_HexN5_Ac4_S13_pNP	5	5	10	4	13	C74H108N6O96S13	3117.145022	5
HS_HexA5_HexN5_Ac4_S13_pNP	5	5	10	4	13	C74H108N6O96S13	3134.171571	6
HS_HexA5_HexN5_Ac4_S13_pNP	5	5	10	4	13	C74H108N6O96S13	3151.198120	7
HS_HexA5_HexN5_Ac4_S13_pNP	5	5	10	4	13	C74H108N6O96S13	3168.224669	8
HS_HexA5_HexN5_Ac4_S13_pNP	5	5	10	4	13	C74H108N6O96S13	3185.251218	9
HS_HexA5_HexN5_Ac4_S13_pNP	5	5	10	4	13	C74H108N6O96S13	3202.277767	10
HS_HexA5_HexN5_Ac4_S13_pNP	5	5	10	4	13	C74H108N6O96S13	3219.304316	11
HS_HexA5_HexN5_Ac4_S13_pNP	5	5	10	4	13	C74H108N6O96S13	3236.330865	12
HS_HexA5_HexN5_Ac4_S13_pNP	5	5	10	4	13	C74H108N6O96S13	3253.357415	13
HS_HexA5_HexN5_Ac4_S13_pNP	5	5	10	4	13	C74H108N6O96S13	3270.383964	14
HS_HexA5_HexN5_Ac4_S13_pNP	5	5	10	4	13	C74H108N6O96S13	3287.410513	15
HS_HexA5_HexN5_Ac4_S13_pNP	5	5	10	4	13	C74H108N6O96S13	3304.437062	16
HS_HexA5_HexN5_Ac4_S13_pNP	5	5	10	4	13	C74H108N6O96S13	3321.463611	17
HS_HexA5_HexN5_Ac4_S13_pNP	5	5	10	4	13	C74H108N6O96S13	3338.490160	18
HS_HexA5_HexN5_Ac4_S14_pNP	5	5	10	4	14	C74H108N6O99S14	3111.969091	0
HS_HexA5_HexN5_Ac4_S14_pNP	5	5	10	4	14	C74H108N6O99S14	3128.995640	1
HS_HexA5_HexN5_Ac4_S14_pNP	5	5	10	4	14	C74H108N6O99S14	3146.022189	2
HS_HexA5_HexN5_Ac4_S14_pNP	5	5	10	4	14	C74H108N6O99S14	3163.048739	3
HS_HexA5_HexN5_Ac4_S14_pNP	5	5	10	4	14	C74H108N6O99S14	3180.075288	4
HS_HexA5_HexN5_Ac4_S14_pNP	5	5	10	4	14	C74H108N6O99S14	3197.101837	5
HS_HexA5_HexN5_Ac4_S14_pNP	5	5	10	4	14	C74H108N6O99S14	3214.128386	6
HS_HexA5_HexN5_Ac4_S14_pNP	5	5	10	4	14	C74H108N6O99S14	3231.154935	7
HS_HexA5_HexN5_Ac4_S14_pNP	5	5	10	4	14	C74H108N6O99S14	3248.181484	8
HS_HexA5_HexN5_Ac4_S14_pNP	5	5	10	4	14	C74H108N6O99S14	3265.208033	9
HS_HexA5_HexN5_Ac4_S14_pNP	5	5	10	4	14	C74H108N6O99S14	3282.234582	10
HS_HexA5_HexN5_Ac4_S14_pNP	5	5	10	4	14	C74H108N6O99S14	3299.261131	11
HS_HexA5_HexN5_Ac4_S14_pNP	5	5	10	4	14	C74H108N6O99S14	3316.287680	12
HS_HexA5_HexN5_Ac4_S14_pNP	5	5	10	4	14	C74H108N6O99S14	3333.314230	13
HS_HexA5_HexN5_Ac4_S14_pNP	5	5	10	4	14	C74H108N6O99S14	3350.340779	14
HS_HexA5_HexN5_Ac4_S14_pNP	5	5	10	4	14	C74H108N6O99S14	3367.367328	15
HS_HexA5_HexN5_Ac4_S14_pNP	5	5	10	4	14	C74H108N6O99S14	3384.393877	16
HS_HexA5_HexN5_Ac4_S14_pNP	5	5	10	4	14	C74H108N6O99S14	3401.420426	17
HS_HexA5_HexN5_Ac4_S14_pNP	5	5	10	4	14	C74H108N6O99S14	3418.446975	18
HS_HexA5_HexN5_Ac4_S14_pNP	5	5	10	4	14	C74H108N6O99S14	3435.473524	19
HS_HexA5_HexN5_Ac4_S15_pNP	5	5	10	4	15	C74H108N6O102S15	3191.925906	0
HS_HexA5_HexN5_Ac4_S15_pNP	5	5	10	4	15	C74H108N6O102S15	3208.952455	1
HS_HexA5_HexN5_Ac4_S15_pNP	5	5	10	4	15	C74H108N6O102S15	3225.979005	2
HS_HexA5_HexN5_Ac4_S15_pNP	5	5	10	4	15	C74H108N6O102S15	3243.005554	3
HS_HexA5_HexN5_Ac4_S15_pNP	5	5	10	4	15	C74H108N6O102S15	3260.032103	4
HS_HexA5_HexN5_Ac4_S15_pNP	5	5	10	4	15	C74H108N6O102S15	3277.058652	5
HS_HexA5_HexN5_Ac4_S15_pNP	5	5	10	4	15	C74H108N6O102S15	3294.085201	6
HS_HexA5_HexN5_Ac4_S15_pNP	5	5	10	4	15	C74H108N6O102S15	3311.111750	7
HS_HexA5_HexN5_Ac4_S15_pNP	5	5	10	4	15	C74H108N6O102S15	3328.138299	8
HS_HexA5_HexN5_Ac4_S15_pNP	5	5	10	4	15	C74H108N6O102S15	3345.164848	9
HS_HexA5_HexN5_Ac4_S15_pNP	5	5	10	4	15	C74H108N6O102S15	3362.191397	10
HS_HexA5_HexN5_Ac4_S15_pNP	5	5	10	4	15	C74H108N6O102S15	3379.217946	11
HS_HexA5_HexN5_Ac4_S15_pNP	5	5	10	4	15	C74H108N6O102S15	3396.244496	12
HS_HexA5_HexN5_Ac4_S15_pNP	5	5	10	4	15	C74H108N6O102S15	3413.271045	13
HS_HexA5_HexN5_Ac4_S15_pNP	5	5	10	4	15	C74H108N6O102S15	3430.297594	14
HS_HexA5_HexN5_Ac4_S15_pNP	5	5	10	4	15	C74H108N6O102S15	3447.324143	15
HS_HexA5_HexN5_Ac4_S15_pNP	5	5	10	4	15	C74H108N6O102S15	3464.350692	16
HS_HexA5_HexN5_Ac4_S15_pNP	5	5	10	4	15	C74H108N6O102S15	3481.377241	17
HS_HexA5_HexN5_Ac4_S15_pNP	5	5	10	4	15	C74H108N6O102S15	3498.403790	18
HS_HexA5_HexN5_Ac4_S15_pNP	5	5	10	4	15	C74H108N6O102S15	3515.430339	19
HS_HexA5_HexN5_Ac4_S15_pNP	5	5	10	4	15	C74H108N6O102S15	3532.456888	20
HS_HexA5_HexN5_Ac5_S0_pNP	5	5	10	5	0	C76H110N6O58	2034.584246	0
HS_HexA5_HexN5_Ac5_S0_pNP	5	5	10	5	0	C76H110N6O58	2051.610795	1
HS_HexA5_HexN5_Ac5_S0_pNP	5	5	10	5	0	C76H110N6O58	2068.637344	2
HS_HexA5_HexN5_Ac5_S0_pNP	5	5	10	5	0	C76H110N6O58	2085.663893	3
HS_HexA5_HexN5_Ac5_S0_pNP	5	5	10	5	0	C76H110N6O58	2102.690442	4
HS_HexA5_HexN5_Ac5_S0_pNP	5	5	10	5	0	C76H110N6O58	2119.716991	5
HS_HexA5_HexN5_Ac5_S1_pNP	5	5	10	5	1	C76H110N6O61S	2114.541061	0
HS_HexA5_HexN5_Ac5_S1_pNP	5	5	10	5	1	C76H110N6O61S	2131.567610	1
HS_HexA5_HexN5_Ac5_S1_pNP	5	5	10	5	1	C76H110N6O61S	2148.594159	2
HS_HexA5_HexN5_Ac5_S1_pNP	5	5	10	5	1	C76H110N6O61S	2165.620708	3
HS_HexA5_HexN5_Ac5_S1_pNP	5	5	10	5	1	C76H110N6O61S	2182.647257	4
HS_HexA5_HexN5_Ac5_S1_pNP	5	5	10	5	1	C76H110N6O61S	2199.673806	5
HS_HexA5_HexN5_Ac5_S1_pNP	5	5	10	5	1	C76H110N6O61S	2216.700355	6
HS_HexA5_HexN5_Ac5_S2_pNP	5	5	10	5	2	C76H110N6O64S2	2194.497876	0
HS_HexA5_HexN5_Ac5_S2_pNP	5	5	10	5	2	C76H110N6O64S2	2211.524425	1
HS_HexA5_HexN5_Ac5_S2_pNP	5	5	10	5	2	C76H110N6O64S2	2228.550974	2
HS_HexA5_HexN5_Ac5_S2_pNP	5	5	10	5	2	C76H110N6O64S2	2245.577523	3
HS_HexA5_HexN5_Ac5_S2_pNP	5	5	10	5	2	C76H110N6O64S2	2262.604072	4
HS_HexA5_HexN5_Ac5_S2_pNP	5	5	10	5	2	C76H110N6O64S2	2279.630621	5
HS_HexA5_HexN5_Ac5_S2_pNP	5	5	10	5	2	C76H110N6O64S2	2296.657170	6
HS_HexA5_HexN5_Ac5_S2_pNP	5	5	10	5	2	C76H110N6O64S2	2313.683719	7
HS_HexA5_HexN5_Ac5_S3_pNP	5	5	10	5	3	C76H110N6O67S3	2274.454691	0
HS_HexA5_HexN5_Ac5_S3_pNP	5	5	10	5	3	C76H110N6O67S3	2291.481240	1
HS_HexA5_HexN5_Ac5_S3_pNP	5	5	10	5	3	C76H110N6O67S3	2308.507789	2
HS_HexA5_HexN5_Ac5_S3_pNP	5	5	10	5	3	C76H110N6O67S3	2325.534338	3
HS_HexA5_HexN5_Ac5_S3_pNP	5	5	10	5	3	C76H110N6O67S3	2342.560887	4
HS_HexA5_HexN5_Ac5_S3_pNP	5	5	10	5	3	C76H110N6O67S3	2359.587436	5
HS_HexA5_HexN5_Ac5_S3_pNP	5	5	10	5	3	C76H110N6O67S3	2376.613985	6
HS_HexA5_HexN5_Ac5_S3_pNP	5	5	10	5	3	C76H110N6O67S3	2393.640534	7
HS_HexA5_HexN5_Ac5_S3_pNP	5	5	10	5	3	C76H110N6O67S3	2410.667083	8
HS_HexA5_HexN5_Ac5_S4_pNP	5	5	10	5	4	C76H110N6O70S4	2354.411506	0
HS_HexA5_HexN5_Ac5_S4_pNP	5	5	10	5	4	C76H110N6O70S4	2371.438055	1
HS_HexA5_HexN5_Ac5_S4_pNP	5	5	10	5	4	C76H110N6O70S4	2388.464604	2
HS_HexA5_HexN5_Ac5_S4_pNP	5	5	10	5	4	C76H110N6O70S4	2405.491153	3
HS_HexA5_HexN5_Ac5_S4_pNP	5	5	10	5	4	C76H110N6O70S4	2422.517702	4
HS_HexA5_HexN5_Ac5_S4_pNP	5	5	10	5	4	C76H110N6O70S4	2439.544251	5
HS_HexA5_HexN5_Ac5_S4_pNP	5	5	10	5	4	C76H110N6O70S4	2456.570800	6
HS_HexA5_HexN5_Ac5_S4_pNP	5	5	10	5	4	C76H110N6O70S4	2473.597349	7
HS_HexA5_HexN5_Ac5_S4_pNP	5	5	10	5	4	C76H110N6O70S4	2490.623898	8
HS_HexA5_HexN5_Ac5_S4_pNP	5	5	10	5	4	C76H110N6O70S4	2507.650448	9
HS_HexA5_HexN5_Ac5_S5_pNP	5	5	10	5	5	C76H110N6O73S5	2434.368321	0
HS_HexA5_HexN5_Ac5_S5_pNP	5	5	10	5	5	C76H110N6O73S5	2451.394870	1
HS_HexA5_HexN5_Ac5_S5_pNP	5	5	10	5	5	C76H110N6O73S5	2468.421419	2
HS_HexA5_HexN5_Ac5_S5_pNP	5	5	10	5	5	C76H110N6O73S5	2485.447968	3
HS_HexA5_HexN5_Ac5_S5_pNP	5	5	10	5	5	C76H110N6O73S5	2502.474517	4
HS_HexA5_HexN5_Ac5_S5_pNP	5	5	10	5	5	C76H110N6O73S5	2519.501066	5
HS_HexA5_HexN5_Ac5_S5_pNP	5	5	10	5	5	C76H110N6O73S5	2536.527615	6
HS_HexA5_HexN5_Ac5_S5_pNP	5	5	10	5	5	C76H110N6O73S5	2553.554164	7
HS_HexA5_HexN5_Ac5_S5_pNP	5	5	10	5	5	C76H110N6O73S5	2570.580713	8
HS_HexA5_HexN5_Ac5_S5_pNP	5	5	10	5	5	C76H110N6O73S5	2587.607263	9
HS_HexA5_HexN5_Ac5_S5_pNP	5	5	10	5	5	C76H110N6O73S5	2604.633812	10
HS_HexA5_HexN5_Ac5_S6_pNP	5	5	10	5	6	C76H110N6O76S6	2514.325136	0
HS_HexA5_HexN5_Ac5_S6_pNP	5	5	10	5	6	C76H110N6O76S6	2531.351685	1
HS_HexA5_HexN5_Ac5_S6_pNP	5	5	10	5	6	C76H110N6O76S6	2548.378234	2
HS_HexA5_HexN5_Ac5_S6_pNP	5	5	10	5	6	C76H110N6O76S6	2565.404783	3
HS_HexA5_HexN5_Ac5_S6_pNP	5	5	10	5	6	C76H110N6O76S6	2582.431332	4
HS_HexA5_HexN5_Ac5_S6_pNP	5	5	10	5	6	C76H110N6O76S6	2599.457881	5
HS_HexA5_HexN5_Ac5_S6_pNP	5	5	10	5	6	C76H110N6O76S6	2616.484430	6
HS_HexA5_HexN5_Ac5_S6_pNP	5	5	10	5	6	C76H110N6O76S6	2633.510979	7
HS_HexA5_HexN5_Ac5_S6_pNP	5	5	10	5	6	C76H110N6O76S6	2650.537529	8
HS_HexA5_HexN5_Ac5_S6_pNP	5	5	10	5	6	C76H110N6O76S6	2667.564078	9
HS_HexA5_HexN5_Ac5_S6_pNP	5	5	10	5	6	C76H110N6O76S6	2684.590627	10
HS_HexA5_HexN5_Ac5_S6_pNP	5	5	10	5	6	C76H110N6O76S6	2701.617176	11
HS_HexA5_HexN5_Ac5_S7_pNP	5	5	10	5	7	C76H110N6O79S7	2594.281951	0
HS_HexA5_HexN5_Ac5_S7_pNP	5	5	10	5	7	C76H110N6O79S7	2611.308500	1
HS_HexA5_HexN5_Ac5_S7_pNP	5	5	10	5	7	C76H110N6O79S7	2628.335049	2
HS_HexA5_HexN5_Ac5_S7_pNP	5	5	10	5	7	C76H110N6O79S7	2645.361598	3
HS_HexA5_HexN5_Ac5_S7_pNP	5	5	10	5	7	C76H110N6O79S7	2662.388147	4
HS_HexA5_HexN5_Ac5_S7_pNP	5	5	10	5	7	C76H110N6O79S7	2679.414696	5
HS_HexA5_HexN5_Ac5_S7_pNP	5	5	10	5	7	C76H110N6O79S7	2696.441245	6
HS_HexA5_HexN5_Ac5_S7_pNP	5	5	10	5	7	C76H110N6O79S7	2713.467794	7
HS_HexA5_HexN5_Ac5_S7_pNP	5	5	10	5	7	C76H110N6O79S7	2730.494344	8
HS_HexA5_HexN5_Ac5_S7_pNP	5	5	10	5	7	C76H110N6O79S7	2747.520893	9
HS_HexA5_HexN5_Ac5_S7_pNP	5	5	10	5	7	C76H110N6O79S7	2764.547442	10
HS_HexA5_HexN5_Ac5_S7_pNP	5	5	10	5	7	C76H110N6O79S7	2781.573991	11
HS_HexA5_HexN5_Ac5_S7_pNP	5	5	10	5	7	C76H110N6O79S7	2798.600540	12
HS_HexA5_HexN5_Ac5_S8_pNP	5	5	10	5	8	C76H110N6O82S8	2674.238766	0
HS_HexA5_HexN5_Ac5_S8_pNP	5	5	10	5	8	C76H110N6O82S8	2691.265315	1
HS_HexA5_HexN5_Ac5_S8_pNP	5	5	10	5	8	C76H110N6O82S8	2708.291864	2
HS_HexA5_HexN5_Ac5_S8_pNP	5	5	10	5	8	C76H110N6O82S8	2725.318413	3
HS_HexA5_HexN5_Ac5_S8_pNP	5	5	10	5	8	C76H110N6O82S8	2742.344962	4
HS_HexA5_HexN5_Ac5_S8_pNP	5	5	10	5	8	C76H110N6O82S8	2759.371511	5
HS_HexA5_HexN5_Ac5_S8_pNP	5	5	10	5	8	C76H110N6O82S8	2776.398060	6
HS_HexA5_HexN5_Ac5_S8_pNP	5	5	10	5	8	C76H110N6O82S8	2793.424609	7
HS_HexA5_HexN5_Ac5_S8_pNP	5	5	10	5	8	C76H110N6O82S8	2810.451159	8
HS_HexA5_HexN5_Ac5_S8_pNP	5	5	10	5	8	C76H110N6O82S8	2827.477708	9
HS_HexA5_HexN5_Ac5_S8_pNP	5	5	10	5	8	C76H110N6O82S8	2844.504257	10
HS_HexA5_HexN5_Ac5_S8_pNP	5	5	10	5	8	C76H110N6O82S8	2861.530806	11
HS_HexA5_HexN5_Ac5_S8_pNP	5	5	10	5	8	C76H110N6O82S8	2878.557355	12
HS_HexA5_HexN5_Ac5_S8_pNP	5	5	10	5	8	C76H110N6O82S8	2895.583904	13
HS_HexA5_HexN5_Ac5_S9_pNP	5	5	10	5	9	C76H110N6O85S9	2754.195581	0
HS_HexA5_HexN5_Ac5_S9_pNP	5	5	10	5	9	C76H110N6O85S9	2771.222130	1
HS_HexA5_HexN5_Ac5_S9_pNP	5	5	10	5	9	C76H110N6O85S9	2788.248679	2
HS_HexA5_HexN5_Ac5_S9_pNP	5	5	10	5	9	C76H110N6O85S9	2805.275228	3
HS_HexA5_HexN5_Ac5_S9_pNP	5	5	10	5	9	C76H110N6O85S9	2822.301777	4
HS_HexA5_HexN5_Ac5_S9_pNP	5	5	10	5	9	C76H110N6O85S9	2839.328326	5
HS_HexA5_HexN5_Ac5_S9_pNP	5	5	10	5	9	C76H110N6O85S9	2856.354875	6
HS_HexA5_HexN5_Ac5_S9_pNP	5	5	10	5	9	C76H110N6O85S9	2873.381425	7
HS_HexA5_HexN5_Ac5_S9_pNP	5	5	10	5	9	C76H110N6O85S9	2890.407974	8
HS_HexA5_HexN5_Ac5_S9_pNP	5	5	10	5	9	C76H110N6O85S9	2907.434523	9
HS_HexA5_HexN5_Ac5_S9_pNP	5	5	10	5	9	C76H110N6O85S9	2924.461072	10
HS_HexA5_HexN5_Ac5_S9_pNP	5	5	10	5	9	C76H110N6O85S9	2941.487621	11
HS_HexA5_HexN5_Ac5_S9_pNP	5	5	10	5	9	C76H110N6O85S9	2958.514170	12
HS_HexA5_HexN5_Ac5_S9_pNP	5	5	10	5	9	C76H110N6O85S9	2975.540719	13
HS_HexA5_HexN5_Ac5_S9_pNP	5	5	10	5	9	C76H110N6O85S9	2992.567268	14
HS_HexA5_HexN5_Ac5_S10_pNP	5	5	10	5	10	C76H110N6O88S10	2834.152396	0
HS_HexA5_HexN5_Ac5_S10_pNP	5	5	10	5	10	C76H110N6O88S10	2851.178945	1
HS_HexA5_HexN5_Ac5_S10_pNP	5	5	10	5	10	C76H110N6O88S10	2868.205494	2
HS_HexA5_HexN5_Ac5_S10_pNP	5	5	10	5	10	C76H110N6O88S10	2885.232043	3
HS_HexA5_HexN5_Ac5_S10_pNP	5	5	10	5	10	C76H110N6O88S10	2902.258592	4
HS_HexA5_HexN5_Ac5_S10_pNP	5	5	10	5	10	C76H110N6O88S10	2919.285141	5
HS_HexA5_HexN5_Ac5_S10_pNP	5	5	10	5	10	C76H110N6O88S10	2936.311690	6
HS_HexA5_HexN5_Ac5_S10_pNP	5	5	10	5	10	C76H110N6O88S10	2953.338240	7
HS_HexA5_HexN5_Ac5_S10_pNP	5	5	10	5	10	C76H110N6O88S10	2970.364789	8
HS_HexA5_HexN5_Ac5_S10_pNP	5	5	10	5	10	C76H110N6O88S10	2987.391338	9
HS_HexA5_HexN5_Ac5_S10_pNP	5	5	10	5	10	C76H110N6O88S10	3004.417887	10
HS_HexA5_HexN5_Ac5_S10_pNP	5	5	10	5	10	C76H110N6O88S10	3021.444436	11
HS_HexA5_HexN5_Ac5_S10_pNP	5	5	10	5	10	C76H110N6O88S10	3038.470985	12
HS_HexA5_HexN5_Ac5_S10_pNP	5	5	10	5	10	C76H110N6O88S10	3055.497534	13
HS_HexA5_HexN5_Ac5_S10_pNP	5	5	10	5	10	C76H110N6O88S10	3072.524083	14
HS_HexA5_HexN5_Ac5_S10_pNP	5	5	10	5	10	C76H110N6O88S10	3089.550632	15
HS_HexA5_HexN5_Ac5_S11_pNP	5	5	10	5	11	C76H110N6O91S11	2914.109211	0
HS_HexA5_HexN5_Ac5_S11_pNP	5	5	10	5	11	C76H110N6O91S11	2931.135760	1
HS_HexA5_HexN5_Ac5_S11_pNP	5	5	10	5	11	C76H110N6O91S11	2948.162309	2
HS_HexA5_HexN5_Ac5_S11_pNP	5	5	10	5	11	C76H110N6O91S11	2965.188858	3
HS_HexA5_HexN5_Ac5_S11_pNP	5	5	10	5	11	C76H110N6O91S11	2982.215407	4
HS_HexA5_HexN5_Ac5_S11_pNP	5	5	10	5	11	C76H110N6O91S11	2999.241956	5
HS_HexA5_HexN5_Ac5_S11_pNP	5	5	10	5	11	C76H110N6O91S11	3016.268505	6
HS_HexA5_HexN5_Ac5_S11_pNP	5	5	10	5	11	C76H110N6O91S11	3033.295055	7
HS_HexA5_HexN5_Ac5_S11_pNP	5	5	10	5	11	C76H110N6O91S11	3050.321604	8
HS_HexA5_HexN5_Ac5_S11_pNP	5	5	10	5	11	C76H110N6O91S11	3067.348153	9
HS_HexA5_HexN5_Ac5_S11_pNP	5	5	10	5	11	C76H110N6O91S11	3084.374702	10
HS_HexA5_HexN5_Ac5_S11_pNP	5	5	10	5	11	C76H110N6O91S11	3101.401251	11
HS_HexA5_HexN5_Ac5_S11_pNP	5	5	10	5	11	C76H110N6O91S11	3118.427800	12
HS_HexA5_HexN5_Ac5_S11_pNP	5	5	10	5	11	C76H110N6O91S11	3135.454349	13
HS_HexA5_HexN5_Ac5_S11_pNP	5	5	10	5	11	C76H110N6O91S11	3152.480898	14
HS_HexA5_HexN5_Ac5_S11_pNP	5	5	10	5	11	C76H110N6O91S11	3169.507447	15
HS_HexA5_HexN5_Ac5_S11_pNP	5	5	10	5	11	C76H110N6O91S11	3186.533996	16
HS_HexA5_HexN5_Ac5_S12_pNP	5	5	10	5	12	C76H110N6O94S12	2994.066026	0
HS_HexA5_HexN5_Ac5_S12_pNP	5	5	10	5	12	C76H110N6O94S12	3011.092575	1
HS_HexA5_HexN5_Ac5_S12_pNP	5	5	10	5	12	C76H110N6O94S12	3028.119124	2
HS_HexA5_HexN5_Ac5_S12_pNP	5	5	10	5	12	C76H110N6O94S12	3045.145673	3
HS_HexA5_HexN5_Ac5_S12_pNP	5	5	10	5	12	C76H110N6O94S12	3062.172222	4
HS_HexA5_HexN5_Ac5_S12_pNP	5	5	10	5	12	C76H110N6O94S12	3079.198771	5
HS_HexA5_HexN5_Ac5_S12_pNP	5	5	10	5	12	C76H110N6O94S12	3096.225321	6
HS_HexA5_HexN5_Ac5_S12_pNP	5	5	10	5	12	C76H110N6O94S12	3113.251870	7
HS_HexA5_HexN5_Ac5_S12_pNP	5	5	10	5	12	C76H110N6O94S12	3130.278419	8
HS_HexA5_HexN5_Ac5_S12_pNP	5	5	10	5	12	C76H110N6O94S12	3147.304968	9
HS_HexA5_HexN5_Ac5_S12_pNP	5	5	10	5	12	C76H110N6O94S12	3164.331517	10
HS_HexA5_HexN5_Ac5_S12_pNP	5	5	10	5	12	C76H110N6O94S12	3181.358066	11
HS_HexA5_HexN5_Ac5_S12_pNP	5	5	10	5	12	C76H110N6O94S12	3198.384615	12
HS_HexA5_HexN5_Ac5_S12_pNP	5	5	10	5	12	C76H110N6O94S12	3215.411164	13
HS_HexA5_HexN5_Ac5_S12_pNP	5	5	10	5	12	C76H110N6O94S12	3232.437713	14
HS_HexA5_HexN5_Ac5_S12_pNP	5	5	10	5	12	C76H110N6O94S12	3249.464262	15
HS_HexA5_HexN5_Ac5_S12_pNP	5	5	10	5	12	C76H110N6O94S12	3266.490812	16
HS_HexA5_HexN5_Ac5_S12_pNP	5	5	10	5	12	C76H110N6O94S12	3283.517361	17
HS_HexA5_HexN5_Ac5_S13_pNP	5	5	10	5	13	C76H110N6O97S13	3074.022841	0
HS_HexA5_HexN5_Ac5_S13_pNP	5	5	10	5	13	C76H110N6O97S13	3091.049390	1
HS_HexA5_HexN5_Ac5_S13_pNP	5	5	10	5	13	C76H110N6O97S13	3108.075939	2
HS_HexA5_HexN5_Ac5_S13_pNP	5	5	10	5	13	C76H110N6O97S13	3125.102488	3
HS_HexA5_HexN5_Ac5_S13_pNP	5	5	10	5	13	C76H110N6O97S13	3142.129037	4
HS_HexA5_HexN5_Ac5_S13_pNP	5	5	10	5	13	C76H110N6O97S13	3159.155586	5
HS_HexA5_HexN5_Ac5_S13_pNP	5	5	10	5	13	C76H110N6O97S13	3176.182136	6
HS_HexA5_HexN5_Ac5_S13_pNP	5	5	10	5	13	C76H110N6O97S13	3193.208685	7
HS_HexA5_HexN5_Ac5_S13_pNP	5	5	10	5	13	C76H110N6O97S13	3210.235234	8
HS_HexA5_HexN5_Ac5_S13_pNP	5	5	10	5	13	C76H110N6O97S13	3227.261783	9
HS_HexA5_HexN5_Ac5_S13_pNP	5	5	10	5	13	C76H110N6O97S13	3244.288332	10
HS_HexA5_HexN5_Ac5_S13_pNP	5	5	10	5	13	C76H110N6O97S13	3261.314881	11
HS_HexA5_HexN5_Ac5_S13_pNP	5	5	10	5	13	C76H110N6O97S13	3278.341430	12
HS_HexA5_HexN5_Ac5_S13_pNP	5	5	10	5	13	C76H110N6O97S13	3295.367979	13
HS_HexA5_HexN5_Ac5_S13_pNP	5	5	10	5	13	C76H110N6O97S13	3312.394528	14
HS_HexA5_HexN5_Ac5_S13_pNP	5	5	10	5	13	C76H110N6O97S13	3329.421077	15
HS_HexA5_HexN5_Ac5_S13_pNP	5	5	10	5	13	C76H110N6O97S13	3346.447627	16
HS_HexA5_HexN5_Ac5_S13_pNP	5	5	10	5	13	C76H110N6O97S13	3363.474176	17
HS_HexA5_HexN5_Ac5_S13_pNP	5	5	10	5	13	C76H110N6O97S13	3380.500725	18
HS_HexA5_HexN5_Ac5_S14_pNP	5	5	10	5	14	C76H110N6O100S14	3153.979656	0
HS_HexA5_HexN5_Ac5_S14_pNP	5	5	10	5	14	C76H110N6O100S14	3171.006205	1
HS_HexA5_HexN5_Ac5_S14_pNP	5	5	10	5	14	C76H110N6O100S14	3188.032754	2
HS_HexA5_HexN5_Ac5_S14_pNP	5	5	10	5	14	C76H110N6O100S14	3205.059303	3
HS_HexA5_HexN5_Ac5_S14_pNP	5	5	10	5	14	C76H110N6O100S14	3222.085852	4
HS_HexA5_HexN5_Ac5_S14_pNP	5	5	10	5	14	C76H110N6O100S14	3239.112401	5
HS_HexA5_HexN5_Ac5_S14_pNP	5	5	10	5	14	C76H110N6O100S14	3256.138951	6
HS_HexA5_HexN5_Ac5_S14_pNP	5	5	10	5	14	C76H110N6O100S14	3273.165500	7
HS_HexA5_HexN5_Ac5_S14_pNP	5	5	10	5	14	C76H110N6O100S14	3290.192049	8
HS_HexA5_HexN5_Ac5_S14_pNP	5	5	10	5	14	C76H110N6O100S14	3307.218598	9
HS_HexA5_HexN5_Ac5_S14_pNP	5	5	10	5	14	C76H110N6O100S14	3324.245147	10
HS_HexA5_HexN5_Ac5_S14_pNP	5	5	10	5	14	C76H110N6O100S14	3341.271696	11
HS_HexA5_HexN5_Ac5_S14_pNP	5	5	10	5	14	C76H110N6O100S14	3358.298245	12
HS_HexA5_HexN5_Ac5_S14_pNP	5	5	10	5	14	C76H110N6O100S14	3375.324794	13
HS_HexA5_HexN5_Ac5_S14_pNP	5	5	10	5	14	C76H110N6O100S14	3392.351343	14
HS_HexA5_HexN5_Ac5_S14_pNP	5	5	10	5	14	C76H110N6O100S14	3409.377892	15
HS_HexA5_HexN5_Ac5_S14_pNP	5	5	10	5	14	C76H110N6O100S14	3426.404442	16
HS_HexA5_HexN5_Ac5_S14_pNP	5	5	10	5	14	C76H110N6O100S14	3443.430991	17
HS_HexA5_HexN5_Ac5_S14_pNP	5	5	10	5	14	C76H110N6O100S14	3460.457540	18
HS_HexA5_HexN5_Ac5_S14_pNP	5	5	10	5	14	C76H110N6O100S14	3477.484089	19
HS_HexA5_HexN5_Ac5_S15_pNP	5	5	10	5	15	C76H110N6O103S15	3233.936471	0
HS_HexA5_HexN5_Ac5_S15_pNP	5	5	10	5	15	C76H110N6O103S15	3250.963020	1
HS_HexA5_HexN5_Ac5_S15_pNP	5	5	10	5	15	C76H110N6O103S15	3267.989569	2
HS_HexA5_HexN5_Ac5_S15_pNP	5	5	10	5	15	C76H110N6O103S15	3285.016118	3
HS_HexA5_HexN5_Ac5_S15_pNP	5	5	10	5	15	C76H110N6O103S15	3302.042667	4
HS_HexA5_HexN5_Ac5_S15_pNP	5	5	10	5	15	C76H110N6O103S15	3319.069217	5
HS_HexA5_HexN5_Ac5_S15_pNP	5	5	10	5	15	C76H110N6O103S15	3336.095766	6
HS_HexA5_HexN5_Ac5_S15_pNP	5	5	10	5	15	C76H110N6O103S15	3353.122315	7
HS_HexA5_HexN5_Ac5_S15_pNP	5	5	10	5	15	C76H110N6O103S15	3370.148864	8
HS_HexA5_HexN5_Ac5_S15_pNP	5	5	10	5	15	C76H110N6O103S15	3387.175413	9
HS_HexA5_HexN5_Ac5_S15_pNP	5	5	10	5	15	C76H110N6O103S15	3404.201962	10
HS_HexA5_HexN5_Ac5_S15_pNP	5	5	10	5	15	C76H110N6O103S15	3421.228511	11
HS_HexA5_HexN5_Ac5_S15_pNP	5	5	10	5	15	C76H110N6O103S15	3438.255060	12
HS_HexA5_HexN5_Ac5_S15_pNP	5	5	10	5	15	C76H110N6O103S15	3455.281609	13
HS_HexA5_HexN5_Ac5_S15_pNP	5	5	10	5	15	C76H110N6O103S15	3472.308158	14
HS_HexA5_HexN5_Ac5_S15_pNP	5	5	10	5	15	C76H110N6O103S15	3489.334708	15
HS_HexA5_HexN5_Ac5_S15_pNP	5	5	10	5	15	C76H110N6O103S15	3506.361257	16
HS_HexA5_HexN5_Ac5_S15_pNP	5	5	10	5	15	C76H110N6O103S15	3523.387806	17
HS_HexA5_HexN5_Ac5_S15_pNP	5	5	10	5	15	C76H110N6O103S15	3540.414355	18
HS_HexA5_HexN5_Ac5_S15_pNP	5	5	10	5	15	C76H110N6O103S15	3557.440904	19
HS_HexA5_HexN5_Ac5_S15_pNP	5	5	10	5	15	C76H110N6O103S15	3574.467453	20
HS_HexA6_HexN5_Ac0_S0_pNP	6	5	11	0	0	C72H108N6O59	2000.563510	0
HS_HexA6_HexN5_Ac0_S0_pNP	6	5	11	0	0	C72H108N6O59	2017.590059	1
HS_HexA6_HexN5_Ac0_S0_pNP	6	5	11	0	0	C72H108N6O59	2034.616608	2
HS_HexA6_HexN5_Ac0_S0_pNP	6	5	11	0	0	C72H108N6O59	2051.643157	3
HS_HexA6_HexN5_Ac0_S0_pNP	6	5	11	0	0	C72H108N6O59	2068.669706	4
HS_HexA6_HexN5_Ac0_S0_pNP	6	5	11	0	0	C72H108N6O59	2085.696256	5
HS_HexA6_HexN5_Ac0_S0_pNP	6	5	11	0	0	C72H108N6O59	2102.722805	6
HS_HexA6_HexN5_Ac0_S1_pNP	6	5	11	0	1	C72H108N6O62S	2080.520325	0
HS_HexA6_HexN5_Ac0_S1_pNP	6	5	11	0	1	C72H108N6O62S	2097.546874	1
HS_HexA6_HexN5_Ac0_S1_pNP	6	5	11	0	1	C72H108N6O62S	2114.573423	2
HS_HexA6_HexN5_Ac0_S1_pNP	6	5	11	0	1	C72H108N6O62S	2131.599972	3
HS_HexA6_HexN5_Ac0_S1_pNP	6	5	11	0	1	C72H108N6O62S	2148.626521	4
HS_HexA6_HexN5_Ac0_S1_pNP	6	5	11	0	1	C72H108N6O62S	2165.653071	5
HS_HexA6_HexN5_Ac0_S1_pNP	6	5	11	0	1	C72H108N6O62S	2182.679620	6
HS_HexA6_HexN5_Ac0_S1_pNP	6	5	11	0	1	C72H108N6O62S	2199.706169	7
HS_HexA6_HexN5_Ac0_S2_pNP	6	5	11	0	2	C72H108N6O65S2	2160.477140	0
HS_HexA6_HexN5_Ac0_S2_pNP	6	5	11	0	2	C72H108N6O65S2	2177.503689	1
HS_HexA6_HexN5_Ac0_S2_pNP	6	5	11	0	2	C72H108N6O65S2	2194.530238	2
HS_HexA6_HexN5_Ac0_S2_pNP	6	5	11	0	2	C72H108N6O65S2	2211.556787	3
HS_HexA6_HexN5_Ac0_S2_pNP	6	5	11	0	2	C72H108N6O65S2	2228.583337	4
HS_HexA6_HexN5_Ac0_S2_pNP	6	5	11	0	2	C72H108N6O65S2	2245.609886	5
HS_HexA6_HexN5_Ac0_S2_pNP	6	5	11	0	2	C72H108N6O65S2	2262.636435	6
HS_HexA6_HexN5_Ac0_S2_pNP	6	5	11	0	2	C72H108N6O65S2	2279.662984	7
HS_HexA6_HexN5_Ac0_S2_pNP	6	5	11	0	2	C72H108N6O65S2	2296.689533	8
HS_HexA6_HexN5_Ac0_S3_pNP	6	5	11	0	3	C72H108N6O68S3	2240.433955	0
HS_HexA6_HexN5_Ac0_S3_pNP	6	5	11	0	3	C72H108N6O68S3	2257.460504	1
HS_HexA6_HexN5_Ac0_S3_pNP	6	5	11	0	3	C72H108N6O68S3	2274.487053	2
HS_HexA6_HexN5_Ac0_S3_pNP	6	5	11	0	3	C72H108N6O68S3	2291.513602	3
HS_HexA6_HexN5_Ac0_S3_pNP	6	5	11	0	3	C72H108N6O68S3	2308.540152	4
HS_HexA6_HexN5_Ac0_S3_pNP	6	5	11	0	3	C72H108N6O68S3	2325.566701	5
HS_HexA6_HexN5_Ac0_S3_pNP	6	5	11	0	3	C72H108N6O68S3	2342.593250	6
HS_HexA6_HexN5_Ac0_S3_pNP	6	5	11	0	3	C72H108N6O68S3	2359.619799	7
HS_HexA6_HexN5_Ac0_S3_pNP	6	5	11	0	3	C72H108N6O68S3	2376.646348	8
HS_HexA6_HexN5_Ac0_S3_pNP	6	5	11	0	3	C72H108N6O68S3	2393.672897	9
HS_HexA6_HexN5_Ac0_S4_pNP	6	5	11	0	4	C72H108N6O71S4	2320.390770	0
HS_HexA6_HexN5_Ac0_S4_pNP	6	5	11	0	4	C72H108N6O71S4	2337.417319	1
HS_HexA6_HexN5_Ac0_S4_pNP	6	5	11	0	4	C72H108N6O71S4	2354.443868	2
HS_HexA6_HexN5_Ac0_S4_pNP	6	5	11	0	4	C72H108N6O71S4	2371.470417	3
HS_HexA6_HexN5_Ac0_S4_pNP	6	5	11	0	4	C72H108N6O71S4	2388.496967	4
HS_HexA6_HexN5_Ac0_S4_pNP	6	5	11	0	4	C72H108N6O71S4	2405.523516	5
HS_HexA6_HexN5_Ac0_S4_pNP	6	5	11	0	4	C72H108N6O71S4	2422.550065	6
HS_HexA6_HexN5_Ac0_S4_pNP	6	5	11	0	4	C72H108N6O71S4	2439.576614	7
HS_HexA6_HexN5_Ac0_S4_pNP	6	5	11	0	4	C72H108N6O71S4	2456.603163	8
HS_HexA6_HexN5_Ac0_S4_pNP	6	5	11	0	4	C72H108N6O71S4	2473.629712	9
HS_HexA6_HexN5_Ac0_S4_pNP	6	5	11	0	4	C72H108N6O71S4	2490.656261	10
HS_HexA6_HexN5_Ac0_S5_pNP	6	5	11	0	5	C72H108N6O74S5	2400.347585	0
HS_HexA6_HexN5_Ac0_S5_pNP	6	5	11	0	5	C72H108N6O74S5	2417.374134	1
HS_HexA6_HexN5_Ac0_S5_pNP	6	5	11	0	5	C72H108N6O74S5	2434.400683	2
HS_HexA6_HexN5_Ac0_S5_pNP	6	5	11	0	5	C72H108N6O74S5	2451.427233	3
HS_HexA6_HexN5_Ac0_S5_pNP	6	5	11	0	5	C72H108N6O74S5	2468.453782	4
HS_HexA6_HexN5_Ac0_S5_pNP	6	5	11	0	5	C72H108N6O74S5	2485.480331	5
HS_HexA6_HexN5_Ac0_S5_pNP	6	5	11	0	5	C72H108N6O74S5	2502.506880	6
HS_HexA6_HexN5_Ac0_S5_pNP	6	5	11	0	5	C72H108N6O74S5	2519.533429	7
HS_HexA6_HexN5_Ac0_S5_pNP	6	5	11	0	5	C72H108N6O74S5	2536.559978	8
HS_HexA6_HexN5_Ac0_S5_pNP	6	5	11	0	5	C72H108N6O74S5	2553.586527	9
HS_HexA6_HexN5_Ac0_S5_pNP	6	5	11	0	5	C72H108N6O74S5	2570.613076	10
HS_HexA6_HexN5_Ac0_S5_pNP	6	5	11	0	5	C72H108N6O74S5	2587.639625	11
HS_HexA6_HexN5_Ac0_S6_pNP	6	5	11	0	6	C72H108N6O77S6	2480.304400	0
HS_HexA6_HexN5_Ac0_S6_pNP	6	5	11	0	6	C72H108N6O77S6	2497.330949	1
HS_HexA6_HexN5_Ac0_S6_pNP	6	5	11	0	6	C72H108N6O77S6	2514.357498	2
HS_HexA6_HexN5_Ac0_S6_pNP	6	5	11	0	6	C72H108N6O77S6	2531.384048	3
HS_HexA6_HexN5_Ac0_S6_pNP	6	5	11	0	6	C72H108N6O77S6	2548.410597	4
HS_HexA6_HexN5_Ac0_S6_pNP	6	5	11	0	6	C72H108N6O77S6	2565.437146	5
HS_HexA6_HexN5_Ac0_S6_pNP	6	5	11	0	6	C72H108N6O77S6	2582.463695	6
HS_HexA6_HexN5_Ac0_S6_pNP	6	5	11	0	6	C72H108N6O77S6	2599.490244	7
HS_HexA6_HexN5_Ac0_S6_pNP	6	5	11	0	6	C72H108N6O77S6	2616.516793	8
HS_HexA6_HexN5_Ac0_S6_pNP	6	5	11	0	6	C72H108N6O77S6	2633.543342	9
HS_HexA6_HexN5_Ac0_S6_pNP	6	5	11	0	6	C72H108N6O77S6	2650.569891	10
HS_HexA6_HexN5_Ac0_S6_pNP	6	5	11	0	6	C72H108N6O77S6	2667.596440	11
HS_HexA6_HexN5_Ac0_S6_pNP	6	5	11	0	6	C72H108N6O77S6	2684.622989	12
HS_HexA6_HexN5_Ac0_S7_pNP	6	5	11	0	7	C72H108N6O80S7	2560.261215	0
HS_HexA6_HexN5_Ac0_S7_pNP	6	5	11	0	7	C72H108N6O80S7	2577.287764	1
HS_HexA6_HexN5_Ac0_S7_pNP	6	5	11	0	7	C72H108N6O80S7	2594.314313	2
HS_HexA6_HexN5_Ac0_S7_pNP	6	5	11	0	7	C72H108N6O80S7	2611.340863	3
HS_HexA6_HexN5_Ac0_S7_pNP	6	5	11	0	7	C72H108N6O80S7	2628.367412	4
HS_HexA6_HexN5_Ac0_S7_pNP	6	5	11	0	7	C72H108N6O80S7	2645.393961	5
HS_HexA6_HexN5_Ac0_S7_pNP	6	5	11	0	7	C72H108N6O80S7	2662.420510	6
HS_HexA6_HexN5_Ac0_S7_pNP	6	5	11	0	7	C72H108N6O80S7	2679.447059	7
HS_HexA6_HexN5_Ac0_S7_pNP	6	5	11	0	7	C72H108N6O80S7	2696.473608	8
HS_HexA6_HexN5_Ac0_S7_pNP	6	5	11	0	7	C72H108N6O80S7	2713.500157	9
HS_HexA6_HexN5_Ac0_S7_pNP	6	5	11	0	7	C72H108N6O80S7	2730.526706	10
HS_HexA6_HexN5_Ac0_S7_pNP	6	5	11	0	7	C72H108N6O80S7	2747.553255	11
HS_HexA6_HexN5_Ac0_S7_pNP	6	5	11	0	7	C72H108N6O80S7	2764.579805	12
HS_HexA6_HexN5_Ac0_S7_pNP	6	5	11	0	7	C72H108N6O80S7	2781.606354	13
HS_HexA6_HexN5_Ac0_S8_pNP	6	5	11	0	8	C72H108N6O83S8	2640.218030	0
HS_HexA6_HexN5_Ac0_S8_pNP	6	5	11	0	8	C72H108N6O83S8	2657.244579	1
HS_HexA6_HexN5_Ac0_S8_pNP	6	5	11	0	8	C72H108N6O83S8	2674.271129	2
HS_HexA6_HexN5_Ac0_S8_pNP	6	5	11	0	8	C72H108N6O83S8	2691.297678	3
HS_HexA6_HexN5_Ac0_S8_pNP	6	5	11	0	8	C72H108N6O83S8	2708.324227	4
HS_HexA6_HexN5_Ac0_S8_pNP	6	5	11	0	8	C72H108N6O83S8	2725.350776	5
HS_HexA6_HexN5_Ac0_S8_pNP	6	5	11	0	8	C72H108N6O83S8	2742.377325	6
HS_HexA6_HexN5_Ac0_S8_pNP	6	5	11	0	8	C72H108N6O83S8	2759.403874	7
HS_HexA6_HexN5_Ac0_S8_pNP	6	5	11	0	8	C72H108N6O83S8	2776.430423	8
HS_HexA6_HexN5_Ac0_S8_pNP	6	5	11	0	8	C72H108N6O83S8	2793.456972	9
HS_HexA6_HexN5_Ac0_S8_pNP	6	5	11	0	8	C72H108N6O83S8	2810.483521	10
HS_HexA6_HexN5_Ac0_S8_pNP	6	5	11	0	8	C72H108N6O83S8	2827.510070	11
HS_HexA6_HexN5_Ac0_S8_pNP	6	5	11	0	8	C72H108N6O83S8	2844.536620	12
HS_HexA6_HexN5_Ac0_S8_pNP	6	5	11	0	8	C72H108N6O83S8	2861.563169	13
HS_HexA6_HexN5_Ac0_S8_pNP	6	5	11	0	8	C72H108N6O83S8	2878.589718	14
HS_HexA6_HexN5_Ac0_S9_pNP	6	5	11	0	9	C72H108N6O86S9	2720.174845	0
HS_HexA6_HexN5_Ac0_S9_pNP	6	5	11	0	9	C72H108N6O86S9	2737.201394	1
HS_HexA6_HexN5_Ac0_S9_pNP	6	5	11	0	9	C72H108N6O86S9	2754.227944	2
HS_HexA6_HexN5_Ac0_S9_pNP	6	5	11	0	9	C72H108N6O86S9	2771.254493	3
HS_HexA6_HexN5_Ac0_S9_pNP	6	5	11	0	9	C72H108N6O86S9	2788.281042	4
HS_HexA6_HexN5_Ac0_S9_pNP	6	5	11	0	9	C72H108N6O86S9	2805.307591	5
HS_HexA6_HexN5_Ac0_S9_pNP	6	5	11	0	9	C72H108N6O86S9	2822.334140	6
HS_HexA6_HexN5_Ac0_S9_pNP	6	5	11	0	9	C72H108N6O86S9	2839.360689	7
HS_HexA6_HexN5_Ac0_S9_pNP	6	5	11	0	9	C72H108N6O86S9	2856.387238	8
HS_HexA6_HexN5_Ac0_S9_pNP	6	5	11	0	9	C72H108N6O86S9	2873.413787	9
HS_HexA6_HexN5_Ac0_S9_pNP	6	5	11	0	9	C72H108N6O86S9	2890.440336	10
HS_HexA6_HexN5_Ac0_S9_pNP	6	5	11	0	9	C72H108N6O86S9	2907.466885	11
HS_HexA6_HexN5_Ac0_S9_pNP	6	5	11	0	9	C72H108N6O86S9	2924.493435	12
HS_HexA6_HexN5_Ac0_S9_pNP	6	5	11	0	9	C72H108N6O86S9	2941.519984	13
HS_HexA6_HexN5_Ac0_S9_pNP	6	5	11	0	9	C72H108N6O86S9	2958.546533	14
HS_HexA6_HexN5_Ac0_S9_pNP	6	5	11	0	9	C72H108N6O86S9	2975.573082	15
HS_HexA6_HexN5_Ac0_S10_pNP	6	5	11	0	10	C72H108N6O89S10	2800.131660	0
HS_HexA6_HexN5_Ac0_S10_pNP	6	5	11	0	10	C72H108N6O89S10	2817.158209	1
HS_HexA6_HexN5_Ac0_S10_pNP	6	5	11	0	10	C72H108N6O89S10	2834.184759	2
HS_HexA6_HexN5_Ac0_S10_pNP	6	5	11	0	10	C72H108N6O89S10	2851.211308	3
HS_HexA6_HexN5_Ac0_S10_pNP	6	5	11	0	10	C72H108N6O89S10	2868.237857	4
HS_HexA6_HexN5_Ac0_S10_pNP	6	5	11	0	10	C72H108N6O89S10	2885.264406	5
HS_HexA6_HexN5_Ac0_S10_pNP	6	5	11	0	10	C72H108N6O89S10	2902.290955	6
HS_HexA6_HexN5_Ac0_S10_pNP	6	5	11	0	10	C72H108N6O89S10	2919.317504	7
HS_HexA6_HexN5_Ac0_S10_pNP	6	5	11	0	10	C72H108N6O89S10	2936.344053	8
HS_HexA6_HexN5_Ac0_S10_pNP	6	5	11	0	10	C72H108N6O89S10	2953.370602	9
HS_HexA6_HexN5_Ac0_S10_pNP	6	5	11	0	10	C72H108N6O89S10	2970.397151	10
HS_HexA6_HexN5_Ac0_S10_pNP	6	5	11	0	10	C72H108N6O89S10	2987.423701	11
HS_HexA6_HexN5_Ac0_S10_pNP	6	5	11	0	10	C72H108N6O89S10	3004.450250	12
HS_HexA6_HexN5_Ac0_S10_pNP	6	5	11	0	10	C72H108N6O89S10	3021.476799	13
HS_HexA6_HexN5_Ac0_S10_pNP	6	5	11	0	10	C72H108N6O89S10	3038.503348	14
HS_HexA6_HexN5_Ac0_S10_pNP	6	5	11	0	10	C72H108N6O89S10	3055.529897	15
HS_HexA6_HexN5_Ac0_S10_pNP	6	5	11	0	10	C72H108N6O89S10	3072.556446	16
HS_HexA6_HexN5_Ac0_S11_pNP	6	5	11	0	11	C72H108N6O92S11	2880.088475	0
HS_HexA6_HexN5_Ac0_S11_pNP	6	5	11	0	11	C72H108N6O92S11	2897.115025	1
HS_HexA6_HexN5_Ac0_S11_pNP	6	5	11	0	11	C72H108N6O92S11	2914.141574	2
HS_HexA6_HexN5_Ac0_S11_pNP	6	5	11	0	11	C72H108N6O92S11	2931.168123	3
HS_HexA6_HexN5_Ac0_S11_pNP	6	5	11	0	11	C72H108N6O92S11	2948.194672	4
HS_HexA6_HexN5_Ac0_S11_pNP	6	5	11	0	11	C72H108N6O92S11	2965.221221	5
HS_HexA6_HexN5_Ac0_S11_pNP	6	5	11	0	11	C72H108N6O92S11	2982.247770	6
HS_HexA6_HexN5_Ac0_S11_pNP	6	5	11	0	11	C72H108N6O92S11	2999.274319	7
HS_HexA6_HexN5_Ac0_S11_pNP	6	5	11	0	11	C72H108N6O92S11	3016.300868	8
HS_HexA6_HexN5_Ac0_S11_pNP	6	5	11	0	11	C72H108N6O92S11	3033.327417	9
HS_HexA6_HexN5_Ac0_S11_pNP	6	5	11	0	11	C72H108N6O92S11	3050.353966	10
HS_HexA6_HexN5_Ac0_S11_pNP	6	5	11	0	11	C72H108N6O92S11	3067.380516	11
HS_HexA6_HexN5_Ac0_S11_pNP	6	5	11	0	11	C72H108N6O92S11	3084.407065	12
HS_HexA6_HexN5_Ac0_S11_pNP	6	5	11	0	11	C72H108N6O92S11	3101.433614	13
HS_HexA6_HexN5_Ac0_S11_pNP	6	5	11	0	11	C72H108N6O92S11	3118.460163	14
HS_HexA6_HexN5_Ac0_S11_pNP	6	5	11	0	11	C72H108N6O92S11	3135.486712	15
HS_HexA6_HexN5_Ac0_S11_pNP	6	5	11	0	11	C72H108N6O92S11	3152.513261	16
HS_HexA6_HexN5_Ac0_S11_pNP	6	5	11	0	11	C72H108N6O92S11	3169.539810	17
HS_HexA6_HexN5_Ac0_S12_pNP	6	5	11	0	12	C72H108N6O95S12	2960.045290	0
HS_HexA6_HexN5_Ac0_S12_pNP	6	5	11	0	12	C72H108N6O95S12	2977.071840	1
HS_HexA6_HexN5_Ac0_S12_pNP	6	5	11	0	12	C72H108N6O95S12	2994.098389	2
HS_HexA6_HexN5_Ac0_S12_pNP	6	5	11	0	12	C72H108N6O95S12	3011.124938	3
HS_HexA6_HexN5_Ac0_S12_pNP	6	5	11	0	12	C72H108N6O95S12	3028.151487	4
HS_HexA6_HexN5_Ac0_S12_pNP	6	5	11	0	12	C72H108N6O95S12	3045.178036	5
HS_HexA6_HexN5_Ac0_S12_pNP	6	5	11	0	12	C72H108N6O95S12	3062.204585	6
HS_HexA6_HexN5_Ac0_S12_pNP	6	5	11	0	12	C72H108N6O95S12	3079.231134	7
HS_HexA6_HexN5_Ac0_S12_pNP	6	5	11	0	12	C72H108N6O95S12	3096.257683	8
HS_HexA6_HexN5_Ac0_S12_pNP	6	5	11	0	12	C72H108N6O95S12	3113.284232	9
HS_HexA6_HexN5_Ac0_S12_pNP	6	5	11	0	12	C72H108N6O95S12	3130.310781	10
HS_HexA6_HexN5_Ac0_S12_pNP	6	5	11	0	12	C72H108N6O95S12	3147.337331	11
HS_HexA6_HexN5_Ac0_S12_pNP	6	5	11	0	12	C72H108N6O95S12	3164.363880	12
HS_HexA6_HexN5_Ac0_S12_pNP	6	5	11	0	12	C72H108N6O95S12	3181.390429	13
HS_HexA6_HexN5_Ac0_S12_pNP	6	5	11	0	12	C72H108N6O95S12	3198.416978	14
HS_HexA6_HexN5_Ac0_S12_pNP	6	5	11	0	12	C72H108N6O95S12	3215.443527	15
HS_HexA6_HexN5_Ac0_S12_pNP	6	5	11	0	12	C72H108N6O95S12	3232.470076	16
HS_HexA6_HexN5_Ac0_S12_pNP	6	5	11	0	12	C72H108N6O95S12	3249.496625	17
HS_HexA6_HexN5_Ac0_S12_pNP	6	5	11	0	12	C72H108N6O95S12	3266.523174	18
HS_HexA6_HexN5_Ac0_S13_pNP	6	5	11	0	13	C72H108N6O98S13	3040.002105	0
HS_HexA6_HexN5_Ac0_S13_pNP	6	5	11	0	13	C72H108N6O98S13	3057.028655	1
HS_HexA6_HexN5_Ac0_S13_pNP	6	5	11	0	13	C72H108N6O98S13	3074.055204	2
HS_HexA6_HexN5_Ac0_S13_pNP	6	5	11	0	13	C72H108N6O98S13	3091.081753	3
HS_HexA6_HexN5_Ac0_S13_pNP	6	5	11	0	13	C72H108N6O98S13	3108.108302	4
HS_HexA6_HexN5_Ac0_S13_pNP	6	5	11	0	13	C72H108N6O98S13	3125.134851	5
HS_HexA6_HexN5_Ac0_S13_pNP	6	5	11	0	13	C72H108N6O98S13	3142.161400	6
HS_HexA6_HexN5_Ac0_S13_pNP	6	5	11	0	13	C72H108N6O98S13	3159.187949	7
HS_HexA6_HexN5_Ac0_S13_pNP	6	5	11	0	13	C72H108N6O98S13	3176.214498	8
HS_HexA6_HexN5_Ac0_S13_pNP	6	5	11	0	13	C72H108N6O98S13	3193.241047	9
HS_HexA6_HexN5_Ac0_S13_pNP	6	5	11	0	13	C72H108N6O98S13	3210.267597	10
HS_HexA6_HexN5_Ac0_S13_pNP	6	5	11	0	13	C72H108N6O98S13	3227.294146	11
HS_HexA6_HexN5_Ac0_S13_pNP	6	5	11	0	13	C72H108N6O98S13	3244.320695	12
HS_HexA6_HexN5_Ac0_S13_pNP	6	5	11	0	13	C72H108N6O98S13	3261.347244	13
HS_HexA6_HexN5_Ac0_S13_pNP	6	5	11	0	13	C72H108N6O98S13	3278.373793	14
HS_HexA6_HexN5_Ac0_S13_pNP	6	5	11	0	13	C72H108N6O98S13	3295.400342	15
HS_HexA6_HexN5_Ac0_S13_pNP	6	5	11	0	13	C72H108N6O98S13	3312.426891	16
HS_HexA6_HexN5_Ac0_S13_pNP	6	5	11	0	13	C72H108N6O98S13	3329.453440	17
HS_HexA6_HexN5_Ac0_S13_pNP	6	5	11	0	13	C72H108N6O98S13	3346.479989	18
HS_HexA6_HexN5_Ac0_S13_pNP	6	5	11	0	13	C72H108N6O98S13	3363.506538	19
HS_HexA6_HexN5_Ac0_S14_pNP	6	5	11	0	14	C72H108N6O101S14	3119.958921	0
HS_HexA6_HexN5_Ac0_S14_pNP	6	5	11	0	14	C72H108N6O101S14	3136.985470	1
HS_HexA6_HexN5_Ac0_S14_pNP	6	5	11	0	14	C72H108N6O101S14	3154.012019	2
HS_HexA6_HexN5_Ac0_S14_pNP	6	5	11	0	14	C72H108N6O101S14	3171.038568	3
HS_HexA6_HexN5_Ac0_S14_pNP	6	5	11	0	14	C72H108N6O101S14	3188.065117	4
HS_HexA6_HexN5_Ac0_S14_pNP	6	5	11	0	14	C72H108N6O101S14	3205.091666	5
HS_HexA6_HexN5_Ac0_S14_pNP	6	5	11	0	14	C72H108N6O101S14	3222.118215	6
HS_HexA6_HexN5_Ac0_S14_pNP	6	5	11	0	14	C72H108N6O101S14	3239.144764	7
HS_HexA6_HexN5_Ac0_S14_pNP	6	5	11	0	14	C72H108N6O101S14	3256.171313	8
HS_HexA6_HexN5_Ac0_S14_pNP	6	5	11	0	14	C72H108N6O101S14	3273.197862	9
HS_HexA6_HexN5_Ac0_S14_pNP	6	5	11	0	14	C72H108N6O101S14	3290.224412	10
HS_HexA6_HexN5_Ac0_S14_pNP	6	5	11	0	14	C72H108N6O101S14	3307.250961	11
HS_HexA6_HexN5_Ac0_S14_pNP	6	5	11	0	14	C72H108N6O101S14	3324.277510	12
HS_HexA6_HexN5_Ac0_S14_pNP	6	5	11	0	14	C72H108N6O101S14	3341.304059	13
HS_HexA6_HexN5_Ac0_S14_pNP	6	5	11	0	14	C72H108N6O101S14	3358.330608	14
HS_HexA6_HexN5_Ac0_S14_pNP	6	5	11	0	14	C72H108N6O101S14	3375.357157	15
HS_HexA6_HexN5_Ac0_S14_pNP	6	5	11	0	14	C72H108N6O101S14	3392.383706	16
HS_HexA6_HexN5_Ac0_S14_pNP	6	5	11	0	14	C72H108N6O101S14	3409.410255	17
HS_HexA6_HexN5_Ac0_S14_pNP	6	5	11	0	14	C72H108N6O101S14	3426.436804	18
HS_HexA6_HexN5_Ac0_S14_pNP	6	5	11	0	14	C72H108N6O101S14	3443.463353	19
HS_HexA6_HexN5_Ac0_S14_pNP	6	5	11	0	14	C72H108N6O101S14	3460.489903	20
HS_HexA6_HexN5_Ac0_S15_pNP	6	5	11	0	15	C72H108N6O104S15	3199.915736	0
HS_HexA6_HexN5_Ac0_S15_pNP	6	5	11	0	15	C72H108N6O104S15	3216.942285	1
HS_HexA6_HexN5_Ac0_S15_pNP	6	5	11	0	15	C72H108N6O104S15	3233.968834	2
HS_HexA6_HexN5_Ac0_S15_pNP	6	5	11	0	15	C72H108N6O104S15	3250.995383	3
HS_HexA6_HexN5_Ac0_S15_pNP	6	5	11	0	15	C72H108N6O104S15	3268.021932	4
HS_HexA6_HexN5_Ac0_S15_pNP	6	5	11	0	15	C72H108N6O104S15	3285.048481	5
HS_HexA6_HexN5_Ac0_S15_pNP	6	5	11	0	15	C72H108N6O104S15	3302.075030	6
HS_HexA6_HexN5_Ac0_S15_pNP	6	5	11	0	15	C72H108N6O104S15	3319.101579	7
HS_HexA6_HexN5_Ac0_S15_pNP	6	5	11	0	15	C72H108N6O104S15	3336.128128	8
HS_HexA6_HexN5_Ac0_S15_pNP	6	5	11	0	15	C72H108N6O104S15	3353.154677	9
HS_HexA6_HexN5_Ac0_S15_pNP	6	5	11	0	15	C72H108N6O104S15	3370.181227	10
HS_HexA6_HexN5_Ac0_S15_pNP	6	5	11	0	15	C72H108N6O104S15	3387.207776	11
HS_HexA6_HexN5_Ac0_S15_pNP	6	5	11	0	15	C72H108N6O104S15	3404.234325	12
HS_HexA6_HexN5_Ac0_S15_pNP	6	5	11	0	15	C72H108N6O104S15	3421.260874	13
HS_HexA6_HexN5_Ac0_S15_pNP	6	5	11	0	15	C72H108N6O104S15	3438.287423	14
HS_HexA6_HexN5_Ac0_S15_pNP	6	5	11	0	15	C72H108N6O104S15	3455.313972	15
HS_HexA6_HexN5_Ac0_S15_pNP	6	5	11	0	15	C72H108N6O104S15	3472.340521	16
HS_HexA6_HexN5_Ac0_S15_pNP	6	5	11	0	15	C72H108N6O104S15	3489.367070	17
HS_HexA6_HexN5_Ac0_S15_pNP	6	5	11	0	15	C72H108N6O104S15	3506.393619	18
HS_HexA6_HexN5_Ac0_S15_pNP	6	5	11	0	15	C72H108N6O104S15	3523.420168	19
HS_HexA6_HexN5_Ac0_S15_pNP	6	5	11	0	15	C72H108N6O104S15	3540.446718	20
HS_HexA6_HexN5_Ac0_S15_pNP	6	5	11	0	15	C72H108N6O104S15	3557.473267	21
HS_HexA6_HexN5_Ac1_S0_pNP	6	5	11	1	0	C74H110N6O60	2042.574075	0
HS_HexA6_HexN5_Ac1_S0_pNP	6	5	11	1	0	C74H110N6O60	2059.600624	1
HS_HexA6_HexN5_Ac1_S0_pNP	6	5	11	1	0	C74H110N6O60	2076.627173	2
HS_HexA6_HexN5_Ac1_S0_pNP	6	5	11	1	0	C74H110N6O60	2093.653722	3
HS_HexA6_HexN5_Ac1_S0_pNP	6	5	11	1	0	C74H110N6O60	2110.680271	4
HS_HexA6_HexN5_Ac1_S0_pNP	6	5	11	1	0	C74H110N6O60	2127.706820	5
HS_HexA6_HexN5_Ac1_S0_pNP	6	5	11	1	0	C74H110N6O60	2144.733369	6
HS_HexA6_HexN5_Ac1_S1_pNP	6	5	11	1	1	C74H110N6O63S	2122.530890	0
HS_HexA6_HexN5_Ac1_S1_pNP	6	5	11	1	1	C74H110N6O63S	2139.557439	1
HS_HexA6_HexN5_Ac1_S1_pNP	6	5	11	1	1	C74H110N6O63S	2156.583988	2
HS_HexA6_HexN5_Ac1_S1_pNP	6	5	11	1	1	C74H110N6O63S	2173.610537	3
HS_HexA6_HexN5_Ac1_S1_pNP	6	5	11	1	1	C74H110N6O63S	2190.637086	4
HS_HexA6_HexN5_Ac1_S1_pNP	6	5	11	1	1	C74H110N6O63S	2207.663635	5
HS_HexA6_HexN5_Ac1_S1_pNP	6	5	11	1	1	C74H110N6O63S	2224.690184	6
HS_HexA6_HexN5_Ac1_S1_pNP	6	5	11	1	1	C74H110N6O63S	2241.716733	7
HS_HexA6_HexN5_Ac1_S2_pNP	6	5	11	1	2	C74H110N6O66S2	2202.487705	0
HS_HexA6_HexN5_Ac1_S2_pNP	6	5	11	1	2	C74H110N6O66S2	2219.514254	1
HS_HexA6_HexN5_Ac1_S2_pNP	6	5	11	1	2	C74H110N6O66S2	2236.540803	2
HS_HexA6_HexN5_Ac1_S2_pNP	6	5	11	1	2	C74H110N6O66S2	2253.567352	3
HS_HexA6_HexN5_Ac1_S2_pNP	6	5	11	1	2	C74H110N6O66S2	2270.593901	4
HS_HexA6_HexN5_Ac1_S2_pNP	6	5	11	1	2	C74H110N6O66S2	2287.620450	5
HS_HexA6_HexN5_Ac1_S2_pNP	6	5	11	1	2	C74H110N6O66S2	2304.646999	6
HS_HexA6_HexN5_Ac1_S2_pNP	6	5	11	1	2	C74H110N6O66S2	2321.673549	7
HS_HexA6_HexN5_Ac1_S2_pNP	6	5	11	1	2	C74H110N6O66S2	2338.700098	8
HS_HexA6_HexN5_Ac1_S3_pNP	6	5	11	1	3	C74H110N6O69S3	2282.444520	0
HS_HexA6_HexN5_Ac1_S3_pNP	6	5	11	1	3	C74H110N6O69S3	2299.471069	1
HS_HexA6_HexN5_Ac1_S3_pNP	6	5	11	1	3	C74H110N6O69S3	2316.497618	2
HS_HexA6_HexN5_Ac1_S3_pNP	6	5	11	1	3	C74H110N6O69S3	2333.524167	3
HS_HexA6_HexN5_Ac1_S3_pNP	6	5	11	1	3	C74H110N6O69S3	2350.550716	4
HS_HexA6_HexN5_Ac1_S3_pNP	6	5	11	1	3	C74H110N6O69S3	2367.577265	5
HS_HexA6_HexN5_Ac1_S3_pNP	6	5	11	1	3	C74H110N6O69S3	2384.603814	6
HS_HexA6_HexN5_Ac1_S3_pNP	6	5	11	1	3	C74H110N6O69S3	2401.630364	7
HS_HexA6_HexN5_Ac1_S3_pNP	6	5	11	1	3	C74H110N6O69S3	2418.656913	8
HS_HexA6_HexN5_Ac1_S3_pNP	6	5	11	1	3	C74H110N6O69S3	2435.683462	9
HS_HexA6_HexN5_Ac1_S4_pNP	6	5	11	1	4	C74H110N6O72S4	2362.401335	0
HS_HexA6_HexN5_Ac1_S4_pNP	6	5	11	1	4	C74H110N6O72S4	2379.427884	1
HS_HexA6_HexN5_Ac1_S4_pNP	6	5	11	1	4	C74H110N6O72S4	2396.454433	2
HS_HexA6_HexN5_Ac1_S4_pNP	6	5	11	1	4	C74H110N6O72S4	2413.480982	3
HS_HexA6_HexN5_Ac1_S4_pNP	6	5	11	1	4	C74H110N6O72S4	2430.507531	4
HS_HexA6_HexN5_Ac1_S4_pNP	6	5	11	1	4	C74H110N6O72S4	2447.534080	5
HS_HexA6_HexN5_Ac1_S4_pNP	6	5	11	1	4	C74H110N6O72S4	2464.560629	6
HS_HexA6_HexN5_Ac1_S4_pNP	6	5	11	1	4	C74H110N6O72S4	2481.587179	7
HS_HexA6_HexN5_Ac1_S4_pNP	6	5	11	1	4	C74H110N6O72S4	2498.613728	8
HS_HexA6_HexN5_Ac1_S4_pNP	6	5	11	1	4	C74H110N6O72S4	2515.640277	9
HS_HexA6_HexN5_Ac1_S4_pNP	6	5	11	1	4	C74H110N6O72S4	2532.666826	10
HS_HexA6_HexN5_Ac1_S5_pNP	6	5	11	1	5	C74H110N6O75S5	2442.358150	0
HS_HexA6_HexN5_Ac1_S5_pNP	6	5	11	1	5	C74H110N6O75S5	2459.384699	1
HS_HexA6_HexN5_Ac1_S5_pNP	6	5	11	1	5	C74H110N6O75S5	2476.411248	2
HS_HexA6_HexN5_Ac1_S5_pNP	6	5	11	1	5	C74H110N6O75S5	2493.437797	3
HS_HexA6_HexN5_Ac1_S5_pNP	6	5	11	1	5	C74H110N6O75S5	2510.464346	4
HS_HexA6_HexN5_Ac1_S5_pNP	6	5	11	1	5	C74H110N6O75S5	2527.490895	5
HS_HexA6_HexN5_Ac1_S5_pNP	6	5	11	1	5	C74H110N6O75S5	2544.517445	6
HS_HexA6_HexN5_Ac1_S5_pNP	6	5	11	1	5	C74H110N6O75S5	2561.543994	7
HS_HexA6_HexN5_Ac1_S5_pNP	6	5	11	1	5	C74H110N6O75S5	2578.570543	8
HS_HexA6_HexN5_Ac1_S5_pNP	6	5	11	1	5	C74H110N6O75S5	2595.597092	9
HS_HexA6_HexN5_Ac1_S5_pNP	6	5	11	1	5	C74H110N6O75S5	2612.623641	10
HS_HexA6_HexN5_Ac1_S5_pNP	6	5	11	1	5	C74H110N6O75S5	2629.650190	11
HS_HexA6_HexN5_Ac1_S6_pNP	6	5	11	1	6	C74H110N6O78S6	2522.314965	0
HS_HexA6_HexN5_Ac1_S6_pNP	6	5	11	1	6	C74H110N6O78S6	2539.341514	1
HS_HexA6_HexN5_Ac1_S6_pNP	6	5	11	1	6	C74H110N6O78S6	2556.368063	2
HS_HexA6_HexN5_Ac1_S6_pNP	6	5	11	1	6	C74H110N6O78S6	2573.394612	3
HS_HexA6_HexN5_Ac1_S6_pNP	6	5	11	1	6	C74H110N6O78S6	2590.421161	4
HS_HexA6_HexN5_Ac1_S6_pNP	6	5	11	1	6	C74H110N6O78S6	2607.447710	5
HS_HexA6_HexN5_Ac1_S6_pNP	6	5	11	1	6	C74H110N6O78S6	2624.474260	6
HS_HexA6_HexN5_Ac1_S6_pNP	6	5	11	1	6	C74H110N6O78S6	2641.500809	7
HS_HexA6_HexN5_Ac1_S6_pNP	6	5	11	1	6	C74H110N6O78S6	2658.527358	8
HS_HexA6_HexN5_Ac1_S6_pNP	6	5	11	1	6	C74H110N6O78S6	2675.553907	9
HS_HexA6_HexN5_Ac1_S6_pNP	6	5	11	1	6	C74H110N6O78S6	2692.580456	10
HS_HexA6_HexN5_Ac1_S6_pNP	6	5	11	1	6	C74H110N6O78S6	2709.607005	11
HS_HexA6_HexN5_Ac1_S6_pNP	6	5	11	1	6	C74H110N6O78S6	2726.633554	12
HS_HexA6_HexN5_Ac1_S7_pNP	6	5	11	1	7	C74H110N6O81S7	2602.271780	0
HS_HexA6_HexN5_Ac1_S7_pNP	6	5	11	1	7	C74H110N6O81S7	2619.298329	1
HS_HexA6_HexN5_Ac1_S7_pNP	6	5	11	1	7	C74H110N6O81S7	2636.324878	2
HS_HexA6_HexN5_Ac1_S7_pNP	6	5	11	1	7	C74H110N6O81S7	2653.351427	3
HS_HexA6_HexN5_Ac1_S7_pNP	6	5	11	1	7	C74H110N6O81S7	2670.377976	4
HS_HexA6_HexN5_Ac1_S7_pNP	6	5	11	1	7	C74H110N6O81S7	2687.404525	5
HS_HexA6_HexN5_Ac1_S7_pNP	6	5	11	1	7	C74H110N6O81S7	2704.431075	6
HS_HexA6_HexN5_Ac1_S7_pNP	6	5	11	1	7	C74H110N6O81S7	2721.457624	7
HS_HexA6_HexN5_Ac1_S7_pNP	6	5	11	1	7	C74H110N6O81S7	2738.484173	8
HS_HexA6_HexN5_Ac1_S7_pNP	6	5	11	1	7	C74H110N6O81S7	2755.510722	9
HS_HexA6_HexN5_Ac1_S7_pNP	6	5	11	1	7	C74H110N6O81S7	2772.537271	10
HS_HexA6_HexN5_Ac1_S7_pNP	6	5	11	1	7	C74H110N6O81S7	2789.563820	11
HS_HexA6_HexN5_Ac1_S7_pNP	6	5	11	1	7	C74H110N6O81S7	2806.590369	12
HS_HexA6_HexN5_Ac1_S7_pNP	6	5	11	1	7	C74H110N6O81S7	2823.616918	13
HS_HexA6_HexN5_Ac1_S8_pNP	6	5	11	1	8	C74H110N6O84S8	2682.228595	0
HS_HexA6_HexN5_Ac1_S8_pNP	6	5	11	1	8	C74H110N6O84S8	2699.255144	1
HS_HexA6_HexN5_Ac1_S8_pNP	6	5	11	1	8	C74H110N6O84S8	2716.281693	2
HS_HexA6_HexN5_Ac1_S8_pNP	6	5	11	1	8	C74H110N6O84S8	2733.308242	3
HS_HexA6_HexN5_Ac1_S8_pNP	6	5	11	1	8	C74H110N6O84S8	2750.334791	4
HS_HexA6_HexN5_Ac1_S8_pNP	6	5	11	1	8	C74H110N6O84S8	2767.361341	5
HS_HexA6_HexN5_Ac1_S8_pNP	6	5	11	1	8	C74H110N6O84S8	2784.387890	6
HS_HexA6_HexN5_Ac1_S8_pNP	6	5	11	1	8	C74H110N6O84S8	2801.414439	7
HS_HexA6_HexN5_Ac1_S8_pNP	6	5	11	1	8	C74H110N6O84S8	2818.440988	8
HS_HexA6_HexN5_Ac1_S8_pNP	6	5	11	1	8	C74H110N6O84S8	2835.467537	9
HS_HexA6_HexN5_Ac1_S8_pNP	6	5	11	1	8	C74H110N6O84S8	2852.494086	10
HS_HexA6_HexN5_Ac1_S8_pNP	6	5	11	1	8	C74H110N6O84S8	2869.520635	11
HS_HexA6_HexN5_Ac1_S8_pNP	6	5	11	1	8	C74H110N6O84S8	2886.547184	12
HS_HexA6_HexN5_Ac1_S8_pNP	6	5	11	1	8	C74H110N6O84S8	2903.573733	13
HS_HexA6_HexN5_Ac1_S8_pNP	6	5	11	1	8	C74H110N6O84S8	2920.600282	14
HS_HexA6_HexN5_Ac1_S9_pNP	6	5	11	1	9	C74H110N6O87S9	2762.185410	0
HS_HexA6_HexN5_Ac1_S9_pNP	6	5	11	1	9	C74H110N6O87S9	2779.211959	1
HS_HexA6_HexN5_Ac1_S9_pNP	6	5	11	1	9	C74H110N6O87S9	2796.238508	2
HS_HexA6_HexN5_Ac1_S9_pNP	6	5	11	1	9	C74H110N6O87S9	2813.265057	3
HS_HexA6_HexN5_Ac1_S9_pNP	6	5	11	1	9	C74H110N6O87S9	2830.291606	4
HS_HexA6_HexN5_Ac1_S9_pNP	6	5	11	1	9	C74H110N6O87S9	2847.318156	5
HS_HexA6_HexN5_Ac1_S9_pNP	6	5	11	1	9	C74H110N6O87S9	2864.344705	6
HS_HexA6_HexN5_Ac1_S9_pNP	6	5	11	1	9	C74H110N6O87S9	2881.371254	7
HS_HexA6_HexN5_Ac1_S9_pNP	6	5	11	1	9	C74H110N6O87S9	2898.397803	8
HS_HexA6_HexN5_Ac1_S9_pNP	6	5	11	1	9	C74H110N6O87S9	2915.424352	9
HS_HexA6_HexN5_Ac1_S9_pNP	6	5	11	1	9	C74H110N6O87S9	2932.450901	10
HS_HexA6_HexN5_Ac1_S9_pNP	6	5	11	1	9	C74H110N6O87S9	2949.477450	11
HS_HexA6_HexN5_Ac1_S9_pNP	6	5	11	1	9	C74H110N6O87S9	2966.503999	12
HS_HexA6_HexN5_Ac1_S9_pNP	6	5	11	1	9	C74H110N6O87S9	2983.530548	13
HS_HexA6_HexN5_Ac1_S9_pNP	6	5	11	1	9	C74H110N6O87S9	3000.557097	14
HS_HexA6_HexN5_Ac1_S9_pNP	6	5	11	1	9	C74H110N6O87S9	3017.583647	15
HS_HexA6_HexN5_Ac1_S10_pNP	6	5	11	1	10	C74H110N6O90S10	2842.142225	0
HS_HexA6_HexN5_Ac1_S10_pNP	6	5	11	1	10	C74H110N6O90S10	2859.168774	1
HS_HexA6_HexN5_Ac1_S10_pNP	6	5	11	1	10	C74H110N6O90S10	2876.195323	2
HS_HexA6_HexN5_Ac1_S10_pNP	6	5	11	1	10	C74H110N6O90S10	2893.221872	3
HS_HexA6_HexN5_Ac1_S10_pNP	6	5	11	1	10	C74H110N6O90S10	2910.248421	4
HS_HexA6_HexN5_Ac1_S10_pNP	6	5	11	1	10	C74H110N6O90S10	2927.274971	5
HS_HexA6_HexN5_Ac1_S10_pNP	6	5	11	1	10	C74H110N6O90S10	2944.301520	6
HS_HexA6_HexN5_Ac1_S10_pNP	6	5	11	1	10	C74H110N6O90S10	2961.328069	7
HS_HexA6_HexN5_Ac1_S10_pNP	6	5	11	1	10	C74H110N6O90S10	2978.354618	8
HS_HexA6_HexN5_Ac1_S10_pNP	6	5	11	1	10	C74H110N6O90S10	2995.381167	9
HS_HexA6_HexN5_Ac1_S10_pNP	6	5	11	1	10	C74H110N6O90S10	3012.407716	10
HS_HexA6_HexN5_Ac1_S10_pNP	6	5	11	1	10	C74H110N6O90S10	3029.434265	11
HS_HexA6_HexN5_Ac1_S10_pNP	6	5	11	1	10	C74H110N6O90S10	3046.460814	12
HS_HexA6_HexN5_Ac1_S10_pNP	6	5	11	1	10	C74H110N6O90S10	3063.487363	13
HS_HexA6_HexN5_Ac1_S10_pNP	6	5	11	1	10	C74H110N6O90S10	3080.513912	14
HS_HexA6_HexN5_Ac1_S10_pNP	6	5	11	1	10	C74H110N6O90S10	3097.540462	15
HS_HexA6_HexN5_Ac1_S10_pNP	6	5	11	1	10	C74H110N6O90S10	3114.567011	16
HS_HexA6_HexN5_Ac1_S11_pNP	6	5	11	1	11	C74H110N6O93S11	2922.099040	0
HS_HexA6_HexN5_Ac1_S11_pNP	6	5	11	1	11	C74H110N6O93S11	2939.125589	1
HS_HexA6_HexN5_Ac1_S11_pNP	6	5	11	1	11	C74H110N6O93S11	2956.152138	2
HS_HexA6_HexN5_Ac1_S11_pNP	6	5	11	1	11	C74H110N6O93S11	2973.178687	3
HS_HexA6_HexN5_Ac1_S11_pNP	6	5	11	1	11	C74H110N6O93S11	2990.205237	4
HS_HexA6_HexN5_Ac1_S11_pNP	6	5	11	1	11	C74H110N6O93S11	3007.231786	5
HS_HexA6_HexN5_Ac1_S11_pNP	6	5	11	1	11	C74H110N6O93S11	3024.258335	6
HS_HexA6_HexN5_Ac1_S11_pNP	6	5	11	1	11	C74H110N6O93S11	3041.284884	7
HS_HexA6_HexN5_Ac1_S11_pNP	6	5	11	1	11	C74H110N6O93S11	3058.311433	8
HS_HexA6_HexN5_Ac1_S11_pNP	6	5	11	1	11	C74H110N6O93S11	3075.337982	9
HS_HexA6_HexN5_Ac1_S11_pNP	6	5	11	1	11	C74H110N6O93S11	3092.364531	10
HS_HexA6_HexN5_Ac1_S11_pNP	6	5	11	1	11	C74H110N6O93S11	3109.391080	11
HS_HexA6_HexN5_Ac1_S11_pNP	6	5	11	1	11	C74H110N6O93S11	3126.417629	12
HS_HexA6_HexN5_Ac1_S11_pNP	6	5	11	1	11	C74H110N6O93S11	3143.444178	13
HS_HexA6_HexN5_Ac1_S11_pNP	6	5	11	1	11	C74H110N6O93S11	3160.470728	14
HS_HexA6_HexN5_Ac1_S11_pNP	6	5	11	1	11	C74H110N6O93S11	3177.497277	15
HS_HexA6_HexN5_Ac1_S11_pNP	6	5	11	1	11	C74H110N6O93S11	3194.523826	16
HS_HexA6_HexN5_Ac1_S11_pNP	6	5	11	1	11	C74H110N6O93S11	3211.550375	17
HS_HexA6_HexN5_Ac1_S12_pNP	6	5	11	1	12	C74H110N6O96S12	3002.055855	0
HS_HexA6_HexN5_Ac1_S12_pNP	6	5	11	1	12	C74H110N6O96S12	3019.082404	1
HS_HexA6_HexN5_Ac1_S12_pNP	6	5	11	1	12	C74H110N6O96S12	3036.108953	2
HS_HexA6_HexN5_Ac1_S12_pNP	6	5	11	1	12	C74H110N6O96S12	3053.135502	3
HS_HexA6_HexN5_Ac1_S12_pNP	6	5	11	1	12	C74H110N6O96S12	3070.162052	4
HS_HexA6_HexN5_Ac1_S12_pNP	6	5	11	1	12	C74H110N6O96S12	3087.188601	5
HS_HexA6_HexN5_Ac1_S12_pNP	6	5	11	1	12	C74H110N6O96S12	3104.215150	6
HS_HexA6_HexN5_Ac1_S12_pNP	6	5	11	1	12	C74H110N6O96S12	3121.241699	7
HS_HexA6_HexN5_Ac1_S12_pNP	6	5	11	1	12	C74H110N6O96S12	3138.268248	8
HS_HexA6_HexN5_Ac1_S12_pNP	6	5	11	1	12	C74H110N6O96S12	3155.294797	9
HS_HexA6_HexN5_Ac1_S12_pNP	6	5	11	1	12	C74H110N6O96S12	3172.321346	10
HS_HexA6_HexN5_Ac1_S12_pNP	6	5	11	1	12	C74H110N6O96S12	3189.347895	11
HS_HexA6_HexN5_Ac1_S12_pNP	6	5	11	1	12	C74H110N6O96S12	3206.374444	12
HS_HexA6_HexN5_Ac1_S12_pNP	6	5	11	1	12	C74H110N6O96S12	3223.400993	13
HS_HexA6_HexN5_Ac1_S12_pNP	6	5	11	1	12	C74H110N6O96S12	3240.427543	14
HS_HexA6_HexN5_Ac1_S12_pNP	6	5	11	1	12	C74H110N6O96S12	3257.454092	15
HS_HexA6_HexN5_Ac1_S12_pNP	6	5	11	1	12	C74H110N6O96S12	3274.480641	16
HS_HexA6_HexN5_Ac1_S12_pNP	6	5	11	1	12	C74H110N6O96S12	3291.507190	17
HS_HexA6_HexN5_Ac1_S12_pNP	6	5	11	1	12	C74H110N6O96S12	3308.533739	18
HS_HexA6_HexN5_Ac1_S13_pNP	6	5	11	1	13	C74H110N6O99S13	3082.012670	0
HS_HexA6_HexN5_Ac1_S13_pNP	6	5	11	1	13	C74H110N6O99S13	3099.039219	1
HS_HexA6_HexN5_Ac1_S13_pNP	6	5	11	1	13	C74H110N6O99S13	3116.065768	2
HS_HexA6_HexN5_Ac1_S13_pNP	6	5	11	1	13	C74H110N6O99S13	3133.092317	3
HS_HexA6_HexN5_Ac1_S13_pNP	6	5	11	1	13	C74H110N6O99S13	3150.118867	4
HS_HexA6_HexN5_Ac1_S13_pNP	6	5	11	1	13	C74H110N6O99S13	3167.145416	5
HS_HexA6_HexN5_Ac1_S13_pNP	6	5	11	1	13	C74H110N6O99S13	3184.171965	6
HS_HexA6_HexN5_Ac1_S13_pNP	6	5	11	1	13	C74H110N6O99S13	3201.198514	7
HS_HexA6_HexN5_Ac1_S13_pNP	6	5	11	1	13	C74H110N6O99S13	3218.225063	8
HS_HexA6_HexN5_Ac1_S13_pNP	6	5	11	1	13	C74H110N6O99S13	3235.251612	9
HS_HexA6_HexN5_Ac1_S13_pNP	6	5	11	1	13	C74H110N6O99S13	3252.278161	10
HS_HexA6_HexN5_Ac1_S13_pNP	6	5	11	1	13	C74H110N6O99S13	3269.304710	11
HS_HexA6_HexN5_Ac1_S13_pNP	6	5	11	1	13	C74H110N6O99S13	3286.331259	12
HS_HexA6_HexN5_Ac1_S13_pNP	6	5	11	1	13	C74H110N6O99S13	3303.357808	13
HS_HexA6_HexN5_Ac1_S13_pNP	6	5	11	1	13	C74H110N6O99S13	3320.384358	14
HS_HexA6_HexN5_Ac1_S13_pNP	6	5	11	1	13	C74H110N6O99S13	3337.410907	15
HS_HexA6_HexN5_Ac1_S13_pNP	6	5	11	1	13	C74H110N6O99S13	3354.437456	16
HS_HexA6_HexN5_Ac1_S13_pNP	6	5	11	1	13	C74H110N6O99S13	3371.464005	17
HS_HexA6_HexN5_Ac1_S13_pNP	6	5	11	1	13	C74H110N6O99S13	3388.490554	18
HS_HexA6_HexN5_Ac1_S13_pNP	6	5	11	1	13	C74H110N6O99S13	3405.517103	19
HS_HexA6_HexN5_Ac1_S14_pNP	6	5	11	1	14	C74H110N6O102S14	3161.969485	0
HS_HexA6_HexN5_Ac1_S14_pNP	6	5	11	1	14	C74H110N6O102S14	3178.996034	1
HS_HexA6_HexN5_Ac1_S14_pNP	6	5	11	1	14	C74H110N6O102S14	3196.022583	2
HS_HexA6_HexN5_Ac1_S14_pNP	6	5	11	1	14	C74H110N6O102S14	3213.049133	3
HS_HexA6_HexN5_Ac1_S14_pNP	6	5	11	1	14	C74H110N6O102S14	3230.075682	4
HS_HexA6_HexN5_Ac1_S14_pNP	6	5	11	1	14	C74H110N6O102S14	3247.102231	5
HS_HexA6_HexN5_Ac1_S14_pNP	6	5	11	1	14	C74H110N6O102S14	3264.128780	6
HS_HexA6_HexN5_Ac1_S14_pNP	6	5	11	1	14	C74H110N6O102S14	3281.155329	7
HS_HexA6_HexN5_Ac1_S14_pNP	6	5	11	1	14	C74H110N6O102S14	3298.181878	8
HS_HexA6_HexN5_Ac1_S14_pNP	6	5	11	1	14	C74H110N6O102S14	3315.208427	9
HS_HexA6_HexN5_Ac1_S14_pNP	6	5	11	1	14	C74H110N6O102S14	3332.234976	10
HS_HexA6_HexN5_Ac1_S14_pNP	6	5	11	1	14	C74H110N6O102S14	3349.261525	11
HS_HexA6_HexN5_Ac1_S14_pNP	6	5	11	1	14	C74H110N6O102S14	3366.288074	12
HS_HexA6_HexN5_Ac1_S14_pNP	6	5	11	1	14	C74H110N6O102S14	3383.314624	13
HS_HexA6_HexN5_Ac1_S14_pNP	6	5	11	1	14	C74H110N6O102S14	3400.341173	14
HS_HexA6_HexN5_Ac1_S14_pNP	6	5	11	1	14	C74H110N6O102S14	3417.367722	15
HS_HexA6_HexN5_Ac1_S14_pNP	6	5	11	1	14	C74H110N6O102S14	3434.394271	16
HS_HexA6_HexN5_Ac1_S14_pNP	6	5	11	1	14	C74H110N6O102S14	3451.420820	17
HS_HexA6_HexN5_Ac1_S14_pNP	6	5	11	1	14	C74H110N6O102S14	3468.447369	18
HS_HexA6_HexN5_Ac1_S14_pNP	6	5	11	1	14	C74H110N6O102S14	3485.473918	19
HS_HexA6_HexN5_Ac1_S14_pNP	6	5	11	1	14	C74H110N6O102S14	3502.500467	20
HS_HexA6_HexN5_Ac1_S15_pNP	6	5	11	1	15	C74H110N6O105S15	3241.926300	0
HS_HexA6_HexN5_Ac1_S15_pNP	6	5	11	1	15	C74H110N6O105S15	3258.952849	1
HS_HexA6_HexN5_Ac1_S15_pNP	6	5	11	1	15	C74H110N6O105S15	3275.979398	2
HS_HexA6_HexN5_Ac1_S15_pNP	6	5	11	1	15	C74H110N6O105S15	3293.005948	3
HS_HexA6_HexN5_Ac1_S15_pNP	6	5	11	1	15	C74H110N6O105S15	3310.032497	4
HS_HexA6_HexN5_Ac1_S15_pNP	6	5	11	1	15	C74H110N6O105S15	3327.059046	5
HS_HexA6_HexN5_Ac1_S15_pNP	6	5	11	1	15	C74H110N6O105S15	3344.085595	6
HS_HexA6_HexN5_Ac1_S15_pNP	6	5	11	1	15	C74H110N6O105S15	3361.112144	7
HS_HexA6_HexN5_Ac1_S15_pNP	6	5	11	1	15	C74H110N6O105S15	3378.138693	8
HS_HexA6_HexN5_Ac1_S15_pNP	6	5	11	1	15	C74H110N6O105S15	3395.165242	9
HS_HexA6_HexN5_Ac1_S15_pNP	6	5	11	1	15	C74H110N6O105S15	3412.191791	10
HS_HexA6_HexN5_Ac1_S15_pNP	6	5	11	1	15	C74H110N6O105S15	3429.218340	11
HS_HexA6_HexN5_Ac1_S15_pNP	6	5	11	1	15	C74H110N6O105S15	3446.244889	12
HS_HexA6_HexN5_Ac1_S15_pNP	6	5	11	1	15	C74H110N6O105S15	3463.271439	13
HS_HexA6_HexN5_Ac1_S15_pNP	6	5	11	1	15	C74H110N6O105S15	3480.297988	14
HS_HexA6_HexN5_Ac1_S15_pNP	6	5	11	1	15	C74H110N6O105S15	3497.324537	15
HS_HexA6_HexN5_Ac1_S15_pNP	6	5	11	1	15	C74H110N6O105S15	3514.351086	16
HS_HexA6_HexN5_Ac1_S15_pNP	6	5	11	1	15	C74H110N6O105S15	3531.377635	17
HS_HexA6_HexN5_Ac1_S15_pNP	6	5	11	1	15	C74H110N6O105S15	3548.404184	18
HS_HexA6_HexN5_Ac1_S15_pNP	6	5	11	1	15	C74H110N6O105S15	3565.430733	19
HS_HexA6_HexN5_Ac1_S15_pNP	6	5	11	1	15	C74H110N6O105S15	3582.457282	20
HS_HexA6_HexN5_Ac1_S15_pNP	6	5	11	1	15	C74H110N6O105S15	3599.483831	21
HS_HexA6_HexN5_Ac2_S0_pNP	6	5	11	2	0	C76H112N6O61	2084.584639	0
HS_HexA6_HexN5_Ac2_S0_pNP	6	5	11	2	0	C76H112N6O61	2101.611189	1
HS_HexA6_HexN5_Ac2_S0_pNP	6	5	11	2	0	C76H112N6O61	2118.637738	2
HS_HexA6_HexN5_Ac2_S0_pNP	6	5	11	2	0	C76H112N6O61	2135.664287	3
HS_HexA6_HexN5_Ac2_S0_pNP	6	5	11	2	0	C76H112N6O61	2152.690836	4
HS_HexA6_HexN5_Ac2_S0_pNP	6	5	11	2	0	C76H112N6O61	2169.717385	5
HS_HexA6_HexN5_Ac2_S0_pNP	6	5	11	2	0	C76H112N6O61	2186.743934	6
HS_HexA6_HexN5_Ac2_S1_pNP	6	5	11	2	1	C76H112N6O64S	2164.541454	0
HS_HexA6_HexN5_Ac2_S1_pNP	6	5	11	2	1	C76H112N6O64S	2181.568004	1
HS_HexA6_HexN5_Ac2_S1_pNP	6	5	11	2	1	C76H112N6O64S	2198.594553	2
HS_HexA6_HexN5_Ac2_S1_pNP	6	5	11	2	1	C76H112N6O64S	2215.621102	3
HS_HexA6_HexN5_Ac2_S1_pNP	6	5	11	2	1	C76H112N6O64S	2232.647651	4
HS_HexA6_HexN5_Ac2_S1_pNP	6	5	11	2	1	C76H112N6O64S	2249.674200	5
HS_HexA6_HexN5_Ac2_S1_pNP	6	5	11	2	1	C76H112N6O64S	2266.700749	6
HS_HexA6_HexN5_Ac2_S1_pNP	6	5	11	2	1	C76H112N6O64S	2283.727298	7
HS_HexA6_HexN5_Ac2_S2_pNP	6	5	11	2	2	C76H112N6O67S2	2244.498269	0
HS_HexA6_HexN5_Ac2_S2_pNP	6	5	11	2	2	C76H112N6O67S2	2261.524819	1
HS_HexA6_HexN5_Ac2_S2_pNP	6	5	11	2	2	C76H112N6O67S2	2278.551368	2
HS_HexA6_HexN5_Ac2_S2_pNP	6	5	11	2	2	C76H112N6O67S2	2295.577917	3
HS_HexA6_HexN5_Ac2_S2_pNP	6	5	11	2	2	C76H112N6O67S2	2312.604466	4
HS_HexA6_HexN5_Ac2_S2_pNP	6	5	11	2	2	C76H112N6O67S2	2329.631015	5
HS_HexA6_HexN5_Ac2_S2_pNP	6	5	11	2	2	C76H112N6O67S2	2346.657564	6
HS_HexA6_HexN5_Ac2_S2_pNP	6	5	11	2	2	C76H112N6O67S2	2363.684113	7
HS_HexA6_HexN5_Ac2_S2_pNP	6	5	11	2	2	C76H112N6O67S2	2380.710662	8
HS_HexA6_HexN5_Ac2_S3_pNP	6	5	11	2	3	C76H112N6O70S3	2324.455085	0
HS_HexA6_HexN5_Ac2_S3_pNP	6	5	11	2	3	C76H112N6O70S3	2341.481634	1
HS_HexA6_HexN5_Ac2_S3_pNP	6	5	11	2	3	C76H112N6O70S3	2358.508183	2
HS_HexA6_HexN5_Ac2_S3_pNP	6	5	11	2	3	C76H112N6O70S3	2375.534732	3
HS_HexA6_HexN5_Ac2_S3_pNP	6	5	11	2	3	C76H112N6O70S3	2392.561281	4
HS_HexA6_HexN5_Ac2_S3_pNP	6	5	11	2	3	C76H112N6O70S3	2409.587830	5
HS_HexA6_HexN5_Ac2_S3_pNP	6	5	11	2	3	C76H112N6O70S3	2426.614379	6
HS_HexA6_HexN5_Ac2_S3_pNP	6	5	11	2	3	C76H112N6O70S3	2443.640928	7
HS_HexA6_HexN5_Ac2_S3_pNP	6	5	11	2	3	C76H112N6O70S3	2460.667477	8
HS_HexA6_HexN5_Ac2_S3_pNP	6	5	11	2	3	C76H112N6O70S3	2477.694026	9
HS_HexA6_HexN5_Ac2_S4_pNP	6	5	11	2	4	C76H112N6O73S4	2404.411900	0
HS_HexA6_HexN5_Ac2_S4_pNP	6	5	11	2	4	C76H112N6O73S4	2421.438449	1
HS_HexA6_HexN5_Ac2_S4_pNP	6	5	11	2	4	C76H112N6O73S4	2438.464998	2
HS_HexA6_HexN5_Ac2_S4_pNP	6	5	11	2	4	C76H112N6O73S4	2455.491547	3
HS_HexA6_HexN5_Ac2_S4_pNP	6	5	11	2	4	C76H112N6O73S4	2472.518096	4
HS_HexA6_HexN5_Ac2_S4_pNP	6	5	11	2	4	C76H112N6O73S4	2489.544645	5
HS_HexA6_HexN5_Ac2_S4_pNP	6	5	11	2	4	C76H112N6O73S4	2506.571194	6
HS_HexA6_HexN5_Ac2_S4_pNP	6	5	11	2	4	C76H112N6O73S4	2523.597743	7
HS_HexA6_HexN5_Ac2_S4_pNP	6	5	11	2	4	C76H112N6O73S4	2540.624292	8
HS_HexA6_HexN5_Ac2_S4_pNP	6	5	11	2	4	C76H112N6O73S4	2557.650841	9
HS_HexA6_HexN5_Ac2_S4_pNP	6	5	11	2	4	C76H112N6O73S4	2574.677391	10
HS_HexA6_HexN5_Ac2_S5_pNP	6	5	11	2	5	C76H112N6O76S5	2484.368715	0
HS_HexA6_HexN5_Ac2_S5_pNP	6	5	11	2	5	C76H112N6O76S5	2501.395264	1
HS_HexA6_HexN5_Ac2_S5_pNP	6	5	11	2	5	C76H112N6O76S5	2518.421813	2
HS_HexA6_HexN5_Ac2_S5_pNP	6	5	11	2	5	C76H112N6O76S5	2535.448362	3
HS_HexA6_HexN5_Ac2_S5_pNP	6	5	11	2	5	C76H112N6O76S5	2552.474911	4
HS_HexA6_HexN5_Ac2_S5_pNP	6	5	11	2	5	C76H112N6O76S5	2569.501460	5
HS_HexA6_HexN5_Ac2_S5_pNP	6	5	11	2	5	C76H112N6O76S5	2586.528009	6
HS_HexA6_HexN5_Ac2_S5_pNP	6	5	11	2	5	C76H112N6O76S5	2603.554558	7
HS_HexA6_HexN5_Ac2_S5_pNP	6	5	11	2	5	C76H112N6O76S5	2620.581107	8
HS_HexA6_HexN5_Ac2_S5_pNP	6	5	11	2	5	C76H112N6O76S5	2637.607657	9
HS_HexA6_HexN5_Ac2_S5_pNP	6	5	11	2	5	C76H112N6O76S5	2654.634206	10
HS_HexA6_HexN5_Ac2_S5_pNP	6	5	11	2	5	C76H112N6O76S5	2671.660755	11
HS_HexA6_HexN5_Ac2_S6_pNP	6	5	11	2	6	C76H112N6O79S6	2564.325530	0
HS_HexA6_HexN5_Ac2_S6_pNP	6	5	11	2	6	C76H112N6O79S6	2581.352079	1
HS_HexA6_HexN5_Ac2_S6_pNP	6	5	11	2	6	C76H112N6O79S6	2598.378628	2
HS_HexA6_HexN5_Ac2_S6_pNP	6	5	11	2	6	C76H112N6O79S6	2615.405177	3
HS_HexA6_HexN5_Ac2_S6_pNP	6	5	11	2	6	C76H112N6O79S6	2632.431726	4
HS_HexA6_HexN5_Ac2_S6_pNP	6	5	11	2	6	C76H112N6O79S6	2649.458275	5
HS_HexA6_HexN5_Ac2_S6_pNP	6	5	11	2	6	C76H112N6O79S6	2666.484824	6
HS_HexA6_HexN5_Ac2_S6_pNP	6	5	11	2	6	C76H112N6O79S6	2683.511373	7
HS_HexA6_HexN5_Ac2_S6_pNP	6	5	11	2	6	C76H112N6O79S6	2700.537922	8
HS_HexA6_HexN5_Ac2_S6_pNP	6	5	11	2	6	C76H112N6O79S6	2717.564472	9
HS_HexA6_HexN5_Ac2_S6_pNP	6	5	11	2	6	C76H112N6O79S6	2734.591021	10
HS_HexA6_HexN5_Ac2_S6_pNP	6	5	11	2	6	C76H112N6O79S6	2751.617570	11
HS_HexA6_HexN5_Ac2_S6_pNP	6	5	11	2	6	C76H112N6O79S6	2768.644119	12
HS_HexA6_HexN5_Ac2_S7_pNP	6	5	11	2	7	C76H112N6O82S7	2644.282345	0
HS_HexA6_HexN5_Ac2_S7_pNP	6	5	11	2	7	C76H112N6O82S7	2661.308894	1
HS_HexA6_HexN5_Ac2_S7_pNP	6	5	11	2	7	C76H112N6O82S7	2678.335443	2
HS_HexA6_HexN5_Ac2_S7_pNP	6	5	11	2	7	C76H112N6O82S7	2695.361992	3
HS_HexA6_HexN5_Ac2_S7_pNP	6	5	11	2	7	C76H112N6O82S7	2712.388541	4
HS_HexA6_HexN5_Ac2_S7_pNP	6	5	11	2	7	C76H112N6O82S7	2729.415090	5
HS_HexA6_HexN5_Ac2_S7_pNP	6	5	11	2	7	C76H112N6O82S7	2746.441639	6
HS_HexA6_HexN5_Ac2_S7_pNP	6	5	11	2	7	C76H112N6O82S7	2763.468188	7
HS_HexA6_HexN5_Ac2_S7_pNP	6	5	11	2	7	C76H112N6O82S7	2780.494737	8
HS_HexA6_HexN5_Ac2_S7_pNP	6	5	11	2	7	C76H112N6O82S7	2797.521287	9
HS_HexA6_HexN5_Ac2_S7_pNP	6	5	11	2	7	C76H112N6O82S7	2814.547836	10
HS_HexA6_HexN5_Ac2_S7_pNP	6	5	11	2	7	C76H112N6O82S7	2831.574385	11
HS_HexA6_HexN5_Ac2_S7_pNP	6	5	11	2	7	C76H112N6O82S7	2848.600934	12
HS_HexA6_HexN5_Ac2_S7_pNP	6	5	11	2	7	C76H112N6O82S7	2865.627483	13
HS_HexA6_HexN5_Ac2_S8_pNP	6	5	11	2	8	C76H112N6O85S8	2724.239160	0
HS_HexA6_HexN5_Ac2_S8_pNP	6	5	11	2	8	C76H112N6O85S8	2741.265709	1
HS_HexA6_HexN5_Ac2_S8_pNP	6	5	11	2	8	C76H112N6O85S8	2758.292258	2
HS_HexA6_HexN5_Ac2_S8_pNP	6	5	11	2	8	C76H112N6O85S8	2775.318807	3
HS_HexA6_HexN5_Ac2_S8_pNP	6	5	11	2	8	C76H112N6O85S8	2792.345356	4
HS_HexA6_HexN5_Ac2_S8_pNP	6	5	11	2	8	C76H112N6O85S8	2809.371905	5
HS_HexA6_HexN5_Ac2_S8_pNP	6	5	11	2	8	C76H112N6O85S8	2826.398454	6
HS_HexA6_HexN5_Ac2_S8_pNP	6	5	11	2	8	C76H112N6O85S8	2843.425003	7
HS_HexA6_HexN5_Ac2_S8_pNP	6	5	11	2	8	C76H112N6O85S8	2860.451553	8
HS_HexA6_HexN5_Ac2_S8_pNP	6	5	11	2	8	C76H112N6O85S8	2877.478102	9
HS_HexA6_HexN5_Ac2_S8_pNP	6	5	11	2	8	C76H112N6O85S8	2894.504651	10
HS_HexA6_HexN5_Ac2_S8_pNP	6	5	11	2	8	C76H112N6O85S8	2911.531200	11
HS_HexA6_HexN5_Ac2_S8_pNP	6	5	11	2	8	C76H112N6O85S8	2928.557749	12
HS_HexA6_HexN5_Ac2_S8_pNP	6	5	11	2	8	C76H112N6O85S8	2945.584298	13
HS_HexA6_HexN5_Ac2_S8_pNP	6	5	11	2	8	C76H112N6O85S8	2962.610847	14
HS_HexA6_HexN5_Ac2_S9_pNP	6	5	11	2	9	C76H112N6O88S9	2804.195975	0
HS_HexA6_HexN5_Ac2_S9_pNP	6	5	11	2	9	C76H112N6O88S9	2821.222524	1
HS_HexA6_HexN5_Ac2_S9_pNP	6	5	11	2	9	C76H112N6O88S9	2838.249073	2
HS_HexA6_HexN5_Ac2_S9_pNP	6	5	11	2	9	C76H112N6O88S9	2855.275622	3
HS_HexA6_HexN5_Ac2_S9_pNP	6	5	11	2	9	C76H112N6O88S9	2872.302171	4
HS_HexA6_HexN5_Ac2_S9_pNP	6	5	11	2	9	C76H112N6O88S9	2889.328720	5
HS_HexA6_HexN5_Ac2_S9_pNP	6	5	11	2	9	C76H112N6O88S9	2906.355269	6
HS_HexA6_HexN5_Ac2_S9_pNP	6	5	11	2	9	C76H112N6O88S9	2923.381818	7
HS_HexA6_HexN5_Ac2_S9_pNP	6	5	11	2	9	C76H112N6O88S9	2940.408368	8
HS_HexA6_HexN5_Ac2_S9_pNP	6	5	11	2	9	C76H112N6O88S9	2957.434917	9
HS_HexA6_HexN5_Ac2_S9_pNP	6	5	11	2	9	C76H112N6O88S9	2974.461466	10
HS_HexA6_HexN5_Ac2_S9_pNP	6	5	11	2	9	C76H112N6O88S9	2991.488015	11
HS_HexA6_HexN5_Ac2_S9_pNP	6	5	11	2	9	C76H112N6O88S9	3008.514564	12
HS_HexA6_HexN5_Ac2_S9_pNP	6	5	11	2	9	C76H112N6O88S9	3025.541113	13
HS_HexA6_HexN5_Ac2_S9_pNP	6	5	11	2	9	C76H112N6O88S9	3042.567662	14
HS_HexA6_HexN5_Ac2_S9_pNP	6	5	11	2	9	C76H112N6O88S9	3059.594211	15
HS_HexA6_HexN5_Ac2_S10_pNP	6	5	11	2	10	C76H112N6O91S10	2884.152790	0
HS_HexA6_HexN5_Ac2_S10_pNP	6	5	11	2	10	C76H112N6O91S10	2901.179339	1
HS_HexA6_HexN5_Ac2_S10_pNP	6	5	11	2	10	C76H112N6O91S10	2918.205888	2
HS_HexA6_HexN5_Ac2_S10_pNP	6	5	11	2	10	C76H112N6O91S10	2935.232437	3
HS_HexA6_HexN5_Ac2_S10_pNP	6	5	11	2	10	C76H112N6O91S10	2952.258986	4
HS_HexA6_HexN5_Ac2_S10_pNP	6	5	11	2	10	C76H112N6O91S10	2969.285535	5
HS_HexA6_HexN5_Ac2_S10_pNP	6	5	11	2	10	C76H112N6O91S10	2986.312084	6
HS_HexA6_HexN5_Ac2_S10_pNP	6	5	11	2	10	C76H112N6O91S10	3003.338633	7
HS_HexA6_HexN5_Ac2_S10_pNP	6	5	11	2	10	C76H112N6O91S10	3020.365183	8
HS_HexA6_HexN5_Ac2_S10_pNP	6	5	11	2	10	C76H112N6O91S10	3037.391732	9
HS_HexA6_HexN5_Ac2_S10_pNP	6	5	11	2	10	C76H112N6O91S10	3054.418281	10
HS_HexA6_HexN5_Ac2_S10_pNP	6	5	11	2	10	C76H112N6O91S10	3071.444830	11
HS_HexA6_HexN5_Ac2_S10_pNP	6	5	11	2	10	C76H112N6O91S10	3088.471379	12
HS_HexA6_HexN5_Ac2_S10_pNP	6	5	11	2	10	C76H112N6O91S10	3105.497928	13
HS_HexA6_HexN5_Ac2_S10_pNP	6	5	11	2	10	C76H112N6O91S10	3122.524477	14
HS_HexA6_HexN5_Ac2_S10_pNP	6	5	11	2	10	C76H112N6O91S10	3139.551026	15
HS_HexA6_HexN5_Ac2_S10_pNP	6	5	11	2	10	C76H112N6O91S10	3156.577575	16
HS_HexA6_HexN5_Ac2_S11_pNP	6	5	11	2	11	C76H112N6O94S11	2964.109605	0
HS_HexA6_HexN5_Ac2_S11_pNP	6	5	11	2	11	C76H112N6O94S11	2981.136154	1
HS_HexA6_HexN5_Ac2_S11_pNP	6	5	11	2	11	C76H112N6O94S11	2998.162703	2
HS_HexA6_HexN5_Ac2_S11_pNP	6	5	11	2	11	C76H112N6O94S11	3015.189252	3
HS_HexA6_HexN5_Ac2_S11_pNP	6	5	11	2	11	C76H112N6O94S11	3032.215801	4
HS_HexA6_HexN5_Ac2_S11_pNP	6	5	11	2	11	C76H112N6O94S11	3049.242350	5
HS_HexA6_HexN5_Ac2_S11_pNP	6	5	11	2	11	C76H112N6O94S11	3066.268899	6
HS_HexA6_HexN5_Ac2_S11_pNP	6	5	11	2	11	C76H112N6O94S11	3083.295449	7
HS_HexA6_HexN5_Ac2_S11_pNP	6	5	11	2	11	C76H112N6O94S11	3100.321998	8
HS_HexA6_HexN5_Ac2_S11_pNP	6	5	11	2	11	C76H112N6O94S11	3117.348547	9
HS_HexA6_HexN5_Ac2_S11_pNP	6	5	11	2	11	C76H112N6O94S11	3134.375096	10
HS_HexA6_HexN5_Ac2_S11_pNP	6	5	11	2	11	C76H112N6O94S11	3151.401645	11
HS_HexA6_HexN5_Ac2_S11_pNP	6	5	11	2	11	C76H112N6O94S11	3168.428194	12
HS_HexA6_HexN5_Ac2_S11_pNP	6	5	11	2	11	C76H112N6O94S11	3185.454743	13
HS_HexA6_HexN5_Ac2_S11_pNP	6	5	11	2	11	C76H112N6O94S11	3202.481292	14
HS_HexA6_HexN5_Ac2_S11_pNP	6	5	11	2	11	C76H112N6O94S11	3219.507841	15
HS_HexA6_HexN5_Ac2_S11_pNP	6	5	11	2	11	C76H112N6O94S11	3236.534390	16
HS_HexA6_HexN5_Ac2_S11_pNP	6	5	11	2	11	C76H112N6O94S11	3253.560940	17
HS_HexA6_HexN5_Ac2_S12_pNP	6	5	11	2	12	C76H112N6O97S12	3044.066420	0
HS_HexA6_HexN5_Ac2_S12_pNP	6	5	11	2	12	C76H112N6O97S12	3061.092969	1
HS_HexA6_HexN5_Ac2_S12_pNP	6	5	11	2	12	C76H112N6O97S12	3078.119518	2
HS_HexA6_HexN5_Ac2_S12_pNP	6	5	11	2	12	C76H112N6O97S12	3095.146067	3
HS_HexA6_HexN5_Ac2_S12_pNP	6	5	11	2	12	C76H112N6O97S12	3112.172616	4
HS_HexA6_HexN5_Ac2_S12_pNP	6	5	11	2	12	C76H112N6O97S12	3129.199165	5
HS_HexA6_HexN5_Ac2_S12_pNP	6	5	11	2	12	C76H112N6O97S12	3146.225714	6
HS_HexA6_HexN5_Ac2_S12_pNP	6	5	11	2	12	C76H112N6O97S12	3163.252264	7
HS_HexA6_HexN5_Ac2_S12_pNP	6	5	11	2	12	C76H112N6O97S12	3180.278813	8
HS_HexA6_HexN5_Ac2_S12_pNP	6	5	11	2	12	C76H112N6O97S12	3197.305362	9
HS_HexA6_HexN5_Ac2_S12_pNP	6	5	11	2	12	C76H112N6O97S12	3214.331911	10
HS_HexA6_HexN5_Ac2_S12_pNP	6	5	11	2	12	C76H112N6O97S12	3231.358460	11
HS_HexA6_HexN5_Ac2_S12_pNP	6	5	11	2	12	C76H112N6O97S12	3248.385009	12
HS_HexA6_HexN5_Ac2_S12_pNP	6	5	11	2	12	C76H112N6O97S12	3265.411558	13
HS_HexA6_HexN5_Ac2_S12_pNP	6	5	11	2	12	C76H112N6O97S12	3282.438107	14
HS_HexA6_HexN5_Ac2_S12_pNP	6	5	11	2	12	C76H112N6O97S12	3299.464656	15
HS_HexA6_HexN5_Ac2_S12_pNP	6	5	11	2	12	C76H112N6O97S12	3316.491205	16
HS_HexA6_HexN5_Ac2_S12_pNP	6	5	11	2	12	C76H112N6O97S12	3333.517755	17
HS_HexA6_HexN5_Ac2_S12_pNP	6	5	11	2	12	C76H112N6O97S12	3350.544304	18
HS_HexA6_HexN5_Ac2_S13_pNP	6	5	11	2	13	C76H112N6O100S13	3124.023235	0
HS_HexA6_HexN5_Ac2_S13_pNP	6	5	11	2	13	C76H112N6O100S13	3141.049784	1
HS_HexA6_HexN5_Ac2_S13_pNP	6	5	11	2	13	C76H112N6O100S13	3158.076333	2
HS_HexA6_HexN5_Ac2_S13_pNP	6	5	11	2	13	C76H112N6O100S13	3175.102882	3
HS_HexA6_HexN5_Ac2_S13_pNP	6	5	11	2	13	C76H112N6O100S13	3192.129431	4
HS_HexA6_HexN5_Ac2_S13_pNP	6	5	11	2	13	C76H112N6O100S13	3209.155980	5
HS_HexA6_HexN5_Ac2_S13_pNP	6	5	11	2	13	C76H112N6O100S13	3226.182529	6
HS_HexA6_HexN5_Ac2_S13_pNP	6	5	11	2	13	C76H112N6O100S13	3243.209079	7
HS_HexA6_HexN5_Ac2_S13_pNP	6	5	11	2	13	C76H112N6O100S13	3260.235628	8
HS_HexA6_HexN5_Ac2_S13_pNP	6	5	11	2	13	C76H112N6O100S13	3277.262177	9
HS_HexA6_HexN5_Ac2_S13_pNP	6	5	11	2	13	C76H112N6O100S13	3294.288726	10
HS_HexA6_HexN5_Ac2_S13_pNP	6	5	11	2	13	C76H112N6O100S13	3311.315275	11
HS_HexA6_HexN5_Ac2_S13_pNP	6	5	11	2	13	C76H112N6O100S13	3328.341824	12
HS_HexA6_HexN5_Ac2_S13_pNP	6	5	11	2	13	C76H112N6O100S13	3345.368373	13
HS_HexA6_HexN5_Ac2_S13_pNP	6	5	11	2	13	C76H112N6O100S13	3362.394922	14
HS_HexA6_HexN5_Ac2_S13_pNP	6	5	11	2	13	C76H112N6O100S13	3379.421471	15
HS_HexA6_HexN5_Ac2_S13_pNP	6	5	11	2	13	C76H112N6O100S13	3396.448020	16
HS_HexA6_HexN5_Ac2_S13_pNP	6	5	11	2	13	C76H112N6O100S13	3413.474570	17
HS_HexA6_HexN5_Ac2_S13_pNP	6	5	11	2	13	C76H112N6O100S13	3430.501119	18
HS_HexA6_HexN5_Ac2_S13_pNP	6	5	11	2	13	C76H112N6O100S13	3447.527668	19
HS_HexA6_HexN5_Ac2_S14_pNP	6	5	11	2	14	C76H112N6O103S14	3203.980050	0
HS_HexA6_HexN5_Ac2_S14_pNP	6	5	11	2	14	C76H112N6O103S14	3221.006599	1
HS_HexA6_HexN5_Ac2_S14_pNP	6	5	11	2	14	C76H112N6O103S14	3238.033148	2
HS_HexA6_HexN5_Ac2_S14_pNP	6	5	11	2	14	C76H112N6O103S14	3255.059697	3
HS_HexA6_HexN5_Ac2_S14_pNP	6	5	11	2	14	C76H112N6O103S14	3272.086246	4
HS_HexA6_HexN5_Ac2_S14_pNP	6	5	11	2	14	C76H112N6O103S14	3289.112795	5
HS_HexA6_HexN5_Ac2_S14_pNP	6	5	11	2	14	C76H112N6O103S14	3306.139345	6
HS_HexA6_HexN5_Ac2_S14_pNP	6	5	11	2	14	C76H112N6O103S14	3323.165894	7
HS_HexA6_HexN5_Ac2_S14_pNP	6	5	11	2	14	C76H112N6O103S14	3340.192443	8
HS_HexA6_HexN5_Ac2_S14_pNP	6	5	11	2	14	C76H112N6O103S14	3357.218992	9
HS_HexA6_HexN5_Ac2_S14_pNP	6	5	11	2	14	C76H112N6O103S14	3374.245541	10
HS_HexA6_HexN5_Ac2_S14_pNP	6	5	11	2	14	C76H112N6O103S14	3391.272090	11
HS_HexA6_HexN5_Ac2_S14_pNP	6	5	11	2	14	C76H112N6O103S14	3408.298639	12
HS_HexA6_HexN5_Ac2_S14_pNP	6	5	11	2	14	C76H112N6O103S14	3425.325188	13
HS_HexA6_HexN5_Ac2_S14_pNP	6	5	11	2	14	C76H112N6O103S14	3442.351737	14
HS_HexA6_HexN5_Ac2_S14_pNP	6	5	11	2	14	C76H112N6O103S14	3459.378286	15
HS_HexA6_HexN5_Ac2_S14_pNP	6	5	11	2	14	C76H112N6O103S14	3476.404836	16
HS_HexA6_HexN5_Ac2_S14_pNP	6	5	11	2	14	C76H112N6O103S14	3493.431385	17
HS_HexA6_HexN5_Ac2_S14_pNP	6	5	11	2	14	C76H112N6O103S14	3510.457934	18
HS_HexA6_HexN5_Ac2_S14_pNP	6	5	11	2	14	C76H112N6O103S14	3527.484483	19
HS_HexA6_HexN5_Ac2_S14_pNP	6	5	11	2	14	C76H112N6O103S14	3544.511032	20
HS_HexA6_HexN5_Ac2_S15_pNP	6	5	11	2	15	C76H112N6O106S15	3283.936865	0
HS_HexA6_HexN5_Ac2_S15_pNP	6	5	11	2	15	C76H112N6O106S15	3300.963414	1
HS_HexA6_HexN5_Ac2_S15_pNP	6	5	11	2	15	C76H112N6O106S15	3317.989963	2
HS_HexA6_HexN5_Ac2_S15_pNP	6	5	11	2	15	C76H112N6O106S15	3335.016512	3
HS_HexA6_HexN5_Ac2_S15_pNP	6	5	11	2	15	C76H112N6O106S15	3352.043061	4
HS_HexA6_HexN5_Ac2_S15_pNP	6	5	11	2	15	C76H112N6O106S15	3369.069610	5
HS_HexA6_HexN5_Ac2_S15_pNP	6	5	11	2	15	C76H112N6O106S15	3386.096160	6
HS_HexA6_HexN5_Ac2_S15_pNP	6	5	11	2	15	C76H112N6O106S15	3403.122709	7
HS_HexA6_HexN5_Ac2_S15_pNP	6	5	11	2	15	C76H112N6O106S15	3420.149258	8
HS_HexA6_HexN5_Ac2_S15_pNP	6	5	11	2	15	C76H112N6O106S15	3437.175807	9
HS_HexA6_HexN5_Ac2_S15_pNP	6	5	11	2	15	C76H112N6O106S15	3454.202356	10
HS_HexA6_HexN5_Ac2_S15_pNP	6	5	11	2	15	C76H112N6O106S15	3471.228905	11
HS_HexA6_HexN5_Ac2_S15_pNP	6	5	11	2	15	C76H112N6O106S15	3488.255454	12
HS_HexA6_HexN5_Ac2_S15_pNP	6	5	11	2	15	C76H112N6O106S15	3505.282003	13
HS_HexA6_HexN5_Ac2_S15_pNP	6	5	11	2	15	C76H112N6O106S15	3522.308552	14
HS_HexA6_HexN5_Ac2_S15_pNP	6	5	11	2	15	C76H112N6O106S15	3539.335101	15
HS_HexA6_HexN5_Ac2_S15_pNP	6	5	11	2	15	C76H112N6O106S15	3556.361651	16
HS_HexA6_HexN5_Ac2_S15_pNP	6	5	11	2	15	C76H112N6O106S15	3573.388200	17
HS_HexA6_HexN5_Ac2_S15_pNP	6	5	11	2	15	C76H112N6O106S15	3590.414749	18
HS_HexA6_HexN5_Ac2_S15_pNP	6	5	11	2	15	C76H112N6O106S15	3607.441298	19
HS_HexA6_HexN5_Ac2_S15_pNP	6	5	11	2	15	C76H112N6O106S15	3624.467847	20
HS_HexA6_HexN5_Ac2_S15_pNP	6	5	11	2	15	C76H112N6O106S15	3641.494396	21
HS_HexA6_HexN5_Ac3_S0_pNP	6	5	11	3	0	C78H114N6O62	2126.595204	0
HS_HexA6_HexN5_Ac3_S0_pNP	6	5	11	3	0	C78H114N6O62	2143.621753	1
HS_HexA6_HexN5_Ac3_S0_pNP	6	5	11	3	0	C78H114N6O62	2160.648302	2
HS_HexA6_HexN5_Ac3_S0_pNP	6	5	11	3	0	C78H114N6O62	2177.674851	3
HS_HexA6_HexN5_Ac3_S0_pNP	6	5	11	3	0	C78H114N6O62	2194.701401	4
HS_HexA6_HexN5_Ac3_S0_pNP	6	5	11	3	0	C78H114N6O62	2211.727950	5
HS_HexA6_HexN5_Ac3_S0_pNP	6	5	11	3	0	C78H114N6O62	2228.754499	6
HS_HexA6_HexN5_Ac3_S1_pNP	6	5	11	3	1	C78H114N6O65S	2206.552019	0
HS_HexA6_HexN5_Ac3_S1_pNP	6	5	11	3	1	C78H114N6O65S	2223.578568	1
HS_HexA6_HexN5_Ac3_S1_pNP	6	5	11	3	1	C78H114N6O65S	2240.605117	2
HS_HexA6_HexN5_Ac3_S1_pNP	6	5	11	3	1	C78H114N6O65S	2257.631666	3
HS_HexA6_HexN5_Ac3_S1_pNP	6	5	11	3	1	C78H114N6O65S	2274.658216	4
HS_HexA6_HexN5_Ac3_S1_pNP	6	5	11	3	1	C78H114N6O65S	2291.684765	5
HS_HexA6_HexN5_Ac3_S1_pNP	6	5	11	3	1	C78H114N6O65S	2308.711314	6
HS_HexA6_HexN5_Ac3_S1_pNP	6	5	11	3	1	C78H114N6O65S	2325.737863	7
HS_HexA6_HexN5_Ac3_S2_pNP	6	5	11	3	2	C78H114N6O68S2	2286.508834	0
HS_HexA6_HexN5_Ac3_S2_pNP	6	5	11	3	2	C78H114N6O68S2	2303.535383	1
HS_HexA6_HexN5_Ac3_S2_pNP	6	5	11	3	2	C78H114N6O68S2	2320.561932	2
HS_HexA6_HexN5_Ac3_S2_pNP	6	5	11	3	2	C78H114N6O68S2	2337.588481	3
HS_HexA6_HexN5_Ac3_S2_pNP	6	5	11	3	2	C78H114N6O68S2	2354.615031	4
HS_HexA6_HexN5_Ac3_S2_pNP	6	5	11	3	2	C78H114N6O68S2	2371.641580	5
HS_HexA6_HexN5_Ac3_S2_pNP	6	5	11	3	2	C78H114N6O68S2	2388.668129	6
HS_HexA6_HexN5_Ac3_S2_pNP	6	5	11	3	2	C78H114N6O68S2	2405.694678	7
HS_HexA6_HexN5_Ac3_S2_pNP	6	5	11	3	2	C78H114N6O68S2	2422.721227	8
HS_HexA6_HexN5_Ac3_S3_pNP	6	5	11	3	3	C78H114N6O71S3	2366.465649	0
HS_HexA6_HexN5_Ac3_S3_pNP	6	5	11	3	3	C78H114N6O71S3	2383.492198	1
HS_HexA6_HexN5_Ac3_S3_pNP	6	5	11	3	3	C78H114N6O71S3	2400.518747	2
HS_HexA6_HexN5_Ac3_S3_pNP	6	5	11	3	3	C78H114N6O71S3	2417.545297	3
HS_HexA6_HexN5_Ac3_S3_pNP	6	5	11	3	3	C78H114N6O71S3	2434.571846	4
HS_HexA6_HexN5_Ac3_S3_pNP	6	5	11	3	3	C78H114N6O71S3	2451.598395	5
HS_HexA6_HexN5_Ac3_S3_pNP	6	5	11	3	3	C78H114N6O71S3	2468.624944	6
HS_HexA6_HexN5_Ac3_S3_pNP	6	5	11	3	3	C78H114N6O71S3	2485.651493	7
HS_HexA6_HexN5_Ac3_S3_pNP	6	5	11	3	3	C78H114N6O71S3	2502.678042	8
HS_HexA6_HexN5_Ac3_S3_pNP	6	5	11	3	3	C78H114N6O71S3	2519.704591	9
HS_HexA6_HexN5_Ac3_S4_pNP	6	5	11	3	4	C78H114N6O74S4	2446.422464	0
HS_HexA6_HexN5_Ac3_S4_pNP	6	5	11	3	4	C78H114N6O74S4	2463.449013	1
HS_HexA6_HexN5_Ac3_S4_pNP	6	5	11	3	4	C78H114N6O74S4	2480.475562	2
HS_HexA6_HexN5_Ac3_S4_pNP	6	5	11	3	4	C78H114N6O74S4	2497.502112	3
HS_HexA6_HexN5_Ac3_S4_pNP	6	5	11	3	4	C78H114N6O74S4	2514.528661	4
HS_HexA6_HexN5_Ac3_S4_pNP	6	5	11	3	4	C78H114N6O74S4	2531.555210	5
HS_HexA6_HexN5_Ac3_S4_pNP	6	5	11	3	4	C78H114N6O74S4	2548.581759	6
HS_HexA6_HexN5_Ac3_S4_pNP	6	5	11	3	4	C78H114N6O74S4	2565.608308	7
HS_HexA6_HexN5_Ac3_S4_pNP	6	5	11	3	4	C78H114N6O74S4	2582.634857	8
HS_HexA6_HexN5_Ac3_S4_pNP	6	5	11	3	4	C78H114N6O74S4	2599.661406	9
HS_HexA6_HexN5_Ac3_S4_pNP	6	5	11	3	4	C78H114N6O74S4	2616.687955	10
HS_HexA6_HexN5_Ac3_S5_pNP	6	5	11	3	5	C78H114N6O77S5	2526.379279	0
HS_HexA6_HexN5_Ac3_S5_pNP	6	5	11	3	5	C78H114N6O77S5	2543.405828	1
HS_HexA6_HexN5_Ac3_S5_pNP	6	5	11	3	5	C78H114N6O77S5	2560.432377	2
HS_HexA6_HexN5_Ac3_S5_pNP	6	5	11	3	5	C78H114N6O77S5	2577.458927	3
HS_HexA6_HexN5_Ac3_S5_pNP	6	5	11	3	5	C78H114N6O77S5	2594.485476	4
HS_HexA6_HexN5_Ac3_S5_pNP	6	5	11	3	5	C78H114N6O77S5	2611.512025	5
HS_HexA6_HexN5_Ac3_S5_pNP	6	5	11	3	5	C78H114N6O77S5	2628.538574	6
HS_HexA6_HexN5_Ac3_S5_pNP	6	5	11	3	5	C78H114N6O77S5	2645.565123	7
HS_HexA6_HexN5_Ac3_S5_pNP	6	5	11	3	5	C78H114N6O77S5	2662.591672	8
HS_HexA6_HexN5_Ac3_S5_pNP	6	5	11	3	5	C78H114N6O77S5	2679.618221	9
HS_HexA6_HexN5_Ac3_S5_pNP	6	5	11	3	5	C78H114N6O77S5	2696.644770	10
HS_HexA6_HexN5_Ac3_S5_pNP	6	5	11	3	5	C78H114N6O77S5	2713.671319	11
HS_HexA6_HexN5_Ac3_S6_pNP	6	5	11	3	6	C78H114N6O80S6	2606.336094	0
HS_HexA6_HexN5_Ac3_S6_pNP	6	5	11	3	6	C78H114N6O80S6	2623.362643	1
HS_HexA6_HexN5_Ac3_S6_pNP	6	5	11	3	6	C78H114N6O80S6	2640.389193	2
HS_HexA6_HexN5_Ac3_S6_pNP	6	5	11	3	6	C78H114N6O80S6	2657.415742	3
HS_HexA6_HexN5_Ac3_S6_pNP	6	5	11	3	6	C78H114N6O80S6	2674.442291	4
HS_HexA6_HexN5_Ac3_S6_pNP	6	5	11	3	6	C78H114N6O80S6	2691.468840	5
HS_HexA6_HexN5_Ac3_S6_pNP	6	5	11	3	6	C78H114N6O80S6	2708.495389	6
HS_HexA6_HexN5_Ac3_S6_pNP	6	5	11	3	6	C78H114N6O80S6	2725.521938	7
HS_HexA6_HexN5_Ac3_S6_pNP	6	5	11	3	6	C78H114N6O80S6	2742.548487	8
HS_HexA6_HexN5_Ac3_S6_pNP	6	5	11	3	6	C78H114N6O80S6	2759.575036	9
HS_HexA6_HexN5_Ac3_S6_pNP	6	5	11	3	6	C78H114N6O80S6	2776.601585	10
HS_HexA6_HexN5_Ac3_S6_pNP	6	5	11	3	6	C78H114N6O80S6	2793.628134	11
HS_HexA6_HexN5_Ac3_S6_pNP	6	5	11	3	6	C78H114N6O80S6	2810.654684	12
HS_HexA6_HexN5_Ac3_S7_pNP	6	5	11	3	7	C78H114N6O83S7	2686.292909	0
HS_HexA6_HexN5_Ac3_S7_pNP	6	5	11	3	7	C78H114N6O83S7	2703.319458	1
HS_HexA6_HexN5_Ac3_S7_pNP	6	5	11	3	7	C78H114N6O83S7	2720.346008	2
HS_HexA6_HexN5_Ac3_S7_pNP	6	5	11	3	7	C78H114N6O83S7	2737.372557	3
HS_HexA6_HexN5_Ac3_S7_pNP	6	5	11	3	7	C78H114N6O83S7	2754.399106	4
HS_HexA6_HexN5_Ac3_S7_pNP	6	5	11	3	7	C78H114N6O83S7	2771.425655	5
HS_HexA6_HexN5_Ac3_S7_pNP	6	5	11	3	7	C78H114N6O83S7	2788.452204	6
HS_HexA6_HexN5_Ac3_S7_pNP	6	5	11	3	7	C78H114N6O83S7	2805.478753	7
HS_HexA6_HexN5_Ac3_S7_pNP	6	5	11	3	7	C78H114N6O83S7	2822.505302	8
HS_HexA6_HexN5_Ac3_S7_pNP	6	5	11	3	7	C78H114N6O83S7	2839.531851	9
HS_HexA6_HexN5_Ac3_S7_pNP	6	5	11	3	7	C78H114N6O83S7	2856.558400	10
HS_HexA6_HexN5_Ac3_S7_pNP	6	5	11	3	7	C78H114N6O83S7	2873.584949	11
HS_HexA6_HexN5_Ac3_S7_pNP	6	5	11	3	7	C78H114N6O83S7	2890.611499	12
HS_HexA6_HexN5_Ac3_S7_pNP	6	5	11	3	7	C78H114N6O83S7	2907.638048	13
HS_HexA6_HexN5_Ac3_S8_pNP	6	5	11	3	8	C78H114N6O86S8	2766.249724	0
HS_HexA6_HexN5_Ac3_S8_pNP	6	5	11	3	8	C78H114N6O86S8	2783.276273	1
HS_HexA6_HexN5_Ac3_S8_pNP	6	5	11	3	8	C78H114N6O86S8	2800.302823	2
HS_HexA6_HexN5_Ac3_S8_pNP	6	5	11	3	8	C78H114N6O86S8	2817.329372	3
HS_HexA6_HexN5_Ac3_S8_pNP	6	5	11	3	8	C78H114N6O86S8	2834.355921	4
HS_HexA6_HexN5_Ac3_S8_pNP	6	5	11	3	8	C78H114N6O86S8	2851.382470	5
HS_HexA6_HexN5_Ac3_S8_pNP	6	5	11	3	8	C78H114N6O86S8	2868.409019	6
HS_HexA6_HexN5_Ac3_S8_pNP	6	5	11	3	8	C78H114N6O86S8	2885.435568	7
HS_HexA6_HexN5_Ac3_S8_pNP	6	5	11	3	8	C78H114N6O86S8	2902.462117	8
HS_HexA6_HexN5_Ac3_S8_pNP	6	5	11	3	8	C78H114N6O86S8	2919.488666	9
HS_HexA6_HexN5_Ac3_S8_pNP	6	5	11	3	8	C78H114N6O86S8	2936.515215	10
HS_HexA6_HexN5_Ac3_S8_pNP	6	5	11	3	8	C78H114N6O86S8	2953.541764	11
HS_HexA6_HexN5_Ac3_S8_pNP	6	5	11	3	8	C78H114N6O86S8	2970.568314	12
HS_HexA6_HexN5_Ac3_S8_pNP	6	5	11	3	8	C78H114N6O86S8	2987.594863	13
HS_HexA6_HexN5_Ac3_S8_pNP	6	5	11	3	8	C78H114N6O86S8	3004.621412	14
HS_HexA6_HexN5_Ac3_S9_pNP	6	5	11	3	9	C78H114N6O89S9	2846.206539	0
HS_HexA6_HexN5_Ac3_S9_pNP	6	5	11	3	9	C78H114N6O89S9	2863.233089	1
HS_HexA6_HexN5_Ac3_S9_pNP	6	5	11	3	9	C78H114N6O89S9	2880.259638	2
HS_HexA6_HexN5_Ac3_S9_pNP	6	5	11	3	9	C78H114N6O89S9	2897.286187	3
HS_HexA6_HexN5_Ac3_S9_pNP	6	5	11	3	9	C78H114N6O89S9	2914.312736	4
HS_HexA6_HexN5_Ac3_S9_pNP	6	5	11	3	9	C78H114N6O89S9	2931.339285	5
HS_HexA6_HexN5_Ac3_S9_pNP	6	5	11	3	9	C78H114N6O89S9	2948.365834	6
HS_HexA6_HexN5_Ac3_S9_pNP	6	5	11	3	9	C78H114N6O89S9	2965.392383	7
HS_HexA6_HexN5_Ac3_S9_pNP	6	5	11	3	9	C78H114N6O89S9	2982.418932	8
HS_HexA6_HexN5_Ac3_S9_pNP	6	5	11	3	9	C78H114N6O89S9	2999.445481	9
HS_HexA6_HexN5_Ac3_S9_pNP	6	5	11	3	9	C78H114N6O89S9	3016.472030	10
HS_HexA6_HexN5_Ac3_S9_pNP	6	5	11	3	9	C78H114N6O89S9	3033.498580	11
HS_HexA6_HexN5_Ac3_S9_pNP	6	5	11	3	9	C78H114N6O89S9	3050.525129	12
HS_HexA6_HexN5_Ac3_S9_pNP	6	5	11	3	9	C78H114N6O89S9	3067.551678	13
HS_HexA6_HexN5_Ac3_S9_pNP	6	5	11	3	9	C78H114N6O89S9	3084.578227	14
HS_HexA6_HexN5_Ac3_S9_pNP	6	5	11	3	9	C78H114N6O89S9	3101.604776	15
HS_HexA6_HexN5_Ac3_S10_pNP	6	5	11	3	10	C78H114N6O92S10	2926.163354	0
HS_HexA6_HexN5_Ac3_S10_pNP	6	5	11	3	10	C78H114N6O92S10	2943.189904	1
HS_HexA6_HexN5_Ac3_S10_pNP	6	5	11	3	10	C78H114N6O92S10	2960.216453	2
HS_HexA6_HexN5_Ac3_S10_pNP	6	5	11	3	10	C78H114N6O92S10	2977.243002	3
HS_HexA6_HexN5_Ac3_S10_pNP	6	5	11	3	10	C78H114N6O92S10	2994.269551	4
HS_HexA6_HexN5_Ac3_S10_pNP	6	5	11	3	10	C78H114N6O92S10	3011.296100	5
HS_HexA6_HexN5_Ac3_S10_pNP	6	5	11	3	10	C78H114N6O92S10	3028.322649	6
HS_HexA6_HexN5_Ac3_S10_pNP	6	5	11	3	10	C78H114N6O92S10	3045.349198	7
HS_HexA6_HexN5_Ac3_S10_pNP	6	5	11	3	10	C78H114N6O92S10	3062.375747	8
HS_HexA6_HexN5_Ac3_S10_pNP	6	5	11	3	10	C78H114N6O92S10	3079.402296	9
HS_HexA6_HexN5_Ac3_S10_pNP	6	5	11	3	10	C78H114N6O92S10	3096.428845	10
HS_HexA6_HexN5_Ac3_S10_pNP	6	5	11	3	10	C78H114N6O92S10	3113.455395	11
HS_HexA6_HexN5_Ac3_S10_pNP	6	5	11	3	10	C78H114N6O92S10	3130.481944	12
HS_HexA6_HexN5_Ac3_S10_pNP	6	5	11	3	10	C78H114N6O92S10	3147.508493	13
HS_HexA6_HexN5_Ac3_S10_pNP	6	5	11	3	10	C78H114N6O92S10	3164.535042	14
HS_HexA6_HexN5_Ac3_S10_pNP	6	5	11	3	10	C78H114N6O92S10	3181.561591	15
HS_HexA6_HexN5_Ac3_S10_pNP	6	5	11	3	10	C78H114N6O92S10	3198.588140	16
HS_HexA6_HexN5_Ac3_S11_pNP	6	5	11	3	11	C78H114N6O95S11	3006.120169	0
HS_HexA6_HexN5_Ac3_S11_pNP	6	5	11	3	11	C78H114N6O95S11	3023.146719	1
HS_HexA6_HexN5_Ac3_S11_pNP	6	5	11	3	11	C78H114N6O95S11	3040.173268	2
HS_HexA6_HexN5_Ac3_S11_pNP	6	5	11	3	11	C78H114N6O95S11	3057.199817	3
HS_HexA6_HexN5_Ac3_S11_pNP	6	5	11	3	11	C78H114N6O95S11	3074.226366	4
HS_HexA6_HexN5_Ac3_S11_pNP	6	5	11	3	11	C78H114N6O95S11	3091.252915	5
HS_HexA6_HexN5_Ac3_S11_pNP	6	5	11	3	11	C78H114N6O95S11	3108.279464	6
HS_HexA6_HexN5_Ac3_S11_pNP	6	5	11	3	11	C78H114N6O95S11	3125.306013	7
HS_HexA6_HexN5_Ac3_S11_pNP	6	5	11	3	11	C78H114N6O95S11	3142.332562	8
HS_HexA6_HexN5_Ac3_S11_pNP	6	5	11	3	11	C78H114N6O95S11	3159.359111	9
HS_HexA6_HexN5_Ac3_S11_pNP	6	5	11	3	11	C78H114N6O95S11	3176.385660	10
HS_HexA6_HexN5_Ac3_S11_pNP	6	5	11	3	11	C78H114N6O95S11	3193.412210	11
HS_HexA6_HexN5_Ac3_S11_pNP	6	5	11	3	11	C78H114N6O95S11	3210.438759	12
HS_HexA6_HexN5_Ac3_S11_pNP	6	5	11	3	11	C78H114N6O95S11	3227.465308	13
HS_HexA6_HexN5_Ac3_S11_pNP	6	5	11	3	11	C78H114N6O95S11	3244.491857	14
HS_HexA6_HexN5_Ac3_S11_pNP	6	5	11	3	11	C78H114N6O95S11	3261.518406	15
HS_HexA6_HexN5_Ac3_S11_pNP	6	5	11	3	11	C78H114N6O95S11	3278.544955	16
HS_HexA6_HexN5_Ac3_S11_pNP	6	5	11	3	11	C78H114N6O95S11	3295.571504	17
HS_HexA6_HexN5_Ac3_S12_pNP	6	5	11	3	12	C78H114N6O98S12	3086.076985	0
HS_HexA6_HexN5_Ac3_S12_pNP	6	5	11	3	12	C78H114N6O98S12	3103.103534	1
HS_HexA6_HexN5_Ac3_S12_pNP	6	5	11	3	12	C78H114N6O98S12	3120.130083	2
HS_HexA6_HexN5_Ac3_S12_pNP	6	5	11	3	12	C78H114N6O98S12	3137.156632	3
HS_HexA6_HexN5_Ac3_S12_pNP	6	5	11	3	12	C78H114N6O98S12	3154.183181	4
HS_HexA6_HexN5_Ac3_S12_pNP	6	5	11	3	12	C78H114N6O98S12	3171.209730	5
HS_HexA6_HexN5_Ac3_S12_pNP	6	5	11	3	12	C78H114N6O98S12	3188.236279	6
HS_HexA6_HexN5_Ac3_S12_pNP	6	5	11	3	12	C78H114N6O98S12	3205.262828	7
HS_HexA6_HexN5_Ac3_S12_pNP	6	5	11	3	12	C78H114N6O98S12	3222.289377	8
HS_HexA6_HexN5_Ac3_S12_pNP	6	5	11	3	12	C78H114N6O98S12	3239.315926	9
HS_HexA6_HexN5_Ac3_S12_pNP	6	5	11	3	12	C78H114N6O98S12	3256.342476	10
HS_HexA6_HexN5_Ac3_S12_pNP	6	5	11	3	12	C78H114N6O98S12	3273.369025	11
HS_HexA6_HexN5_Ac3_S12_pNP	6	5	11	3	12	C78H114N6O98S12	3290.395574	12
HS_HexA6_HexN5_Ac3_S12_pNP	6	5	11	3	12	C78H114N6O98S12	3307.422123	13
HS_HexA6_HexN5_Ac3_S12_pNP	6	5	11	3	12	C78H114N6O98S12	3324.448672	14
HS_HexA6_HexN5_Ac3_S12_pNP	6	5	11	3	12	C78H114N6O98S12	3341.475221	15
HS_HexA6_HexN5_Ac3_S12_pNP	6	5	11	3	12	C78H114N6O98S12	3358.501770	16
HS_HexA6_HexN5_Ac3_S12_pNP	6	5	11	3	12	C78H114N6O98S12	3375.528319	17
HS_HexA6_HexN5_Ac3_S12_pNP	6	5	11	3	12	C78H114N6O98S12	3392.554868	18
HS_HexA6_HexN5_Ac3_S13_pNP	6	5	11	3	13	C78H114N6O101S13	3166.033800	0
HS_HexA6_HexN5_Ac3_S13_pNP	6	5	11	3	13	C78H114N6O101S13	3183.060349	1
HS_HexA6_HexN5_Ac3_S13_pNP	6	5	11	3	13	C78H114N6O101S13	3200.086898	2
HS_HexA6_HexN5_Ac3_S13_pNP	6	5	11	3	13	C78H114N6O101S13	3217.113447	3
HS_HexA6_HexN5_Ac3_S13_pNP	6	5	11	3	13	C78H114N6O101S13	3234.139996	4
HS_HexA6_HexN5_Ac3_S13_pNP	6	5	11	3	13	C78H114N6O101S13	3251.166545	5
HS_HexA6_HexN5_Ac3_S13_pNP	6	5	11	3	13	C78H114N6O101S13	3268.193094	6
HS_HexA6_HexN5_Ac3_S13_pNP	6	5	11	3	13	C78H114N6O101S13	3285.219643	7
HS_HexA6_HexN5_Ac3_S13_pNP	6	5	11	3	13	C78H114N6O101S13	3302.246192	8
HS_HexA6_HexN5_Ac3_S13_pNP	6	5	11	3	13	C78H114N6O101S13	3319.272741	9
HS_HexA6_HexN5_Ac3_S13_pNP	6	5	11	3	13	C78H114N6O101S13	3336.299291	10
HS_HexA6_HexN5_Ac3_S13_pNP	6	5	11	3	13	C78H114N6O101S13	3353.325840	11
HS_HexA6_HexN5_Ac3_S13_pNP	6	5	11	3	13	C78H114N6O101S13	3370.352389	12
HS_HexA6_HexN5_Ac3_S13_pNP	6	5	11	3	13	C78H114N6O101S13	3387.378938	13
HS_HexA6_HexN5_Ac3_S13_pNP	6	5	11	3	13	C78H114N6O101S13	3404.405487	14
HS_HexA6_HexN5_Ac3_S13_pNP	6	5	11	3	13	C78H114N6O101S13	3421.432036	15
HS_HexA6_HexN5_Ac3_S13_pNP	6	5	11	3	13	C78H114N6O101S13	3438.458585	16
HS_HexA6_HexN5_Ac3_S13_pNP	6	5	11	3	13	C78H114N6O101S13	3455.485134	17
HS_HexA6_HexN5_Ac3_S13_pNP	6	5	11	3	13	C78H114N6O101S13	3472.511683	18
HS_HexA6_HexN5_Ac3_S13_pNP	6	5	11	3	13	C78H114N6O101S13	3489.538232	19
HS_HexA6_HexN5_Ac3_S14_pNP	6	5	11	3	14	C78H114N6O104S14	3245.990615	0
HS_HexA6_HexN5_Ac3_S14_pNP	6	5	11	3	14	C78H114N6O104S14	3263.017164	1
HS_HexA6_HexN5_Ac3_S14_pNP	6	5	11	3	14	C78H114N6O104S14	3280.043713	2
HS_HexA6_HexN5_Ac3_S14_pNP	6	5	11	3	14	C78H114N6O104S14	3297.070262	3
HS_HexA6_HexN5_Ac3_S14_pNP	6	5	11	3	14	C78H114N6O104S14	3314.096811	4
HS_HexA6_HexN5_Ac3_S14_pNP	6	5	11	3	14	C78H114N6O104S14	3331.123360	5
HS_HexA6_HexN5_Ac3_S14_pNP	6	5	11	3	14	C78H114N6O104S14	3348.149909	6
HS_HexA6_HexN5_Ac3_S14_pNP	6	5	11	3	14	C78H114N6O104S14	3365.176458	7
HS_HexA6_HexN5_Ac3_S14_pNP	6	5	11	3	14	C78H114N6O104S14	3382.203007	8
HS_HexA6_HexN5_Ac3_S14_pNP	6	5	11	3	14	C78H114N6O104S14	3399.229556	9
HS_HexA6_HexN5_Ac3_S14_pNP	6	5	11	3	14	C78H114N6O104S14	3416.256106	10
HS_HexA6_HexN5_Ac3_S14_pNP	6	5	11	3	14	C78H114N6O104S14	3433.282655	11
HS_HexA6_HexN5_Ac3_S14_pNP	6	5	11	3	14	C78H114N6O104S14	3450.309204	12
HS_HexA6_HexN5_Ac3_S14_pNP	6	5	11	3	14	C78H114N6O104S14	3467.335753	13
HS_HexA6_HexN5_Ac3_S14_pNP	6	5	11	3	14	C78H114N6O104S14	3484.362302	14
HS_HexA6_HexN5_Ac3_S14_pNP	6	5	11	3	14	C78H114N6O104S14	3501.388851	15
HS_HexA6_HexN5_Ac3_S14_pNP	6	5	11	3	14	C78H114N6O104S14	3518.415400	16
HS_HexA6_HexN5_Ac3_S14_pNP	6	5	11	3	14	C78H114N6O104S14	3535.441949	17
HS_HexA6_HexN5_Ac3_S14_pNP	6	5	11	3	14	C78H114N6O104S14	3552.468498	18
HS_HexA6_HexN5_Ac3_S14_pNP	6	5	11	3	14	C78H114N6O104S14	3569.495047	19
HS_HexA6_HexN5_Ac3_S14_pNP	6	5	11	3	14	C78H114N6O104S14	3586.521597	20
HS_HexA6_HexN5_Ac3_S15_pNP	6	5	11	3	15	C78H114N6O107S15	3325.947430	0
HS_HexA6_HexN5_Ac3_S15_pNP	6	5	11	3	15	C78H114N6O107S15	3342.973979	1
HS_HexA6_HexN5_Ac3_S15_pNP	6	5	11	3	15	C78H114N6O107S15	3360.000528	2
HS_HexA6_HexN5_Ac3_S15_pNP	6	5	11	3	15	C78H114N6O107S15	3377.027077	3
HS_HexA6_HexN5_Ac3_S15_pNP	6	5	11	3	15	C78H114N6O107S15	3394.053626	4
HS_HexA6_HexN5_Ac3_S15_pNP	6	5	11	3	15	C78H114N6O107S15	3411.080175	5
HS_HexA6_HexN5_Ac3_S15_pNP	6	5	11	3	15	C78H114N6O107S15	3428.106724	6
HS_HexA6_HexN5_Ac3_S15_pNP	6	5	11	3	15	C78H114N6O107S15	3445.133273	7
HS_HexA6_HexN5_Ac3_S15_pNP	6	5	11	3	15	C78H114N6O107S15	3462.159822	8
HS_HexA6_HexN5_Ac3_S15_pNP	6	5	11	3	15	C78H114N6O107S15	3479.186372	9
HS_HexA6_HexN5_Ac3_S15_pNP	6	5	11	3	15	C78H114N6O107S15	3496.212921	10
HS_HexA6_HexN5_Ac3_S15_pNP	6	5	11	3	15	C78H114N6O107S15	3513.239470	11
HS_HexA6_HexN5_Ac3_S15_pNP	6	5	11	3	15	C78H114N6O107S15	3530.266019	12
HS_HexA6_HexN5_Ac3_S15_pNP	6	5	11	3	15	C78H114N6O107S15	3547.292568	13
HS_HexA6_HexN5_Ac3_S15_pNP	6	5	11	3	15	C78H114N6O107S15	3564.319117	14
HS_HexA6_HexN5_Ac3_S15_pNP	6	5	11	3	15	C78H114N6O107S15	3581.345666	15
HS_HexA6_HexN5_Ac3_S15_pNP	6	5	11	3	15	C78H114N6O107S15	3598.372215	16
HS_HexA6_HexN5_Ac3_S15_pNP	6	5	11	3	15	C78H114N6O107S15	3615.398764	17
HS_HexA6_HexN5_Ac3_S15_pNP	6	5	11	3	15	C78H114N6O107S15	3632.425313	18
HS_HexA6_HexN5_Ac3_S15_pNP	6	5	11	3	15	C78H114N6O107S15	3649.451863	19
HS_HexA6_HexN5_Ac3_S15_pNP	6	5	11	3	15	C78H114N6O107S15	3666.478412	20
HS_HexA6_HexN5_Ac3_S15_pNP	6	5	11	3	15	C78H114N6O107S15	3683.504961	21
HS_HexA6_HexN5_Ac4_S0_pNP	6	5	11	4	0	C80H116N6O63	2168.605769	0
HS_HexA6_HexN5_Ac4_S0_pNP	6	5	11	4	0	C80H116N6O63	2185.632318	1
HS_HexA6_HexN5_Ac4_S0_pNP	6	5	11	4	0	C80H116N6O63	2202.658867	2
HS_HexA6_HexN5_Ac4_S0_pNP	6	5	11	4	0	C80H116N6O63	2219.685416	3
HS_HexA6_HexN5_Ac4_S0_pNP	6	5	11	4	0	C80H116N6O63	2236.711965	4
HS_HexA6_HexN5_Ac4_S0_pNP	6	5	11	4	0	C80H116N6O63	2253.738514	5
HS_HexA6_HexN5_Ac4_S0_pNP	6	5	11	4	0	C80H116N6O63	2270.765063	6
HS_HexA6_HexN5_Ac4_S1_pNP	6	5	11	4	1	C80H116N6O66S	2248.562584	0
HS_HexA6_HexN5_Ac4_S1_pNP	6	5	11	4	1	C80H116N6O66S	2265.589133	1
HS_HexA6_HexN5_Ac4_S1_pNP	6	5	11	4	1	C80H116N6O66S	2282.615682	2
HS_HexA6_HexN5_Ac4_S1_pNP	6	5	11	4	1	C80H116N6O66S	2299.642231	3
HS_HexA6_HexN5_Ac4_S1_pNP	6	5	11	4	1	C80H116N6O66S	2316.668780	4
HS_HexA6_HexN5_Ac4_S1_pNP	6	5	11	4	1	C80H116N6O66S	2333.695329	5
HS_HexA6_HexN5_Ac4_S1_pNP	6	5	11	4	1	C80H116N6O66S	2350.721878	6
HS_HexA6_HexN5_Ac4_S1_pNP	6	5	11	4	1	C80H116N6O66S	2367.748428	7
HS_HexA6_HexN5_Ac4_S2_pNP	6	5	11	4	2	C80H116N6O69S2	2328.519399	0
HS_HexA6_HexN5_Ac4_S2_pNP	6	5	11	4	2	C80H116N6O69S2	2345.545948	1
HS_HexA6_HexN5_Ac4_S2_pNP	6	5	11	4	2	C80H116N6O69S2	2362.572497	2
HS_HexA6_HexN5_Ac4_S2_pNP	6	5	11	4	2	C80H116N6O69S2	2379.599046	3
HS_HexA6_HexN5_Ac4_S2_pNP	6	5	11	4	2	C80H116N6O69S2	2396.625595	4
HS_HexA6_HexN5_Ac4_S2_pNP	6	5	11	4	2	C80H116N6O69S2	2413.652144	5
HS_HexA6_HexN5_Ac4_S2_pNP	6	5	11	4	2	C80H116N6O69S2	2430.678693	6
HS_HexA6_HexN5_Ac4_S2_pNP	6	5	11	4	2	C80H116N6O69S2	2447.705243	7
HS_HexA6_HexN5_Ac4_S2_pNP	6	5	11	4	2	C80H116N6O69S2	2464.731792	8
HS_HexA6_HexN5_Ac4_S3_pNP	6	5	11	4	3	C80H116N6O72S3	2408.476214	0
HS_HexA6_HexN5_Ac4_S3_pNP	6	5	11	4	3	C80H116N6O72S3	2425.502763	1
HS_HexA6_HexN5_Ac4_S3_pNP	6	5	11	4	3	C80H116N6O72S3	2442.529312	2
HS_HexA6_HexN5_Ac4_S3_pNP	6	5	11	4	3	C80H116N6O72S3	2459.555861	3
HS_HexA6_HexN5_Ac4_S3_pNP	6	5	11	4	3	C80H116N6O72S3	2476.582410	4
HS_HexA6_HexN5_Ac4_S3_pNP	6	5	11	4	3	C80H116N6O72S3	2493.608959	5
HS_HexA6_HexN5_Ac4_S3_pNP	6	5	11	4	3	C80H116N6O72S3	2510.635509	6
HS_HexA6_HexN5_Ac4_S3_pNP	6	5	11	4	3	C80H116N6O72S3	2527.662058	7
HS_HexA6_HexN5_Ac4_S3_pNP	6	5	11	4	3	C80H116N6O72S3	2544.688607	8
HS_HexA6_HexN5_Ac4_S3_pNP	6	5	11	4	3	C80H116N6O72S3	2561.715156	9
HS_HexA6_HexN5_Ac4_S4_pNP	6	5	11	4	4	C80H116N6O75S4	2488.433029	0
HS_HexA6_HexN5_Ac4_S4_pNP	6	5	11	4	4	C80H116N6O75S4	2505.459578	1
HS_HexA6_HexN5_Ac4_S4_pNP	6	5	11	4	4	C80H116N6O75S4	2522.486127	2
HS_HexA6_HexN5_Ac4_S4_pNP	6	5	11	4	4	C80H116N6O75S4	2539.512676	3
HS_HexA6_HexN5_Ac4_S4_pNP	6	5	11	4	4	C80H116N6O75S4	2556.539225	4
HS_HexA6_HexN5_Ac4_S4_pNP	6	5	11	4	4	C80H116N6O75S4	2573.565774	5
HS_HexA6_HexN5_Ac4_S4_pNP	6	5	11	4	4	C80H116N6O75S4	2590.592324	6
HS_HexA6_HexN5_Ac4_S4_pNP	6	5	11	4	4	C80H116N6O75S4	2607.618873	7
HS_HexA6_HexN5_Ac4_S4_pNP	6	5	11	4	4	C80H116N6O75S4	2624.645422	8
HS_HexA6_HexN5_Ac4_S4_pNP	6	5	11	4	4	C80H116N6O75S4	2641.671971	9
HS_HexA6_HexN5_Ac4_S4_pNP	6	5	11	4	4	C80H116N6O75S4	2658.698520	10
HS_HexA6_HexN5_Ac4_S5_pNP	6	5	11	4	5	C80H116N6O78S5	2568.389844	0
HS_HexA6_HexN5_Ac4_S5_pNP	6	5	11	4	5	C80H116N6O78S5	2585.416393	1
HS_HexA6_HexN5_Ac4_S5_pNP	6	5	11	4	5	C80H116N6O78S5	2602.442942	2
HS_HexA6_HexN5_Ac4_S5_pNP	6	5	11	4	5	C80H116N6O78S5	2619.469491	3
HS_HexA6_HexN5_Ac4_S5_pNP	6	5	11	4	5	C80H116N6O78S5	2636.496040	4
HS_HexA6_HexN5_Ac4_S5_pNP	6	5	11	4	5	C80H116N6O78S5	2653.522589	5
HS_HexA6_HexN5_Ac4_S5_pNP	6	5	11	4	5	C80H116N6O78S5	2670.549139	6
HS_HexA6_HexN5_Ac4_S5_pNP	6	5	11	4	5	C80H116N6O78S5	2687.575688	7
HS_HexA6_HexN5_Ac4_S5_pNP	6	5	11	4	5	C80H116N6O78S5	2704.602237	8
HS_HexA6_HexN5_Ac4_S5_pNP	6	5	11	4	5	C80H116N6O78S5	2721.628786	9
HS_HexA6_HexN5_Ac4_S5_pNP	6	5	11	4	5	C80H116N6O78S5	2738.655335	10
HS_HexA6_HexN5_Ac4_S5_pNP	6	5	11	4	5	C80H116N6O78S5	2755.681884	11
HS_HexA6_HexN5_Ac4_S6_pNP	6	5	11	4	6	C80H116N6O81S6	2648.346659	0
HS_HexA6_HexN5_Ac4_S6_pNP	6	5	11	4	6	C80H116N6O81S6	2665.373208	1
HS_HexA6_HexN5_Ac4_S6_pNP	6	5	11	4	6	C80H116N6O81S6	2682.399757	2
HS_HexA6_HexN5_Ac4_S6_pNP	6	5	11	4	6	C80H116N6O81S6	2699.426306	3
HS_HexA6_HexN5_Ac4_S6_pNP	6	5	11	4	6	C80H116N6O81S6	2716.452855	4
HS_HexA6_HexN5_Ac4_S6_pNP	6	5	11	4	6	C80H116N6O81S6	2733.479405	5
HS_HexA6_HexN5_Ac4_S6_pNP	6	5	11	4	6	C80H116N6O81S6	2750.505954	6
HS_HexA6_HexN5_Ac4_S6_pNP	6	5	11	4	6	C80H116N6O81S6	2767.532503	7
HS_HexA6_HexN5_Ac4_S6_pNP	6	5	11	4	6	C80H116N6O81S6	2784.559052	8
HS_HexA6_HexN5_Ac4_S6_pNP	6	5	11	4	6	C80H116N6O81S6	2801.585601	9
HS_HexA6_HexN5_Ac4_S6_pNP	6	5	11	4	6	C80H116N6O81S6	2818.612150	10
HS_HexA6_HexN5_Ac4_S6_pNP	6	5	11	4	6	C80H116N6O81S6	2835.638699	11
HS_HexA6_HexN5_Ac4_S6_pNP	6	5	11	4	6	C80H116N6O81S6	2852.665248	12
HS_HexA6_HexN5_Ac4_S7_pNP	6	5	11	4	7	C80H116N6O84S7	2728.303474	0
HS_HexA6_HexN5_Ac4_S7_pNP	6	5	11	4	7	C80H116N6O84S7	2745.330023	1
HS_HexA6_HexN5_Ac4_S7_pNP	6	5	11	4	7	C80H116N6O84S7	2762.356572	2
HS_HexA6_HexN5_Ac4_S7_pNP	6	5	11	4	7	C80H116N6O84S7	2779.383121	3
HS_HexA6_HexN5_Ac4_S7_pNP	6	5	11	4	7	C80H116N6O84S7	2796.409670	4
HS_HexA6_HexN5_Ac4_S7_pNP	6	5	11	4	7	C80H116N6O84S7	2813.436220	5
HS_HexA6_HexN5_Ac4_S7_pNP	6	5	11	4	7	C80H116N6O84S7	2830.462769	6
HS_HexA6_HexN5_Ac4_S7_pNP	6	5	11	4	7	C80H116N6O84S7	2847.489318	7
HS_HexA6_HexN5_Ac4_S7_pNP	6	5	11	4	7	C80H116N6O84S7	2864.515867	8
HS_HexA6_HexN5_Ac4_S7_pNP	6	5	11	4	7	C80H116N6O84S7	2881.542416	9
HS_HexA6_HexN5_Ac4_S7_pNP	6	5	11	4	7	C80H116N6O84S7	2898.568965	10
HS_HexA6_HexN5_Ac4_S7_pNP	6	5	11	4	7	C80H116N6O84S7	2915.595514	11
HS_HexA6_HexN5_Ac4_S7_pNP	6	5	11	4	7	C80H116N6O84S7	2932.622063	12
HS_HexA6_HexN5_Ac4_S7_pNP	6	5	11	4	7	C80H116N6O84S7	2949.648612	13
HS_HexA6_HexN5_Ac4_S8_pNP	6	5	11	4	8	C80H116N6O87S8	2808.260289	0
HS_HexA6_HexN5_Ac4_S8_pNP	6	5	11	4	8	C80H116N6O87S8	2825.286838	1
HS_HexA6_HexN5_Ac4_S8_pNP	6	5	11	4	8	C80H116N6O87S8	2842.313387	2
HS_HexA6_HexN5_Ac4_S8_pNP	6	5	11	4	8	C80H116N6O87S8	2859.339936	3
HS_HexA6_HexN5_Ac4_S8_pNP	6	5	11	4	8	C80H116N6O87S8	2876.366485	4
HS_HexA6_HexN5_Ac4_S8_pNP	6	5	11	4	8	C80H116N6O87S8	2893.393035	5
HS_HexA6_HexN5_Ac4_S8_pNP	6	5	11	4	8	C80H116N6O87S8	2910.419584	6
HS_HexA6_HexN5_Ac4_S8_pNP	6	5	11	4	8	C80H116N6O87S8	2927.446133	7
HS_HexA6_HexN5_Ac4_S8_pNP	6	5	11	4	8	C80H116N6O87S8	2944.472682	8
HS_HexA6_HexN5_Ac4_S8_pNP	6	5	11	4	8	C80H116N6O87S8	2961.499231	9
HS_HexA6_HexN5_Ac4_S8_pNP	6	5	11	4	8	C80H116N6O87S8	2978.525780	10
HS_HexA6_HexN5_Ac4_S8_pNP	6	5	11	4	8	C80H116N6O87S8	2995.552329	11
HS_HexA6_HexN5_Ac4_S8_pNP	6	5	11	4	8	C80H116N6O87S8	3012.578878	12
HS_HexA6_HexN5_Ac4_S8_pNP	6	5	11	4	8	C80H116N6O87S8	3029.605427	13
HS_HexA6_HexN5_Ac4_S8_pNP	6	5	11	4	8	C80H116N6O87S8	3046.631976	14
HS_HexA6_HexN5_Ac4_S9_pNP	6	5	11	4	9	C80H116N6O90S9	2888.217104	0
HS_HexA6_HexN5_Ac4_S9_pNP	6	5	11	4	9	C80H116N6O90S9	2905.243653	1
HS_HexA6_HexN5_Ac4_S9_pNP	6	5	11	4	9	C80H116N6O90S9	2922.270202	2
HS_HexA6_HexN5_Ac4_S9_pNP	6	5	11	4	9	C80H116N6O90S9	2939.296751	3
HS_HexA6_HexN5_Ac4_S9_pNP	6	5	11	4	9	C80H116N6O90S9	2956.323301	4
HS_HexA6_HexN5_Ac4_S9_pNP	6	5	11	4	9	C80H116N6O90S9	2973.349850	5
HS_HexA6_HexN5_Ac4_S9_pNP	6	5	11	4	9	C80H116N6O90S9	2990.376399	6
HS_HexA6_HexN5_Ac4_S9_pNP	6	5	11	4	9	C80H116N6O90S9	3007.402948	7
HS_HexA6_HexN5_Ac4_S9_pNP	6	5	11	4	9	C80H116N6O90S9	3024.429497	8
HS_HexA6_HexN5_Ac4_S9_pNP	6	5	11	4	9	C80H116N6O90S9	3041.456046	9
HS_HexA6_HexN5_Ac4_S9_pNP	6	5	11	4	9	C80H116N6O90S9	3058.482595	10
HS_HexA6_HexN5_Ac4_S9_pNP	6	5	11	4	9	C80H116N6O90S9	3075.509144	11
HS_HexA6_HexN5_Ac4_S9_pNP	6	5	11	4	9	C80H116N6O90S9	3092.535693	12
HS_HexA6_HexN5_Ac4_S9_pNP	6	5	11	4	9	C80H116N6O90S9	3109.562242	13
HS_HexA6_HexN5_Ac4_S9_pNP	6	5	11	4	9	C80H116N6O90S9	3126.588792	14
HS_HexA6_HexN5_Ac4_S9_pNP	6	5	11	4	9	C80H116N6O90S9	3143.615341	15
HS_HexA6_HexN5_Ac4_S10_pNP	6	5	11	4	10	C80H116N6O93S10	2968.173919	0
HS_HexA6_HexN5_Ac4_S10_pNP	6	5	11	4	10	C80H116N6O93S10	2985.200468	1
HS_HexA6_HexN5_Ac4_S10_pNP	6	5	11	4	10	C80H116N6O93S10	3002.227017	2
HS_HexA6_HexN5_Ac4_S10_pNP	6	5	11	4	10	C80H116N6O93S10	3019.253566	3
HS_HexA6_HexN5_Ac4_S10_pNP	6	5	11	4	10	C80H116N6O93S10	3036.280116	4
HS_HexA6_HexN5_Ac4_S10_pNP	6	5	11	4	10	C80H116N6O93S10	3053.306665	5
HS_HexA6_HexN5_Ac4_S10_pNP	6	5	11	4	10	C80H116N6O93S10	3070.333214	6
HS_HexA6_HexN5_Ac4_S10_pNP	6	5	11	4	10	C80H116N6O93S10	3087.359763	7
HS_HexA6_HexN5_Ac4_S10_pNP	6	5	11	4	10	C80H116N6O93S10	3104.386312	8
HS_HexA6_HexN5_Ac4_S10_pNP	6	5	11	4	10	C80H116N6O93S10	3121.412861	9
HS_HexA6_HexN5_Ac4_S10_pNP	6	5	11	4	10	C80H116N6O93S10	3138.439410	10
HS_HexA6_HexN5_Ac4_S10_pNP	6	5	11	4	10	C80H116N6O93S10	3155.465959	11
HS_HexA6_HexN5_Ac4_S10_pNP	6	5	11	4	10	C80H116N6O93S10	3172.492508	12
HS_HexA6_HexN5_Ac4_S10_pNP	6	5	11	4	10	C80H116N6O93S10	3189.519057	13
HS_HexA6_HexN5_Ac4_S10_pNP	6	5	11	4	10	C80H116N6O93S10	3206.545607	14
HS_HexA6_HexN5_Ac4_S10_pNP	6	5	11	4	10	C80H116N6O93S10	3223.572156	15
HS_HexA6_HexN5_Ac4_S10_pNP	6	5	11	4	10	C80H116N6O93S10	3240.598705	16
HS_HexA6_HexN5_Ac4_S11_pNP	6	5	11	4	11	C80H116N6O96S11	3048.130734	0
HS_HexA6_HexN5_Ac4_S11_pNP	6	5	11	4	11	C80H116N6O96S11	3065.157283	1
HS_HexA6_HexN5_Ac4_S11_pNP	6	5	11	4	11	C80H116N6O96S11	3082.183832	2
HS_HexA6_HexN5_Ac4_S11_pNP	6	5	11	4	11	C80H116N6O96S11	3099.210381	3
HS_HexA6_HexN5_Ac4_S11_pNP	6	5	11	4	11	C80H116N6O96S11	3116.236931	4
HS_HexA6_HexN5_Ac4_S11_pNP	6	5	11	4	11	C80H116N6O96S11	3133.263480	5
HS_HexA6_HexN5_Ac4_S11_pNP	6	5	11	4	11	C80H116N6O96S11	3150.290029	6
HS_HexA6_HexN5_Ac4_S11_pNP	6	5	11	4	11	C80H116N6O96S11	3167.316578	7
HS_HexA6_HexN5_Ac4_S11_pNP	6	5	11	4	11	C80H116N6O96S11	3184.343127	8
HS_HexA6_HexN5_Ac4_S11_pNP	6	5	11	4	11	C80H116N6O96S11	3201.369676	9
HS_HexA6_HexN5_Ac4_S11_pNP	6	5	11	4	11	C80H116N6O96S11	3218.396225	10
HS_HexA6_HexN5_Ac4_S11_pNP	6	5	11	4	11	C80H116N6O96S11	3235.422774	11
HS_HexA6_HexN5_Ac4_S11_pNP	6	5	11	4	11	C80H116N6O96S11	3252.449323	12
HS_HexA6_HexN5_Ac4_S11_pNP	6	5	11	4	11	C80H116N6O96S11	3269.475872	13
HS_HexA6_HexN5_Ac4_S11_pNP	6	5	11	4	11	C80H116N6O96S11	3286.502422	14
HS_HexA6_HexN5_Ac4_S11_pNP	6	5	11	4	11	C80H116N6O96S11	3303.528971	15
HS_HexA6_HexN5_Ac4_S11_pNP	6	5	11	4	11	C80H116N6O96S11	3320.555520	16
HS_HexA6_HexN5_Ac4_S11_pNP	6	5	11	4	11	C80H116N6O96S11	3337.582069	17
HS_HexA6_HexN5_Ac4_S12_pNP	6	5	11	4	12	C80H116N6O99S12	3128.087549	0
HS_HexA6_HexN5_Ac4_S12_pNP	6	5	11	4	12	C80H116N6O99S12	3145.114098	1
HS_HexA6_HexN5_Ac4_S12_pNP	6	5	11	4	12	C80H116N6O99S12	3162.140647	2
HS_HexA6_HexN5_Ac4_S12_pNP	6	5	11	4	12	C80H116N6O99S12	3179.167196	3
HS_HexA6_HexN5_Ac4_S12_pNP	6	5	11	4	12	C80H116N6O99S12	3196.193746	4
HS_HexA6_HexN5_Ac4_S12_pNP	6	5	11	4	12	C80H116N6O99S12	3213.220295	5
HS_HexA6_HexN5_Ac4_S12_pNP	6	5	11	4	12	C80H116N6O99S12	3230.246844	6
HS_HexA6_HexN5_Ac4_S12_pNP	6	5	11	4	12	C80H116N6O99S12	3247.273393	7
HS_HexA6_HexN5_Ac4_S12_pNP	6	5	11	4	12	C80H116N6O99S12	3264.299942	8
HS_HexA6_HexN5_Ac4_S12_pNP	6	5	11	4	12	C80H116N6O99S12	3281.326491	9
HS_HexA6_HexN5_Ac4_S12_pNP	6	5	11	4	12	C80H116N6O99S12	3298.353040	10
HS_HexA6_HexN5_Ac4_S12_pNP	6	5	11	4	12	C80H116N6O99S12	3315.379589	11
HS_HexA6_HexN5_Ac4_S12_pNP	6	5	11	4	12	C80H116N6O99S12	3332.406138	12
HS_HexA6_HexN5_Ac4_S12_pNP	6	5	11	4	12	C80H116N6O99S12	3349.432688	13
HS_HexA6_HexN5_Ac4_S12_pNP	6	5	11	4	12	C80H116N6O99S12	3366.459237	14
HS_HexA6_HexN5_Ac4_S12_pNP	6	5	11	4	12	C80H116N6O99S12	3383.485786	15
HS_HexA6_HexN5_Ac4_S12_pNP	6	5	11	4	12	C80H116N6O99S12	3400.512335	16
HS_HexA6_HexN5_Ac4_S12_pNP	6	5	11	4	12	C80H116N6O99S12	3417.538884	17
HS_HexA6_HexN5_Ac4_S12_pNP	6	5	11	4	12	C80H116N6O99S12	3434.565433	18
HS_HexA6_HexN5_Ac4_S13_pNP	6	5	11	4	13	C80H116N6O102S13	3208.044364	0
HS_HexA6_HexN5_Ac4_S13_pNP	6	5	11	4	13	C80H116N6O102S13	3225.070913	1
HS_HexA6_HexN5_Ac4_S13_pNP	6	5	11	4	13	C80H116N6O102S13	3242.097462	2
HS_HexA6_HexN5_Ac4_S13_pNP	6	5	11	4	13	C80H116N6O102S13	3259.124012	3
HS_HexA6_HexN5_Ac4_S13_pNP	6	5	11	4	13	C80H116N6O102S13	3276.150561	4
HS_HexA6_HexN5_Ac4_S13_pNP	6	5	11	4	13	C80H116N6O102S13	3293.177110	5
HS_HexA6_HexN5_Ac4_S13_pNP	6	5	11	4	13	C80H116N6O102S13	3310.203659	6
HS_HexA6_HexN5_Ac4_S13_pNP	6	5	11	4	13	C80H116N6O102S13	3327.230208	7
HS_HexA6_HexN5_Ac4_S13_pNP	6	5	11	4	13	C80H116N6O102S13	3344.256757	8
HS_HexA6_HexN5_Ac4_S13_pNP	6	5	11	4	13	C80H116N6O102S13	3361.283306	9
HS_HexA6_HexN5_Ac4_S13_pNP	6	5	11	4	13	C80H116N6O102S13	3378.309855	10
HS_HexA6_HexN5_Ac4_S13_pNP	6	5	11	4	13	C80H116N6O102S13	3395.336404	11
HS_HexA6_HexN5_Ac4_S13_pNP	6	5	11	4	13	C80H116N6O102S13	3412.362953	12
HS_HexA6_HexN5_Ac4_S13_pNP	6	5	11	4	13	C80H116N6O102S13	3429.389503	13
HS_HexA6_HexN5_Ac4_S13_pNP	6	5	11	4	13	C80H116N6O102S13	3446.416052	14
HS_HexA6_HexN5_Ac4_S13_pNP	6	5	11	4	13	C80H116N6O102S13	3463.442601	15
HS_HexA6_HexN5_Ac4_S13_pNP	6	5	11	4	13	C80H116N6O102S13	3480.469150	16
HS_HexA6_HexN5_Ac4_S13_pNP	6	5	11	4	13	C80H116N6O102S13	3497.495699	17
HS_HexA6_HexN5_Ac4_S13_pNP	6	5	11	4	13	C80H116N6O102S13	3514.522248	18
HS_HexA6_HexN5_Ac4_S13_pNP	6	5	11	4	13	C80H116N6O102S13	3531.548797	19
HS_HexA6_HexN5_Ac4_S14_pNP	6	5	11	4	14	C80H116N6O105S14	3288.001179	0
HS_HexA6_HexN5_Ac4_S14_pNP	6	5	11	4	14	C80H116N6O105S14	3305.027728	1
HS_HexA6_HexN5_Ac4_S14_pNP	6	5	11	4	14	C80H116N6O105S14	3322.054277	2
HS_HexA6_HexN5_Ac4_S14_pNP	6	5	11	4	14	C80H116N6O105S14	3339.080827	3
HS_HexA6_HexN5_Ac4_S14_pNP	6	5	11	4	14	C80H116N6O105S14	3356.107376	4
HS_HexA6_HexN5_Ac4_S14_pNP	6	5	11	4	14	C80H116N6O105S14	3373.133925	5
HS_HexA6_HexN5_Ac4_S14_pNP	6	5	11	4	14	C80H116N6O105S14	3390.160474	6
HS_HexA6_HexN5_Ac4_S14_pNP	6	5	11	4	14	C80H116N6O105S14	3407.187023	7
HS_HexA6_HexN5_Ac4_S14_pNP	6	5	11	4	14	C80H116N6O105S14	3424.213572	8
HS_HexA6_HexN5_Ac4_S14_pNP	6	5	11	4	14	C80H116N6O105S14	3441.240121	9
HS_HexA6_HexN5_Ac4_S14_pNP	6	5	11	4	14	C80H116N6O105S14	3458.266670	10
HS_HexA6_HexN5_Ac4_S14_pNP	6	5	11	4	14	C80H116N6O105S14	3475.293219	11
HS_HexA6_HexN5_Ac4_S14_pNP	6	5	11	4	14	C80H116N6O105S14	3492.319768	12
HS_HexA6_HexN5_Ac4_S14_pNP	6	5	11	4	14	C80H116N6O105S14	3509.346318	13
HS_HexA6_HexN5_Ac4_S14_pNP	6	5	11	4	14	C80H116N6O105S14	3526.372867	14
HS_HexA6_HexN5_Ac4_S14_pNP	6	5	11	4	14	C80H116N6O105S14	3543.399416	15
HS_HexA6_HexN5_Ac4_S14_pNP	6	5	11	4	14	C80H116N6O105S14	3560.425965	16
HS_HexA6_HexN5_Ac4_S14_pNP	6	5	11	4	14	C80H116N6O105S14	3577.452514	17
HS_HexA6_HexN5_Ac4_S14_pNP	6	5	11	4	14	C80H116N6O105S14	3594.479063	18
HS_HexA6_HexN5_Ac4_S14_pNP	6	5	11	4	14	C80H116N6O105S14	3611.505612	19
HS_HexA6_HexN5_Ac4_S14_pNP	6	5	11	4	14	C80H116N6O105S14	3628.532161	20
HS_HexA6_HexN5_Ac4_S15_pNP	6	5	11	4	15	C80H116N6O108S15	3367.957994	0
HS_HexA6_HexN5_Ac4_S15_pNP	6	5	11	4	15	C80H116N6O108S15	3384.984543	1
HS_HexA6_HexN5_Ac4_S15_pNP	6	5	11	4	15	C80H116N6O108S15	3402.011092	2
HS_HexA6_HexN5_Ac4_S15_pNP	6	5	11	4	15	C80H116N6O108S15	3419.037642	3
HS_HexA6_HexN5_Ac4_S15_pNP	6	5	11	4	15	C80H116N6O108S15	3436.064191	4
HS_HexA6_HexN5_Ac4_S15_pNP	6	5	11	4	15	C80H116N6O108S15	3453.090740	5
HS_HexA6_HexN5_Ac4_S15_pNP	6	5	11	4	15	C80H116N6O108S15	3470.117289	6
HS_HexA6_HexN5_Ac4_S15_pNP	6	5	11	4	15	C80H116N6O108S15	3487.143838	7
HS_HexA6_HexN5_Ac4_S15_pNP	6	5	11	4	15	C80H116N6O108S15	3504.170387	8
HS_HexA6_HexN5_Ac4_S15_pNP	6	5	11	4	15	C80H116N6O108S15	3521.196936	9
HS_HexA6_HexN5_Ac4_S15_pNP	6	5	11	4	15	C80H116N6O108S15	3538.223485	10
HS_HexA6_HexN5_Ac4_S15_pNP	6	5	11	4	15	C80H116N6O108S15	3555.250034	11
HS_HexA6_HexN5_Ac4_S15_pNP	6	5	11	4	15	C80H116N6O108S15	3572.276584	12
HS_HexA6_HexN5_Ac4_S15_pNP	6	5	11	4	15	C80H116N6O108S15	3589.303133	13
HS_HexA6_HexN5_Ac4_S15_pNP	6	5	11	4	15	C80H116N6O108S15	3606.329682	14
HS_HexA6_HexN5_Ac4_S15_pNP	6	5	11	4	15	C80H116N6O108S15	3623.356231	15
HS_HexA6_HexN5_Ac4_S15_pNP	6	5	11	4	15	C80H116N6O108S15	3640.382780	16
HS_HexA6_HexN5_Ac4_S15_pNP	6	5	11	4	15	C80H116N6O108S15	3657.409329	17
HS_HexA6_HexN5_Ac4_S15_pNP	6	5	11	4	15	C80H116N6O108S15	3674.435878	18
HS_HexA6_HexN5_Ac4_S15_pNP	6	5	11	4	15	C80H116N6O108S15	3691.462427	19
HS_HexA6_HexN5_Ac4_S15_pNP	6	5	11	4	15	C80H116N6O108S15	3708.488976	20
HS_HexA6_HexN5_Ac4_S15_pNP	6	5	11	4	15	C80H116N6O108S15	3725.515525	21
HS_HexA6_HexN5_Ac5_S0_pNP	6	5	11	5	0	C82H118N6O64	2210.616333	0
HS_HexA6_HexN5_Ac5_S0_pNP	6	5	11	5	0	C82H118N6O64	2227.642883	1
HS_HexA6_HexN5_Ac5_S0_pNP	6	5	11	5	0	C82H118N6O64	2244.669432	2
HS_HexA6_HexN5_Ac5_S0_pNP	6	5	11	5	0	C82H118N6O64	2261.695981	3
HS_HexA6_HexN5_Ac5_S0_pNP	6	5	11	5	0	C82H118N6O64	2278.722530	4
HS_HexA6_HexN5_Ac5_S0_pNP	6	5	11	5	0	C82H118N6O64	2295.749079	5
HS_HexA6_HexN5_Ac5_S0_pNP	6	5	11	5	0	C82H118N6O64	2312.775628	6
HS_HexA6_HexN5_Ac5_S1_pNP	6	5	11	5	1	C82H118N6O67S	2290.573149	0
HS_HexA6_HexN5_Ac5_S1_pNP	6	5	11	5	1	C82H118N6O67S	2307.599698	1
HS_HexA6_HexN5_Ac5_S1_pNP	6	5	11	5	1	C82H118N6O67S	2324.626247	2
HS_HexA6_HexN5_Ac5_S1_pNP	6	5	11	5	1	C82H118N6O67S	2341.652796	3
HS_HexA6_HexN5_Ac5_S1_pNP	6	5	11	5	1	C82H118N6O67S	2358.679345	4
HS_HexA6_HexN5_Ac5_S1_pNP	6	5	11	5	1	C82H118N6O67S	2375.705894	5
HS_HexA6_HexN5_Ac5_S1_pNP	6	5	11	5	1	C82H118N6O67S	2392.732443	6
HS_HexA6_HexN5_Ac5_S1_pNP	6	5	11	5	1	C82H118N6O67S	2409.758992	7
HS_HexA6_HexN5_Ac5_S2_pNP	6	5	11	5	2	C82H118N6O70S2	2370.529964	0
HS_HexA6_HexN5_Ac5_S2_pNP	6	5	11	5	2	C82H118N6O70S2	2387.556513	1
HS_HexA6_HexN5_Ac5_S2_pNP	6	5	11	5	2	C82H118N6O70S2	2404.583062	2
HS_HexA6_HexN5_Ac5_S2_pNP	6	5	11	5	2	C82H118N6O70S2	2421.609611	3
HS_HexA6_HexN5_Ac5_S2_pNP	6	5	11	5	2	C82H118N6O70S2	2438.636160	4
HS_HexA6_HexN5_Ac5_S2_pNP	6	5	11	5	2	C82H118N6O70S2	2455.662709	5
HS_HexA6_HexN5_Ac5_S2_pNP	6	5	11	5	2	C82H118N6O70S2	2472.689258	6
HS_HexA6_HexN5_Ac5_S2_pNP	6	5	11	5	2	C82H118N6O70S2	2489.715807	7
HS_HexA6_HexN5_Ac5_S2_pNP	6	5	11	5	2	C82H118N6O70S2	2506.742356	8
HS_HexA6_HexN5_Ac5_S3_pNP	6	5	11	5	3	C82H118N6O73S3	2450.486779	0
HS_HexA6_HexN5_Ac5_S3_pNP	6	5	11	5	3	C82H118N6O73S3	2467.513328	1
HS_HexA6_HexN5_Ac5_S3_pNP	6	5	11	5	3	C82H118N6O73S3	2484.539877	2
HS_HexA6_HexN5_Ac5_S3_pNP	6	5	11	5	3	C82H118N6O73S3	2501.566426	3
HS_HexA6_HexN5_Ac5_S3_pNP	6	5	11	5	3	C82H118N6O73S3	2518.592975	4
HS_HexA6_HexN5_Ac5_S3_pNP	6	5	11	5	3	C82H118N6O73S3	2535.619524	5
HS_HexA6_HexN5_Ac5_S3_pNP	6	5	11	5	3	C82H118N6O73S3	2552.646073	6
HS_HexA6_HexN5_Ac5_S3_pNP	6	5	11	5	3	C82H118N6O73S3	2569.672622	7
HS_HexA6_HexN5_Ac5_S3_pNP	6	5	11	5	3	C82H118N6O73S3	2586.699171	8
HS_HexA6_HexN5_Ac5_S3_pNP	6	5	11	5	3	C82H118N6O73S3	2603.725720	9
HS_HexA6_HexN5_Ac5_S4_pNP	6	5	11	5	4	C82H118N6O76S4	2530.443594	0
HS_HexA6_HexN5_Ac5_S4_pNP	6	5	11	5	4	C82H118N6O76S4	2547.470143	1
HS_HexA6_HexN5_Ac5_S4_pNP	6	5	11	5	4	C82H118N6O76S4	2564.496692	2
HS_HexA6_HexN5_Ac5_S4_pNP	6	5	11	5	4	C82H118N6O76S4	2581.523241	3
HS_HexA6_HexN5_Ac5_S4_pNP	6	5	11	5	4	C82H118N6O76S4	2598.549790	4
HS_HexA6_HexN5_Ac5_S4_pNP	6	5	11	5	4	C82H118N6O76S4	2615.576339	5
HS_HexA6_HexN5_Ac5_S4_pNP	6	5	11	5	4	C82H118N6O76S4	2632.602888	6
HS_HexA6_HexN5_Ac5_S4_pNP	6	5	11	5	4	C82H118N6O76S4	2649.629437	7
HS_HexA6_HexN5_Ac5_S4_pNP	6	5	11	5	4	C82H118N6O76S4	2666.655986	8
HS_HexA6_HexN5_Ac5_S4_pNP	6	5	11	5	4	C82H118N6O76S4	2683.682536	9
HS_HexA6_HexN5_Ac5_S4_pNP	6	5	11	5	4	C82H118N6O76S4	2700.709085	10
HS_HexA6_HexN5_Ac5_S5_pNP	6	5	11	5	5	C82H118N6O79S5	2610.400409	0
HS_HexA6_HexN5_Ac5_S5_pNP	6	5	11	5	5	C82H118N6O79S5	2627.426958	1
HS_HexA6_HexN5_Ac5_S5_pNP	6	5	11	5	5	C82H118N6O79S5	2644.453507	2
HS_HexA6_HexN5_Ac5_S5_pNP	6	5	11	5	5	C82H118N6O79S5	2661.480056	3
HS_HexA6_HexN5_Ac5_S5_pNP	6	5	11	5	5	C82H118N6O79S5	2678.506605	4
HS_HexA6_HexN5_Ac5_S5_pNP	6	5	11	5	5	C82H118N6O79S5	2695.533154	5
HS_HexA6_HexN5_Ac5_S5_pNP	6	5	11	5	5	C82H118N6O79S5	2712.559703	6
HS_HexA6_HexN5_Ac5_S5_pNP	6	5	11	5	5	C82H118N6O79S5	2729.586252	7
HS_HexA6_HexN5_Ac5_S5_pNP	6	5	11	5	5	C82H118N6O79S5	2746.612801	8
HS_HexA6_HexN5_Ac5_S5_pNP	6	5	11	5	5	C82H118N6O79S5	2763.639351	9
HS_HexA6_HexN5_Ac5_S5_pNP	6	5	11	5	5	C82H118N6O79S5	2780.665900	10
HS_HexA6_HexN5_Ac5_S5_pNP	6	5	11	5	5	C82H118N6O79S5	2797.692449	11
HS_HexA6_HexN5_Ac5_S6_pNP	6	5	11	5	6	C82H118N6O82S6	2690.357224	0
HS_HexA6_HexN5_Ac5_S6_pNP	6	5	11	5	6	C82H118N6O82S6	2707.383773	1
HS_HexA6_HexN5_Ac5_S6_pNP	6	5	11	5	6	C82H118N6O82S6	2724.410322	2
HS_HexA6_HexN5_Ac5_S6_pNP	6	5	11	5	6	C82H118N6O82S6	2741.436871	3
HS_HexA6_HexN5_Ac5_S6_pNP	6	5	11	5	6	C82H118N6O82S6	2758.463420	4
HS_HexA6_HexN5_Ac5_S6_pNP	6	5	11	5	6	C82H118N6O82S6	2775.489969	5
HS_HexA6_HexN5_Ac5_S6_pNP	6	5	11	5	6	C82H118N6O82S6	2792.516518	6
HS_HexA6_HexN5_Ac5_S6_pNP	6	5	11	5	6	C82H118N6O82S6	2809.543067	7
HS_HexA6_HexN5_Ac5_S6_pNP	6	5	11	5	6	C82H118N6O82S6	2826.569616	8
HS_HexA6_HexN5_Ac5_S6_pNP	6	5	11	5	6	C82H118N6O82S6	2843.596166	9
HS_HexA6_HexN5_Ac5_S6_pNP	6	5	11	5	6	C82H118N6O82S6	2860.622715	10
HS_HexA6_HexN5_Ac5_S6_pNP	6	5	11	5	6	C82H118N6O82S6	2877.649264	11
HS_HexA6_HexN5_Ac5_S6_pNP	6	5	11	5	6	C82H118N6O82S6	2894.675813	12
HS_HexA6_HexN5_Ac5_S7_pNP	6	5	11	5	7	C82H118N6O85S7	2770.314039	0
HS_HexA6_HexN5_Ac5_S7_pNP	6	5	11	5	7	C82H118N6O85S7	2787.340588	1
HS_HexA6_HexN5_Ac5_S7_pNP	6	5	11	5	7	C82H118N6O85S7	2804.367137	2
HS_HexA6_HexN5_Ac5_S7_pNP	6	5	11	5	7	C82H118N6O85S7	2821.393686	3
HS_HexA6_HexN5_Ac5_S7_pNP	6	5	11	5	7	C82H118N6O85S7	2838.420235	4
HS_HexA6_HexN5_Ac5_S7_pNP	6	5	11	5	7	C82H118N6O85S7	2855.446784	5
HS_HexA6_HexN5_Ac5_S7_pNP	6	5	11	5	7	C82H118N6O85S7	2872.473333	6
HS_HexA6_HexN5_Ac5_S7_pNP	6	5	11	5	7	C82H118N6O85S7	2889.499882	7
HS_HexA6_HexN5_Ac5_S7_pNP	6	5	11	5	7	C82H118N6O85S7	2906.526432	8
HS_HexA6_HexN5_Ac5_S7_pNP	6	5	11	5	7	C82H118N6O85S7	2923.552981	9
HS_HexA6_HexN5_Ac5_S7_pNP	6	5	11	5	7	C82H118N6O85S7	2940.579530	10
HS_HexA6_HexN5_Ac5_S7_pNP	6	5	11	5	7	C82H118N6O85S7	2957.606079	11
HS_HexA6_HexN5_Ac5_S7_pNP	6	5	11	5	7	C82H118N6O85S7	2974.632628	12
HS_HexA6_HexN5_Ac5_S7_pNP	6	5	11	5	7	C82H118N6O85S7	2991.659177	13
HS_HexA6_HexN5_Ac5_S8_pNP	6	5	11	5	8	C82H118N6O88S8	2850.270854	0
HS_HexA6_HexN5_Ac5_S8_pNP	6	5	11	5	8	C82H118N6O88S8	2867.297403	1
HS_HexA6_HexN5_Ac5_S8_pNP	6	5	11	5	8	C82H118N6O88S8	2884.323952	2
HS_HexA6_HexN5_Ac5_S8_pNP	6	5	11	5	8	C82H118N6O88S8	2901.350501	3
HS_HexA6_HexN5_Ac5_S8_pNP	6	5	11	5	8	C82H118N6O88S8	2918.377050	4
HS_HexA6_HexN5_Ac5_S8_pNP	6	5	11	5	8	C82H118N6O88S8	2935.403599	5
HS_HexA6_HexN5_Ac5_S8_pNP	6	5	11	5	8	C82H118N6O88S8	2952.430148	6
HS_HexA6_HexN5_Ac5_S8_pNP	6	5	11	5	8	C82H118N6O88S8	2969.456697	7
HS_HexA6_HexN5_Ac5_S8_pNP	6	5	11	5	8	C82H118N6O88S8	2986.483247	8
HS_HexA6_HexN5_Ac5_S8_pNP	6	5	11	5	8	C82H118N6O88S8	3003.509796	9
HS_HexA6_HexN5_Ac5_S8_pNP	6	5	11	5	8	C82H118N6O88S8	3020.536345	10
HS_HexA6_HexN5_Ac5_S8_pNP	6	5	11	5	8	C82H118N6O88S8	3037.562894	11
HS_HexA6_HexN5_Ac5_S8_pNP	6	5	11	5	8	C82H118N6O88S8	3054.589443	12
HS_HexA6_HexN5_Ac5_S8_pNP	6	5	11	5	8	C82H118N6O88S8	3071.615992	13
HS_HexA6_HexN5_Ac5_S8_pNP	6	5	11	5	8	C82H118N6O88S8	3088.642541	14
HS_HexA6_HexN5_Ac5_S9_pNP	6	5	11	5	9	C82H118N6O91S9	2930.227669	0
HS_HexA6_HexN5_Ac5_S9_pNP	6	5	11	5	9	C82H118N6O91S9	2947.254218	1
HS_HexA6_HexN5_Ac5_S9_pNP	6	5	11	5	9	C82H118N6O91S9	2964.280767	2
HS_HexA6_HexN5_Ac5_S9_pNP	6	5	11	5	9	C82H118N6O91S9	2981.307316	3
HS_HexA6_HexN5_Ac5_S9_pNP	6	5	11	5	9	C82H118N6O91S9	2998.333865	4
HS_HexA6_HexN5_Ac5_S9_pNP	6	5	11	5	9	C82H118N6O91S9	3015.360414	5
HS_HexA6_HexN5_Ac5_S9_pNP	6	5	11	5	9	C82H118N6O91S9	3032.386963	6
HS_HexA6_HexN5_Ac5_S9_pNP	6	5	11	5	9	C82H118N6O91S9	3049.413512	7
HS_HexA6_HexN5_Ac5_S9_pNP	6	5	11	5	9	C82H118N6O91S9	3066.440062	8
HS_HexA6_HexN5_Ac5_S9_pNP	6	5	11	5	9	C82H118N6O91S9	3083.466611	9
HS_HexA6_HexN5_Ac5_S9_pNP	6	5	11	5	9	C82H118N6O91S9	3100.493160	10
HS_HexA6_HexN5_Ac5_S9_pNP	6	5	11	5	9	C82H118N6O91S9	3117.519709	11
HS_HexA6_HexN5_Ac5_S9_pNP	6	5	11	5	9	C82H118N6O91S9	3134.546258	12
HS_HexA6_HexN5_Ac5_S9_pNP	6	5	11	5	9	C82H118N6O91S9	3151.572807	13
HS_HexA6_HexN5_Ac5_S9_pNP	6	5	11	5	9	C82H118N6O91S9	3168.599356	14
HS_HexA6_HexN5_Ac5_S9_pNP	6	5	11	5	9	C82H118N6O91S9	3185.625905	15
HS_HexA6_HexN5_Ac5_S10_pNP	6	5	11	5	10	C82H118N6O94S10	3010.184484	0
HS_HexA6_HexN5_Ac5_S10_pNP	6	5	11	5	10	C82H118N6O94S10	3027.211033	1
HS_HexA6_HexN5_Ac5_S10_pNP	6	5	11	5	10	C82H118N6O94S10	3044.237582	2
HS_HexA6_HexN5_Ac5_S10_pNP	6	5	11	5	10	C82H118N6O94S10	3061.264131	3
HS_HexA6_HexN5_Ac5_S10_pNP	6	5	11	5	10	C82H118N6O94S10	3078.290680	4
HS_HexA6_HexN5_Ac5_S10_pNP	6	5	11	5	10	C82H118N6O94S10	3095.317229	5
HS_HexA6_HexN5_Ac5_S10_pNP	6	5	11	5	10	C82H118N6O94S10	3112.343778	6
HS_HexA6_HexN5_Ac5_S10_pNP	6	5	11	5	10	C82H118N6O94S10	3129.370328	7
HS_HexA6_HexN5_Ac5_S10_pNP	6	5	11	5	10	C82H118N6O94S10	3146.396877	8
HS_HexA6_HexN5_Ac5_S10_pNP	6	5	11	5	10	C82H118N6O94S10	3163.423426	9
HS_HexA6_HexN5_Ac5_S10_pNP	6	5	11	5	10	C82H118N6O94S10	3180.449975	10
HS_HexA6_HexN5_Ac5_S10_pNP	6	5	11	5	10	C82H118N6O94S10	3197.476524	11
HS_HexA6_HexN5_Ac5_S10_pNP	6	5	11	5	10	C82H118N6O94S10	3214.503073	12
HS_HexA6_HexN5_Ac5_S10_pNP	6	5	11	5	10	C82H118N6O94S10	3231.529622	13
HS_HexA6_HexN5_Ac5_S10_pNP	6	5	11	5	10	C82H118N6O94S10	3248.556171	14
HS_HexA6_HexN5_Ac5_S10_pNP	6	5	11	5	10	C82H118N6O94S10	3265.582720	15
HS_HexA6_HexN5_Ac5_S10_pNP	6	5	11	5	10	C82H118N6O94S10	3282.609269	16
HS_HexA6_HexN5_Ac5_S11_pNP	6	5	11	5	11	C82H118N6O97S11	3090.141299	0
HS_HexA6_HexN5_Ac5_S11_pNP	6	5	11	5	11	C82H118N6O97S11	3107.167848	1
HS_HexA6_HexN5_Ac5_S11_pNP	6	5	11	5	11	C82H118N6O97S11	3124.194397	2
HS_HexA6_HexN5_Ac5_S11_pNP	6	5	11	5	11	C82H118N6O97S11	3141.220946	3
HS_HexA6_HexN5_Ac5_S11_pNP	6	5	11	5	11	C82H118N6O97S11	3158.247495	4
HS_HexA6_HexN5_Ac5_S11_pNP	6	5	11	5	11	C82H118N6O97S11	3175.274044	5
HS_HexA6_HexN5_Ac5_S11_pNP	6	5	11	5	11	C82H118N6O97S11	3192.300593	6
HS_HexA6_HexN5_Ac5_S11_pNP	6	5	11	5	11	C82H118N6O97S11	3209.327143	7
HS_HexA6_HexN5_Ac5_S11_pNP	6	5	11	5	11	C82H118N6O97S11	3226.353692	8
HS_HexA6_HexN5_Ac5_S11_pNP	6	5	11	5	11	C82H118N6O97S11	3243.380241	9
HS_HexA6_HexN5_Ac5_S11_pNP	6	5	11	5	11	C82H118N6O97S11	3260.406790	10
HS_HexA6_HexN5_Ac5_S11_pNP	6	5	11	5	11	C82H118N6O97S11	3277.433339	11
HS_HexA6_HexN5_Ac5_S11_pNP	6	5	11	5	11	C82H118N6O97S11	3294.459888	12
HS_HexA6_HexN5_Ac5_S11_pNP	6	5	11	5	11	C82H118N6O97S11	3311.486437	13
HS_HexA6_HexN5_Ac5_S11_pNP	6	5	11	5	11	C82H118N6O97S11	3328.512986	14
HS_HexA6_HexN5_Ac5_S11_pNP	6	5	11	5	11	C82H118N6O97S11	3345.539535	15
HS_HexA6_HexN5_Ac5_S11_pNP	6	5	11	5	11	C82H118N6O97S11	3362.566084	16
HS_HexA6_HexN5_Ac5_S11_pNP	6	5	11	5	11	C82H118N6O97S11	3379.592634	17
HS_HexA6_HexN5_Ac5_S12_pNP	6	5	11	5	12	C82H118N6O100S12	3170.098114	0
HS_HexA6_HexN5_Ac5_S12_pNP	6	5	11	5	12	C82H118N6O100S12	3187.124663	1
HS_HexA6_HexN5_Ac5_S12_pNP	6	5	11	5	12	C82H118N6O100S12	3204.151212	2
HS_HexA6_HexN5_Ac5_S12_pNP	6	5	11	5	12	C82H118N6O100S12	3221.177761	3
HS_HexA6_HexN5_Ac5_S12_pNP	6	5	11	5	12	C82H118N6O100S12	3238.204310	4
HS_HexA6_HexN5_Ac5_S12_pNP	6	5	11	5	12	C82H118N6O100S12	3255.230859	5
HS_HexA6_HexN5_Ac5_S12_pNP	6	5	11	5	12	C82H118N6O100S12	3272.257408	6
HS_HexA6_HexN5_Ac5_S12_pNP	6	5	11	5	12	C82H118N6O100S12	3289.283958	7
HS_HexA6_HexN5_Ac5_S12_pNP	6	5	11	5	12	C82H118N6O100S12	3306.310507	8
HS_HexA6_HexN5_Ac5_S12_pNP	6	5	11	5	12	C82H118N6O100S12	3323.337056	9
HS_HexA6_HexN5_Ac5_S12_pNP	6	5	11	5	12	C82H118N6O100S12	3340.363605	10
HS_HexA6_HexN5_Ac5_S12_pNP	6	5	11	5	12	C82H118N6O100S12	3357.390154	11
HS_HexA6_HexN5_Ac5_S12_pNP	6	5	11	5	12	C82H118N6O100S12	3374.416703	12
HS_HexA6_HexN5_Ac5_S12_pNP	6	5	11	5	12	C82H118N6O100S12	3391.443252	13
HS_HexA6_HexN5_Ac5_S12_pNP	6	5	11	5	12	C82H118N6O100S12	3408.469801	14
HS_HexA6_HexN5_Ac5_S12_pNP	6	5	11	5	12	C82H118N6O100S12	3425.496350	15
HS_HexA6_HexN5_Ac5_S12_pNP	6	5	11	5	12	C82H118N6O100S12	3442.522899	16
HS_HexA6_HexN5_Ac5_S12_pNP	6	5	11	5	12	C82H118N6O100S12	3459.549449	17
HS_HexA6_HexN5_Ac5_S12_pNP	6	5	11	5	12	C82H118N6O100S12	3476.575998	18
HS_HexA6_HexN5_Ac5_S13_pNP	6	5	11	5	13	C82H118N6O103S13	3250.054929	0
HS_HexA6_HexN5_Ac5_S13_pNP	6	5	11	5	13	C82H118N6O103S13	3267.081478	1
HS_HexA6_HexN5_Ac5_S13_pNP	6	5	11	5	13	C82H118N6O103S13	3284.108027	2
HS_HexA6_HexN5_Ac5_S13_pNP	6	5	11	5	13	C82H118N6O103S13	3301.134576	3
HS_HexA6_HexN5_Ac5_S13_pNP	6	5	11	5	13	C82H118N6O103S13	3318.161125	4
HS_HexA6_HexN5_Ac5_S13_pNP	6	5	11	5	13	C82H118N6O103S13	3335.187674	5
HS_HexA6_HexN5_Ac5_S13_pNP	6	5	11	5	13	C82H118N6O103S13	3352.214224	6
HS_HexA6_HexN5_Ac5_S13_pNP	6	5	11	5	13	C82H118N6O103S13	3369.240773	7
HS_HexA6_HexN5_Ac5_S13_pNP	6	5	11	5	13	C82H118N6O103S13	3386.267322	8
HS_HexA6_HexN5_Ac5_S13_pNP	6	5	11	5	13	C82H118N6O103S13	3403.293871	9
HS_HexA6_HexN5_Ac5_S13_pNP	6	5	11	5	13	C82H118N6O103S13	3420.320420	10
HS_HexA6_HexN5_Ac5_S13_pNP	6	5	11	5	13	C82H118N6O103S13	3437.346969	11
HS_HexA6_HexN5_Ac5_S13_pNP	6	5	11	5	13	C82H118N6O103S13	3454.373518	12
HS_HexA6_HexN5_Ac5_S13_pNP	6	5	11	5	13	C82H118N6O103S13	3471.400067	13
HS_HexA6_HexN5_Ac5_S13_pNP	6	5	11	5	13	C82H118N6O103S13	3488.426616	14
HS_HexA6_HexN5_Ac5_S13_pNP	6	5	11	5	13	C82H118N6O103S13	3505.453165	15
HS_HexA6_HexN5_Ac5_S13_pNP	6	5	11	5	13	C82H118N6O103S13	3522.479715	16
HS_HexA6_HexN5_Ac5_S13_pNP	6	5	11	5	13	C82H118N6O103S13	3539.506264	17
HS_HexA6_HexN5_Ac5_S13_pNP	6	5	11	5	13	C82H118N6O103S13	3556.532813	18
HS_HexA6_HexN5_Ac5_S13_pNP	6	5	11	5	13	C82H118N6O103S13	3573.559362	19
HS_HexA6_HexN5_Ac5_S14_pNP	6	5	11	5	14	C82H118N6O106S14	3330.011744	0
HS_HexA6_HexN5_Ac5_S14_pNP	6	5	11	5	14	C82H118N6O106S14	3347.038293	1
HS_HexA6_HexN5_Ac5_S14_pNP	6	5	11	5	14	C82H118N6O106S14	3364.064842	2
HS_HexA6_HexN5_Ac5_S14_pNP	6	5	11	5	14	C82H118N6O106S14	3381.091391	3
HS_HexA6_HexN5_Ac5_S14_pNP	6	5	11	5	14	C82H118N6O106S14	3398.117940	4
HS_HexA6_HexN5_Ac5_S14_pNP	6	5	11	5	14	C82H118N6O106S14	3415.144489	5
HS_HexA6_HexN5_Ac5_S14_pNP	6	5	11	5	14	C82H118N6O106S14	3432.171039	6
HS_HexA6_HexN5_Ac5_S14_pNP	6	5	11	5	14	C82H118N6O106S14	3449.197588	7
HS_HexA6_HexN5_Ac5_S14_pNP	6	5	11	5	14	C82H118N6O106S14	3466.224137	8
HS_HexA6_HexN5_Ac5_S14_pNP	6	5	11	5	14	C82H118N6O106S14	3483.250686	9
HS_HexA6_HexN5_Ac5_S14_pNP	6	5	11	5	14	C82H118N6O106S14	3500.277235	10
HS_HexA6_HexN5_Ac5_S14_pNP	6	5	11	5	14	C82H118N6O106S14	3517.303784	11
HS_HexA6_HexN5_Ac5_S14_pNP	6	5	11	5	14	C82H118N6O106S14	3534.330333	12
HS_HexA6_HexN5_Ac5_S14_pNP	6	5	11	5	14	C82H118N6O106S14	3551.356882	13
HS_HexA6_HexN5_Ac5_S14_pNP	6	5	11	5	14	C82H118N6O106S14	3568.383431	14
HS_HexA6_HexN5_Ac5_S14_pNP	6	5	11	5	14	C82H118N6O106S14	3585.409980	15
HS_HexA6_HexN5_Ac5_S14_pNP	6	5	11	5	14	C82H118N6O106S14	3602.436530	16
HS_HexA6_HexN5_Ac5_S14_pNP	6	5	11	5	14	C82H118N6O106S14	3619.463079	17
HS_HexA6_HexN5_Ac5_S14_pNP	6	5	11	5	14	C82H118N6O106S14	3636.489628	18
HS_HexA6_HexN5_Ac5_S14_pNP	6	5	11	5	14	C82H118N6O106S14	3653.516177	19
HS_HexA6_HexN5_Ac5_S14_pNP	6	5	11	5	14	C82H118N6O106S14	3670.542726	20
HS_HexA6_HexN5_Ac5_S15_pNP	6	5	11	5	15	C82H118N6O109S15	3409.968559	0
HS_HexA6_HexN5_Ac5_S15_pNP	6	5	11	5	15	C82H118N6O109S15	3426.995108	1
HS_HexA6_HexN5_Ac5_S15_pNP	6	5	11	5	15	C82H118N6O109S15	3444.021657	2
HS_HexA6_HexN5_Ac5_S15_pNP	6	5	11	5	15	C82H118N6O109S15	3461.048206	3
HS_HexA6_HexN5_Ac5_S15_pNP	6	5	11	5	15	C82H118N6O109S15	3478.074755	4
HS_HexA6_HexN5_Ac5_S15_pNP	6	5	11	5	15	C82H118N6O109S15	3495.101304	5
HS_HexA6_HexN5_Ac5_S15_pNP	6	5	11	5	15	C82H118N6O109S15	3512.127854	6
HS_HexA6_HexN5_Ac5_S15_pNP	6	5	11	5	15	C82H118N6O109S15	3529.154403	7
HS_HexA6_HexN5_Ac5_S15_pNP	6	5	11	5	15	C82H118N6O109S15	3546.180952	8
HS_HexA6_HexN5_Ac5_S15_pNP	6	5	11	5	15	C82H118N6O109S15	3563.207501	9
HS_HexA6_HexN5_Ac5_S15_pNP	6	5	11	5	15	C82H118N6O109S15	3580.234050	10
HS_HexA6_HexN5_Ac5_S15_pNP	6	5	11	5	15	C82H118N6O109S15	3597.260599	11
HS_HexA6_HexN5_Ac5_S15_pNP	6	5	11	5	15	C82H118N6O109S15	3614.287148	12
HS_HexA6_HexN5_Ac5_S15_pNP	6	5	11	5	15	C82H118N6O109S15	3631.313697	13
HS_HexA6_HexN5_Ac5_S15_pNP	6	5	11	5	15	C82H118N6O109S15	3648.340246	14
HS_HexA6_HexN5_Ac5_S15_pNP	6	5	11	5	15	C82H118N6O109S15	3665.366795	15
HS_HexA6_HexN5_Ac5_S15_pNP	6	5	11	5	15	C82H118N6O109S15	3682.393345	16
HS_HexA6_HexN5_Ac5_S15_pNP	6	5	11	5	15	C82H118N6O109S15	3699.419894	17
HS_HexA6_HexN5_Ac5_S15_pNP	6	5	11	5	15	C82H118N6O109S15	3716.446443	18
HS_HexA6_HexN5_Ac5_S15_pNP	6	5	11	5	15	C82H118N6O109S15	3733.472992	19
HS_HexA6_HexN5_Ac5_S15_pNP	6	5	11	5	15	C82H118N6O109S15	3750.499541	20
HS_HexA6_HexN5_Ac5_S15_pNP	6	5	11	5	15	C82H118N6O109S15	3767.526090	21
HS_HexA6_HexN6_Ac0_S0_pNP	6	6	12	0	0	C78H119N7O63	2161.632318	0
HS_HexA6_HexN6_Ac0_S0_pNP	6	6	12	0	0	C78H119N7O63	2178.658867	1
HS_HexA6_HexN6_Ac0_S0_pNP	6	6	12	0	0	C78H119N7O63	2195.685416	2
HS_HexA6_HexN6_Ac0_S0_pNP	6	6	12	0	0	C78H119N7O63	2212.711965	3
HS_HexA6_HexN6_Ac0_S0_pNP	6	6	12	0	0	C78H119N7O63	2229.738514	4
HS_HexA6_HexN6_Ac0_S0_pNP	6	6	12	0	0	C78H119N7O63	2246.765063	5
HS_HexA6_HexN6_Ac0_S0_pNP	6	6	12	0	0	C78H119N7O63	2263.791613	6
HS_HexA6_HexN6_Ac0_S1_pNP	6	6	12	0	1	C78H119N7O66S	2241.589133	0
HS_HexA6_HexN6_Ac0_S1_pNP	6	6	12	0	1	C78H119N7O66S	2258.615682	1
HS_HexA6_HexN6_Ac0_S1_pNP	6	6	12	0	1	C78H119N7O66S	2275.642231	2
HS_HexA6_HexN6_Ac0_S1_pNP	6	6	12	0	1	C78H119N7O66S	2292.668780	3
HS_HexA6_HexN6_Ac0_S1_pNP	6	6	12	0	1	C78H119N7O66S	2309.695329	4
HS_HexA6_HexN6_Ac0_S1_pNP	6	6	12	0	1	C78H119N7O66S	2326.721878	5
HS_HexA6_HexN6_Ac0_S1_pNP	6	6	12	0	1	C78H119N7O66S	2343.748428	6
HS_HexA6_HexN6_Ac0_S1_pNP	6	6	12	0	1	C78H119N7O66S	2360.774977	7
HS_HexA6_HexN6_Ac0_S2_pNP	6	6	12	0	2	C78H119N7O69S2	2321.545948	0
HS_HexA6_HexN6_Ac0_S2_pNP	6	6	12	0	2	C78H119N7O69S2	2338.572497	1
HS_HexA6_HexN6_Ac0_S2_pNP	6	6	12	0	2	C78H119N7O69S2	2355.599046	2
HS_HexA6_HexN6_Ac0_S2_pNP	6	6	12	0	2	C78H119N7O69S2	2372.625595	3
HS_HexA6_HexN6_Ac0_S2_pNP	6	6	12	0	2	C78H119N7O69S2	2389.652144	4
HS_HexA6_HexN6_Ac0_S2_pNP	6	6	12	0	2	C78H119N7O69S2	2406.678693	5
HS_HexA6_HexN6_Ac0_S2_pNP	6	6	12	0	2	C78H119N7O69S2	2423.705243	6
HS_HexA6_HexN6_Ac0_S2_pNP	6	6	12	0	2	C78H119N7O69S2	2440.731792	7
HS_HexA6_HexN6_Ac0_S2_pNP	6	6	12	0	2	C78H119N7O69S2	2457.758341	8
HS_HexA6_HexN6_Ac0_S3_pNP	6	6	12	0	3	C78H119N7O72S3	2401.502763	0
HS_HexA6_HexN6_Ac0_S3_pNP	6	6	12	0	3	C78H119N7O72S3	2418.529312	1
HS_HexA6_HexN6_Ac0_S3_pNP	6	6	12	0	3	C78H119N7O72S3	2435.555861	2
HS_HexA6_HexN6_Ac0_S3_pNP	6	6	12	0	3	C78H119N7O72S3	2452.582410	3
HS_HexA6_HexN6_Ac0_S3_pNP	6	6	12	0	3	C78H119N7O72S3	2469.608959	4
HS_HexA6_HexN6_Ac0_S3_pNP	6	6	12	0	3	C78H119N7O72S3	2486.635509	5
HS_HexA6_HexN6_Ac0_S3_pNP	6	6	12	0	3	C78H119N7O72S3	2503.662058	6
HS_HexA6_HexN6_Ac0_S3_pNP	6	6	12	0	3	C78H119N7O72S3	2520.688607	7
HS_HexA6_HexN6_Ac0_S3_pNP	6	6	12	0	3	C78H119N7O72S3	2537.715156	8
HS_HexA6_HexN6_Ac0_S3_pNP	6	6	12	0	3	C78H119N7O72S3	2554.741705	9
HS_HexA6_HexN6_Ac0_S4_pNP	6	6	12	0	4	C78H119N7O75S4	2481.459578	0
HS_HexA6_HexN6_Ac0_S4_pNP	6	6	12	0	4	C78H119N7O75S4	2498.486127	1
HS_HexA6_HexN6_Ac0_S4_pNP	6	6	12	0	4	C78H119N7O75S4	2515.512676	2
HS_HexA6_HexN6_Ac0_S4_pNP	6	6	12	0	4	C78H119N7O75S4	2532.539225	3
HS_HexA6_HexN6_Ac0_S4_pNP	6	6	12	0	4	C78H119N7O75S4	2549.565774	4
HS_HexA6_HexN6_Ac0_S4_pNP	6	6	12	0	4	C78H119N7O75S4	2566.592324	5
HS_HexA6_HexN6_Ac0_S4_pNP	6	6	12	0	4	C78H119N7O75S4	2583.618873	6
HS_HexA6_HexN6_Ac0_S4_pNP	6	6	12	0	4	C78H119N7O75S4	2600.645422	7
HS_HexA6_HexN6_Ac0_S4_pNP	6	6	12	0	4	C78H119N7O75S4	2617.671971	8
HS_HexA6_HexN6_Ac0_S4_pNP	6	6	12	0	4	C78H119N7O75S4	2634.698520	9
HS_HexA6_HexN6_Ac0_S4_pNP	6	6	12	0	4	C78H119N7O75S4	2651.725069	10
HS_HexA6_HexN6_Ac0_S5_pNP	6	6	12	0	5	C78H119N7O78S5	2561.416393	0
HS_HexA6_HexN6_Ac0_S5_pNP	6	6	12	0	5	C78H119N7O78S5	2578.442942	1
HS_HexA6_HexN6_Ac0_S5_pNP	6	6	12	0	5	C78H119N7O78S5	2595.469491	2
HS_HexA6_HexN6_Ac0_S5_pNP	6	6	12	0	5	C78H119N7O78S5	2612.496040	3
HS_HexA6_HexN6_Ac0_S5_pNP	6	6	12	0	5	C78H119N7O78S5	2629.522589	4
HS_HexA6_HexN6_Ac0_S5_pNP	6	6	12	0	5	C78H119N7O78S5	2646.549139	5
HS_HexA6_HexN6_Ac0_S5_pNP	6	6	12	0	5	C78H119N7O78S5	2663.575688	6
HS_HexA6_HexN6_Ac0_S5_pNP	6	6	12	0	5	C78H119N7O78S5	2680.602237	7
HS_HexA6_HexN6_Ac0_S5_pNP	6	6	12	0	5	C78H119N7O78S5	2697.628786	8
HS_HexA6_HexN6_Ac0_S5_pNP	6	6	12	0	5	C78H119N7O78S5	2714.655335	9
HS_HexA6_HexN6_Ac0_S5_pNP	6	6	12	0	5	C78H119N7O78S5	2731.681884	10
HS_HexA6_HexN6_Ac0_S5_pNP	6	6	12	0	5	C78H119N7O78S5	2748.708433	11
HS_HexA6_HexN6_Ac0_S6_pNP	6	6	12	0	6	C78H119N7O81S6	2641.373208	0
HS_HexA6_HexN6_Ac0_S6_pNP	6	6	12	0	6	C78H119N7O81S6	2658.399757	1
HS_HexA6_HexN6_Ac0_S6_pNP	6	6	12	0	6	C78H119N7O81S6	2675.426306	2
HS_HexA6_HexN6_Ac0_S6_pNP	6	6	12	0	6	C78H119N7O81S6	2692.452855	3
HS_HexA6_HexN6_Ac0_S6_pNP	6	6	12	0	6	C78H119N7O81S6	2709.479405	4
HS_HexA6_HexN6_Ac0_S6_pNP	6	6	12	0	6	C78H119N7O81S6	2726.505954	5
HS_HexA6_HexN6_Ac0_S6_pNP	6	6	12	0	6	C78H119N7O81S6	2743.532503	6
HS_HexA6_HexN6_Ac0_S6_pNP	6	6	12	0	6	C78H119N7O81S6	2760.559052	7
HS_HexA6_HexN6_Ac0_S6_pNP	6	6	12	0	6	C78H119N7O81S6	2777.585601	8
HS_HexA6_HexN6_Ac0_S6_pNP	6	6	12	0	6	C78H119N7O81S6	2794.612150	9
HS_HexA6_HexN6_Ac0_S6_pNP	6	6	12	0	6	C78H119N7O81S6	2811.638699	10
HS_HexA6_HexN6_Ac0_S6_pNP	6	6	12	0	6	C78H119N7O81S6	2828.665248	11
HS_HexA6_HexN6_Ac0_S6_pNP	6	6	12	0	6	C78H119N7O81S6	2845.691797	12
HS_HexA6_HexN6_Ac0_S7_pNP	6	6	12	0	7	C78H119N7O84S7	2721.330023	0
HS_HexA6_HexN6_Ac0_S7_pNP	6	6	12	0	7	C78H119N7O84S7	2738.356572	1
HS_HexA6_HexN6_Ac0_S7_pNP	6	6	12	0	7	C78H119N7O84S7	2755.383121	2
HS_HexA6_HexN6_Ac0_S7_pNP	6	6	12	0	7	C78H119N7O84S7	2772.409670	3
HS_HexA6_HexN6_Ac0_S7_pNP	6	6	12	0	7	C78H119N7O84S7	2789.436220	4
HS_HexA6_HexN6_Ac0_S7_pNP	6	6	12	0	7	C78H119N7O84S7	2806.462769	5
HS_HexA6_HexN6_Ac0_S7_pNP	6	6	12	0	7	C78H119N7O84S7	2823.489318	6
HS_HexA6_HexN6_Ac0_S7_pNP	6	6	12	0	7	C78H119N7O84S7	2840.515867	7
HS_HexA6_HexN6_Ac0_S7_pNP	6	6	12	0	7	C78H119N7O84S7	2857.542416	8
HS_HexA6_HexN6_Ac0_S7_pNP	6	6	12	0	7	C78H119N7O84S7	2874.568965	9
HS_HexA6_HexN6_Ac0_S7_pNP	6	6	12	0	7	C78H119N7O84S7	2891.595514	10
HS_HexA6_HexN6_Ac0_S7_pNP	6	6	12	0	7	C78H119N7O84S7	2908.622063	11
HS_HexA6_HexN6_Ac0_S7_pNP	6	6	12	0	7	C78H119N7O84S7	2925.648612	12
HS_HexA6_HexN6_Ac0_S7_pNP	6	6	12	0	7	C78H119N7O84S7	2942.675161	13
HS_HexA6_HexN6_Ac0_S8_pNP	6	6	12	0	8	C78H119N7O87S8	2801.286838	0
HS_HexA6_HexN6_Ac0_S8_pNP	6	6	12	0	8	C78H119N7O87S8	2818.313387	1
HS_HexA6_HexN6_Ac0_S8_pNP	6	6	12	0	8	C78H119N7O87S8	2835.339936	2
HS_HexA6_HexN6_Ac0_S8_pNP	6	6	12	0	8	C78H119N7O87S8	2852.366485	3
HS_HexA6_HexN6_Ac0_S8_pNP	6	6	12	0	8	C78H119N7O87S8	2869.393035	4
HS_HexA6_HexN6_Ac0_S8_pNP	6	6	12	0	8	C78H119N7O87S8	2886.419584	5
HS_HexA6_HexN6_Ac0_S8_pNP	6	6	12	0	8	C78H119N7O87S8	2903.446133	6
HS_HexA6_HexN6_Ac0_S8_pNP	6	6	12	0	8	C78H119N7O87S8	2920.472682	7
HS_HexA6_HexN6_Ac0_S8_pNP	6	6	12	0	8	C78H119N7O87S8	2937.499231	8
HS_HexA6_HexN6_Ac0_S8_pNP	6	6	12	0	8	C78H119N7O87S8	2954.525780	9
HS_HexA6_HexN6_Ac0_S8_pNP	6	6	12	0	8	C78H119N7O87S8	2971.552329	10
HS_HexA6_HexN6_Ac0_S8_pNP	6	6	12	0	8	C78H119N7O87S8	2988.578878	11
HS_HexA6_HexN6_Ac0_S8_pNP	6	6	12	0	8	C78H119N7O87S8	3005.605427	12
HS_HexA6_HexN6_Ac0_S8_pNP	6	6	12	0	8	C78H119N7O87S8	3022.631976	13
HS_HexA6_HexN6_Ac0_S8_pNP	6	6	12	0	8	C78H119N7O87S8	3039.658526	14
HS_HexA6_HexN6_Ac0_S9_pNP	6	6	12	0	9	C78H119N7O90S9	2881.243653	0
HS_HexA6_HexN6_Ac0_S9_pNP	6	6	12	0	9	C78H119N7O90S9	2898.270202	1
HS_HexA6_HexN6_Ac0_S9_pNP	6	6	12	0	9	C78H119N7O90S9	2915.296751	2
HS_HexA6_HexN6_Ac0_S9_pNP	6	6	12	0	9	C78H119N7O90S9	2932.323301	3
HS_HexA6_HexN6_Ac0_S9_pNP	6	6	12	0	9	C78H119N7O90S9	2949.349850	4
HS_HexA6_HexN6_Ac0_S9_pNP	6	6	12	0	9	C78H119N7O90S9	2966.376399	5
HS_HexA6_HexN6_Ac0_S9_pNP	6	6	12	0	9	C78H119N7O90S9	2983.402948	6
HS_HexA6_HexN6_Ac0_S9_pNP	6	6	12	0	9	C78H119N7O90S9	3000.429497	7
HS_HexA6_HexN6_Ac0_S9_pNP	6	6	12	0	9	C78H119N7O90S9	3017.456046	8
HS_HexA6_HexN6_Ac0_S9_pNP	6	6	12	0	9	C78H119N7O90S9	3034.482595	9
HS_HexA6_HexN6_Ac0_S9_pNP	6	6	12	0	9	C78H119N7O90S9	3051.509144	10
HS_HexA6_HexN6_Ac0_S9_pNP	6	6	12	0	9	C78H119N7O90S9	3068.535693	11
HS_HexA6_HexN6_Ac0_S9_pNP	6	6	12	0	9	C78H119N7O90S9	3085.562242	12
HS_HexA6_HexN6_Ac0_S9_pNP	6	6	12	0	9	C78H119N7O90S9	3102.588792	13
HS_HexA6_HexN6_Ac0_S9_pNP	6	6	12	0	9	C78H119N7O90S9	3119.615341	14
HS_HexA6_HexN6_Ac0_S9_pNP	6	6	12	0	9	C78H119N7O90S9	3136.641890	15
HS_HexA6_HexN6_Ac0_S10_pNP	6	6	12	0	10	C78H119N7O93S10	2961.200468	0
HS_HexA6_HexN6_Ac0_S10_pNP	6	6	12	0	10	C78H119N7O93S10	2978.227017	1
HS_HexA6_HexN6_Ac0_S10_pNP	6	6	12	0	10	C78H119N7O93S10	2995.253566	2
HS_HexA6_HexN6_Ac0_S10_pNP	6	6	12	0	10	C78H119N7O93S10	3012.280116	3
HS_HexA6_HexN6_Ac0_S10_pNP	6	6	12	0	10	C78H119N7O93S10	3029.306665	4
HS_HexA6_HexN6_Ac0_S10_pNP	6	6	12	0	10	C78H119N7O93S10	3046.333214	5
HS_HexA6_HexN6_Ac0_S10_pNP	6	6	12	0	10	C78H119N7O93S10	3063.359763	6
HS_HexA6_HexN6_Ac0_S10_pNP	6	6	12	0	10	C78H119N7O93S10	3080.386312	7
HS_HexA6_HexN6_Ac0_S10_pNP	6	6	12	0	10	C78H119N7O93S10	3097.412861	8
HS_HexA6_HexN6_Ac0_S10_pNP	6	6	12	0	10	C78H119N7O93S10	3114.439410	9
HS_HexA6_HexN6_Ac0_S10_pNP	6	6	12	0	10	C78H119N7O93S10	3131.465959	10
HS_HexA6_HexN6_Ac0_S10_pNP	6	6	12	0	10	C78H119N7O93S10	3148.492508	11
HS_HexA6_HexN6_Ac0_S10_pNP	6	6	12	0	10	C78H119N7O93S10	3165.519057	12
HS_HexA6_HexN6_Ac0_S10_pNP	6	6	12	0	10	C78H119N7O93S10	3182.545607	13
HS_HexA6_HexN6_Ac0_S10_pNP	6	6	12	0	10	C78H119N7O93S10	3199.572156	14
HS_HexA6_HexN6_Ac0_S10_pNP	6	6	12	0	10	C78H119N7O93S10	3216.598705	15
HS_HexA6_HexN6_Ac0_S10_pNP	6	6	12	0	10	C78H119N7O93S10	3233.625254	16
HS_HexA6_HexN6_Ac0_S11_pNP	6	6	12	0	11	C78H119N7O96S11	3041.157283	0
HS_HexA6_HexN6_Ac0_S11_pNP	6	6	12	0	11	C78H119N7O96S11	3058.183832	1
HS_HexA6_HexN6_Ac0_S11_pNP	6	6	12	0	11	C78H119N7O96S11	3075.210381	2
HS_HexA6_HexN6_Ac0_S11_pNP	6	6	12	0	11	C78H119N7O96S11	3092.236931	3
HS_HexA6_HexN6_Ac0_S11_pNP	6	6	12	0	11	C78H119N7O96S11	3109.263480	4
HS_HexA6_HexN6_Ac0_S11_pNP	6	6	12	0	11	C78H119N7O96S11	3126.290029	5
HS_HexA6_HexN6_Ac0_S11_pNP	6	6	12	0	11	C78H119N7O96S11	3143.316578	6
HS_HexA6_HexN6_Ac0_S11_pNP	6	6	12	0	11	C78H119N7O96S11	3160.343127	7
HS_HexA6_HexN6_Ac0_S11_pNP	6	6	12	0	11	C78H119N7O96S11	3177.369676	8
HS_HexA6_HexN6_Ac0_S11_pNP	6	6	12	0	11	C78H119N7O96S11	3194.396225	9
HS_HexA6_HexN6_Ac0_S11_pNP	6	6	12	0	11	C78H119N7O96S11	3211.422774	10
HS_HexA6_HexN6_Ac0_S11_pNP	6	6	12	0	11	C78H119N7O96S11	3228.449323	11
HS_HexA6_HexN6_Ac0_S11_pNP	6	6	12	0	11	C78H119N7O96S11	3245.475872	12
HS_HexA6_HexN6_Ac0_S11_pNP	6	6	12	0	11	C78H119N7O96S11	3262.502422	13
HS_HexA6_HexN6_Ac0_S11_pNP	6	6	12	0	11	C78H119N7O96S11	3279.528971	14
HS_HexA6_HexN6_Ac0_S11_pNP	6	6	12	0	11	C78H119N7O96S11	3296.555520	15
HS_HexA6_HexN6_Ac0_S11_pNP	6	6	12	0	11	C78H119N7O96S11	3313.582069	16
HS_HexA6_HexN6_Ac0_S11_pNP	6	6	12	0	11	C78H119N7O96S11	3330.608618	17
HS_HexA6_HexN6_Ac0_S12_pNP	6	6	12	0	12	C78H119N7O99S12	3121.114098	0
HS_HexA6_HexN6_Ac0_S12_pNP	6	6	12	0	12	C78H119N7O99S12	3138.140647	1
HS_HexA6_HexN6_Ac0_S12_pNP	6	6	12	0	12	C78H119N7O99S12	3155.167196	2
HS_HexA6_HexN6_Ac0_S12_pNP	6	6	12	0	12	C78H119N7O99S12	3172.193746	3
HS_HexA6_HexN6_Ac0_S12_pNP	6	6	12	0	12	C78H119N7O99S12	3189.220295	4
HS_HexA6_HexN6_Ac0_S12_pNP	6	6	12	0	12	C78H119N7O99S12	3206.246844	5
HS_HexA6_HexN6_Ac0_S12_pNP	6	6	12	0	12	C78H119N7O99S12	3223.273393	6
HS_HexA6_HexN6_Ac0_S12_pNP	6	6	12	0	12	C78H119N7O99S12	3240.299942	7
HS_HexA6_HexN6_Ac0_S12_pNP	6	6	12	0	12	C78H119N7O99S12	3257.326491	8
HS_HexA6_HexN6_Ac0_S12_pNP	6	6	12	0	12	C78H119N7O99S12	3274.353040	9
HS_HexA6_HexN6_Ac0_S12_pNP	6	6	12	0	12	C78H119N7O99S12	3291.379589	10
HS_HexA6_HexN6_Ac0_S12_pNP	6	6	12	0	12	C78H119N7O99S12	3308.406138	11
HS_HexA6_HexN6_Ac0_S12_pNP	6	6	12	0	12	C78H119N7O99S12	3325.432688	12
HS_HexA6_HexN6_Ac0_S12_pNP	6	6	12	0	12	C78H119N7O99S12	3342.459237	13
HS_HexA6_HexN6_Ac0_S12_pNP	6	6	12	0	12	C78H119N7O99S12	3359.485786	14
HS_HexA6_HexN6_Ac0_S12_pNP	6	6	12	0	12	C78H119N7O99S12	3376.512335	15
HS_HexA6_HexN6_Ac0_S12_pNP	6	6	12	0	12	C78H119N7O99S12	3393.538884	16
HS_HexA6_HexN6_Ac0_S12_pNP	6	6	12	0	12	C78H119N7O99S12	3410.565433	17
HS_HexA6_HexN6_Ac0_S12_pNP	6	6	12	0	12	C78H119N7O99S12	3427.591982	18
HS_HexA6_HexN6_Ac0_S13_pNP	6	6	12	0	13	C78H119N7O102S13	3201.070913	0
HS_HexA6_HexN6_Ac0_S13_pNP	6	6	12	0	13	C78H119N7O102S13	3218.097462	1
HS_HexA6_HexN6_Ac0_S13_pNP	6	6	12	0	13	C78H119N7O102S13	3235.124012	2
HS_HexA6_HexN6_Ac0_S13_pNP	6	6	12	0	13	C78H119N7O102S13	3252.150561	3
HS_HexA6_HexN6_Ac0_S13_pNP	6	6	12	0	13	C78H119N7O102S13	3269.177110	4
HS_HexA6_HexN6_Ac0_S13_pNP	6	6	12	0	13	C78H119N7O102S13	3286.203659	5
HS_HexA6_HexN6_Ac0_S13_pNP	6	6	12	0	13	C78H119N7O102S13	3303.230208	6
HS_HexA6_HexN6_Ac0_S13_pNP	6	6	12	0	13	C78H119N7O102S13	3320.256757	7
HS_HexA6_HexN6_Ac0_S13_pNP	6	6	12	0	13	C78H119N7O102S13	3337.283306	8
HS_HexA6_HexN6_Ac0_S13_pNP	6	6	12	0	13	C78H119N7O102S13	3354.309855	9
HS_HexA6_HexN6_Ac0_S13_pNP	6	6	12	0	13	C78H119N7O102S13	3371.336404	10
HS_HexA6_HexN6_Ac0_S13_pNP	6	6	12	0	13	C78H119N7O102S13	3388.362953	11
HS_HexA6_HexN6_Ac0_S13_pNP	6	6	12	0	13	C78H119N7O102S13	3405.389503	12
HS_HexA6_HexN6_Ac0_S13_pNP	6	6	12	0	13	C78H119N7O102S13	3422.416052	13
HS_HexA6_HexN6_Ac0_S13_pNP	6	6	12	0	13	C78H119N7O102S13	3439.442601	14
HS_HexA6_HexN6_Ac0_S13_pNP	6	6	12	0	13	C78H119N7O102S13	3456.469150	15
HS_HexA6_HexN6_Ac0_S13_pNP	6	6	12	0	13	C78H119N7O102S13	3473.495699	16
HS_HexA6_HexN6_Ac0_S13_pNP	6	6	12	0	13	C78H119N7O102S13	3490.522248	17
HS_HexA6_HexN6_Ac0_S13_pNP	6	6	12	0	13	C78H119N7O102S13	3507.548797	18
HS_HexA6_HexN6_Ac0_S13_pNP	6	6	12	0	13	C78H119N7O102S13	3524.575346	19
HS_HexA6_HexN6_Ac0_S14_pNP	6	6	12	0	14	C78H119N7O105S14	3281.027728	0
HS_HexA6_HexN6_Ac0_S14_pNP	6	6	12	0	14	C78H119N7O105S14	3298.054277	1
HS_HexA6_HexN6_Ac0_S14_pNP	6	6	12	0	14	C78H119N7O105S14	3315.080827	2
HS_HexA6_HexN6_Ac0_S14_pNP	6	6	12	0	14	C78H119N7O105S14	3332.107376	3
HS_HexA6_HexN6_Ac0_S14_pNP	6	6	12	0	14	C78H119N7O105S14	3349.133925	4
HS_HexA6_HexN6_Ac0_S14_pNP	6	6	12	0	14	C78H119N7O105S14	3366.160474	5
HS_HexA6_HexN6_Ac0_S14_pNP	6	6	12	0	14	C78H119N7O105S14	3383.187023	6
HS_HexA6_HexN6_Ac0_S14_pNP	6	6	12	0	14	C78H119N7O105S14	3400.213572	7
HS_HexA6_HexN6_Ac0_S14_pNP	6	6	12	0	14	C78H119N7O105S14	3417.240121	8
HS_HexA6_HexN6_Ac0_S14_pNP	6	6	12	0	14	C78H119N7O105S14	3434.266670	9
HS_HexA6_HexN6_Ac0_S14_pNP	6	6	12	0	14	C78H119N7O105S14	3451.293219	10
HS_HexA6_HexN6_Ac0_S14_pNP	6	6	12	0	14	C78H119N7O105S14	3468.319768	11
HS_HexA6_HexN6_Ac0_S14_pNP	6	6	12	0	14	C78H119N7O105S14	3485.346318	12
HS_HexA6_HexN6_Ac0_S14_pNP	6	6	12	0	14	C78H119N7O105S14	3502.372867	13
HS_HexA6_HexN6_Ac0_S14_pNP	6	6	12	0	14	C78H119N7O105S14	3519.399416	14
HS_HexA6_HexN6_Ac0_S14_pNP	6	6	12	0	14	C78H119N7O105S14	3536.425965	15
HS_HexA6_HexN6_Ac0_S14_pNP	6	6	12	0	14	C78H119N7O105S14	3553.452514	16
HS_HexA6_HexN6_Ac0_S14_pNP	6	6	12	0	14	C78H119N7O105S14	3570.479063	17
HS_HexA6_HexN6_Ac0_S14_pNP	6	6	12	0	14	C78H119N7O105S14	3587.505612	18
HS_HexA6_HexN6_Ac0_S14_pNP	6	6	12	0	14	C78H119N7O105S14	3604.532161	19
HS_HexA6_HexN6_Ac0_S14_pNP	6	6	12	0	14	C78H119N7O105S14	3621.558710	20
HS_HexA6_HexN6_Ac0_S15_pNP	6	6	12	0	15	C78H119N7O108S15	3360.984543	0
HS_HexA6_HexN6_Ac0_S15_pNP	6	6	12	0	15	C78H119N7O108S15	3378.011092	1
HS_HexA6_HexN6_Ac0_S15_pNP	6	6	12	0	15	C78H119N7O108S15	3395.037642	2
HS_HexA6_HexN6_Ac0_S15_pNP	6	6	12	0	15	C78H119N7O108S15	3412.064191	3
HS_HexA6_HexN6_Ac0_S15_pNP	6	6	12	0	15	C78H119N7O108S15	3429.090740	4
HS_HexA6_HexN6_Ac0_S15_pNP	6	6	12	0	15	C78H119N7O108S15	3446.117289	5
HS_HexA6_HexN6_Ac0_S15_pNP	6	6	12	0	15	C78H119N7O108S15	3463.143838	6
HS_HexA6_HexN6_Ac0_S15_pNP	6	6	12	0	15	C78H119N7O108S15	3480.170387	7
HS_HexA6_HexN6_Ac0_S15_pNP	6	6	12	0	15	C78H119N7O108S15	3497.196936	8
HS_HexA6_HexN6_Ac0_S15_pNP	6	6	12	0	15	C78H119N7O108S15	3514.223485	9
HS_HexA6_HexN6_Ac0_S15_pNP	6	6	12	0	15	C78H119N7O108S15	3531.250034	10
HS_HexA6_HexN6_Ac0_S15_pNP	6	6	12	0	15	C78H119N7O108S15	3548.276584	11
HS_HexA6_HexN6_Ac0_S15_pNP	6	6	12	0	15	C78H119N7O108S15	3565.303133	12
HS_HexA6_HexN6_Ac0_S15_pNP	6	6	12	0	15	C78H119N7O108S15	3582.329682	13
HS_HexA6_HexN6_Ac0_S15_pNP	6	6	12	0	15	C78H119N7O108S15	3599.356231	14
HS_HexA6_HexN6_Ac0_S15_pNP	6	6	12	0	15	C78H119N7O108S15	3616.382780	15
HS_HexA6_HexN6_Ac0_S15_pNP	6	6	12	0	15	C78H119N7O108S15	3633.409329	16
HS_HexA6_HexN6_Ac0_S15_pNP	6	6	12	0	15	C78H119N7O108S15	3650.435878	17
HS_HexA6_HexN6_Ac0_S15_pNP	6	6	12	0	15	C78H119N7O108S15	3667.462427	18
HS_HexA6_HexN6_Ac0_S15_pNP	6	6	12	0	15	C78H119N7O108S15	3684.488976	19
HS_HexA6_HexN6_Ac0_S15_pNP	6	6	12	0	15	C78H119N7O108S15	3701.515525	20
HS_HexA6_HexN6_Ac0_S15_pNP	6	6	12	0	15	C78H119N7O108S15	3718.542075	21
HS_HexA6_HexN6_Ac0_S16_pNP	6	6	12	0	16	C78H119N7O111S16	3440.941358	0
HS_HexA6_HexN6_Ac0_S16_pNP	6	6	12	0	16	C78H119N7O111S16	3457.967908	1
HS_HexA6_HexN6_Ac0_S16_pNP	6	6	12	0	16	C78H119N7O111S16	3474.994457	2
HS_HexA6_HexN6_Ac0_S16_pNP	6	6	12	0	16	C78H119N7O111S16	3492.021006	3
HS_HexA6_HexN6_Ac0_S16_pNP	6	6	12	0	16	C78H119N7O111S16	3509.047555	4
HS_HexA6_HexN6_Ac0_S16_pNP	6	6	12	0	16	C78H119N7O111S16	3526.074104	5
HS_HexA6_HexN6_Ac0_S16_pNP	6	6	12	0	16	C78H119N7O111S16	3543.100653	6
HS_HexA6_HexN6_Ac0_S16_pNP	6	6	12	0	16	C78H119N7O111S16	3560.127202	7
HS_HexA6_HexN6_Ac0_S16_pNP	6	6	12	0	16	C78H119N7O111S16	3577.153751	8
HS_HexA6_HexN6_Ac0_S16_pNP	6	6	12	0	16	C78H119N7O111S16	3594.180300	9
HS_HexA6_HexN6_Ac0_S16_pNP	6	6	12	0	16	C78H119N7O111S16	3611.206849	10
HS_HexA6_HexN6_Ac0_S16_pNP	6	6	12	0	16	C78H119N7O111S16	3628.233399	11
HS_HexA6_HexN6_Ac0_S16_pNP	6	6	12	0	16	C78H119N7O111S16	3645.259948	12
HS_HexA6_HexN6_Ac0_S16_pNP	6	6	12	0	16	C78H119N7O111S16	3662.286497	13
HS_HexA6_HexN6_Ac0_S16_pNP	6	6	12	0	16	C78H119N7O111S16	3679.313046	14
HS_HexA6_HexN6_Ac0_S16_pNP	6	6	12	0	16	C78H119N7O111S16	3696.339595	15
HS_HexA6_HexN6_Ac0_S16_pNP	6	6	12	0	16	C78H119N7O111S16	3713.366144	16
HS_HexA6_HexN6_Ac0_S16_pNP	6	6	12	0	16	C78H119N7O111S16	3730.392693	17
HS_HexA6_HexN6_Ac0_S16_pNP	6	6	12	0	16	C78H119N7O111S16	3747.419242	18
HS_HexA6_HexN6_Ac0_S16_pNP	6	6	12	0	16	C78H119N7O111S16	3764.445791	19
HS_HexA6_HexN6_Ac0_S16_pNP	6	6	12	0	16	C78H119N7O111S16	3781.472340	20
HS_HexA6_HexN6_Ac0_S16_pNP	6	6	12	0	16	C78H119N7O111S16	3798.498890	21
HS_HexA6_HexN6_Ac0_S16_pNP	6	6	12	0	16	C78H119N7O111S16	3815.525439	22
HS_HexA6_HexN6_Ac0_S17_pNP	6	6	12	0	17	C78H119N7O114S17	3520.898173	0
HS_HexA6_HexN6_Ac0_S17_pNP	6	6	12	0	17	C78H119N7O114S17	3537.924723	1
HS_HexA6_HexN6_Ac0_S17_pNP	6	6	12	0	17	C78H119N7O114S17	3554.951272	2
HS_HexA6_HexN6_Ac0_S17_pNP	6	6	12	0	17	C78H119N7O114S17	3571.977821	3
HS_HexA6_HexN6_Ac0_S17_pNP	6	6	12	0	17	C78H119N7O114S17	3589.004370	4
HS_HexA6_HexN6_Ac0_S17_pNP	6	6	12	0	17	C78H119N7O114S17	3606.030919	5
HS_HexA6_HexN6_Ac0_S17_pNP	6	6	12	0	17	C78H119N7O114S17	3623.057468	6
HS_HexA6_HexN6_Ac0_S17_pNP	6	6	12	0	17	C78H119N7O114S17	3640.084017	7
HS_HexA6_HexN6_Ac0_S17_pNP	6	6	12	0	17	C78H119N7O114S17	3657.110566	8
HS_HexA6_HexN6_Ac0_S17_pNP	6	6	12	0	17	C78H119N7O114S17	3674.137115	9
HS_HexA6_HexN6_Ac0_S17_pNP	6	6	12	0	17	C78H119N7O114S17	3691.163664	10
HS_HexA6_HexN6_Ac0_S17_pNP	6	6	12	0	17	C78H119N7O114S17	3708.190214	11
HS_HexA6_HexN6_Ac0_S17_pNP	6	6	12	0	17	C78H119N7O114S17	3725.216763	12
HS_HexA6_HexN6_Ac0_S17_pNP	6	6	12	0	17	C78H119N7O114S17	3742.243312	13
HS_HexA6_HexN6_Ac0_S17_pNP	6	6	12	0	17	C78H119N7O114S17	3759.269861	14
HS_HexA6_HexN6_Ac0_S17_pNP	6	6	12	0	17	C78H119N7O114S17	3776.296410	15
HS_HexA6_HexN6_Ac0_S17_pNP	6	6	12	0	17	C78H119N7O114S17	3793.322959	16
HS_HexA6_HexN6_Ac0_S17_pNP	6	6	12	0	17	C78H119N7O114S17	3810.349508	17
HS_HexA6_HexN6_Ac0_S17_pNP	6	6	12	0	17	C78H119N7O114S17	3827.376057	18
HS_HexA6_HexN6_Ac0_S17_pNP	6	6	12	0	17	C78H119N7O114S17	3844.402606	19
HS_HexA6_HexN6_Ac0_S17_pNP	6	6	12	0	17	C78H119N7O114S17	3861.429155	20
HS_HexA6_HexN6_Ac0_S17_pNP	6	6	12	0	17	C78H119N7O114S17	3878.455705	21
HS_HexA6_HexN6_Ac0_S17_pNP	6	6	12	0	17	C78H119N7O114S17	3895.482254	22
HS_HexA6_HexN6_Ac0_S17_pNP	6	6	12	0	17	C78H119N7O114S17	3912.508803	23
HS_HexA6_HexN6_Ac0_S18_pNP	6	6	12	0	18	C78H119N7O117S18	3600.854988	0
HS_HexA6_HexN6_Ac0_S18_pNP	6	6	12	0	18	C78H119N7O117S18	3617.881538	1
HS_HexA6_HexN6_Ac0_S18_pNP	6	6	12	0	18	C78H119N7O117S18	3634.908087	2
HS_HexA6_HexN6_Ac0_S18_pNP	6	6	12	0	18	C78H119N7O117S18	3651.934636	3
HS_HexA6_HexN6_Ac0_S18_pNP	6	6	12	0	18	C78H119N7O117S18	3668.961185	4
HS_HexA6_HexN6_Ac0_S18_pNP	6	6	12	0	18	C78H119N7O117S18	3685.987734	5
HS_HexA6_HexN6_Ac0_S18_pNP	6	6	12	0	18	C78H119N7O117S18	3703.014283	6
HS_HexA6_HexN6_Ac0_S18_pNP	6	6	12	0	18	C78H119N7O117S18	3720.040832	7
HS_HexA6_HexN6_Ac0_S18_pNP	6	6	12	0	18	C78H119N7O117S18	3737.067381	8
HS_HexA6_HexN6_Ac0_S18_pNP	6	6	12	0	18	C78H119N7O117S18	3754.093930	9
HS_HexA6_HexN6_Ac0_S18_pNP	6	6	12	0	18	C78H119N7O117S18	3771.120480	10
HS_HexA6_HexN6_Ac0_S18_pNP	6	6	12	0	18	C78H119N7O117S18	3788.147029	11
HS_HexA6_HexN6_Ac0_S18_pNP	6	6	12	0	18	C78H119N7O117S18	3805.173578	12
HS_HexA6_HexN6_Ac0_S18_pNP	6	6	12	0	18	C78H119N7O117S18	3822.200127	13
HS_HexA6_HexN6_Ac0_S18_pNP	6	6	12	0	18	C78H119N7O117S18	3839.226676	14
HS_HexA6_HexN6_Ac0_S18_pNP	6	6	12	0	18	C78H119N7O117S18	3856.253225	15
HS_HexA6_HexN6_Ac0_S18_pNP	6	6	12	0	18	C78H119N7O117S18	3873.279774	16
HS_HexA6_HexN6_Ac0_S18_pNP	6	6	12	0	18	C78H119N7O117S18	3890.306323	17
HS_HexA6_HexN6_Ac0_S18_pNP	6	6	12	0	18	C78H119N7O117S18	3907.332872	18
HS_HexA6_HexN6_Ac0_S18_pNP	6	6	12	0	18	C78H119N7O117S18	3924.359421	19
HS_HexA6_HexN6_Ac0_S18_pNP	6	6	12	0	18	C78H119N7O117S18	3941.385971	20
HS_HexA6_HexN6_Ac0_S18_pNP	6	6	12	0	18	C78H119N7O117S18	3958.412520	21
HS_HexA6_HexN6_Ac0_S18_pNP	6	6	12	0	18	C78H119N7O117S18	3975.439069	22
HS_HexA6_HexN6_Ac0_S18_pNP	6	6	12	0	18	C78H119N7O117S18	3992.465618	23
HS_HexA6_HexN6_Ac0_S18_pNP	6	6	12	0	18	C78H119N7O117S18	4009.492167	24
HS_HexA6_HexN6_Ac1_S0_pNP	6	6	12	1	0	C80H121N7O64	2203.642883	0
HS_HexA6_HexN6_Ac1_S0_pNP	6	6	12	1	0	C80H121N7O64	2220.669432	1
HS_HexA6_HexN6_Ac1_S0_pNP	6	6	12	1	0	C80H121N7O64	2237.695981	2
HS_HexA6_HexN6_Ac1_S0_pNP	6	6	12	1	0	C80H121N7O64	2254.722530	3
HS_HexA6_HexN6_Ac1_S0_pNP	6	6	12	1	0	C80H121N7O64	2271.749079	4
HS_HexA6_HexN6_Ac1_S0_pNP	6	6	12	1	0	C80H121N7O64	2288.775628	5
HS_HexA6_HexN6_Ac1_S0_pNP	6	6	12	1	0	C80H121N7O64	2305.802177	6
HS_HexA6_HexN6_Ac1_S1_pNP	6	6	12	1	1	C80H121N7O67S	2283.599698	0
HS_HexA6_HexN6_Ac1_S1_pNP	6	6	12	1	1	C80H121N7O67S	2300.626247	1
HS_HexA6_HexN6_Ac1_S1_pNP	6	6	12	1	1	C80H121N7O67S	2317.652796	2
HS_HexA6_HexN6_Ac1_S1_pNP	6	6	12	1	1	C80H121N7O67S	2334.679345	3
HS_HexA6_HexN6_Ac1_S1_pNP	6	6	12	1	1	C80H121N7O67S	2351.705894	4
HS_HexA6_HexN6_Ac1_S1_pNP	6	6	12	1	1	C80H121N7O67S	2368.732443	5
HS_HexA6_HexN6_Ac1_S1_pNP	6	6	12	1	1	C80H121N7O67S	2385.758992	6
HS_HexA6_HexN6_Ac1_S1_pNP	6	6	12	1	1	C80H121N7O67S	2402.785541	7
HS_HexA6_HexN6_Ac1_S2_pNP	6	6	12	1	2	C80H121N7O70S2	2363.556513	0
HS_HexA6_HexN6_Ac1_S2_pNP	6	6	12	1	2	C80H121N7O70S2	2380.583062	1
HS_HexA6_HexN6_Ac1_S2_pNP	6	6	12	1	2	C80H121N7O70S2	2397.609611	2
HS_HexA6_HexN6_Ac1_S2_pNP	6	6	12	1	2	C80H121N7O70S2	2414.636160	3
HS_HexA6_HexN6_Ac1_S2_pNP	6	6	12	1	2	C80H121N7O70S2	2431.662709	4
HS_HexA6_HexN6_Ac1_S2_pNP	6	6	12	1	2	C80H121N7O70S2	2448.689258	5
HS_HexA6_HexN6_Ac1_S2_pNP	6	6	12	1	2	C80H121N7O70S2	2465.715807	6
HS_HexA6_HexN6_Ac1_S2_pNP	6	6	12	1	2	C80H121N7O70S2	2482.742356	7
HS_HexA6_HexN6_Ac1_S2_pNP	6	6	12	1	2	C80H121N7O70S2	2499.768905	8
HS_HexA6_HexN6_Ac1_S3_pNP	6	6	12	1	3	C80H121N7O73S3	2443.513328	0
HS_HexA6_HexN6_Ac1_S3_pNP	6	6	12	1	3	C80H121N7O73S3	2460.539877	1
HS_HexA6_HexN6_Ac1_S3_pNP	6	6	12	1	3	C80H121N7O73S3	2477.566426	2
HS_HexA6_HexN6_Ac1_S3_pNP	6	6	12	1	3	C80H121N7O73S3	2494.592975	3
HS_HexA6_HexN6_Ac1_S3_pNP	6	6	12	1	3	C80H121N7O73S3	2511.619524	4
HS_HexA6_HexN6_Ac1_S3_pNP	6	6	12	1	3	C80H121N7O73S3	2528.646073	5
HS_HexA6_HexN6_Ac1_S3_pNP	6	6	12	1	3	C80H121N7O73S3	2545.672622	6
HS_HexA6_HexN6_Ac1_S3_pNP	6	6	12	1	3	C80H121N7O73S3	2562.699171	7
HS_HexA6_HexN6_Ac1_S3_pNP	6	6	12	1	3	C80H121N7O73S3	2579.725720	8
HS_HexA6_HexN6_Ac1_S3_pNP	6	6	12	1	3	C80H121N7O73S3	2596.752270	9
HS_HexA6_HexN6_Ac1_S4_pNP	6	6	12	1	4	C80H121N7O76S4	2523.470143	0
HS_HexA6_HexN6_Ac1_S4_pNP	6	6	12	1	4	C80H121N7O76S4	2540.496692	1
HS_HexA6_HexN6_Ac1_S4_pNP	6	6	12	1	4	C80H121N7O76S4	2557.523241	2
HS_HexA6_HexN6_Ac1_S4_pNP	6	6	12	1	4	C80H121N7O76S4	2574.549790	3
HS_HexA6_HexN6_Ac1_S4_pNP	6	6	12	1	4	C80H121N7O76S4	2591.576339	4
HS_HexA6_HexN6_Ac1_S4_pNP	6	6	12	1	4	C80H121N7O76S4	2608.602888	5
HS_HexA6_HexN6_Ac1_S4_pNP	6	6	12	1	4	C80H121N7O76S4	2625.629437	6
HS_HexA6_HexN6_Ac1_S4_pNP	6	6	12	1	4	C80H121N7O76S4	2642.655986	7
HS_HexA6_HexN6_Ac1_S4_pNP	6	6	12	1	4	C80H121N7O76S4	2659.682536	8
HS_HexA6_HexN6_Ac1_S4_pNP	6	6	12	1	4	C80H121N7O76S4	2676.709085	9
HS_HexA6_HexN6_Ac1_S4_pNP	6	6	12	1	4	C80H121N7O76S4	2693.735634	10
HS_HexA6_HexN6_Ac1_S5_pNP	6	6	12	1	5	C80H121N7O79S5	2603.426958	0
HS_HexA6_HexN6_Ac1_S5_pNP	6	6	12	1	5	C80H121N7O79S5	2620.453507	1
HS_HexA6_HexN6_Ac1_S5_pNP	6	6	12	1	5	C80H121N7O79S5	2637.480056	2
HS_HexA6_HexN6_Ac1_S5_pNP	6	6	12	1	5	C80H121N7O79S5	2654.506605	3
HS_HexA6_HexN6_Ac1_S5_pNP	6	6	12	1	5	C80H121N7O79S5	2671.533154	4
HS_HexA6_HexN6_Ac1_S5_pNP	6	6	12	1	5	C80H121N7O79S5	2688.559703	5
HS_HexA6_HexN6_Ac1_S5_pNP	6	6	12	1	5	C80H121N7O79S5	2705.586252	6
HS_HexA6_HexN6_Ac1_S5_pNP	6	6	12	1	5	C80H121N7O79S5	2722.612801	7
HS_HexA6_HexN6_Ac1_S5_pNP	6	6	12	1	5	C80H121N7O79S5	2739.639351	8
HS_HexA6_HexN6_Ac1_S5_pNP	6	6	12	1	5	C80H121N7O79S5	2756.665900	9
HS_HexA6_HexN6_Ac1_S5_pNP	6	6	12	1	5	C80H121N7O79S5	2773.692449	10
HS_HexA6_HexN6_Ac1_S5_pNP	6	6	12	1	5	C80H121N7O79S5	2790.718998	11
HS_HexA6_HexN6_Ac1_S6_pNP	6	6	12	1	6	C80H121N7O82S6	2683.383773	0
HS_HexA6_HexN6_Ac1_S6_pNP	6	6	12	1	6	C80H121N7O82S6	2700.410322	1
HS_HexA6_HexN6_Ac1_S6_pNP	6	6	12	1	6	C80H121N7O82S6	2717.436871	2
HS_HexA6_HexN6_Ac1_S6_pNP	6	6	12	1	6	C80H121N7O82S6	2734.463420	3
HS_HexA6_HexN6_Ac1_S6_pNP	6	6	12	1	6	C80H121N7O82S6	2751.489969	4
HS_HexA6_HexN6_Ac1_S6_pNP	6	6	12	1	6	C80H121N7O82S6	2768.516518	5
HS_HexA6_HexN6_Ac1_S6_pNP	6	6	12	1	6	C80H121N7O82S6	2785.543067	6
HS_HexA6_HexN6_Ac1_S6_pNP	6	6	12	1	6	C80H121N7O82S6	2802.569616	7
HS_HexA6_HexN6_Ac1_S6_pNP	6	6	12	1	6	C80H121N7O82S6	2819.596166	8
HS_HexA6_HexN6_Ac1_S6_pNP	6	6	12	1	6	C80H121N7O82S6	2836.622715	9
HS_HexA6_HexN6_Ac1_S6_pNP	6	6	12	1	6	C80H121N7O82S6	2853.649264	10
HS_HexA6_HexN6_Ac1_S6_pNP	6	6	12	1	6	C80H121N7O82S6	2870.675813	11
HS_HexA6_HexN6_Ac1_S6_pNP	6	6	12	1	6	C80H121N7O82S6	2887.702362	12
HS_HexA6_HexN6_Ac1_S7_pNP	6	6	12	1	7	C80H121N7O85S7	2763.340588	0
HS_HexA6_HexN6_Ac1_S7_pNP	6	6	12	1	7	C80H121N7O85S7	2780.367137	1
HS_HexA6_HexN6_Ac1_S7_pNP	6	6	12	1	7	C80H121N7O85S7	2797.393686	2
HS_HexA6_HexN6_Ac1_S7_pNP	6	6	12	1	7	C80H121N7O85S7	2814.420235	3
HS_HexA6_HexN6_Ac1_S7_pNP	6	6	12	1	7	C80H121N7O85S7	2831.446784	4
HS_HexA6_HexN6_Ac1_S7_pNP	6	6	12	1	7	C80H121N7O85S7	2848.473333	5
HS_HexA6_HexN6_Ac1_S7_pNP	6	6	12	1	7	C80H121N7O85S7	2865.499882	6
HS_HexA6_HexN6_Ac1_S7_pNP	6	6	12	1	7	C80H121N7O85S7	2882.526432	7
HS_HexA6_HexN6_Ac1_S7_pNP	6	6	12	1	7	C80H121N7O85S7	2899.552981	8
HS_HexA6_HexN6_Ac1_S7_pNP	6	6	12	1	7	C80H121N7O85S7	2916.579530	9
HS_HexA6_HexN6_Ac1_S7_pNP	6	6	12	1	7	C80H121N7O85S7	2933.606079	10
HS_HexA6_HexN6_Ac1_S7_pNP	6	6	12	1	7	C80H121N7O85S7	2950.632628	11
HS_HexA6_HexN6_Ac1_S7_pNP	6	6	12	1	7	C80H121N7O85S7	2967.659177	12
HS_HexA6_HexN6_Ac1_S7_pNP	6	6	12	1	7	C80H121N7O85S7	2984.685726	13
HS_HexA6_HexN6_Ac1_S8_pNP	6	6	12	1	8	C80H121N7O88S8	2843.297403	0
HS_HexA6_HexN6_Ac1_S8_pNP	6	6	12	1	8	C80H121N7O88S8	2860.323952	1
HS_HexA6_HexN6_Ac1_S8_pNP	6	6	12	1	8	C80H121N7O88S8	2877.350501	2
HS_HexA6_HexN6_Ac1_S8_pNP	6	6	12	1	8	C80H121N7O88S8	2894.377050	3
HS_HexA6_HexN6_Ac1_S8_pNP	6	6	12	1	8	C80H121N7O88S8	2911.403599	4
HS_HexA6_HexN6_Ac1_S8_pNP	6	6	12	1	8	C80H121N7O88S8	2928.430148	5
HS_HexA6_HexN6_Ac1_S8_pNP	6	6	12	1	8	C80H121N7O88S8	2945.456697	6
HS_HexA6_HexN6_Ac1_S8_pNP	6	6	12	1	8	C80H121N7O88S8	2962.483247	7
HS_HexA6_HexN6_Ac1_S8_pNP	6	6	12	1	8	C80H121N7O88S8	2979.509796	8
HS_HexA6_HexN6_Ac1_S8_pNP	6	6	12	1	8	C80H121N7O88S8	2996.536345	9
HS_HexA6_HexN6_Ac1_S8_pNP	6	6	12	1	8	C80H121N7O88S8	3013.562894	10
HS_HexA6_HexN6_Ac1_S8_pNP	6	6	12	1	8	C80H121N7O88S8	3030.589443	11
HS_HexA6_HexN6_Ac1_S8_pNP	6	6	12	1	8	C80H121N7O88S8	3047.615992	12
HS_HexA6_HexN6_Ac1_S8_pNP	6	6	12	1	8	C80H121N7O88S8	3064.642541	13
HS_HexA6_HexN6_Ac1_S8_pNP	6	6	12	1	8	C80H121N7O88S8	3081.669090	14
HS_HexA6_HexN6_Ac1_S9_pNP	6	6	12	1	9	C80H121N7O91S9	2923.254218	0
HS_HexA6_HexN6_Ac1_S9_pNP	6	6	12	1	9	C80H121N7O91S9	2940.280767	1
HS_HexA6_HexN6_Ac1_S9_pNP	6	6	12	1	9	C80H121N7O91S9	2957.307316	2
HS_HexA6_HexN6_Ac1_S9_pNP	6	6	12	1	9	C80H121N7O91S9	2974.333865	3
HS_HexA6_HexN6_Ac1_S9_pNP	6	6	12	1	9	C80H121N7O91S9	2991.360414	4
HS_HexA6_HexN6_Ac1_S9_pNP	6	6	12	1	9	C80H121N7O91S9	3008.386963	5
HS_HexA6_HexN6_Ac1_S9_pNP	6	6	12	1	9	C80H121N7O91S9	3025.413512	6
HS_HexA6_HexN6_Ac1_S9_pNP	6	6	12	1	9	C80H121N7O91S9	3042.440062	7
HS_HexA6_HexN6_Ac1_S9_pNP	6	6	12	1	9	C80H121N7O91S9	3059.466611	8
HS_HexA6_HexN6_Ac1_S9_pNP	6	6	12	1	9	C80H121N7O91S9	3076.493160	9
HS_HexA6_HexN6_Ac1_S9_pNP	6	6	12	1	9	C80H121N7O91S9	3093.519709	10
HS_HexA6_HexN6_Ac1_S9_pNP	6	6	12	1	9	C80H121N7O91S9	3110.546258	11
HS_HexA6_HexN6_Ac1_S9_pNP	6	6	12	1	9	C80H121N7O91S9	3127.572807	12
HS_HexA6_HexN6_Ac1_S9_pNP	6	6	12	1	9	C80H121N7O91S9	3144.599356	13
HS_HexA6_HexN6_Ac1_S9_pNP	6	6	12	1	9	C80H121N7O91S9	3161.625905	14
HS_HexA6_HexN6_Ac1_S9_pNP	6	6	12	1	9	C80H121N7O91S9	3178.652454	15
HS_HexA6_HexN6_Ac1_S10_pNP	6	6	12	1	10	C80H121N7O94S10	3003.211033	0
HS_HexA6_HexN6_Ac1_S10_pNP	6	6	12	1	10	C80H121N7O94S10	3020.237582	1
HS_HexA6_HexN6_Ac1_S10_pNP	6	6	12	1	10	C80H121N7O94S10	3037.264131	2
HS_HexA6_HexN6_Ac1_S10_pNP	6	6	12	1	10	C80H121N7O94S10	3054.290680	3
HS_HexA6_HexN6_Ac1_S10_pNP	6	6	12	1	10	C80H121N7O94S10	3071.317229	4
HS_HexA6_HexN6_Ac1_S10_pNP	6	6	12	1	10	C80H121N7O94S10	3088.343778	5
HS_HexA6_HexN6_Ac1_S10_pNP	6	6	12	1	10	C80H121N7O94S10	3105.370328	6
HS_HexA6_HexN6_Ac1_S10_pNP	6	6	12	1	10	C80H121N7O94S10	3122.396877	7
HS_HexA6_HexN6_Ac1_S10_pNP	6	6	12	1	10	C80H121N7O94S10	3139.423426	8
HS_HexA6_HexN6_Ac1_S10_pNP	6	6	12	1	10	C80H121N7O94S10	3156.449975	9
HS_HexA6_HexN6_Ac1_S10_pNP	6	6	12	1	10	C80H121N7O94S10	3173.476524	10
HS_HexA6_HexN6_Ac1_S10_pNP	6	6	12	1	10	C80H121N7O94S10	3190.503073	11
HS_HexA6_HexN6_Ac1_S10_pNP	6	6	12	1	10	C80H121N7O94S10	3207.529622	12
HS_HexA6_HexN6_Ac1_S10_pNP	6	6	12	1	10	C80H121N7O94S10	3224.556171	13
HS_HexA6_HexN6_Ac1_S10_pNP	6	6	12	1	10	C80H121N7O94S10	3241.582720	14
HS_HexA6_HexN6_Ac1_S10_pNP	6	6	12	1	10	C80H121N7O94S10	3258.609269	15
HS_HexA6_HexN6_Ac1_S10_pNP	6	6	12	1	10	C80H121N7O94S10	3275.635819	16
HS_HexA6_HexN6_Ac1_S11_pNP	6	6	12	1	11	C80H121N7O97S11	3083.167848	0
HS_HexA6_HexN6_Ac1_S11_pNP	6	6	12	1	11	C80H121N7O97S11	3100.194397	1
HS_HexA6_HexN6_Ac1_S11_pNP	6	6	12	1	11	C80H121N7O97S11	3117.220946	2
HS_HexA6_HexN6_Ac1_S11_pNP	6	6	12	1	11	C80H121N7O97S11	3134.247495	3
HS_HexA6_HexN6_Ac1_S11_pNP	6	6	12	1	11	C80H121N7O97S11	3151.274044	4
HS_HexA6_HexN6_Ac1_S11_pNP	6	6	12	1	11	C80H121N7O97S11	3168.300593	5
HS_HexA6_HexN6_Ac1_S11_pNP	6	6	12	1	11	C80H121N7O97S11	3185.327143	6
HS_HexA6_HexN6_Ac1_S11_pNP	6	6	12	1	11	C80H121N7O97S11	3202.353692	7
HS_HexA6_HexN6_Ac1_S11_pNP	6	6	12	1	11	C80H121N7O97S11	3219.380241	8
HS_HexA6_HexN6_Ac1_S11_pNP	6	6	12	1	11	C80H121N7O97S11	3236.406790	9
HS_HexA6_HexN6_Ac1_S11_pNP	6	6	12	1	11	C80H121N7O97S11	3253.433339	10
HS_HexA6_HexN6_Ac1_S11_pNP	6	6	12	1	11	C80H121N7O97S11	3270.459888	11
HS_HexA6_HexN6_Ac1_S11_pNP	6	6	12	1	11	C80H121N7O97S11	3287.486437	12
HS_HexA6_HexN6_Ac1_S11_pNP	6	6	12	1	11	C80H121N7O97S11	3304.512986	13
HS_HexA6_HexN6_Ac1_S11_pNP	6	6	12	1	11	C80H121N7O97S11	3321.539535	14
HS_HexA6_HexN6_Ac1_S11_pNP	6	6	12	1	11	C80H121N7O97S11	3338.566084	15
HS_HexA6_HexN6_Ac1_S11_pNP	6	6	12	1	11	C80H121N7O97S11	3355.592634	16
HS_HexA6_HexN6_Ac1_S11_pNP	6	6	12	1	11	C80H121N7O97S11	3372.619183	17
HS_HexA6_HexN6_Ac1_S12_pNP	6	6	12	1	12	C80H121N7O100S12	3163.124663	0
HS_HexA6_HexN6_Ac1_S12_pNP	6	6	12	1	12	C80H121N7O100S12	3180.151212	1
HS_HexA6_HexN6_Ac1_S12_pNP	6	6	12	1	12	C80H121N7O100S12	3197.177761	2
HS_HexA6_HexN6_Ac1_S12_pNP	6	6	12	1	12	C80H121N7O100S12	3214.204310	3
HS_HexA6_HexN6_Ac1_S12_pNP	6	6	12	1	12	C80H121N7O100S12	3231.230859	4
HS_HexA6_HexN6_Ac1_S12_pNP	6	6	12	1	12	C80H121N7O100S12	3248.257408	5
HS_HexA6_HexN6_Ac1_S12_pNP	6	6	12	1	12	C80H121N7O100S12	3265.283958	6
HS_HexA6_HexN6_Ac1_S12_pNP	6	6	12	1	12	C80H121N7O100S12	3282.310507	7
HS_HexA6_HexN6_Ac1_S12_pNP	6	6	12	1	12	C80H121N7O100S12	3299.337056	8
HS_HexA6_HexN6_Ac1_S12_pNP	6	6	12	1	12	C80H121N7O100S12	3316.363605	9
HS_HexA6_HexN6_Ac1_S12_pNP	6	6	12	1	12	C80H121N7O100S12	3333.390154	10
HS_HexA6_HexN6_Ac1_S12_pNP	6	6	12	1	12	C80H121N7O100S12	3350.416703	11
HS_HexA6_HexN6_Ac1_S12_pNP	6	6	12	1	12	C80H121N7O100S12	3367.443252	12
HS_HexA6_HexN6_Ac1_S12_pNP	6	6	12	1	12	C80H121N7O100S12	3384.469801	13
HS_HexA6_HexN6_Ac1_S12_pNP	6	6	12	1	12	C80H121N7O100S12	3401.496350	14
HS_HexA6_HexN6_Ac1_S12_pNP	6	6	12	1	12	C80H121N7O100S12	3418.522899	15
HS_HexA6_HexN6_Ac1_S12_pNP	6	6	12	1	12	C80H121N7O100S12	3435.549449	16
HS_HexA6_HexN6_Ac1_S12_pNP	6	6	12	1	12	C80H121N7O100S12	3452.575998	17
HS_HexA6_HexN6_Ac1_S12_pNP	6	6	12	1	12	C80H121N7O100S12	3469.602547	18
HS_HexA6_HexN6_Ac1_S13_pNP	6	6	12	1	13	C80H121N7O103S13	3243.081478	0
HS_HexA6_HexN6_Ac1_S13_pNP	6	6	12	1	13	C80H121N7O103S13	3260.108027	1
HS_HexA6_HexN6_Ac1_S13_pNP	6	6	12	1	13	C80H121N7O103S13	3277.134576	2
HS_HexA6_HexN6_Ac1_S13_pNP	6	6	12	1	13	C80H121N7O103S13	3294.161125	3
HS_HexA6_HexN6_Ac1_S13_pNP	6	6	12	1	13	C80H121N7O103S13	3311.187674	4
HS_HexA6_HexN6_Ac1_S13_pNP	6	6	12	1	13	C80H121N7O103S13	3328.214224	5
HS_HexA6_HexN6_Ac1_S13_pNP	6	6	12	1	13	C80H121N7O103S13	3345.240773	6
HS_HexA6_HexN6_Ac1_S13_pNP	6	6	12	1	13	C80H121N7O103S13	3362.267322	7
HS_HexA6_HexN6_Ac1_S13_pNP	6	6	12	1	13	C80H121N7O103S13	3379.293871	8
HS_HexA6_HexN6_Ac1_S13_pNP	6	6	12	1	13	C80H121N7O103S13	3396.320420	9
HS_HexA6_HexN6_Ac1_S13_pNP	6	6	12	1	13	C80H121N7O103S13	3413.346969	10
HS_HexA6_HexN6_Ac1_S13_pNP	6	6	12	1	13	C80H121N7O103S13	3430.373518	11
HS_HexA6_HexN6_Ac1_S13_pNP	6	6	12	1	13	C80H121N7O103S13	3447.400067	12
HS_HexA6_HexN6_Ac1_S13_pNP	6	6	12	1	13	C80H121N7O103S13	3464.426616	13
HS_HexA6_HexN6_Ac1_S13_pNP	6	6	12	1	13	C80H121N7O103S13	3481.453165	14
HS_HexA6_HexN6_Ac1_S13_pNP	6	6	12	1	13	C80H121N7O103S13	3498.479715	15
HS_HexA6_HexN6_Ac1_S13_pNP	6	6	12	1	13	C80H121N7O103S13	3515.506264	16
HS_HexA6_HexN6_Ac1_S13_pNP	6	6	12	1	13	C80H121N7O103S13	3532.532813	17
HS_HexA6_HexN6_Ac1_S13_pNP	6	6	12	1	13	C80H121N7O103S13	3549.559362	18
HS_HexA6_HexN6_Ac1_S13_pNP	6	6	12	1	13	C80H121N7O103S13	3566.585911	19
HS_HexA6_HexN6_Ac1_S14_pNP	6	6	12	1	14	C80H121N7O106S14	3323.038293	0
HS_HexA6_HexN6_Ac1_S14_pNP	6	6	12	1	14	C80H121N7O106S14	3340.064842	1
HS_HexA6_HexN6_Ac1_S14_pNP	6	6	12	1	14	C80H121N7O106S14	3357.091391	2
HS_HexA6_HexN6_Ac1_S14_pNP	6	6	12	1	14	C80H121N7O106S14	3374.117940	3
HS_HexA6_HexN6_Ac1_S14_pNP	6	6	12	1	14	C80H121N7O106S14	3391.144489	4
HS_HexA6_HexN6_Ac1_S14_pNP	6	6	12	1	14	C80H121N7O106S14	3408.171039	5
HS_HexA6_HexN6_Ac1_S14_pNP	6	6	12	1	14	C80H121N7O106S14	3425.197588	6
HS_HexA6_HexN6_Ac1_S14_pNP	6	6	12	1	14	C80H121N7O106S14	3442.224137	7
HS_HexA6_HexN6_Ac1_S14_pNP	6	6	12	1	14	C80H121N7O106S14	3459.250686	8
HS_HexA6_HexN6_Ac1_S14_pNP	6	6	12	1	14	C80H121N7O106S14	3476.277235	9
HS_HexA6_HexN6_Ac1_S14_pNP	6	6	12	1	14	C80H121N7O106S14	3493.303784	10
HS_HexA6_HexN6_Ac1_S14_pNP	6	6	12	1	14	C80H121N7O106S14	3510.330333	11
HS_HexA6_HexN6_Ac1_S14_pNP	6	6	12	1	14	C80H121N7O106S14	3527.356882	12
HS_HexA6_HexN6_Ac1_S14_pNP	6	6	12	1	14	C80H121N7O106S14	3544.383431	13
HS_HexA6_HexN6_Ac1_S14_pNP	6	6	12	1	14	C80H121N7O106S14	3561.409980	14
HS_HexA6_HexN6_Ac1_S14_pNP	6	6	12	1	14	C80H121N7O106S14	3578.436530	15
HS_HexA6_HexN6_Ac1_S14_pNP	6	6	12	1	14	C80H121N7O106S14	3595.463079	16
HS_HexA6_HexN6_Ac1_S14_pNP	6	6	12	1	14	C80H121N7O106S14	3612.489628	17
HS_HexA6_HexN6_Ac1_S14_pNP	6	6	12	1	14	C80H121N7O106S14	3629.516177	18
HS_HexA6_HexN6_Ac1_S14_pNP	6	6	12	1	14	C80H121N7O106S14	3646.542726	19
HS_HexA6_HexN6_Ac1_S14_pNP	6	6	12	1	14	C80H121N7O106S14	3663.569275	20
HS_HexA6_HexN6_Ac1_S15_pNP	6	6	12	1	15	C80H121N7O109S15	3402.995108	0
HS_HexA6_HexN6_Ac1_S15_pNP	6	6	12	1	15	C80H121N7O109S15	3420.021657	1
HS_HexA6_HexN6_Ac1_S15_pNP	6	6	12	1	15	C80H121N7O109S15	3437.048206	2
HS_HexA6_HexN6_Ac1_S15_pNP	6	6	12	1	15	C80H121N7O109S15	3454.074755	3
HS_HexA6_HexN6_Ac1_S15_pNP	6	6	12	1	15	C80H121N7O109S15	3471.101304	4
HS_HexA6_HexN6_Ac1_S15_pNP	6	6	12	1	15	C80H121N7O109S15	3488.127854	5
HS_HexA6_HexN6_Ac1_S15_pNP	6	6	12	1	15	C80H121N7O109S15	3505.154403	6
HS_HexA6_HexN6_Ac1_S15_pNP	6	6	12	1	15	C80H121N7O109S15	3522.180952	7
HS_HexA6_HexN6_Ac1_S15_pNP	6	6	12	1	15	C80H121N7O109S15	3539.207501	8
HS_HexA6_HexN6_Ac1_S15_pNP	6	6	12	1	15	C80H121N7O109S15	3556.234050	9
HS_HexA6_HexN6_Ac1_S15_pNP	6	6	12	1	15	C80H121N7O109S15	3573.260599	10
HS_HexA6_HexN6_Ac1_S15_pNP	6	6	12	1	15	C80H121N7O109S15	3590.287148	11
HS_HexA6_HexN6_Ac1_S15_pNP	6	6	12	1	15	C80H121N7O109S15	3607.313697	12
HS_HexA6_HexN6_Ac1_S15_pNP	6	6	12	1	15	C80H121N7O109S15	3624.340246	13
HS_HexA6_HexN6_Ac1_S15_pNP	6	6	12	1	15	C80H121N7O109S15	3641.366795	14
HS_HexA6_HexN6_Ac1_S15_pNP	6	6	12	1	15	C80H121N7O109S15	3658.393345	15
HS_HexA6_HexN6_Ac1_S15_pNP	6	6	12	1	15	C80H121N7O109S15	3675.419894	16
HS_HexA6_HexN6_Ac1_S15_pNP	6	6	12	1	15	C80H121N7O109S15	3692.446443	17
HS_HexA6_HexN6_Ac1_S15_pNP	6	6	12	1	15	C80H121N7O109S15	3709.472992	18
HS_HexA6_HexN6_Ac1_S15_pNP	6	6	12	1	15	C80H121N7O109S15	3726.499541	19
HS_HexA6_HexN6_Ac1_S15_pNP	6	6	12	1	15	C80H121N7O109S15	3743.526090	20
HS_HexA6_HexN6_Ac1_S15_pNP	6	6	12	1	15	C80H121N7O109S15	3760.552639	21
HS_HexA6_HexN6_Ac1_S16_pNP	6	6	12	1	16	C80H121N7O112S16	3482.951923	0
HS_HexA6_HexN6_Ac1_S16_pNP	6	6	12	1	16	C80H121N7O112S16	3499.978472	1
HS_HexA6_HexN6_Ac1_S16_pNP	6	6	12	1	16	C80H121N7O112S16	3517.005021	2
HS_HexA6_HexN6_Ac1_S16_pNP	6	6	12	1	16	C80H121N7O112S16	3534.031570	3
HS_HexA6_HexN6_Ac1_S16_pNP	6	6	12	1	16	C80H121N7O112S16	3551.058120	4
HS_HexA6_HexN6_Ac1_S16_pNP	6	6	12	1	16	C80H121N7O112S16	3568.084669	5
HS_HexA6_HexN6_Ac1_S16_pNP	6	6	12	1	16	C80H121N7O112S16	3585.111218	6
HS_HexA6_HexN6_Ac1_S16_pNP	6	6	12	1	16	C80H121N7O112S16	3602.137767	7
HS_HexA6_HexN6_Ac1_S16_pNP	6	6	12	1	16	C80H121N7O112S16	3619.164316	8
HS_HexA6_HexN6_Ac1_S16_pNP	6	6	12	1	16	C80H121N7O112S16	3636.190865	9
HS_HexA6_HexN6_Ac1_S16_pNP	6	6	12	1	16	C80H121N7O112S16	3653.217414	10
HS_HexA6_HexN6_Ac1_S16_pNP	6	6	12	1	16	C80H121N7O112S16	3670.243963	11
HS_HexA6_HexN6_Ac1_S16_pNP	6	6	12	1	16	C80H121N7O112S16	3687.270512	12
HS_HexA6_HexN6_Ac1_S16_pNP	6	6	12	1	16	C80H121N7O112S16	3704.297061	13
HS_HexA6_HexN6_Ac1_S16_pNP	6	6	12	1	16	C80H121N7O112S16	3721.323611	14
HS_HexA6_HexN6_Ac1_S16_pNP	6	6	12	1	16	C80H121N7O112S16	3738.350160	15
HS_HexA6_HexN6_Ac1_S16_pNP	6	6	12	1	16	C80H121N7O112S16	3755.376709	16
HS_HexA6_HexN6_Ac1_S16_pNP	6	6	12	1	16	C80H121N7O112S16	3772.403258	17
HS_HexA6_HexN6_Ac1_S16_pNP	6	6	12	1	16	C80H121N7O112S16	3789.429807	18
HS_HexA6_HexN6_Ac1_S16_pNP	6	6	12	1	16	C80H121N7O112S16	3806.456356	19
HS_HexA6_HexN6_Ac1_S16_pNP	6	6	12	1	16	C80H121N7O112S16	3823.482905	20
HS_HexA6_HexN6_Ac1_S16_pNP	6	6	12	1	16	C80H121N7O112S16	3840.509454	21
HS_HexA6_HexN6_Ac1_S16_pNP	6	6	12	1	16	C80H121N7O112S16	3857.536003	22
HS_HexA6_HexN6_Ac1_S17_pNP	6	6	12	1	17	C80H121N7O115S17	3562.908738	0
HS_HexA6_HexN6_Ac1_S17_pNP	6	6	12	1	17	C80H121N7O115S17	3579.935287	1
HS_HexA6_HexN6_Ac1_S17_pNP	6	6	12	1	17	C80H121N7O115S17	3596.961836	2
HS_HexA6_HexN6_Ac1_S17_pNP	6	6	12	1	17	C80H121N7O115S17	3613.988385	3
HS_HexA6_HexN6_Ac1_S17_pNP	6	6	12	1	17	C80H121N7O115S17	3631.014935	4
HS_HexA6_HexN6_Ac1_S17_pNP	6	6	12	1	17	C80H121N7O115S17	3648.041484	5
HS_HexA6_HexN6_Ac1_S17_pNP	6	6	12	1	17	C80H121N7O115S17	3665.068033	6
HS_HexA6_HexN6_Ac1_S17_pNP	6	6	12	1	17	C80H121N7O115S17	3682.094582	7
HS_HexA6_HexN6_Ac1_S17_pNP	6	6	12	1	17	C80H121N7O115S17	3699.121131	8
HS_HexA6_HexN6_Ac1_S17_pNP	6	6	12	1	17	C80H121N7O115S17	3716.147680	9
HS_HexA6_HexN6_Ac1_S17_pNP	6	6	12	1	17	C80H121N7O115S17	3733.174229	10
HS_HexA6_HexN6_Ac1_S17_pNP	6	6	12	1	17	C80H121N7O115S17	3750.200778	11
HS_HexA6_HexN6_Ac1_S17_pNP	6	6	12	1	17	C80H121N7O115S17	3767.227327	12
HS_HexA6_HexN6_Ac1_S17_pNP	6	6	12	1	17	C80H121N7O115S17	3784.253876	13
HS_HexA6_HexN6_Ac1_S17_pNP	6	6	12	1	17	C80H121N7O115S17	3801.280426	14
HS_HexA6_HexN6_Ac1_S17_pNP	6	6	12	1	17	C80H121N7O115S17	3818.306975	15
HS_HexA6_HexN6_Ac1_S17_pNP	6	6	12	1	17	C80H121N7O115S17	3835.333524	16
HS_HexA6_HexN6_Ac1_S17_pNP	6	6	12	1	17	C80H121N7O115S17	3852.360073	17
HS_HexA6_HexN6_Ac1_S17_pNP	6	6	12	1	17	C80H121N7O115S17	3869.386622	18
HS_HexA6_HexN6_Ac1_S17_pNP	6	6	12	1	17	C80H121N7O115S17	3886.413171	19
HS_HexA6_HexN6_Ac1_S17_pNP	6	6	12	1	17	C80H121N7O115S17	3903.439720	20
HS_HexA6_HexN6_Ac1_S17_pNP	6	6	12	1	17	C80H121N7O115S17	3920.466269	21
HS_HexA6_HexN6_Ac1_S17_pNP	6	6	12	1	17	C80H121N7O115S17	3937.492818	22
HS_HexA6_HexN6_Ac1_S17_pNP	6	6	12	1	17	C80H121N7O115S17	3954.519367	23
HS_HexA6_HexN6_Ac1_S18_pNP	6	6	12	1	18	C80H121N7O118S18	3642.865553	0
HS_HexA6_HexN6_Ac1_S18_pNP	6	6	12	1	18	C80H121N7O118S18	3659.892102	1
HS_HexA6_HexN6_Ac1_S18_pNP	6	6	12	1	18	C80H121N7O118S18	3676.918651	2
HS_HexA6_HexN6_Ac1_S18_pNP	6	6	12	1	18	C80H121N7O118S18	3693.945200	3
HS_HexA6_HexN6_Ac1_S18_pNP	6	6	12	1	18	C80H121N7O118S18	3710.971750	4
HS_HexA6_HexN6_Ac1_S18_pNP	6	6	12	1	18	C80H121N7O118S18	3727.998299	5
HS_HexA6_HexN6_Ac1_S18_pNP	6	6	12	1	18	C80H121N7O118S18	3745.024848	6
HS_HexA6_HexN6_Ac1_S18_pNP	6	6	12	1	18	C80H121N7O118S18	3762.051397	7
HS_HexA6_HexN6_Ac1_S18_pNP	6	6	12	1	18	C80H121N7O118S18	3779.077946	8
HS_HexA6_HexN6_Ac1_S18_pNP	6	6	12	1	18	C80H121N7O118S18	3796.104495	9
HS_HexA6_HexN6_Ac1_S18_pNP	6	6	12	1	18	C80H121N7O118S18	3813.131044	10
HS_HexA6_HexN6_Ac1_S18_pNP	6	6	12	1	18	C80H121N7O118S18	3830.157593	11
HS_HexA6_HexN6_Ac1_S18_pNP	6	6	12	1	18	C80H121N7O118S18	3847.184142	12
HS_HexA6_HexN6_Ac1_S18_pNP	6	6	12	1	18	C80H121N7O118S18	3864.210691	13
HS_HexA6_HexN6_Ac1_S18_pNP	6	6	12	1	18	C80H121N7O118S18	3881.237241	14
HS_HexA6_HexN6_Ac1_S18_pNP	6	6	12	1	18	C80H121N7O118S18	3898.263790	15
HS_HexA6_HexN6_Ac1_S18_pNP	6	6	12	1	18	C80H121N7O118S18	3915.290339	16
HS_HexA6_HexN6_Ac1_S18_pNP	6	6	12	1	18	C80H121N7O118S18	3932.316888	17
HS_HexA6_HexN6_Ac1_S18_pNP	6	6	12	1	18	C80H121N7O118S18	3949.343437	18
HS_HexA6_HexN6_Ac1_S18_pNP	6	6	12	1	18	C80H121N7O118S18	3966.369986	19
HS_HexA6_HexN6_Ac1_S18_pNP	6	6	12	1	18	C80H121N7O118S18	3983.396535	20
HS_HexA6_HexN6_Ac1_S18_pNP	6	6	12	1	18	C80H121N7O118S18	4000.423084	21
HS_HexA6_HexN6_Ac1_S18_pNP	6	6	12	1	18	C80H121N7O118S18	4017.449633	22
HS_HexA6_HexN6_Ac1_S18_pNP	6	6	12	1	18	C80H121N7O118S18	4034.476183	23
HS_HexA6_HexN6_Ac1_S18_pNP	6	6	12	1	18	C80H121N7O118S18	4051.502732	24
HS_HexA6_HexN6_Ac2_S0_pNP	6	6	12	2	0	C82H123N7O65	2245.653447	0
HS_HexA6_HexN6_Ac2_S0_pNP	6	6	12	2	0	C82H123N7O65	2262.679996	1
HS_HexA6_HexN6_Ac2_S0_pNP	6	6	12	2	0	C82H123N7O65	2279.706545	2
HS_HexA6_HexN6_Ac2_S0_pNP	6	6	12	2	0	C82H123N7O65	2296.733095	3
HS_HexA6_HexN6_Ac2_S0_pNP	6	6	12	2	0	C82H123N7O65	2313.759644	4
HS_HexA6_HexN6_Ac2_S0_pNP	6	6	12	2	0	C82H123N7O65	2330.786193	5
HS_HexA6_HexN6_Ac2_S0_pNP	6	6	12	2	0	C82H123N7O65	2347.812742	6
HS_HexA6_HexN6_Ac2_S1_pNP	6	6	12	2	1	C82H123N7O68S	2325.610262	0
HS_HexA6_HexN6_Ac2_S1_pNP	6	6	12	2	1	C82H123N7O68S	2342.636811	1
HS_HexA6_HexN6_Ac2_S1_pNP	6	6	12	2	1	C82H123N7O68S	2359.663361	2
HS_HexA6_HexN6_Ac2_S1_pNP	6	6	12	2	1	C82H123N7O68S	2376.689910	3
HS_HexA6_HexN6_Ac2_S1_pNP	6	6	12	2	1	C82H123N7O68S	2393.716459	4
HS_HexA6_HexN6_Ac2_S1_pNP	6	6	12	2	1	C82H123N7O68S	2410.743008	5
HS_HexA6_HexN6_Ac2_S1_pNP	6	6	12	2	1	C82H123N7O68S	2427.769557	6
HS_HexA6_HexN6_Ac2_S1_pNP	6	6	12	2	1	C82H123N7O68S	2444.796106	7
HS_HexA6_HexN6_Ac2_S2_pNP	6	6	12	2	2	C82H123N7O71S2	2405.567077	0
HS_HexA6_HexN6_Ac2_S2_pNP	6	6	12	2	2	C82H123N7O71S2	2422.593626	1
HS_HexA6_HexN6_Ac2_S2_pNP	6	6	12	2	2	C82H123N7O71S2	2439.620176	2
HS_HexA6_HexN6_Ac2_S2_pNP	6	6	12	2	2	C82H123N7O71S2	2456.646725	3
HS_HexA6_HexN6_Ac2_S2_pNP	6	6	12	2	2	C82H123N7O71S2	2473.673274	4
HS_HexA6_HexN6_Ac2_S2_pNP	6	6	12	2	2	C82H123N7O71S2	2490.699823	5
HS_HexA6_HexN6_Ac2_S2_pNP	6	6	12	2	2	C82H123N7O71S2	2507.726372	6
HS_HexA6_HexN6_Ac2_S2_pNP	6	6	12	2	2	C82H123N7O71S2	2524.752921	7
HS_HexA6_HexN6_Ac2_S2_pNP	6	6	12	2	2	C82H123N7O71S2	2541.779470	8
HS_HexA6_HexN6_Ac2_S3_pNP	6	6	12	2	3	C82H123N7O74S3	2485.523892	0
HS_HexA6_HexN6_Ac2_S3_pNP	6	6	12	2	3	C82H123N7O74S3	2502.550441	1
HS_HexA6_HexN6_Ac2_S3_pNP	6	6	12	2	3	C82H123N7O74S3	2519.576991	2
HS_HexA6_HexN6_Ac2_S3_pNP	6	6	12	2	3	C82H123N7O74S3	2536.603540	3
HS_HexA6_HexN6_Ac2_S3_pNP	6	6	12	2	3	C82H123N7O74S3	2553.630089	4
HS_HexA6_HexN6_Ac2_S3_pNP	6	6	12	2	3	C82H123N7O74S3	2570.656638	5
HS_HexA6_HexN6_Ac2_S3_pNP	6	6	12	2	3	C82H123N7O74S3	2587.683187	6
HS_HexA6_HexN6_Ac2_S3_pNP	6	6	12	2	3	C82H123N7O74S3	2604.709736	7
HS_HexA6_HexN6_Ac2_S3_pNP	6	6	12	2	3	C82H123N7O74S3	2621.736285	8
HS_HexA6_HexN6_Ac2_S3_pNP	6	6	12	2	3	C82H123N7O74S3	2638.762834	9
HS_HexA6_HexN6_Ac2_S4_pNP	6	6	12	2	4	C82H123N7O77S4	2565.480707	0
HS_HexA6_HexN6_Ac2_S4_pNP	6	6	12	2	4	C82H123N7O77S4	2582.507257	1
HS_HexA6_HexN6_Ac2_S4_pNP	6	6	12	2	4	C82H123N7O77S4	2599.533806	2
HS_HexA6_HexN6_Ac2_S4_pNP	6	6	12	2	4	C82H123N7O77S4	2616.560355	3
HS_HexA6_HexN6_Ac2_S4_pNP	6	6	12	2	4	C82H123N7O77S4	2633.586904	4
HS_HexA6_HexN6_Ac2_S4_pNP	6	6	12	2	4	C82H123N7O77S4	2650.613453	5
HS_HexA6_HexN6_Ac2_S4_pNP	6	6	12	2	4	C82H123N7O77S4	2667.640002	6
HS_HexA6_HexN6_Ac2_S4_pNP	6	6	12	2	4	C82H123N7O77S4	2684.666551	7
HS_HexA6_HexN6_Ac2_S4_pNP	6	6	12	2	4	C82H123N7O77S4	2701.693100	8
HS_HexA6_HexN6_Ac2_S4_pNP	6	6	12	2	4	C82H123N7O77S4	2718.719649	9
HS_HexA6_HexN6_Ac2_S4_pNP	6	6	12	2	4	C82H123N7O77S4	2735.746198	10
HS_HexA6_HexN6_Ac2_S5_pNP	6	6	12	2	5	C82H123N7O80S5	2645.437522	0
HS_HexA6_HexN6_Ac2_S5_pNP	6	6	12	2	5	C82H123N7O80S5	2662.464072	1
HS_HexA6_HexN6_Ac2_S5_pNP	6	6	12	2	5	C82H123N7O80S5	2679.490621	2
HS_HexA6_HexN6_Ac2_S5_pNP	6	6	12	2	5	C82H123N7O80S5	2696.517170	3
HS_HexA6_HexN6_Ac2_S5_pNP	6	6	12	2	5	C82H123N7O80S5	2713.543719	4
HS_HexA6_HexN6_Ac2_S5_pNP	6	6	12	2	5	C82H123N7O80S5	2730.570268	5
HS_HexA6_HexN6_Ac2_S5_pNP	6	6	12	2	5	C82H123N7O80S5	2747.596817	6
HS_HexA6_HexN6_Ac2_S5_pNP	6	6	12	2	5	C82H123N7O80S5	2764.623366	7
HS_HexA6_HexN6_Ac2_S5_pNP	6	6	12	2	5	C82H123N7O80S5	2781.649915	8
HS_HexA6_HexN6_Ac2_S5_pNP	6	6	12	2	5	C82H123N7O80S5	2798.676464	9
HS_HexA6_HexN6_Ac2_S5_pNP	6	6	12	2	5	C82H123N7O80S5	2815.703013	10
HS_HexA6_HexN6_Ac2_S5_pNP	6	6	12	2	5	C82H123N7O80S5	2832.729563	11
HS_HexA6_HexN6_Ac2_S6_pNP	6	6	12	2	6	C82H123N7O83S6	2725.394337	0
HS_HexA6_HexN6_Ac2_S6_pNP	6	6	12	2	6	C82H123N7O83S6	2742.420887	1
HS_HexA6_HexN6_Ac2_S6_pNP	6	6	12	2	6	C82H123N7O83S6	2759.447436	2
HS_HexA6_HexN6_Ac2_S6_pNP	6	6	12	2	6	C82H123N7O83S6	2776.473985	3
HS_HexA6_HexN6_Ac2_S6_pNP	6	6	12	2	6	C82H123N7O83S6	2793.500534	4
HS_HexA6_HexN6_Ac2_S6_pNP	6	6	12	2	6	C82H123N7O83S6	2810.527083	5
HS_HexA6_HexN6_Ac2_S6_pNP	6	6	12	2	6	C82H123N7O83S6	2827.553632	6
HS_HexA6_HexN6_Ac2_S6_pNP	6	6	12	2	6	C82H123N7O83S6	2844.580181	7
HS_HexA6_HexN6_Ac2_S6_pNP	6	6	12	2	6	C82H123N7O83S6	2861.606730	8
HS_HexA6_HexN6_Ac2_S6_pNP	6	6	12	2	6	C82H123N7O83S6	2878.633279	9
HS_HexA6_HexN6_Ac2_S6_pNP	6	6	12	2	6	C82H123N7O83S6	2895.659828	10
HS_HexA6_HexN6_Ac2_S6_pNP	6	6	12	2	6	C82H123N7O83S6	2912.686378	11
HS_HexA6_HexN6_Ac2_S6_pNP	6	6	12	2	6	C82H123N7O83S6	2929.712927	12
HS_HexA6_HexN6_Ac2_S7_pNP	6	6	12	2	7	C82H123N7O86S7	2805.351152	0
HS_HexA6_HexN6_Ac2_S7_pNP	6	6	12	2	7	C82H123N7O86S7	2822.377702	1
HS_HexA6_HexN6_Ac2_S7_pNP	6	6	12	2	7	C82H123N7O86S7	2839.404251	2
HS_HexA6_HexN6_Ac2_S7_pNP	6	6	12	2	7	C82H123N7O86S7	2856.430800	3
HS_HexA6_HexN6_Ac2_S7_pNP	6	6	12	2	7	C82H123N7O86S7	2873.457349	4
HS_HexA6_HexN6_Ac2_S7_pNP	6	6	12	2	7	C82H123N7O86S7	2890.483898	5
HS_HexA6_HexN6_Ac2_S7_pNP	6	6	12	2	7	C82H123N7O86S7	2907.510447	6
HS_HexA6_HexN6_Ac2_S7_pNP	6	6	12	2	7	C82H123N7O86S7	2924.536996	7
HS_HexA6_HexN6_Ac2_S7_pNP	6	6	12	2	7	C82H123N7O86S7	2941.563545	8
HS_HexA6_HexN6_Ac2_S7_pNP	6	6	12	2	7	C82H123N7O86S7	2958.590094	9
HS_HexA6_HexN6_Ac2_S7_pNP	6	6	12	2	7	C82H123N7O86S7	2975.616644	10
HS_HexA6_HexN6_Ac2_S7_pNP	6	6	12	2	7	C82H123N7O86S7	2992.643193	11
HS_HexA6_HexN6_Ac2_S7_pNP	6	6	12	2	7	C82H123N7O86S7	3009.669742	12
HS_HexA6_HexN6_Ac2_S7_pNP	6	6	12	2	7	C82H123N7O86S7	3026.696291	13
HS_HexA6_HexN6_Ac2_S8_pNP	6	6	12	2	8	C82H123N7O89S8	2885.307968	0
HS_HexA6_HexN6_Ac2_S8_pNP	6	6	12	2	8	C82H123N7O89S8	2902.334517	1
HS_HexA6_HexN6_Ac2_S8_pNP	6	6	12	2	8	C82H123N7O89S8	2919.361066	2
HS_HexA6_HexN6_Ac2_S8_pNP	6	6	12	2	8	C82H123N7O89S8	2936.387615	3
HS_HexA6_HexN6_Ac2_S8_pNP	6	6	12	2	8	C82H123N7O89S8	2953.414164	4
HS_HexA6_HexN6_Ac2_S8_pNP	6	6	12	2	8	C82H123N7O89S8	2970.440713	5
HS_HexA6_HexN6_Ac2_S8_pNP	6	6	12	2	8	C82H123N7O89S8	2987.467262	6
HS_HexA6_HexN6_Ac2_S8_pNP	6	6	12	2	8	C82H123N7O89S8	3004.493811	7
HS_HexA6_HexN6_Ac2_S8_pNP	6	6	12	2	8	C82H123N7O89S8	3021.520360	8
HS_HexA6_HexN6_Ac2_S8_pNP	6	6	12	2	8	C82H123N7O89S8	3038.546909	9
HS_HexA6_HexN6_Ac2_S8_pNP	6	6	12	2	8	C82H123N7O89S8	3055.573459	10
HS_HexA6_HexN6_Ac2_S8_pNP	6	6	12	2	8	C82H123N7O89S8	3072.600008	11
HS_HexA6_HexN6_Ac2_S8_pNP	6	6	12	2	8	C82H123N7O89S8	3089.626557	12
HS_HexA6_HexN6_Ac2_S8_pNP	6	6	12	2	8	C82H123N7O89S8	3106.653106	13
HS_HexA6_HexN6_Ac2_S8_pNP	6	6	12	2	8	C82H123N7O89S8	3123.679655	14
HS_HexA6_HexN6_Ac2_S9_pNP	6	6	12	2	9	C82H123N7O92S9	2965.264783	0
HS_HexA6_HexN6_Ac2_S9_pNP	6	6	12	2	9	C82H123N7O92S9	2982.291332	1
HS_HexA6_HexN6_Ac2_S9_pNP	6	6	12	2	9	C82H123N7O92S9	2999.317881	2
HS_HexA6_HexN6_Ac2_S9_pNP	6	6	12	2	9	C82H123N7O92S9	3016.344430	3
HS_HexA6_HexN6_Ac2_S9_pNP	6	6	12	2	9	C82H123N7O92S9	3033.370979	4
HS_HexA6_HexN6_Ac2_S9_pNP	6	6	12	2	9	C82H123N7O92S9	3050.397528	5
HS_HexA6_HexN6_Ac2_S9_pNP	6	6	12	2	9	C82H123N7O92S9	3067.424077	6
HS_HexA6_HexN6_Ac2_S9_pNP	6	6	12	2	9	C82H123N7O92S9	3084.450626	7
HS_HexA6_HexN6_Ac2_S9_pNP	6	6	12	2	9	C82H123N7O92S9	3101.477175	8
HS_HexA6_HexN6_Ac2_S9_pNP	6	6	12	2	9	C82H123N7O92S9	3118.503724	9
HS_HexA6_HexN6_Ac2_S9_pNP	6	6	12	2	9	C82H123N7O92S9	3135.530274	10
HS_HexA6_HexN6_Ac2_S9_pNP	6	6	12	2	9	C82H123N7O92S9	3152.556823	11
HS_HexA6_HexN6_Ac2_S9_pNP	6	6	12	2	9	C82H123N7O92S9	3169.583372	12
HS_HexA6_HexN6_Ac2_S9_pNP	6	6	12	2	9	C82H123N7O92S9	3186.609921	13
HS_HexA6_HexN6_Ac2_S9_pNP	6	6	12	2	9	C82H123N7O92S9	3203.636470	14
HS_HexA6_HexN6_Ac2_S9_pNP	6	6	12	2	9	C82H123N7O92S9	3220.663019	15
HS_HexA6_HexN6_Ac2_S10_pNP	6	6	12	2	10	C82H123N7O95S10	3045.221598	0
HS_HexA6_HexN6_Ac2_S10_pNP	6	6	12	2	10	C82H123N7O95S10	3062.248147	1
HS_HexA6_HexN6_Ac2_S10_pNP	6	6	12	2	10	C82H123N7O95S10	3079.274696	2
HS_HexA6_HexN6_Ac2_S10_pNP	6	6	12	2	10	C82H123N7O95S10	3096.301245	3
HS_HexA6_HexN6_Ac2_S10_pNP	6	6	12	2	10	C82H123N7O95S10	3113.327794	4
HS_HexA6_HexN6_Ac2_S10_pNP	6	6	12	2	10	C82H123N7O95S10	3130.354343	5
HS_HexA6_HexN6_Ac2_S10_pNP	6	6	12	2	10	C82H123N7O95S10	3147.380892	6
HS_HexA6_HexN6_Ac2_S10_pNP	6	6	12	2	10	C82H123N7O95S10	3164.407441	7
HS_HexA6_HexN6_Ac2_S10_pNP	6	6	12	2	10	C82H123N7O95S10	3181.433990	8
HS_HexA6_HexN6_Ac2_S10_pNP	6	6	12	2	10	C82H123N7O95S10	3198.460540	9
HS_HexA6_HexN6_Ac2_S10_pNP	6	6	12	2	10	C82H123N7O95S10	3215.487089	10
HS_HexA6_HexN6_Ac2_S10_pNP	6	6	12	2	10	C82H123N7O95S10	3232.513638	11
HS_HexA6_HexN6_Ac2_S10_pNP	6	6	12	2	10	C82H123N7O95S10	3249.540187	12
HS_HexA6_HexN6_Ac2_S10_pNP	6	6	12	2	10	C82H123N7O95S10	3266.566736	13
HS_HexA6_HexN6_Ac2_S10_pNP	6	6	12	2	10	C82H123N7O95S10	3283.593285	14
HS_HexA6_HexN6_Ac2_S10_pNP	6	6	12	2	10	C82H123N7O95S10	3300.619834	15
HS_HexA6_HexN6_Ac2_S10_pNP	6	6	12	2	10	C82H123N7O95S10	3317.646383	16
HS_HexA6_HexN6_Ac2_S11_pNP	6	6	12	2	11	C82H123N7O98S11	3125.178413	0
HS_HexA6_HexN6_Ac2_S11_pNP	6	6	12	2	11	C82H123N7O98S11	3142.204962	1
HS_HexA6_HexN6_Ac2_S11_pNP	6	6	12	2	11	C82H123N7O98S11	3159.231511	2
HS_HexA6_HexN6_Ac2_S11_pNP	6	6	12	2	11	C82H123N7O98S11	3176.258060	3
HS_HexA6_HexN6_Ac2_S11_pNP	6	6	12	2	11	C82H123N7O98S11	3193.284609	4
HS_HexA6_HexN6_Ac2_S11_pNP	6	6	12	2	11	C82H123N7O98S11	3210.311158	5
HS_HexA6_HexN6_Ac2_S11_pNP	6	6	12	2	11	C82H123N7O98S11	3227.337707	6
HS_HexA6_HexN6_Ac2_S11_pNP	6	6	12	2	11	C82H123N7O98S11	3244.364256	7
HS_HexA6_HexN6_Ac2_S11_pNP	6	6	12	2	11	C82H123N7O98S11	3261.390805	8
HS_HexA6_HexN6_Ac2_S11_pNP	6	6	12	2	11	C82H123N7O98S11	3278.417355	9
HS_HexA6_HexN6_Ac2_S11_pNP	6	6	12	2	11	C82H123N7O98S11	3295.443904	10
HS_HexA6_HexN6_Ac2_S11_pNP	6	6	12	2	11	C82H123N7O98S11	3312.470453	11
HS_HexA6_HexN6_Ac2_S11_pNP	6	6	12	2	11	C82H123N7O98S11	3329.497002	12
HS_HexA6_HexN6_Ac2_S11_pNP	6	6	12	2	11	C82H123N7O98S11	3346.523551	13
HS_HexA6_HexN6_Ac2_S11_pNP	6	6	12	2	11	C82H123N7O98S11	3363.550100	14
HS_HexA6_HexN6_Ac2_S11_pNP	6	6	12	2	11	C82H123N7O98S11	3380.576649	15
HS_HexA6_HexN6_Ac2_S11_pNP	6	6	12	2	11	C82H123N7O98S11	3397.603198	16
HS_HexA6_HexN6_Ac2_S11_pNP	6	6	12	2	11	C82H123N7O98S11	3414.629747	17
HS_HexA6_HexN6_Ac2_S12_pNP	6	6	12	2	12	C82H123N7O101S12	3205.135228	0
HS_HexA6_HexN6_Ac2_S12_pNP	6	6	12	2	12	C82H123N7O101S12	3222.161777	1
HS_HexA6_HexN6_Ac2_S12_pNP	6	6	12	2	12	C82H123N7O101S12	3239.188326	2
HS_HexA6_HexN6_Ac2_S12_pNP	6	6	12	2	12	C82H123N7O101S12	3256.214875	3
HS_HexA6_HexN6_Ac2_S12_pNP	6	6	12	2	12	C82H123N7O101S12	3273.241424	4
HS_HexA6_HexN6_Ac2_S12_pNP	6	6	12	2	12	C82H123N7O101S12	3290.267973	5
HS_HexA6_HexN6_Ac2_S12_pNP	6	6	12	2	12	C82H123N7O101S12	3307.294522	6
HS_HexA6_HexN6_Ac2_S12_pNP	6	6	12	2	12	C82H123N7O101S12	3324.321071	7
HS_HexA6_HexN6_Ac2_S12_pNP	6	6	12	2	12	C82H123N7O101S12	3341.347620	8
HS_HexA6_HexN6_Ac2_S12_pNP	6	6	12	2	12	C82H123N7O101S12	3358.374170	9
HS_HexA6_HexN6_Ac2_S12_pNP	6	6	12	2	12	C82H123N7O101S12	3375.400719	10
HS_HexA6_HexN6_Ac2_S12_pNP	6	6	12	2	12	C82H123N7O101S12	3392.427268	11
HS_HexA6_HexN6_Ac2_S12_pNP	6	6	12	2	12	C82H123N7O101S12	3409.453817	12
HS_HexA6_HexN6_Ac2_S12_pNP	6	6	12	2	12	C82H123N7O101S12	3426.480366	13
HS_HexA6_HexN6_Ac2_S12_pNP	6	6	12	2	12	C82H123N7O101S12	3443.506915	14
HS_HexA6_HexN6_Ac2_S12_pNP	6	6	12	2	12	C82H123N7O101S12	3460.533464	15
HS_HexA6_HexN6_Ac2_S12_pNP	6	6	12	2	12	C82H123N7O101S12	3477.560013	16
HS_HexA6_HexN6_Ac2_S12_pNP	6	6	12	2	12	C82H123N7O101S12	3494.586562	17
HS_HexA6_HexN6_Ac2_S12_pNP	6	6	12	2	12	C82H123N7O101S12	3511.613111	18
HS_HexA6_HexN6_Ac2_S13_pNP	6	6	12	2	13	C82H123N7O104S13	3285.092043	0
HS_HexA6_HexN6_Ac2_S13_pNP	6	6	12	2	13	C82H123N7O104S13	3302.118592	1
HS_HexA6_HexN6_Ac2_S13_pNP	6	6	12	2	13	C82H123N7O104S13	3319.145141	2
HS_HexA6_HexN6_Ac2_S13_pNP	6	6	12	2	13	C82H123N7O104S13	3336.171690	3
HS_HexA6_HexN6_Ac2_S13_pNP	6	6	12	2	13	C82H123N7O104S13	3353.198239	4
HS_HexA6_HexN6_Ac2_S13_pNP	6	6	12	2	13	C82H123N7O104S13	3370.224788	5
HS_HexA6_HexN6_Ac2_S13_pNP	6	6	12	2	13	C82H123N7O104S13	3387.251337	6
HS_HexA6_HexN6_Ac2_S13_pNP	6	6	12	2	13	C82H123N7O104S13	3404.277886	7
HS_HexA6_HexN6_Ac2_S13_pNP	6	6	12	2	13	C82H123N7O104S13	3421.304436	8
HS_HexA6_HexN6_Ac2_S13_pNP	6	6	12	2	13	C82H123N7O104S13	3438.330985	9
HS_HexA6_HexN6_Ac2_S13_pNP	6	6	12	2	13	C82H123N7O104S13	3455.357534	10
HS_HexA6_HexN6_Ac2_S13_pNP	6	6	12	2	13	C82H123N7O104S13	3472.384083	11
HS_HexA6_HexN6_Ac2_S13_pNP	6	6	12	2	13	C82H123N7O104S13	3489.410632	12
HS_HexA6_HexN6_Ac2_S13_pNP	6	6	12	2	13	C82H123N7O104S13	3506.437181	13
HS_HexA6_HexN6_Ac2_S13_pNP	6	6	12	2	13	C82H123N7O104S13	3523.463730	14
HS_HexA6_HexN6_Ac2_S13_pNP	6	6	12	2	13	C82H123N7O104S13	3540.490279	15
HS_HexA6_HexN6_Ac2_S13_pNP	6	6	12	2	13	C82H123N7O104S13	3557.516828	16
HS_HexA6_HexN6_Ac2_S13_pNP	6	6	12	2	13	C82H123N7O104S13	3574.543377	17
HS_HexA6_HexN6_Ac2_S13_pNP	6	6	12	2	13	C82H123N7O104S13	3591.569927	18
HS_HexA6_HexN6_Ac2_S13_pNP	6	6	12	2	13	C82H123N7O104S13	3608.596476	19
HS_HexA6_HexN6_Ac2_S14_pNP	6	6	12	2	14	C82H123N7O107S14	3365.048858	0
HS_HexA6_HexN6_Ac2_S14_pNP	6	6	12	2	14	C82H123N7O107S14	3382.075407	1
HS_HexA6_HexN6_Ac2_S14_pNP	6	6	12	2	14	C82H123N7O107S14	3399.101956	2
HS_HexA6_HexN6_Ac2_S14_pNP	6	6	12	2	14	C82H123N7O107S14	3416.128505	3
HS_HexA6_HexN6_Ac2_S14_pNP	6	6	12	2	14	C82H123N7O107S14	3433.155054	4
HS_HexA6_HexN6_Ac2_S14_pNP	6	6	12	2	14	C82H123N7O107S14	3450.181603	5
HS_HexA6_HexN6_Ac2_S14_pNP	6	6	12	2	14	C82H123N7O107S14	3467.208152	6
HS_HexA6_HexN6_Ac2_S14_pNP	6	6	12	2	14	C82H123N7O107S14	3484.234701	7
HS_HexA6_HexN6_Ac2_S14_pNP	6	6	12	2	14	C82H123N7O107S14	3501.261251	8
HS_HexA6_HexN6_Ac2_S14_pNP	6	6	12	2	14	C82H123N7O107S14	3518.287800	9
HS_HexA6_HexN6_Ac2_S14_pNP	6	6	12	2	14	C82H123N7O107S14	3535.314349	10
HS_HexA6_HexN6_Ac2_S14_pNP	6	6	12	2	14	C82H123N7O107S14	3552.340898	11
HS_HexA6_HexN6_Ac2_S14_pNP	6	6	12	2	14	C82H123N7O107S14	3569.367447	12
HS_HexA6_HexN6_Ac2_S14_pNP	6	6	12	2	14	C82H123N7O107S14	3586.393996	13
HS_HexA6_HexN6_Ac2_S14_pNP	6	6	12	2	14	C82H123N7O107S14	3603.420545	14
HS_HexA6_HexN6_Ac2_S14_pNP	6	6	12	2	14	C82H123N7O107S14	3620.447094	15
HS_HexA6_HexN6_Ac2_S14_pNP	6	6	12	2	14	C82H123N7O107S14	3637.473643	16
HS_HexA6_HexN6_Ac2_S14_pNP	6	6	12	2	14	C82H123N7O107S14	3654.500192	17
HS_HexA6_HexN6_Ac2_S14_pNP	6	6	12	2	14	C82H123N7O107S14	3671.526742	18
HS_HexA6_HexN6_Ac2_S14_pNP	6	6	12	2	14	C82H123N7O107S14	3688.553291	19
HS_HexA6_HexN6_Ac2_S14_pNP	6	6	12	2	14	C82H123N7O107S14	3705.579840	20
HS_HexA6_HexN6_Ac2_S15_pNP	6	6	12	2	15	C82H123N7O110S15	3445.005673	0
HS_HexA6_HexN6_Ac2_S15_pNP	6	6	12	2	15	C82H123N7O110S15	3462.032222	1
HS_HexA6_HexN6_Ac2_S15_pNP	6	6	12	2	15	C82H123N7O110S15	3479.058771	2
HS_HexA6_HexN6_Ac2_S15_pNP	6	6	12	2	15	C82H123N7O110S15	3496.085320	3
HS_HexA6_HexN6_Ac2_S15_pNP	6	6	12	2	15	C82H123N7O110S15	3513.111869	4
HS_HexA6_HexN6_Ac2_S15_pNP	6	6	12	2	15	C82H123N7O110S15	3530.138418	5
HS_HexA6_HexN6_Ac2_S15_pNP	6	6	12	2	15	C82H123N7O110S15	3547.164967	6
HS_HexA6_HexN6_Ac2_S15_pNP	6	6	12	2	15	C82H123N7O110S15	3564.191516	7
HS_HexA6_HexN6_Ac2_S15_pNP	6	6	12	2	15	C82H123N7O110S15	3581.218066	8
HS_HexA6_HexN6_Ac2_S15_pNP	6	6	12	2	15	C82H123N7O110S15	3598.244615	9
HS_HexA6_HexN6_Ac2_S15_pNP	6	6	12	2	15	C82H123N7O110S15	3615.271164	10
HS_HexA6_HexN6_Ac2_S15_pNP	6	6	12	2	15	C82H123N7O110S15	3632.297713	11
HS_HexA6_HexN6_Ac2_S15_pNP	6	6	12	2	15	C82H123N7O110S15	3649.324262	12
HS_HexA6_HexN6_Ac2_S15_pNP	6	6	12	2	15	C82H123N7O110S15	3666.350811	13
HS_HexA6_HexN6_Ac2_S15_pNP	6	6	12	2	15	C82H123N7O110S15	3683.377360	14
HS_HexA6_HexN6_Ac2_S15_pNP	6	6	12	2	15	C82H123N7O110S15	3700.403909	15
HS_HexA6_HexN6_Ac2_S15_pNP	6	6	12	2	15	C82H123N7O110S15	3717.430458	16
HS_HexA6_HexN6_Ac2_S15_pNP	6	6	12	2	15	C82H123N7O110S15	3734.457007	17
HS_HexA6_HexN6_Ac2_S15_pNP	6	6	12	2	15	C82H123N7O110S15	3751.483557	18
HS_HexA6_HexN6_Ac2_S15_pNP	6	6	12	2	15	C82H123N7O110S15	3768.510106	19
HS_HexA6_HexN6_Ac2_S15_pNP	6	6	12	2	15	C82H123N7O110S15	3785.536655	20
HS_HexA6_HexN6_Ac2_S15_pNP	6	6	12	2	15	C82H123N7O110S15	3802.563204	21
HS_HexA6_HexN6_Ac2_S16_pNP	6	6	12	2	16	C82H123N7O113S16	3524.962488	0
HS_HexA6_HexN6_Ac2_S16_pNP	6	6	12	2	16	C82H123N7O113S16	3541.989037	1
HS_HexA6_HexN6_Ac2_S16_pNP	6	6	12	2	16	C82H123N7O113S16	3559.015586	2
HS_HexA6_HexN6_Ac2_S16_pNP	6	6	12	2	16	C82H123N7O113S16	3576.042135	3
HS_HexA6_HexN6_Ac2_S16_pNP	6	6	12	2	16	C82H123N7O113S16	3593.068684	4
HS_HexA6_HexN6_Ac2_S16_pNP	6	6	12	2	16	C82H123N7O113S16	3610.095233	5
HS_HexA6_HexN6_Ac2_S16_pNP	6	6	12	2	16	C82H123N7O113S16	3627.121782	6
HS_HexA6_HexN6_Ac2_S16_pNP	6	6	12	2	16	C82H123N7O113S16	3644.148332	7
HS_HexA6_HexN6_Ac2_S16_pNP	6	6	12	2	16	C82H123N7O113S16	3661.174881	8
HS_HexA6_HexN6_Ac2_S16_pNP	6	6	12	2	16	C82H123N7O113S16	3678.201430	9
HS_HexA6_HexN6_Ac2_S16_pNP	6	6	12	2	16	C82H123N7O113S16	3695.227979	10
HS_HexA6_HexN6_Ac2_S16_pNP	6	6	12	2	16	C82H123N7O113S16	3712.254528	11
HS_HexA6_HexN6_Ac2_S16_pNP	6	6	12	2	16	C82H123N7O113S16	3729.281077	12
HS_HexA6_HexN6_Ac2_S16_pNP	6	6	12	2	16	C82H123N7O113S16	3746.307626	13
HS_HexA6_HexN6_Ac2_S16_pNP	6	6	12	2	16	C82H123N7O113S16	3763.334175	14
HS_HexA6_HexN6_Ac2_S16_pNP	6	6	12	2	16	C82H123N7O113S16	3780.360724	15
HS_HexA6_HexN6_Ac2_S16_pNP	6	6	12	2	16	C82H123N7O113S16	3797.387273	16
HS_HexA6_HexN6_Ac2_S16_pNP	6	6	12	2	16	C82H123N7O113S16	3814.413823	17
HS_HexA6_HexN6_Ac2_S16_pNP	6	6	12	2	16	C82H123N7O113S16	3831.440372	18
HS_HexA6_HexN6_Ac2_S16_pNP	6	6	12	2	16	C82H123N7O113S16	3848.466921	19
HS_HexA6_HexN6_Ac2_S16_pNP	6	6	12	2	16	C82H123N7O113S16	3865.493470	20
HS_HexA6_HexN6_Ac2_S16_pNP	6	6	12	2	16	C82H123N7O113S16	3882.520019	21
HS_HexA6_HexN6_Ac2_S16_pNP	6	6	12	2	16	C82H123N7O113S16	3899.546568	22
HS_HexA6_HexN6_Ac2_S17_pNP	6	6	12	2	17	C82H123N7O116S17	3604.919303	0
HS_HexA6_HexN6_Ac2_S17_pNP	6	6	12	2	17	C82H123N7O116S17	3621.945852	1
HS_HexA6_HexN6_Ac2_S17_pNP	6	6	12	2	17	C82H123N7O116S17	3638.972401	2
HS_HexA6_HexN6_Ac2_S17_pNP	6	6	12	2	17	C82H123N7O116S17	3655.998950	3
HS_HexA6_HexN6_Ac2_S17_pNP	6	6	12	2	17	C82H123N7O116S17	3673.025499	4
HS_HexA6_HexN6_Ac2_S17_pNP	6	6	12	2	17	C82H123N7O116S17	3690.052048	5
HS_HexA6_HexN6_Ac2_S17_pNP	6	6	12	2	17	C82H123N7O116S17	3707.078597	6
HS_HexA6_HexN6_Ac2_S17_pNP	6	6	12	2	17	C82H123N7O116S17	3724.105147	7
HS_HexA6_HexN6_Ac2_S17_pNP	6	6	12	2	17	C82H123N7O116S17	3741.131696	8
HS_HexA6_HexN6_Ac2_S17_pNP	6	6	12	2	17	C82H123N7O116S17	3758.158245	9
HS_HexA6_HexN6_Ac2_S17_pNP	6	6	12	2	17	C82H123N7O116S17	3775.184794	10
HS_HexA6_HexN6_Ac2_S17_pNP	6	6	12	2	17	C82H123N7O116S17	3792.211343	11
HS_HexA6_HexN6_Ac2_S17_pNP	6	6	12	2	17	C82H123N7O116S17	3809.237892	12
HS_HexA6_HexN6_Ac2_S17_pNP	6	6	12	2	17	C82H123N7O116S17	3826.264441	13
HS_HexA6_HexN6_Ac2_S17_pNP	6	6	12	2	17	C82H123N7O116S17	3843.290990	14
HS_HexA6_HexN6_Ac2_S17_pNP	6	6	12	2	17	C82H123N7O116S17	3860.317539	15
HS_HexA6_HexN6_Ac2_S17_pNP	6	6	12	2	17	C82H123N7O116S17	3877.344088	16
HS_HexA6_HexN6_Ac2_S17_pNP	6	6	12	2	17	C82H123N7O116S17	3894.370638	17
HS_HexA6_HexN6_Ac2_S17_pNP	6	6	12	2	17	C82H123N7O116S17	3911.397187	18
HS_HexA6_HexN6_Ac2_S17_pNP	6	6	12	2	17	C82H123N7O116S17	3928.423736	19
HS_HexA6_HexN6_Ac2_S17_pNP	6	6	12	2	17	C82H123N7O116S17	3945.450285	20
HS_HexA6_HexN6_Ac2_S17_pNP	6	6	12	2	17	C82H123N7O116S17	3962.476834	21
HS_HexA6_HexN6_Ac2_S17_pNP	6	6	12	2	17	C82H123N7O116S17	3979.503383	22
HS_HexA6_HexN6_Ac2_S17_pNP	6	6	12	2	17	C82H123N7O116S17	3996.529932	23
HS_HexA6_HexN6_Ac2_S18_pNP	6	6	12	2	18	C82H123N7O119S18	3684.876118	0
HS_HexA6_HexN6_Ac2_S18_pNP	6	6	12	2	18	C82H123N7O119S18	3701.902667	1
HS_HexA6_HexN6_Ac2_S18_pNP	6	6	12	2	18	C82H123N7O119S18	3718.929216	2
HS_HexA6_HexN6_Ac2_S18_pNP	6	6	12	2	18	C82H123N7O119S18	3735.955765	3
HS_HexA6_HexN6_Ac2_S18_pNP	6	6	12	2	18	C82H123N7O119S18	3752.982314	4
HS_HexA6_HexN6_Ac2_S18_pNP	6	6	12	2	18	C82H123N7O119S18	3770.008863	5
HS_HexA6_HexN6_Ac2_S18_pNP	6	6	12	2	18	C82H123N7O119S18	3787.035412	6
HS_HexA6_HexN6_Ac2_S18_pNP	6	6	12	2	18	C82H123N7O119S18	3804.061962	7
HS_HexA6_HexN6_Ac2_S18_pNP	6	6	12	2	18	C82H123N7O119S18	3821.088511	8
HS_HexA6_HexN6_Ac2_S18_pNP	6	6	12	2	18	C82H123N7O119S18	3838.115060	9
HS_HexA6_HexN6_Ac2_S18_pNP	6	6	12	2	18	C82H123N7O119S18	3855.141609	10
HS_HexA6_HexN6_Ac2_S18_pNP	6	6	12	2	18	C82H123N7O119S18	3872.168158	11
HS_HexA6_HexN6_Ac2_S18_pNP	6	6	12	2	18	C82H123N7O119S18	3889.194707	12
HS_HexA6_HexN6_Ac2_S18_pNP	6	6	12	2	18	C82H123N7O119S18	3906.221256	13
HS_HexA6_HexN6_Ac2_S18_pNP	6	6	12	2	18	C82H123N7O119S18	3923.247805	14
HS_HexA6_HexN6_Ac2_S18_pNP	6	6	12	2	18	C82H123N7O119S18	3940.274354	15
HS_HexA6_HexN6_Ac2_S18_pNP	6	6	12	2	18	C82H123N7O119S18	3957.300903	16
HS_HexA6_HexN6_Ac2_S18_pNP	6	6	12	2	18	C82H123N7O119S18	3974.327453	17
HS_HexA6_HexN6_Ac2_S18_pNP	6	6	12	2	18	C82H123N7O119S18	3991.354002	18
HS_HexA6_HexN6_Ac2_S18_pNP	6	6	12	2	18	C82H123N7O119S18	4008.380551	19
HS_HexA6_HexN6_Ac2_S18_pNP	6	6	12	2	18	C82H123N7O119S18	4025.407100	20
HS_HexA6_HexN6_Ac2_S18_pNP	6	6	12	2	18	C82H123N7O119S18	4042.433649	21
HS_HexA6_HexN6_Ac2_S18_pNP	6	6	12	2	18	C82H123N7O119S18	4059.460198	22
HS_HexA6_HexN6_Ac2_S18_pNP	6	6	12	2	18	C82H123N7O119S18	4076.486747	23
HS_HexA6_HexN6_Ac2_S18_pNP	6	6	12	2	18	C82H123N7O119S18	4093.513296	24
HS_HexA6_HexN6_Ac3_S0_pNP	6	6	12	3	0	C84H125N7O66	2287.664012	0
HS_HexA6_HexN6_Ac3_S0_pNP	6	6	12	3	0	C84H125N7O66	2304.690561	1
HS_HexA6_HexN6_Ac3_S0_pNP	6	6	12	3	0	C84H125N7O66	2321.717110	2
HS_HexA6_HexN6_Ac3_S0_pNP	6	6	12	3	0	C84H125N7O66	2338.743659	3
HS_HexA6_HexN6_Ac3_S0_pNP	6	6	12	3	0	C84H125N7O66	2355.770208	4
HS_HexA6_HexN6_Ac3_S0_pNP	6	6	12	3	0	C84H125N7O66	2372.796757	5
HS_HexA6_HexN6_Ac3_S0_pNP	6	6	12	3	0	C84H125N7O66	2389.823307	6
HS_HexA6_HexN6_Ac3_S1_pNP	6	6	12	3	1	C84H125N7O69S	2367.620827	0
HS_HexA6_HexN6_Ac3_S1_pNP	6	6	12	3	1	C84H125N7O69S	2384.647376	1
HS_HexA6_HexN6_Ac3_S1_pNP	6	6	12	3	1	C84H125N7O69S	2401.673925	2
HS_HexA6_HexN6_Ac3_S1_pNP	6	6	12	3	1	C84H125N7O69S	2418.700474	3
HS_HexA6_HexN6_Ac3_S1_pNP	6	6	12	3	1	C84H125N7O69S	2435.727023	4
HS_HexA6_HexN6_Ac3_S1_pNP	6	6	12	3	1	C84H125N7O69S	2452.753572	5
HS_HexA6_HexN6_Ac3_S1_pNP	6	6	12	3	1	C84H125N7O69S	2469.780122	6
HS_HexA6_HexN6_Ac3_S1_pNP	6	6	12	3	1	C84H125N7O69S	2486.806671	7
HS_HexA6_HexN6_Ac3_S2_pNP	6	6	12	3	2	C84H125N7O72S2	2447.577642	0
HS_HexA6_HexN6_Ac3_S2_pNP	6	6	12	3	2	C84H125N7O72S2	2464.604191	1
HS_HexA6_HexN6_Ac3_S2_pNP	6	6	12	3	2	C84H125N7O72S2	2481.630740	2
HS_HexA6_HexN6_Ac3_S2_pNP	6	6	12	3	2	C84H125N7O72S2	2498.657289	3
HS_HexA6_HexN6_Ac3_S2_pNP	6	6	12	3	2	C84H125N7O72S2	2515.683838	4
HS_HexA6_HexN6_Ac3_S2_pNP	6	6	12	3	2	C84H125N7O72S2	2532.710388	5
HS_HexA6_HexN6_Ac3_S2_pNP	6	6	12	3	2	C84H125N7O72S2	2549.736937	6
HS_HexA6_HexN6_Ac3_S2_pNP	6	6	12	3	2	C84H125N7O72S2	2566.763486	7
HS_HexA6_HexN6_Ac3_S2_pNP	6	6	12	3	2	C84H125N7O72S2	2583.790035	8
HS_HexA6_HexN6_Ac3_S3_pNP	6	6	12	3	3	C84H125N7O75S3	2527.534457	0
HS_HexA6_HexN6_Ac3_S3_pNP	6	6	12	3	3	C84H125N7O75S3	2544.561006	1
HS_HexA6_HexN6_Ac3_S3_pNP	6	6	12	3	3	C84H125N7O75S3	2561.587555	2
HS_HexA6_HexN6_Ac3_S3_pNP	6	6	12	3	3	C84H125N7O75S3	2578.614104	3
HS_HexA6_HexN6_Ac3_S3_pNP	6	6	12	3	3	C84H125N7O75S3	2595.640653	4
HS_HexA6_HexN6_Ac3_S3_pNP	6	6	12	3	3	C84H125N7O75S3	2612.667203	5
HS_HexA6_HexN6_Ac3_S3_pNP	6	6	12	3	3	C84H125N7O75S3	2629.693752	6
HS_HexA6_HexN6_Ac3_S3_pNP	6	6	12	3	3	C84H125N7O75S3	2646.720301	7
HS_HexA6_HexN6_Ac3_S3_pNP	6	6	12	3	3	C84H125N7O75S3	2663.746850	8
HS_HexA6_HexN6_Ac3_S3_pNP	6	6	12	3	3	C84H125N7O75S3	2680.773399	9
HS_HexA6_HexN6_Ac3_S4_pNP	6	6	12	3	4	C84H125N7O78S4	2607.491272	0
HS_HexA6_HexN6_Ac3_S4_pNP	6	6	12	3	4	C84H125N7O78S4	2624.517821	1
HS_HexA6_HexN6_Ac3_S4_pNP	6	6	12	3	4	C84H125N7O78S4	2641.544370	2
HS_HexA6_HexN6_Ac3_S4_pNP	6	6	12	3	4	C84H125N7O78S4	2658.570919	3
HS_HexA6_HexN6_Ac3_S4_pNP	6	6	12	3	4	C84H125N7O78S4	2675.597468	4
HS_HexA6_HexN6_Ac3_S4_pNP	6	6	12	3	4	C84H125N7O78S4	2692.624018	5
HS_HexA6_HexN6_Ac3_S4_pNP	6	6	12	3	4	C84H125N7O78S4	2709.650567	6
HS_HexA6_HexN6_Ac3_S4_pNP	6	6	12	3	4	C84H125N7O78S4	2726.677116	7
HS_HexA6_HexN6_Ac3_S4_pNP	6	6	12	3	4	C84H125N7O78S4	2743.703665	8
HS_HexA6_HexN6_Ac3_S4_pNP	6	6	12	3	4	C84H125N7O78S4	2760.730214	9
HS_HexA6_HexN6_Ac3_S4_pNP	6	6	12	3	4	C84H125N7O78S4	2777.756763	10
HS_HexA6_HexN6_Ac3_S5_pNP	6	6	12	3	5	C84H125N7O81S5	2687.448087	0
HS_HexA6_HexN6_Ac3_S5_pNP	6	6	12	3	5	C84H125N7O81S5	2704.474636	1
HS_HexA6_HexN6_Ac3_S5_pNP	6	6	12	3	5	C84H125N7O81S5	2721.501185	2
HS_HexA6_HexN6_Ac3_S5_pNP	6	6	12	3	5	C84H125N7O81S5	2738.527734	3
HS_HexA6_HexN6_Ac3_S5_pNP	6	6	12	3	5	C84H125N7O81S5	2755.554284	4
HS_HexA6_HexN6_Ac3_S5_pNP	6	6	12	3	5	C84H125N7O81S5	2772.580833	5
HS_HexA6_HexN6_Ac3_S5_pNP	6	6	12	3	5	C84H125N7O81S5	2789.607382	6
HS_HexA6_HexN6_Ac3_S5_pNP	6	6	12	3	5	C84H125N7O81S5	2806.633931	7
HS_HexA6_HexN6_Ac3_S5_pNP	6	6	12	3	5	C84H125N7O81S5	2823.660480	8
HS_HexA6_HexN6_Ac3_S5_pNP	6	6	12	3	5	C84H125N7O81S5	2840.687029	9
HS_HexA6_HexN6_Ac3_S5_pNP	6	6	12	3	5	C84H125N7O81S5	2857.713578	10
HS_HexA6_HexN6_Ac3_S5_pNP	6	6	12	3	5	C84H125N7O81S5	2874.740127	11
HS_HexA6_HexN6_Ac3_S6_pNP	6	6	12	3	6	C84H125N7O84S6	2767.404902	0
HS_HexA6_HexN6_Ac3_S6_pNP	6	6	12	3	6	C84H125N7O84S6	2784.431451	1
HS_HexA6_HexN6_Ac3_S6_pNP	6	6	12	3	6	C84H125N7O84S6	2801.458000	2
HS_HexA6_HexN6_Ac3_S6_pNP	6	6	12	3	6	C84H125N7O84S6	2818.484549	3
HS_HexA6_HexN6_Ac3_S6_pNP	6	6	12	3	6	C84H125N7O84S6	2835.511099	4
HS_HexA6_HexN6_Ac3_S6_pNP	6	6	12	3	6	C84H125N7O84S6	2852.537648	5
HS_HexA6_HexN6_Ac3_S6_pNP	6	6	12	3	6	C84H125N7O84S6	2869.564197	6
HS_HexA6_HexN6_Ac3_S6_pNP	6	6	12	3	6	C84H125N7O84S6	2886.590746	7
HS_HexA6_HexN6_Ac3_S6_pNP	6	6	12	3	6	C84H125N7O84S6	2903.617295	8
HS_HexA6_HexN6_Ac3_S6_pNP	6	6	12	3	6	C84H125N7O84S6	2920.643844	9
HS_HexA6_HexN6_Ac3_S6_pNP	6	6	12	3	6	C84H125N7O84S6	2937.670393	10
HS_HexA6_HexN6_Ac3_S6_pNP	6	6	12	3	6	C84H125N7O84S6	2954.696942	11
HS_HexA6_HexN6_Ac3_S6_pNP	6	6	12	3	6	C84H125N7O84S6	2971.723491	12
HS_HexA6_HexN6_Ac3_S7_pNP	6	6	12	3	7	C84H125N7O87S7	2847.361717	0
HS_HexA6_HexN6_Ac3_S7_pNP	6	6	12	3	7	C84H125N7O87S7	2864.388266	1
HS_HexA6_HexN6_Ac3_S7_pNP	6	6	12	3	7	C84H125N7O87S7	2881.414815	2
HS_HexA6_HexN6_Ac3_S7_pNP	6	6	12	3	7	C84H125N7O87S7	2898.441364	3
HS_HexA6_HexN6_Ac3_S7_pNP	6	6	12	3	7	C84H125N7O87S7	2915.467914	4
HS_HexA6_HexN6_Ac3_S7_pNP	6	6	12	3	7	C84H125N7O87S7	2932.494463	5
HS_HexA6_HexN6_Ac3_S7_pNP	6	6	12	3	7	C84H125N7O87S7	2949.521012	6
HS_HexA6_HexN6_Ac3_S7_pNP	6	6	12	3	7	C84H125N7O87S7	2966.547561	7
HS_HexA6_HexN6_Ac3_S7_pNP	6	6	12	3	7	C84H125N7O87S7	2983.574110	8
HS_HexA6_HexN6_Ac3_S7_pNP	6	6	12	3	7	C84H125N7O87S7	3000.600659	9
HS_HexA6_HexN6_Ac3_S7_pNP	6	6	12	3	7	C84H125N7O87S7	3017.627208	10
HS_HexA6_HexN6_Ac3_S7_pNP	6	6	12	3	7	C84H125N7O87S7	3034.653757	11
HS_HexA6_HexN6_Ac3_S7_pNP	6	6	12	3	7	C84H125N7O87S7	3051.680306	12
HS_HexA6_HexN6_Ac3_S7_pNP	6	6	12	3	7	C84H125N7O87S7	3068.706855	13
HS_HexA6_HexN6_Ac3_S8_pNP	6	6	12	3	8	C84H125N7O90S8	2927.318532	0
HS_HexA6_HexN6_Ac3_S8_pNP	6	6	12	3	8	C84H125N7O90S8	2944.345081	1
HS_HexA6_HexN6_Ac3_S8_pNP	6	6	12	3	8	C84H125N7O90S8	2961.371630	2
HS_HexA6_HexN6_Ac3_S8_pNP	6	6	12	3	8	C84H125N7O90S8	2978.398180	3
HS_HexA6_HexN6_Ac3_S8_pNP	6	6	12	3	8	C84H125N7O90S8	2995.424729	4
HS_HexA6_HexN6_Ac3_S8_pNP	6	6	12	3	8	C84H125N7O90S8	3012.451278	5
HS_HexA6_HexN6_Ac3_S8_pNP	6	6	12	3	8	C84H125N7O90S8	3029.477827	6
HS_HexA6_HexN6_Ac3_S8_pNP	6	6	12	3	8	C84H125N7O90S8	3046.504376	7
HS_HexA6_HexN6_Ac3_S8_pNP	6	6	12	3	8	C84H125N7O90S8	3063.530925	8
HS_HexA6_HexN6_Ac3_S8_pNP	6	6	12	3	8	C84H125N7O90S8	3080.557474	9
HS_HexA6_HexN6_Ac3_S8_pNP	6	6	12	3	8	C84H125N7O90S8	3097.584023	10
HS_HexA6_HexN6_Ac3_S8_pNP	6	6	12	3	8	C84H125N7O90S8	3114.610572	11
HS_HexA6_HexN6_Ac3_S8_pNP	6	6	12	3	8	C84H125N7O90S8	3131.637121	12
HS_HexA6_HexN6_Ac3_S8_pNP	6	6	12	3	8	C84H125N7O90S8	3148.663671	13
HS_HexA6_HexN6_Ac3_S8_pNP	6	6	12	3	8	C84H125N7O90S8	3165.690220	14
HS_HexA6_HexN6_Ac3_S9_pNP	6	6	12	3	9	C84H125N7O93S9	3007.275347	0
HS_HexA6_HexN6_Ac3_S9_pNP	6	6	12	3	9	C84H125N7O93S9	3024.301896	1
HS_HexA6_HexN6_Ac3_S9_pNP	6	6	12	3	9	C84H125N7O93S9	3041.328445	2
HS_HexA6_HexN6_Ac3_S9_pNP	6	6	12	3	9	C84H125N7O93S9	3058.354995	3
HS_HexA6_HexN6_Ac3_S9_pNP	6	6	12	3	9	C84H125N7O93S9	3075.381544	4
HS_HexA6_HexN6_Ac3_S9_pNP	6	6	12	3	9	C84H125N7O93S9	3092.408093	5
HS_HexA6_HexN6_Ac3_S9_pNP	6	6	12	3	9	C84H125N7O93S9	3109.434642	6
HS_HexA6_HexN6_Ac3_S9_pNP	6	6	12	3	9	C84H125N7O93S9	3126.461191	7
HS_HexA6_HexN6_Ac3_S9_pNP	6	6	12	3	9	C84H125N7O93S9	3143.487740	8
HS_HexA6_HexN6_Ac3_S9_pNP	6	6	12	3	9	C84H125N7O93S9	3160.514289	9
HS_HexA6_HexN6_Ac3_S9_pNP	6	6	12	3	9	C84H125N7O93S9	3177.540838	10
HS_HexA6_HexN6_Ac3_S9_pNP	6	6	12	3	9	C84H125N7O93S9	3194.567387	11
HS_HexA6_HexN6_Ac3_S9_pNP	6	6	12	3	9	C84H125N7O93S9	3211.593936	12
HS_HexA6_HexN6_Ac3_S9_pNP	6	6	12	3	9	C84H125N7O93S9	3228.620486	13
HS_HexA6_HexN6_Ac3_S9_pNP	6	6	12	3	9	C84H125N7O93S9	3245.647035	14
HS_HexA6_HexN6_Ac3_S9_pNP	6	6	12	3	9	C84H125N7O93S9	3262.673584	15
HS_HexA6_HexN6_Ac3_S10_pNP	6	6	12	3	10	C84H125N7O96S10	3087.232162	0
HS_HexA6_HexN6_Ac3_S10_pNP	6	6	12	3	10	C84H125N7O96S10	3104.258711	1
HS_HexA6_HexN6_Ac3_S10_pNP	6	6	12	3	10	C84H125N7O96S10	3121.285260	2
HS_HexA6_HexN6_Ac3_S10_pNP	6	6	12	3	10	C84H125N7O96S10	3138.311810	3
HS_HexA6_HexN6_Ac3_S10_pNP	6	6	12	3	10	C84H125N7O96S10	3155.338359	4
HS_HexA6_HexN6_Ac3_S10_pNP	6	6	12	3	10	C84H125N7O96S10	3172.364908	5
HS_HexA6_HexN6_Ac3_S10_pNP	6	6	12	3	10	C84H125N7O96S10	3189.391457	6
HS_HexA6_HexN6_Ac3_S10_pNP	6	6	12	3	10	C84H125N7O96S10	3206.418006	7
HS_HexA6_HexN6_Ac3_S10_pNP	6	6	12	3	10	C84H125N7O96S10	3223.444555	8
HS_HexA6_HexN6_Ac3_S10_pNP	6	6	12	3	10	C84H125N7O96S10	3240.471104	9
HS_HexA6_HexN6_Ac3_S10_pNP	6	6	12	3	10	C84H125N7O96S10	3257.497653	10
HS_HexA6_HexN6_Ac3_S10_pNP	6	6	12	3	10	C84H125N7O96S10	3274.524202	11
HS_HexA6_HexN6_Ac3_S10_pNP	6	6	12	3	10	C84H125N7O96S10	3291.550751	12
HS_HexA6_HexN6_Ac3_S10_pNP	6	6	12	3	10	C84H125N7O96S10	3308.577301	13
HS_HexA6_HexN6_Ac3_S10_pNP	6	6	12	3	10	C84H125N7O96S10	3325.603850	14
HS_HexA6_HexN6_Ac3_S10_pNP	6	6	12	3	10	C84H125N7O96S10	3342.630399	15
HS_HexA6_HexN6_Ac3_S10_pNP	6	6	12	3	10	C84H125N7O96S10	3359.656948	16
HS_HexA6_HexN6_Ac3_S11_pNP	6	6	12	3	11	C84H125N7O99S11	3167.188977	0
HS_HexA6_HexN6_Ac3_S11_pNP	6	6	12	3	11	C84H125N7O99S11	3184.215526	1
HS_HexA6_HexN6_Ac3_S11_pNP	6	6	12	3	11	C84H125N7O99S11	3201.242076	2
HS_HexA6_HexN6_Ac3_S11_pNP	6	6	12	3	11	C84H125N7O99S11	3218.268625	3
HS_HexA6_HexN6_Ac3_S11_pNP	6	6	12	3	11	C84H125N7O99S11	3235.295174	4
HS_HexA6_HexN6_Ac3_S11_pNP	6	6	12	3	11	C84H125N7O99S11	3252.321723	5
HS_HexA6_HexN6_Ac3_S11_pNP	6	6	12	3	11	C84H125N7O99S11	3269.348272	6
HS_HexA6_HexN6_Ac3_S11_pNP	6	6	12	3	11	C84H125N7O99S11	3286.374821	7
HS_HexA6_HexN6_Ac3_S11_pNP	6	6	12	3	11	C84H125N7O99S11	3303.401370	8
HS_HexA6_HexN6_Ac3_S11_pNP	6	6	12	3	11	C84H125N7O99S11	3320.427919	9
HS_HexA6_HexN6_Ac3_S11_pNP	6	6	12	3	11	C84H125N7O99S11	3337.454468	10
HS_HexA6_HexN6_Ac3_S11_pNP	6	6	12	3	11	C84H125N7O99S11	3354.481017	11
HS_HexA6_HexN6_Ac3_S11_pNP	6	6	12	3	11	C84H125N7O99S11	3371.507567	12
HS_HexA6_HexN6_Ac3_S11_pNP	6	6	12	3	11	C84H125N7O99S11	3388.534116	13
HS_HexA6_HexN6_Ac3_S11_pNP	6	6	12	3	11	C84H125N7O99S11	3405.560665	14
HS_HexA6_HexN6_Ac3_S11_pNP	6	6	12	3	11	C84H125N7O99S11	3422.587214	15
HS_HexA6_HexN6_Ac3_S11_pNP	6	6	12	3	11	C84H125N7O99S11	3439.613763	16
HS_HexA6_HexN6_Ac3_S11_pNP	6	6	12	3	11	C84H125N7O99S11	3456.640312	17
HS_HexA6_HexN6_Ac3_S12_pNP	6	6	12	3	12	C84H125N7O102S12	3247.145792	0
HS_HexA6_HexN6_Ac3_S12_pNP	6	6	12	3	12	C84H125N7O102S12	3264.172341	1
HS_HexA6_HexN6_Ac3_S12_pNP	6	6	12	3	12	C84H125N7O102S12	3281.198891	2
HS_HexA6_HexN6_Ac3_S12_pNP	6	6	12	3	12	C84H125N7O102S12	3298.225440	3
HS_HexA6_HexN6_Ac3_S12_pNP	6	6	12	3	12	C84H125N7O102S12	3315.251989	4
HS_HexA6_HexN6_Ac3_S12_pNP	6	6	12	3	12	C84H125N7O102S12	3332.278538	5
HS_HexA6_HexN6_Ac3_S12_pNP	6	6	12	3	12	C84H125N7O102S12	3349.305087	6
HS_HexA6_HexN6_Ac3_S12_pNP	6	6	12	3	12	C84H125N7O102S12	3366.331636	7
HS_HexA6_HexN6_Ac3_S12_pNP	6	6	12	3	12	C84H125N7O102S12	3383.358185	8
HS_HexA6_HexN6_Ac3_S12_pNP	6	6	12	3	12	C84H125N7O102S12	3400.384734	9
HS_HexA6_HexN6_Ac3_S12_pNP	6	6	12	3	12	C84H125N7O102S12	3417.411283	10
HS_HexA6_HexN6_Ac3_S12_pNP	6	6	12	3	12	C84H125N7O102S12	3434.437832	11
HS_HexA6_HexN6_Ac3_S12_pNP	6	6	12	3	12	C84H125N7O102S12	3451.464382	12
HS_HexA6_HexN6_Ac3_S12_pNP	6	6	12	3	12	C84H125N7O102S12	3468.490931	13
HS_HexA6_HexN6_Ac3_S12_pNP	6	6	12	3	12	C84H125N7O102S12	3485.517480	14
HS_HexA6_HexN6_Ac3_S12_pNP	6	6	12	3	12	C84H125N7O102S12	3502.544029	15
HS_HexA6_HexN6_Ac3_S12_pNP	6	6	12	3	12	C84H125N7O102S12	3519.570578	16
HS_HexA6_HexN6_Ac3_S12_pNP	6	6	12	3	12	C84H125N7O102S12	3536.597127	17
HS_HexA6_HexN6_Ac3_S12_pNP	6	6	12	3	12	C84H125N7O102S12	3553.623676	18
HS_HexA6_HexN6_Ac3_S13_pNP	6	6	12	3	13	C84H125N7O105S13	3327.102607	0
HS_HexA6_HexN6_Ac3_S13_pNP	6	6	12	3	13	C84H125N7O105S13	3344.129156	1
HS_HexA6_HexN6_Ac3_S13_pNP	6	6	12	3	13	C84H125N7O105S13	3361.155706	2
HS_HexA6_HexN6_Ac3_S13_pNP	6	6	12	3	13	C84H125N7O105S13	3378.182255	3
HS_HexA6_HexN6_Ac3_S13_pNP	6	6	12	3	13	C84H125N7O105S13	3395.208804	4
HS_HexA6_HexN6_Ac3_S13_pNP	6	6	12	3	13	C84H125N7O105S13	3412.235353	5
HS_HexA6_HexN6_Ac3_S13_pNP	6	6	12	3	13	C84H125N7O105S13	3429.261902	6
HS_HexA6_HexN6_Ac3_S13_pNP	6	6	12	3	13	C84H125N7O105S13	3446.288451	7
HS_HexA6_HexN6_Ac3_S13_pNP	6	6	12	3	13	C84H125N7O105S13	3463.315000	8
HS_HexA6_HexN6_Ac3_S13_pNP	6	6	12	3	13	C84H125N7O105S13	3480.341549	9
HS_HexA6_HexN6_Ac3_S13_pNP	6	6	12	3	13	C84H125N7O105S13	3497.368098	10
HS_HexA6_HexN6_Ac3_S13_pNP	6	6	12	3	13	C84H125N7O105S13	3514.394647	11
HS_HexA6_HexN6_Ac3_S13_pNP	6	6	12	3	13	C84H125N7O105S13	3531.421197	12
HS_HexA6_HexN6_Ac3_S13_pNP	6	6	12	3	13	C84H125N7O105S13	3548.447746	13
HS_HexA6_HexN6_Ac3_S13_pNP	6	6	12	3	13	C84H125N7O105S13	3565.474295	14
HS_HexA6_HexN6_Ac3_S13_pNP	6	6	12	3	13	C84H125N7O105S13	3582.500844	15
HS_HexA6_HexN6_Ac3_S13_pNP	6	6	12	3	13	C84H125N7O105S13	3599.527393	16
HS_HexA6_HexN6_Ac3_S13_pNP	6	6	12	3	13	C84H125N7O105S13	3616.553942	17
HS_HexA6_HexN6_Ac3_S13_pNP	6	6	12	3	13	C84H125N7O105S13	3633.580491	18
HS_HexA6_HexN6_Ac3_S13_pNP	6	6	12	3	13	C84H125N7O105S13	3650.607040	19
HS_HexA6_HexN6_Ac3_S14_pNP	6	6	12	3	14	C84H125N7O108S14	3407.059422	0
HS_HexA6_HexN6_Ac3_S14_pNP	6	6	12	3	14	C84H125N7O108S14	3424.085972	1
HS_HexA6_HexN6_Ac3_S14_pNP	6	6	12	3	14	C84H125N7O108S14	3441.112521	2
HS_HexA6_HexN6_Ac3_S14_pNP	6	6	12	3	14	C84H125N7O108S14	3458.139070	3
HS_HexA6_HexN6_Ac3_S14_pNP	6	6	12	3	14	C84H125N7O108S14	3475.165619	4
HS_HexA6_HexN6_Ac3_S14_pNP	6	6	12	3	14	C84H125N7O108S14	3492.192168	5
HS_HexA6_HexN6_Ac3_S14_pNP	6	6	12	3	14	C84H125N7O108S14	3509.218717	6
HS_HexA6_HexN6_Ac3_S14_pNP	6	6	12	3	14	C84H125N7O108S14	3526.245266	7
HS_HexA6_HexN6_Ac3_S14_pNP	6	6	12	3	14	C84H125N7O108S14	3543.271815	8
HS_HexA6_HexN6_Ac3_S14_pNP	6	6	12	3	14	C84H125N7O108S14	3560.298364	9
HS_HexA6_HexN6_Ac3_S14_pNP	6	6	12	3	14	C84H125N7O108S14	3577.324913	10
HS_HexA6_HexN6_Ac3_S14_pNP	6	6	12	3	14	C84H125N7O108S14	3594.351463	11
HS_HexA6_HexN6_Ac3_S14_pNP	6	6	12	3	14	C84H125N7O108S14	3611.378012	12
HS_HexA6_HexN6_Ac3_S14_pNP	6	6	12	3	14	C84H125N7O108S14	3628.404561	13
HS_HexA6_HexN6_Ac3_S14_pNP	6	6	12	3	14	C84H125N7O108S14	3645.431110	14
HS_HexA6_HexN6_Ac3_S14_pNP	6	6	12	3	14	C84H125N7O108S14	3662.457659	15
HS_HexA6_HexN6_Ac3_S14_pNP	6	6	12	3	14	C84H125N7O108S14	3679.484208	16
HS_HexA6_HexN6_Ac3_S14_pNP	6	6	12	3	14	C84H125N7O108S14	3696.510757	17
HS_HexA6_HexN6_Ac3_S14_pNP	6	6	12	3	14	C84H125N7O108S14	3713.537306	18
HS_HexA6_HexN6_Ac3_S14_pNP	6	6	12	3	14	C84H125N7O108S14	3730.563855	19
HS_HexA6_HexN6_Ac3_S14_pNP	6	6	12	3	14	C84H125N7O108S14	3747.590404	20
HS_HexA6_HexN6_Ac3_S15_pNP	6	6	12	3	15	C84H125N7O111S15	3487.016237	0
HS_HexA6_HexN6_Ac3_S15_pNP	6	6	12	3	15	C84H125N7O111S15	3504.042787	1
HS_HexA6_HexN6_Ac3_S15_pNP	6	6	12	3	15	C84H125N7O111S15	3521.069336	2
HS_HexA6_HexN6_Ac3_S15_pNP	6	6	12	3	15	C84H125N7O111S15	3538.095885	3
HS_HexA6_HexN6_Ac3_S15_pNP	6	6	12	3	15	C84H125N7O111S15	3555.122434	4
HS_HexA6_HexN6_Ac3_S15_pNP	6	6	12	3	15	C84H125N7O111S15	3572.148983	5
HS_HexA6_HexN6_Ac3_S15_pNP	6	6	12	3	15	C84H125N7O111S15	3589.175532	6
HS_HexA6_HexN6_Ac3_S15_pNP	6	6	12	3	15	C84H125N7O111S15	3606.202081	7
HS_HexA6_HexN6_Ac3_S15_pNP	6	6	12	3	15	C84H125N7O111S15	3623.228630	8
HS_HexA6_HexN6_Ac3_S15_pNP	6	6	12	3	15	C84H125N7O111S15	3640.255179	9
HS_HexA6_HexN6_Ac3_S15_pNP	6	6	12	3	15	C84H125N7O111S15	3657.281728	10
HS_HexA6_HexN6_Ac3_S15_pNP	6	6	12	3	15	C84H125N7O111S15	3674.308278	11
HS_HexA6_HexN6_Ac3_S15_pNP	6	6	12	3	15	C84H125N7O111S15	3691.334827	12
HS_HexA6_HexN6_Ac3_S15_pNP	6	6	12	3	15	C84H125N7O111S15	3708.361376	13
HS_HexA6_HexN6_Ac3_S15_pNP	6	6	12	3	15	C84H125N7O111S15	3725.387925	14
HS_HexA6_HexN6_Ac3_S15_pNP	6	6	12	3	15	C84H125N7O111S15	3742.414474	15
HS_HexA6_HexN6_Ac3_S15_pNP	6	6	12	3	15	C84H125N7O111S15	3759.441023	16
HS_HexA6_HexN6_Ac3_S15_pNP	6	6	12	3	15	C84H125N7O111S15	3776.467572	17
HS_HexA6_HexN6_Ac3_S15_pNP	6	6	12	3	15	C84H125N7O111S15	3793.494121	18
HS_HexA6_HexN6_Ac3_S15_pNP	6	6	12	3	15	C84H125N7O111S15	3810.520670	19
HS_HexA6_HexN6_Ac3_S15_pNP	6	6	12	3	15	C84H125N7O111S15	3827.547219	20
HS_HexA6_HexN6_Ac3_S15_pNP	6	6	12	3	15	C84H125N7O111S15	3844.573769	21
HS_HexA6_HexN6_Ac3_S16_pNP	6	6	12	3	16	C84H125N7O114S16	3566.973052	0
HS_HexA6_HexN6_Ac3_S16_pNP	6	6	12	3	16	C84H125N7O114S16	3583.999602	1
HS_HexA6_HexN6_Ac3_S16_pNP	6	6	12	3	16	C84H125N7O114S16	3601.026151	2
HS_HexA6_HexN6_Ac3_S16_pNP	6	6	12	3	16	C84H125N7O114S16	3618.052700	3
HS_HexA6_HexN6_Ac3_S16_pNP	6	6	12	3	16	C84H125N7O114S16	3635.079249	4
HS_HexA6_HexN6_Ac3_S16_pNP	6	6	12	3	16	C84H125N7O114S16	3652.105798	5
HS_HexA6_HexN6_Ac3_S16_pNP	6	6	12	3	16	C84H125N7O114S16	3669.132347	6
HS_HexA6_HexN6_Ac3_S16_pNP	6	6	12	3	16	C84H125N7O114S16	3686.158896	7
HS_HexA6_HexN6_Ac3_S16_pNP	6	6	12	3	16	C84H125N7O114S16	3703.185445	8
HS_HexA6_HexN6_Ac3_S16_pNP	6	6	12	3	16	C84H125N7O114S16	3720.211994	9
HS_HexA6_HexN6_Ac3_S16_pNP	6	6	12	3	16	C84H125N7O114S16	3737.238543	10
HS_HexA6_HexN6_Ac3_S16_pNP	6	6	12	3	16	C84H125N7O114S16	3754.265093	11
HS_HexA6_HexN6_Ac3_S16_pNP	6	6	12	3	16	C84H125N7O114S16	3771.291642	12
HS_HexA6_HexN6_Ac3_S16_pNP	6	6	12	3	16	C84H125N7O114S16	3788.318191	13
HS_HexA6_HexN6_Ac3_S16_pNP	6	6	12	3	16	C84H125N7O114S16	3805.344740	14
HS_HexA6_HexN6_Ac3_S16_pNP	6	6	12	3	16	C84H125N7O114S16	3822.371289	15
HS_HexA6_HexN6_Ac3_S16_pNP	6	6	12	3	16	C84H125N7O114S16	3839.397838	16
HS_HexA6_HexN6_Ac3_S16_pNP	6	6	12	3	16	C84H125N7O114S16	3856.424387	17
HS_HexA6_HexN6_Ac3_S16_pNP	6	6	12	3	16	C84H125N7O114S16	3873.450936	18
HS_HexA6_HexN6_Ac3_S16_pNP	6	6	12	3	16	C84H125N7O114S16	3890.477485	19
HS_HexA6_HexN6_Ac3_S16_pNP	6	6	12	3	16	C84H125N7O114S16	3907.504035	20
HS_HexA6_HexN6_Ac3_S16_pNP	6	6	12	3	16	C84H125N7O114S16	3924.530584	21
HS_HexA6_HexN6_Ac3_S16_pNP	6	6	12	3	16	C84H125N7O114S16	3941.557133	22
HS_HexA6_HexN6_Ac3_S17_pNP	6	6	12	3	17	C84H125N7O117S17	3646.929868	0
HS_HexA6_HexN6_Ac3_S17_pNP	6	6	12	3	17	C84H125N7O117S17	3663.956417	1
HS_HexA6_HexN6_Ac3_S17_pNP	6	6	12	3	17	C84H125N7O117S17	3680.982966	2
HS_HexA6_HexN6_Ac3_S17_pNP	6	6	12	3	17	C84H125N7O117S17	3698.009515	3
HS_HexA6_HexN6_Ac3_S17_pNP	6	6	12	3	17	C84H125N7O117S17	3715.036064	4
HS_HexA6_HexN6_Ac3_S17_pNP	6	6	12	3	17	C84H125N7O117S17	3732.062613	5
HS_HexA6_HexN6_Ac3_S17_pNP	6	6	12	3	17	C84H125N7O117S17	3749.089162	6
HS_HexA6_HexN6_Ac3_S17_pNP	6	6	12	3	17	C84H125N7O117S17	3766.115711	7
HS_HexA6_HexN6_Ac3_S17_pNP	6	6	12	3	17	C84H125N7O117S17	3783.142260	8
HS_HexA6_HexN6_Ac3_S17_pNP	6	6	12	3	17	C84H125N7O117S17	3800.168809	9
HS_HexA6_HexN6_Ac3_S17_pNP	6	6	12	3	17	C84H125N7O117S17	3817.195359	10
HS_HexA6_HexN6_Ac3_S17_pNP	6	6	12	3	17	C84H125N7O117S17	3834.221908	11
HS_HexA6_HexN6_Ac3_S17_pNP	6	6	12	3	17	C84H125N7O117S17	3851.248457	12
HS_HexA6_HexN6_Ac3_S17_pNP	6	6	12	3	17	C84H125N7O117S17	3868.275006	13
HS_HexA6_HexN6_Ac3_S17_pNP	6	6	12	3	17	C84H125N7O117S17	3885.301555	14
HS_HexA6_HexN6_Ac3_S17_pNP	6	6	12	3	17	C84H125N7O117S17	3902.328104	15
HS_HexA6_HexN6_Ac3_S17_pNP	6	6	12	3	17	C84H125N7O117S17	3919.354653	16
HS_HexA6_HexN6_Ac3_S17_pNP	6	6	12	3	17	C84H125N7O117S17	3936.381202	17
HS_HexA6_HexN6_Ac3_S17_pNP	6	6	12	3	17	C84H125N7O117S17	3953.407751	18
HS_HexA6_HexN6_Ac3_S17_pNP	6	6	12	3	17	C84H125N7O117S17	3970.434300	19
HS_HexA6_HexN6_Ac3_S17_pNP	6	6	12	3	17	C84H125N7O117S17	3987.460850	20
HS_HexA6_HexN6_Ac3_S17_pNP	6	6	12	3	17	C84H125N7O117S17	4004.487399	21
HS_HexA6_HexN6_Ac3_S17_pNP	6	6	12	3	17	C84H125N7O117S17	4021.513948	22
HS_HexA6_HexN6_Ac3_S17_pNP	6	6	12	3	17	C84H125N7O117S17	4038.540497	23
HS_HexA6_HexN6_Ac3_S18_pNP	6	6	12	3	18	C84H125N7O120S18	3726.886683	0
HS_HexA6_HexN6_Ac3_S18_pNP	6	6	12	3	18	C84H125N7O120S18	3743.913232	1
HS_HexA6_HexN6_Ac3_S18_pNP	6	6	12	3	18	C84H125N7O120S18	3760.939781	2
HS_HexA6_HexN6_Ac3_S18_pNP	6	6	12	3	18	C84H125N7O120S18	3777.966330	3
HS_HexA6_HexN6_Ac3_S18_pNP	6	6	12	3	18	C84H125N7O120S18	3794.992879	4
HS_HexA6_HexN6_Ac3_S18_pNP	6	6	12	3	18	C84H125N7O120S18	3812.019428	5
HS_HexA6_HexN6_Ac3_S18_pNP	6	6	12	3	18	C84H125N7O120S18	3829.045977	6
HS_HexA6_HexN6_Ac3_S18_pNP	6	6	12	3	18	C84H125N7O120S18	3846.072526	7
HS_HexA6_HexN6_Ac3_S18_pNP	6	6	12	3	18	C84H125N7O120S18	3863.099075	8
HS_HexA6_HexN6_Ac3_S18_pNP	6	6	12	3	18	C84H125N7O120S18	3880.125624	9
HS_HexA6_HexN6_Ac3_S18_pNP	6	6	12	3	18	C84H125N7O120S18	3897.152174	10
HS_HexA6_HexN6_Ac3_S18_pNP	6	6	12	3	18	C84H125N7O120S18	3914.178723	11
HS_HexA6_HexN6_Ac3_S18_pNP	6	6	12	3	18	C84H125N7O120S18	3931.205272	12
HS_HexA6_HexN6_Ac3_S18_pNP	6	6	12	3	18	C84H125N7O120S18	3948.231821	13
HS_HexA6_HexN6_Ac3_S18_pNP	6	6	12	3	18	C84H125N7O120S18	3965.258370	14
HS_HexA6_HexN6_Ac3_S18_pNP	6	6	12	3	18	C84H125N7O120S18	3982.284919	15
HS_HexA6_HexN6_Ac3_S18_pNP	6	6	12	3	18	C84H125N7O120S18	3999.311468	16
HS_HexA6_HexN6_Ac3_S18_pNP	6	6	12	3	18	C84H125N7O120S18	4016.338017	17
HS_HexA6_HexN6_Ac3_S18_pNP	6	6	12	3	18	C84H125N7O120S18	4033.364566	18
HS_HexA6_HexN6_Ac3_S18_pNP	6	6	12	3	18	C84H125N7O120S18	4050.391115	19
HS_HexA6_HexN6_Ac3_S18_pNP	6	6	12	3	18	C84H125N7O120S18	4067.417665	20
HS_HexA6_HexN6_Ac3_S18_pNP	6	6	12	3	18	C84H125N7O120S18	4084.444214	21
HS_HexA6_HexN6_Ac3_S18_pNP	6	6	12	3	18	C84H125N7O120S18	4101.470763	22
HS_HexA6_HexN6_Ac3_S18_pNP	6	6	12	3	18	C84H125N7O120S18	4118.497312	23
HS_HexA6_HexN6_Ac3_S18_pNP	6	6	12	3	18	C84H125N7O120S18	4135.523861	24
HS_HexA6_HexN6_Ac4_S0_pNP	6	6	12	4	0	C86H127N7O67	2329.674577	0
HS_HexA6_HexN6_Ac4_S0_pNP	6	6	12	4	0	C86H127N7O67	2346.701126	1
HS_HexA6_HexN6_Ac4_S0_pNP	6	6	12	4	0	C86H127N7O67	2363.727675	2
HS_HexA6_HexN6_Ac4_S0_pNP	6	6	12	4	0	C86H127N7O67	2380.754224	3
HS_HexA6_HexN6_Ac4_S0_pNP	6	6	12	4	0	C86H127N7O67	2397.780773	4
HS_HexA6_HexN6_Ac4_S0_pNP	6	6	12	4	0	C86H127N7O67	2414.807322	5
HS_HexA6_HexN6_Ac4_S0_pNP	6	6	12	4	0	C86H127N7O67	2431.833871	6
HS_HexA6_HexN6_Ac4_S1_pNP	6	6	12	4	1	C86H127N7O70S	2409.631392	0
HS_HexA6_HexN6_Ac4_S1_pNP	6	6	12	4	1	C86H127N7O70S	2426.657941	1
HS_HexA6_HexN6_Ac4_S1_pNP	6	6	12	4	1	C86H127N7O70S	2443.684490	2
HS_HexA6_HexN6_Ac4_S1_pNP	6	6	12	4	1	C86H127N7O70S	2460.711039	3
HS_HexA6_HexN6_Ac4_S1_pNP	6	6	12	4	1	C86H127N7O70S	2477.737588	4
HS_HexA6_HexN6_Ac4_S1_pNP	6	6	12	4	1	C86H127N7O70S	2494.764137	5
HS_HexA6_HexN6_Ac4_S1_pNP	6	6	12	4	1	C86H127N7O70S	2511.790686	6
HS_HexA6_HexN6_Ac4_S1_pNP	6	6	12	4	1	C86H127N7O70S	2528.817235	7
HS_HexA6_HexN6_Ac4_S2_pNP	6	6	12	4	2	C86H127N7O73S2	2489.588207	0
HS_HexA6_HexN6_Ac4_S2_pNP	6	6	12	4	2	C86H127N7O73S2	2506.614756	1
HS_HexA6_HexN6_Ac4_S2_pNP	6	6	12	4	2	C86H127N7O73S2	2523.641305	2
HS_HexA6_HexN6_Ac4_S2_pNP	6	6	12	4	2	C86H127N7O73S2	2540.667854	3
HS_HexA6_HexN6_Ac4_S2_pNP	6	6	12	4	2	C86H127N7O73S2	2557.694403	4
HS_HexA6_HexN6_Ac4_S2_pNP	6	6	12	4	2	C86H127N7O73S2	2574.720952	5
HS_HexA6_HexN6_Ac4_S2_pNP	6	6	12	4	2	C86H127N7O73S2	2591.747501	6
HS_HexA6_HexN6_Ac4_S2_pNP	6	6	12	4	2	C86H127N7O73S2	2608.774050	7
HS_HexA6_HexN6_Ac4_S2_pNP	6	6	12	4	2	C86H127N7O73S2	2625.800600	8
HS_HexA6_HexN6_Ac4_S3_pNP	6	6	12	4	3	C86H127N7O76S3	2569.545022	0
HS_HexA6_HexN6_Ac4_S3_pNP	6	6	12	4	3	C86H127N7O76S3	2586.571571	1
HS_HexA6_HexN6_Ac4_S3_pNP	6	6	12	4	3	C86H127N7O76S3	2603.598120	2
HS_HexA6_HexN6_Ac4_S3_pNP	6	6	12	4	3	C86H127N7O76S3	2620.624669	3
HS_HexA6_HexN6_Ac4_S3_pNP	6	6	12	4	3	C86H127N7O76S3	2637.651218	4
HS_HexA6_HexN6_Ac4_S3_pNP	6	6	12	4	3	C86H127N7O76S3	2654.677767	5
HS_HexA6_HexN6_Ac4_S3_pNP	6	6	12	4	3	C86H127N7O76S3	2671.704316	6
HS_HexA6_HexN6_Ac4_S3_pNP	6	6	12	4	3	C86H127N7O76S3	2688.730865	7
HS_HexA6_HexN6_Ac4_S3_pNP	6	6	12	4	3	C86H127N7O76S3	2705.757415	8
HS_HexA6_HexN6_Ac4_S3_pNP	6	6	12	4	3	C86H127N7O76S3	2722.783964	9
HS_HexA6_HexN6_Ac4_S4_pNP	6	6	12	4	4	C86H127N7O79S4	2649.501837	0
HS_HexA6_HexN6_Ac4_S4_pNP	6	6	12	4	4	C86H127N7O79S4	2666.528386	1
HS_HexA6_HexN6_Ac4_S4_pNP	6	6	12	4	4	C86H127N7O79S4	2683.554935	2
HS_HexA6_HexN6_Ac4_S4_pNP	6	6	12	4	4	C86H127N7O79S4	2700.581484	3
HS_HexA6_HexN6_Ac4_S4_pNP	6	6	12	4	4	C86H127N7O79S4	2717.608033	4
HS_HexA6_HexN6_Ac4_S4_pNP	6	6	12	4	4	C86H127N7O79S4	2734.634582	5
HS_HexA6_HexN6_Ac4_S4_pNP	6	6	12	4	4	C86H127N7O79S4	2751.661131	6
HS_HexA6_HexN6_Ac4_S4_pNP	6	6	12	4	4	C86H127N7O79S4	2768.687680	7
HS_HexA6_HexN6_Ac4_S4_pNP	6	6	12	4	4	C86H127N7O79S4	2785.714230	8
HS_HexA6_HexN6_Ac4_S4_pNP	6	6	12	4	4	C86H127N7O79S4	2802.740779	9
HS_HexA6_HexN6_Ac4_S4_pNP	6	6	12	4	4	C86H127N7O79S4	2819.767328	10
HS_HexA6_HexN6_Ac4_S5_pNP	6	6	12	4	5	C86H127N7O82S5	2729.458652	0
HS_HexA6_HexN6_Ac4_S5_pNP	6	6	12	4	5	C86H127N7O82S5	2746.485201	1
HS_HexA6_HexN6_Ac4_S5_pNP	6	6	12	4	5	C86H127N7O82S5	2763.511750	2
HS_HexA6_HexN6_Ac4_S5_pNP	6	6	12	4	5	C86H127N7O82S5	2780.538299	3
HS_HexA6_HexN6_Ac4_S5_pNP	6	6	12	4	5	C86H127N7O82S5	2797.564848	4
HS_HexA6_HexN6_Ac4_S5_pNP	6	6	12	4	5	C86H127N7O82S5	2814.591397	5
HS_HexA6_HexN6_Ac4_S5_pNP	6	6	12	4	5	C86H127N7O82S5	2831.617946	6
HS_HexA6_HexN6_Ac4_S5_pNP	6	6	12	4	5	C86H127N7O82S5	2848.644496	7
HS_HexA6_HexN6_Ac4_S5_pNP	6	6	12	4	5	C86H127N7O82S5	2865.671045	8
HS_HexA6_HexN6_Ac4_S5_pNP	6	6	12	4	5	C86H127N7O82S5	2882.697594	9
HS_HexA6_HexN6_Ac4_S5_pNP	6	6	12	4	5	C86H127N7O82S5	2899.724143	10
HS_HexA6_HexN6_Ac4_S5_pNP	6	6	12	4	5	C86H127N7O82S5	2916.750692	11
HS_HexA6_HexN6_Ac4_S6_pNP	6	6	12	4	6	C86H127N7O85S6	2809.415467	0
HS_HexA6_HexN6_Ac4_S6_pNP	6	6	12	4	6	C86H127N7O85S6	2826.442016	1
HS_HexA6_HexN6_Ac4_S6_pNP	6	6	12	4	6	C86H127N7O85S6	2843.468565	2
HS_HexA6_HexN6_Ac4_S6_pNP	6	6	12	4	6	C86H127N7O85S6	2860.495114	3
HS_HexA6_HexN6_Ac4_S6_pNP	6	6	12	4	6	C86H127N7O85S6	2877.521663	4
HS_HexA6_HexN6_Ac4_S6_pNP	6	6	12	4	6	C86H127N7O85S6	2894.548212	5
HS_HexA6_HexN6_Ac4_S6_pNP	6	6	12	4	6	C86H127N7O85S6	2911.574761	6
HS_HexA6_HexN6_Ac4_S6_pNP	6	6	12	4	6	C86H127N7O85S6	2928.601311	7
HS_HexA6_HexN6_Ac4_S6_pNP	6	6	12	4	6	C86H127N7O85S6	2945.627860	8
HS_HexA6_HexN6_Ac4_S6_pNP	6	6	12	4	6	C86H127N7O85S6	2962.654409	9
HS_HexA6_HexN6_Ac4_S6_pNP	6	6	12	4	6	C86H127N7O85S6	2979.680958	10
HS_HexA6_HexN6_Ac4_S6_pNP	6	6	12	4	6	C86H127N7O85S6	2996.707507	11
HS_HexA6_HexN6_Ac4_S6_pNP	6	6	12	4	6	C86H127N7O85S6	3013.734056	12
HS_HexA6_HexN6_Ac4_S7_pNP	6	6	12	4	7	C86H127N7O88S7	2889.372282	0
HS_HexA6_HexN6_Ac4_S7_pNP	6	6	12	4	7	C86H127N7O88S7	2906.398831	1
HS_HexA6_HexN6_Ac4_S7_pNP	6	6	12	4	7	C86H127N7O88S7	2923.425380	2
HS_HexA6_HexN6_Ac4_S7_pNP	6	6	12	4	7	C86H127N7O88S7	2940.451929	3
HS_HexA6_HexN6_Ac4_S7_pNP	6	6	12	4	7	C86H127N7O88S7	2957.478478	4
HS_HexA6_HexN6_Ac4_S7_pNP	6	6	12	4	7	C86H127N7O88S7	2974.505027	5
HS_HexA6_HexN6_Ac4_S7_pNP	6	6	12	4	7	C86H127N7O88S7	2991.531576	6
HS_HexA6_HexN6_Ac4_S7_pNP	6	6	12	4	7	C86H127N7O88S7	3008.558126	7
HS_HexA6_HexN6_Ac4_S7_pNP	6	6	12	4	7	C86H127N7O88S7	3025.584675	8
HS_HexA6_HexN6_Ac4_S7_pNP	6	6	12	4	7	C86H127N7O88S7	3042.611224	9
HS_HexA6_HexN6_Ac4_S7_pNP	6	6	12	4	7	C86H127N7O88S7	3059.637773	10
HS_HexA6_HexN6_Ac4_S7_pNP	6	6	12	4	7	C86H127N7O88S7	3076.664322	11
HS_HexA6_HexN6_Ac4_S7_pNP	6	6	12	4	7	C86H127N7O88S7	3093.690871	12
HS_HexA6_HexN6_Ac4_S7_pNP	6	6	12	4	7	C86H127N7O88S7	3110.717420	13
HS_HexA6_HexN6_Ac4_S8_pNP	6	6	12	4	8	C86H127N7O91S8	2969.329097	0
HS_HexA6_HexN6_Ac4_S8_pNP	6	6	12	4	8	C86H127N7O91S8	2986.355646	1
HS_HexA6_HexN6_Ac4_S8_pNP	6	6	12	4	8	C86H127N7O91S8	3003.382195	2
HS_HexA6_HexN6_Ac4_S8_pNP	6	6	12	4	8	C86H127N7O91S8	3020.408744	3
HS_HexA6_HexN6_Ac4_S8_pNP	6	6	12	4	8	C86H127N7O91S8	3037.435293	4
HS_HexA6_HexN6_Ac4_S8_pNP	6	6	12	4	8	C86H127N7O91S8	3054.461842	5
HS_HexA6_HexN6_Ac4_S8_pNP	6	6	12	4	8	C86H127N7O91S8	3071.488392	6
HS_HexA6_HexN6_Ac4_S8_pNP	6	6	12	4	8	C86H127N7O91S8	3088.514941	7
HS_HexA6_HexN6_Ac4_S8_pNP	6	6	12	4	8	C86H127N7O91S8	3105.541490	8
HS_HexA6_HexN6_Ac4_S8_pNP	6	6	12	4	8	C86H127N7O91S8	3122.568039	9
HS_HexA6_HexN6_Ac4_S8_pNP	6	6	12	4	8	C86H127N7O91S8	3139.594588	10
HS_HexA6_HexN6_Ac4_S8_pNP	6	6	12	4	8	C86H127N7O91S8	3156.621137	11
HS_HexA6_HexN6_Ac4_S8_pNP	6	6	12	4	8	C86H127N7O91S8	3173.647686	12
HS_HexA6_HexN6_Ac4_S8_pNP	6	6	12	4	8	C86H127N7O91S8	3190.674235	13
HS_HexA6_HexN6_Ac4_S8_pNP	6	6	12	4	8	C86H127N7O91S8	3207.700784	14
HS_HexA6_HexN6_Ac4_S9_pNP	6	6	12	4	9	C86H127N7O94S9	3049.285912	0
HS_HexA6_HexN6_Ac4_S9_pNP	6	6	12	4	9	C86H127N7O94S9	3066.312461	1
HS_HexA6_HexN6_Ac4_S9_pNP	6	6	12	4	9	C86H127N7O94S9	3083.339010	2
HS_HexA6_HexN6_Ac4_S9_pNP	6	6	12	4	9	C86H127N7O94S9	3100.365559	3
HS_HexA6_HexN6_Ac4_S9_pNP	6	6	12	4	9	C86H127N7O94S9	3117.392108	4
HS_HexA6_HexN6_Ac4_S9_pNP	6	6	12	4	9	C86H127N7O94S9	3134.418657	5
HS_HexA6_HexN6_Ac4_S9_pNP	6	6	12	4	9	C86H127N7O94S9	3151.445207	6
HS_HexA6_HexN6_Ac4_S9_pNP	6	6	12	4	9	C86H127N7O94S9	3168.471756	7
HS_HexA6_HexN6_Ac4_S9_pNP	6	6	12	4	9	C86H127N7O94S9	3185.498305	8
HS_HexA6_HexN6_Ac4_S9_pNP	6	6	12	4	9	C86H127N7O94S9	3202.524854	9
HS_HexA6_HexN6_Ac4_S9_pNP	6	6	12	4	9	C86H127N7O94S9	3219.551403	10
HS_HexA6_HexN6_Ac4_S9_pNP	6	6	12	4	9	C86H127N7O94S9	3236.577952	11
HS_HexA6_HexN6_Ac4_S9_pNP	6	6	12	4	9	C86H127N7O94S9	3253.604501	12
HS_HexA6_HexN6_Ac4_S9_pNP	6	6	12	4	9	C86H127N7O94S9	3270.631050	13
HS_HexA6_HexN6_Ac4_S9_pNP	6	6	12	4	9	C86H127N7O94S9	3287.657599	14
HS_HexA6_HexN6_Ac4_S9_pNP	6	6	12	4	9	C86H127N7O94S9	3304.684148	15
HS_HexA6_HexN6_Ac4_S10_pNP	6	6	12	4	10	C86H127N7O97S10	3129.242727	0
HS_HexA6_HexN6_Ac4_S10_pNP	6	6	12	4	10	C86H127N7O97S10	3146.269276	1
HS_HexA6_HexN6_Ac4_S10_pNP	6	6	12	4	10	C86H127N7O97S10	3163.295825	2
HS_HexA6_HexN6_Ac4_S10_pNP	6	6	12	4	10	C86H127N7O97S10	3180.322374	3
HS_HexA6_HexN6_Ac4_S10_pNP	6	6	12	4	10	C86H127N7O97S10	3197.348923	4
HS_HexA6_HexN6_Ac4_S10_pNP	6	6	12	4	10	C86H127N7O97S10	3214.375472	5
HS_HexA6_HexN6_Ac4_S10_pNP	6	6	12	4	10	C86H127N7O97S10	3231.402022	6
HS_HexA6_HexN6_Ac4_S10_pNP	6	6	12	4	10	C86H127N7O97S10	3248.428571	7
HS_HexA6_HexN6_Ac4_S10_pNP	6	6	12	4	10	C86H127N7O97S10	3265.455120	8
HS_HexA6_HexN6_Ac4_S10_pNP	6	6	12	4	10	C86H127N7O97S10	3282.481669	9
HS_HexA6_HexN6_Ac4_S10_pNP	6	6	12	4	10	C86H127N7O97S10	3299.508218	10
HS_HexA6_HexN6_Ac4_S10_pNP	6	6	12	4	10	C86H127N7O97S10	3316.534767	11
HS_HexA6_HexN6_Ac4_S10_pNP	6	6	12	4	10	C86H127N7O97S10	3333.561316	12
HS_HexA6_HexN6_Ac4_S10_pNP	6	6	12	4	10	C86H127N7O97S10	3350.587865	13
HS_HexA6_HexN6_Ac4_S10_pNP	6	6	12	4	10	C86H127N7O97S10	3367.614414	14
HS_HexA6_HexN6_Ac4_S10_pNP	6	6	12	4	10	C86H127N7O97S10	3384.640963	15
HS_HexA6_HexN6_Ac4_S10_pNP	6	6	12	4	10	C86H127N7O97S10	3401.667513	16
HS_HexA6_HexN6_Ac4_S11_pNP	6	6	12	4	11	C86H127N7O100S11	3209.199542	0
HS_HexA6_HexN6_Ac4_S11_pNP	6	6	12	4	11	C86H127N7O100S11	3226.226091	1
HS_HexA6_HexN6_Ac4_S11_pNP	6	6	12	4	11	C86H127N7O100S11	3243.252640	2
HS_HexA6_HexN6_Ac4_S11_pNP	6	6	12	4	11	C86H127N7O100S11	3260.279189	3
HS_HexA6_HexN6_Ac4_S11_pNP	6	6	12	4	11	C86H127N7O100S11	3277.305738	4
HS_HexA6_HexN6_Ac4_S11_pNP	6	6	12	4	11	C86H127N7O100S11	3294.332288	5
HS_HexA6_HexN6_Ac4_S11_pNP	6	6	12	4	11	C86H127N7O100S11	3311.358837	6
HS_HexA6_HexN6_Ac4_S11_pNP	6	6	12	4	11	C86H127N7O100S11	3328.385386	7
HS_HexA6_HexN6_Ac4_S11_pNP	6	6	12	4	11	C86H127N7O100S11	3345.411935	8
HS_HexA6_HexN6_Ac4_S11_pNP	6	6	12	4	11	C86H127N7O100S11	3362.438484	9
HS_HexA6_HexN6_Ac4_S11_pNP	6	6	12	4	11	C86H127N7O100S11	3379.465033	10
HS_HexA6_HexN6_Ac4_S11_pNP	6	6	12	4	11	C86H127N7O100S11	3396.491582	11
HS_HexA6_HexN6_Ac4_S11_pNP	6	6	12	4	11	C86H127N7O100S11	3413.518131	12
HS_HexA6_HexN6_Ac4_S11_pNP	6	6	12	4	11	C86H127N7O100S11	3430.544680	13
HS_HexA6_HexN6_Ac4_S11_pNP	6	6	12	4	11	C86H127N7O100S11	3447.571229	14
HS_HexA6_HexN6_Ac4_S11_pNP	6	6	12	4	11	C86H127N7O100S11	3464.597779	15
HS_HexA6_HexN6_Ac4_S11_pNP	6	6	12	4	11	C86H127N7O100S11	3481.624328	16
HS_HexA6_HexN6_Ac4_S11_pNP	6	6	12	4	11	C86H127N7O100S11	3498.650877	17
HS_HexA6_HexN6_Ac4_S12_pNP	6	6	12	4	12	C86H127N7O103S12	3289.156357	0
HS_HexA6_HexN6_Ac4_S12_pNP	6	6	12	4	12	C86H127N7O103S12	3306.182906	1
HS_HexA6_HexN6_Ac4_S12_pNP	6	6	12	4	12	C86H127N7O103S12	3323.209455	2
HS_HexA6_HexN6_Ac4_S12_pNP	6	6	12	4	12	C86H127N7O103S12	3340.236004	3
HS_HexA6_HexN6_Ac4_S12_pNP	6	6	12	4	12	C86H127N7O103S12	3357.262553	4
HS_HexA6_HexN6_Ac4_S12_pNP	6	6	12	4	12	C86H127N7O103S12	3374.289103	5
HS_HexA6_HexN6_Ac4_S12_pNP	6	6	12	4	12	C86H127N7O103S12	3391.315652	6
HS_HexA6_HexN6_Ac4_S12_pNP	6	6	12	4	12	C86H127N7O103S12	3408.342201	7
HS_HexA6_HexN6_Ac4_S12_pNP	6	6	12	4	12	C86H127N7O103S12	3425.368750	8
HS_HexA6_HexN6_Ac4_S12_pNP	6	6	12	4	12	C86H127N7O103S12	3442.395299	9
HS_HexA6_HexN6_Ac4_S12_pNP	6	6	12	4	12	C86H127N7O103S12	3459.421848	10
HS_HexA6_HexN6_Ac4_S12_pNP	6	6	12	4	12	C86H127N7O103S12	3476.448397	11
HS_HexA6_HexN6_Ac4_S12_pNP	6	6	12	4	12	C86H127N7O103S12	3493.474946	12
HS_HexA6_HexN6_Ac4_S12_pNP	6	6	12	4	12	C86H127N7O103S12	3510.501495	13
HS_HexA6_HexN6_Ac4_S12_pNP	6	6	12	4	12	C86H127N7O103S12	3527.528044	14
HS_HexA6_HexN6_Ac4_S12_pNP	6	6	12	4	12	C86H127N7O103S12	3544.554594	15
HS_HexA6_HexN6_Ac4_S12_pNP	6	6	12	4	12	C86H127N7O103S12	3561.581143	16
HS_HexA6_HexN6_Ac4_S12_pNP	6	6	12	4	12	C86H127N7O103S12	3578.607692	17
HS_HexA6_HexN6_Ac4_S12_pNP	6	6	12	4	12	C86H127N7O103S12	3595.634241	18
HS_HexA6_HexN6_Ac4_S13_pNP	6	6	12	4	13	C86H127N7O106S13	3369.113172	0
HS_HexA6_HexN6_Ac4_S13_pNP	6	6	12	4	13	C86H127N7O106S13	3386.139721	1
HS_HexA6_HexN6_Ac4_S13_pNP	6	6	12	4	13	C86H127N7O106S13	3403.166270	2
HS_HexA6_HexN6_Ac4_S13_pNP	6	6	12	4	13	C86H127N7O106S13	3420.192819	3
HS_HexA6_HexN6_Ac4_S13_pNP	6	6	12	4	13	C86H127N7O106S13	3437.219368	4
HS_HexA6_HexN6_Ac4_S13_pNP	6	6	12	4	13	C86H127N7O106S13	3454.245918	5
HS_HexA6_HexN6_Ac4_S13_pNP	6	6	12	4	13	C86H127N7O106S13	3471.272467	6
HS_HexA6_HexN6_Ac4_S13_pNP	6	6	12	4	13	C86H127N7O106S13	3488.299016	7
HS_HexA6_HexN6_Ac4_S13_pNP	6	6	12	4	13	C86H127N7O106S13	3505.325565	8
HS_HexA6_HexN6_Ac4_S13_pNP	6	6	12	4	13	C86H127N7O106S13	3522.352114	9
HS_HexA6_HexN6_Ac4_S13_pNP	6	6	12	4	13	C86H127N7O106S13	3539.378663	10
HS_HexA6_HexN6_Ac4_S13_pNP	6	6	12	4	13	C86H127N7O106S13	3556.405212	11
HS_HexA6_HexN6_Ac4_S13_pNP	6	6	12	4	13	C86H127N7O106S13	3573.431761	12
HS_HexA6_HexN6_Ac4_S13_pNP	6	6	12	4	13	C86H127N7O106S13	3590.458310	13
HS_HexA6_HexN6_Ac4_S13_pNP	6	6	12	4	13	C86H127N7O106S13	3607.484859	14
HS_HexA6_HexN6_Ac4_S13_pNP	6	6	12	4	13	C86H127N7O106S13	3624.511409	15
HS_HexA6_HexN6_Ac4_S13_pNP	6	6	12	4	13	C86H127N7O106S13	3641.537958	16
HS_HexA6_HexN6_Ac4_S13_pNP	6	6	12	4	13	C86H127N7O106S13	3658.564507	17
HS_HexA6_HexN6_Ac4_S13_pNP	6	6	12	4	13	C86H127N7O106S13	3675.591056	18
HS_HexA6_HexN6_Ac4_S13_pNP	6	6	12	4	13	C86H127N7O106S13	3692.617605	19
HS_HexA6_HexN6_Ac4_S14_pNP	6	6	12	4	14	C86H127N7O109S14	3449.069987	0
HS_HexA6_HexN6_Ac4_S14_pNP	6	6	12	4	14	C86H127N7O109S14	3466.096536	1
HS_HexA6_HexN6_Ac4_S14_pNP	6	6	12	4	14	C86H127N7O109S14	3483.123085	2
HS_HexA6_HexN6_Ac4_S14_pNP	6	6	12	4	14	C86H127N7O109S14	3500.149634	3
HS_HexA6_HexN6_Ac4_S14_pNP	6	6	12	4	14	C86H127N7O109S14	3517.176184	4
HS_HexA6_HexN6_Ac4_S14_pNP	6	6	12	4	14	C86H127N7O109S14	3534.202733	5
HS_HexA6_HexN6_Ac4_S14_pNP	6	6	12	4	14	C86H127N7O109S14	3551.229282	6
HS_HexA6_HexN6_Ac4_S14_pNP	6	6	12	4	14	C86H127N7O109S14	3568.255831	7
HS_HexA6_HexN6_Ac4_S14_pNP	6	6	12	4	14	C86H127N7O109S14	3585.282380	8
HS_HexA6_HexN6_Ac4_S14_pNP	6	6	12	4	14	C86H127N7O109S14	3602.308929	9
HS_HexA6_HexN6_Ac4_S14_pNP	6	6	12	4	14	C86H127N7O109S14	3619.335478	10
HS_HexA6_HexN6_Ac4_S14_pNP	6	6	12	4	14	C86H127N7O109S14	3636.362027	11
HS_HexA6_HexN6_Ac4_S14_pNP	6	6	12	4	14	C86H127N7O109S14	3653.388576	12
HS_HexA6_HexN6_Ac4_S14_pNP	6	6	12	4	14	C86H127N7O109S14	3670.415125	13
HS_HexA6_HexN6_Ac4_S14_pNP	6	6	12	4	14	C86H127N7O109S14	3687.441675	14
HS_HexA6_HexN6_Ac4_S14_pNP	6	6	12	4	14	C86H127N7O109S14	3704.468224	15
HS_HexA6_HexN6_Ac4_S14_pNP	6	6	12	4	14	C86H127N7O109S14	3721.494773	16
HS_HexA6_HexN6_Ac4_S14_pNP	6	6	12	4	14	C86H127N7O109S14	3738.521322	17
HS_HexA6_HexN6_Ac4_S14_pNP	6	6	12	4	14	C86H127N7O109S14	3755.547871	18
HS_HexA6_HexN6_Ac4_S14_pNP	6	6	12	4	14	C86H127N7O109S14	3772.574420	19
HS_HexA6_HexN6_Ac4_S14_pNP	6	6	12	4	14	C86H127N7O109S14	3789.600969	20
HS_HexA6_HexN6_Ac4_S15_pNP	6	6	12	4	15	C86H127N7O112S15	3529.026802	0
HS_HexA6_HexN6_Ac4_S15_pNP	6	6	12	4	15	C86H127N7O112S15	3546.053351	1
HS_HexA6_HexN6_Ac4_S15_pNP	6	6	12	4	15	C86H127N7O112S15	3563.079900	2
HS_HexA6_HexN6_Ac4_S15_pNP	6	6	12	4	15	C86H127N7O112S15	3580.106449	3
HS_HexA6_HexN6_Ac4_S15_pNP	6	6	12	4	15	C86H127N7O112S15	3597.132999	4
HS_HexA6_HexN6_Ac4_S15_pNP	6	6	12	4	15	C86H127N7O112S15	3614.159548	5
HS_HexA6_HexN6_Ac4_S15_pNP	6	6	12	4	15	C86H127N7O112S15	3631.186097	6
HS_HexA6_HexN6_Ac4_S15_pNP	6	6	12	4	15	C86H127N7O112S15	3648.212646	7
HS_HexA6_HexN6_Ac4_S15_pNP	6	6	12	4	15	C86H127N7O112S15	3665.239195	8
HS_HexA6_HexN6_Ac4_S15_pNP	6	6	12	4	15	C86H127N7O112S15	3682.265744	9
HS_HexA6_HexN6_Ac4_S15_pNP	6	6	12	4	15	C86H127N7O112S15	3699.292293	10
HS_HexA6_HexN6_Ac4_S15_pNP	6	6	12	4	15	C86H127N7O112S15	3716.318842	11
HS_HexA6_HexN6_Ac4_S15_pNP	6	6	12	4	15	C86H127N7O112S15	3733.345391	12
HS_HexA6_HexN6_Ac4_S15_pNP	6	6	12	4	15	C86H127N7O112S15	3750.371940	13
HS_HexA6_HexN6_Ac4_S15_pNP	6	6	12	4	15	C86H127N7O112S15	3767.398490	14
HS_HexA6_HexN6_Ac4_S15_pNP	6	6	12	4	15	C86H127N7O112S15	3784.425039	15
HS_HexA6_HexN6_Ac4_S15_pNP	6	6	12	4	15	C86H127N7O112S15	3801.451588	16
HS_HexA6_HexN6_Ac4_S15_pNP	6	6	12	4	15	C86H127N7O112S15	3818.478137	17
HS_HexA6_HexN6_Ac4_S15_pNP	6	6	12	4	15	C86H127N7O112S15	3835.504686	18
HS_HexA6_HexN6_Ac4_S15_pNP	6	6	12	4	15	C86H127N7O112S15	3852.531235	19
HS_HexA6_HexN6_Ac4_S15_pNP	6	6	12	4	15	C86H127N7O112S15	3869.557784	20
HS_HexA6_HexN6_Ac4_S15_pNP	6	6	12	4	15	C86H127N7O112S15	3886.584333	21
HS_HexA6_HexN6_Ac4_S16_pNP	6	6	12	4	16	C86H127N7O115S16	3608.983617	0
HS_HexA6_HexN6_Ac4_S16_pNP	6	6	12	4	16	C86H127N7O115S16	3626.010166	1
HS_HexA6_HexN6_Ac4_S16_pNP	6	6	12	4	16	C86H127N7O115S16	3643.036715	2
HS_HexA6_HexN6_Ac4_S16_pNP	6	6	12	4	16	C86H127N7O115S16	3660.063264	3
HS_HexA6_HexN6_Ac4_S16_pNP	6	6	12	4	16	C86H127N7O115S16	3677.089814	4
HS_HexA6_HexN6_Ac4_S16_pNP	6	6	12	4	16	C86H127N7O115S16	3694.116363	5
HS_HexA6_HexN6_Ac4_S16_pNP	6	6	12	4	16	C86H127N7O115S16	3711.142912	6
HS_HexA6_HexN6_Ac4_S16_pNP	6	6	12	4	16	C86H127N7O115S16	3728.169461	7
HS_HexA6_HexN6_Ac4_S16_pNP	6	6	12	4	16	C86H127N7O115S16	3745.196010	8
HS_HexA6_HexN6_Ac4_S16_pNP	6	6	12	4	16	C86H127N7O115S16	3762.222559	9
HS_HexA6_HexN6_Ac4_S16_pNP	6	6	12	4	16	C86H127N7O115S16	3779.249108	10
HS_HexA6_HexN6_Ac4_S16_pNP	6	6	12	4	16	C86H127N7O115S16	3796.275657	11
HS_HexA6_HexN6_Ac4_S16_pNP	6	6	12	4	16	C86H127N7O115S16	3813.302206	12
HS_HexA6_HexN6_Ac4_S16_pNP	6	6	12	4	16	C86H127N7O115S16	3830.328755	13
HS_HexA6_HexN6_Ac4_S16_pNP	6	6	12	4	16	C86H127N7O115S16	3847.355305	14
HS_HexA6_HexN6_Ac4_S16_pNP	6	6	12	4	16	C86H127N7O115S16	3864.381854	15
HS_HexA6_HexN6_Ac4_S16_pNP	6	6	12	4	16	C86H127N7O115S16	3881.408403	16
HS_HexA6_HexN6_Ac4_S16_pNP	6	6	12	4	16	C86H127N7O115S16	3898.434952	17
HS_HexA6_HexN6_Ac4_S16_pNP	6	6	12	4	16	C86H127N7O115S16	3915.461501	18
HS_HexA6_HexN6_Ac4_S16_pNP	6	6	12	4	16	C86H127N7O115S16	3932.488050	19
HS_HexA6_HexN6_Ac4_S16_pNP	6	6	12	4	16	C86H127N7O115S16	3949.514599	20
HS_HexA6_HexN6_Ac4_S16_pNP	6	6	12	4	16	C86H127N7O115S16	3966.541148	21
HS_HexA6_HexN6_Ac4_S16_pNP	6	6	12	4	16	C86H127N7O115S16	3983.567697	22
HS_HexA6_HexN6_Ac4_S17_pNP	6	6	12	4	17	C86H127N7O118S17	3688.940432	0
HS_HexA6_HexN6_Ac4_S17_pNP	6	6	12	4	17	C86H127N7O118S17	3705.966981	1
HS_HexA6_HexN6_Ac4_S17_pNP	6	6	12	4	17	C86H127N7O118S17	3722.993530	2
HS_HexA6_HexN6_Ac4_S17_pNP	6	6	12	4	17	C86H127N7O118S17	3740.020080	3
HS_HexA6_HexN6_Ac4_S17_pNP	6	6	12	4	17	C86H127N7O118S17	3757.046629	4
HS_HexA6_HexN6_Ac4_S17_pNP	6	6	12	4	17	C86H127N7O118S17	3774.073178	5
HS_HexA6_HexN6_Ac4_S17_pNP	6	6	12	4	17	C86H127N7O118S17	3791.099727	6
HS_HexA6_HexN6_Ac4_S17_pNP	6	6	12	4	17	C86H127N7O118S17	3808.126276	7
HS_HexA6_HexN6_Ac4_S17_pNP	6	6	12	4	17	C86H127N7O118S17	3825.152825	8
HS_HexA6_HexN6_Ac4_S17_pNP	6	6	12	4	17	C86H127N7O118S17	3842.179374	9
HS_HexA6_HexN6_Ac4_S17_pNP	6	6	12	4	17	C86H127N7O118S17	3859.205923	10
HS_HexA6_HexN6_Ac4_S17_pNP	6	6	12	4	17	C86H127N7O118S17	3876.232472	11
HS_HexA6_HexN6_Ac4_S17_pNP	6	6	12	4	17	C86H127N7O118S17	3893.259021	12
HS_HexA6_HexN6_Ac4_S17_pNP	6	6	12	4	17	C86H127N7O118S17	3910.285571	13
HS_HexA6_HexN6_Ac4_S17_pNP	6	6	12	4	17	C86H127N7O118S17	3927.312120	14
HS_HexA6_HexN6_Ac4_S17_pNP	6	6	12	4	17	C86H127N7O118S17	3944.338669	15
HS_HexA6_HexN6_Ac4_S17_pNP	6	6	12	4	17	C86H127N7O118S17	3961.365218	16
HS_HexA6_HexN6_Ac4_S17_pNP	6	6	12	4	17	C86H127N7O118S17	3978.391767	17
HS_HexA6_HexN6_Ac4_S17_pNP	6	6	12	4	17	C86H127N7O118S17	3995.418316	18
HS_HexA6_HexN6_Ac4_S17_pNP	6	6	12	4	17	C86H127N7O118S17	4012.444865	19
HS_HexA6_HexN6_Ac4_S17_pNP	6	6	12	4	17	C86H127N7O118S17	4029.471414	20
HS_HexA6_HexN6_Ac4_S17_pNP	6	6	12	4	17	C86H127N7O118S17	4046.497963	21
HS_HexA6_HexN6_Ac4_S17_pNP	6	6	12	4	17	C86H127N7O118S17	4063.524512	22
HS_HexA6_HexN6_Ac4_S17_pNP	6	6	12	4	17	C86H127N7O118S17	4080.551062	23
HS_HexA6_HexN6_Ac4_S18_pNP	6	6	12	4	18	C86H127N7O121S18	3768.897247	0
HS_HexA6_HexN6_Ac4_S18_pNP	6	6	12	4	18	C86H127N7O121S18	3785.923796	1
HS_HexA6_HexN6_Ac4_S18_pNP	6	6	12	4	18	C86H127N7O121S18	3802.950345	2
HS_HexA6_HexN6_Ac4_S18_pNP	6	6	12	4	18	C86H127N7O121S18	3819.976895	3
HS_HexA6_HexN6_Ac4_S18_pNP	6	6	12	4	18	C86H127N7O121S18	3837.003444	4
HS_HexA6_HexN6_Ac4_S18_pNP	6	6	12	4	18	C86H127N7O121S18	3854.029993	5
HS_HexA6_HexN6_Ac4_S18_pNP	6	6	12	4	18	C86H127N7O121S18	3871.056542	6
HS_HexA6_HexN6_Ac4_S18_pNP	6	6	12	4	18	C86H127N7O121S18	3888.083091	7
HS_HexA6_HexN6_Ac4_S18_pNP	6	6	12	4	18	C86H127N7O121S18	3905.109640	8
HS_HexA6_HexN6_Ac4_S18_pNP	6	6	12	4	18	C86H127N7O121S18	3922.136189	9
HS_HexA6_HexN6_Ac4_S18_pNP	6	6	12	4	18	C86H127N7O121S18	3939.162738	10
HS_HexA6_HexN6_Ac4_S18_pNP	6	6	12	4	18	C86H127N7O121S18	3956.189287	11
HS_HexA6_HexN6_Ac4_S18_pNP	6	6	12	4	18	C86H127N7O121S18	3973.215836	12
HS_HexA6_HexN6_Ac4_S18_pNP	6	6	12	4	18	C86H127N7O121S18	3990.242386	13
HS_HexA6_HexN6_Ac4_S18_pNP	6	6	12	4	18	C86H127N7O121S18	4007.268935	14
HS_HexA6_HexN6_Ac4_S18_pNP	6	6	12	4	18	C86H127N7O121S18	4024.295484	15
HS_HexA6_HexN6_Ac4_S18_pNP	6	6	12	4	18	C86H127N7O121S18	4041.322033	16
HS_HexA6_HexN6_Ac4_S18_pNP	6	6	12	4	18	C86H127N7O121S18	4058.348582	17
HS_HexA6_HexN6_Ac4_S18_pNP	6	6	12	4	18	C86H127N7O121S18	4075.375131	18
HS_HexA6_HexN6_Ac4_S18_pNP	6	6	12	4	18	C86H127N7O121S18	4092.401680	19
HS_HexA6_HexN6_Ac4_S18_pNP	6	6	12	4	18	C86H127N7O121S18	4109.428229	20
HS_HexA6_HexN6_Ac4_S18_pNP	6	6	12	4	18	C86H127N7O121S18	4126.454778	21
HS_HexA6_HexN6_Ac4_S18_pNP	6	6	12	4	18	C86H127N7O121S18	4143.481327	22
HS_HexA6_HexN6_Ac4_S18_pNP	6	6	12	4	18	C86H127N7O121S18	4160.507877	23
HS_HexA6_HexN6_Ac4_S18_pNP	6	6	12	4	18	C86H127N7O121S18	4177.534426	24
HS_HexA6_HexN6_Ac5_S0_pNP	6	6	12	5	0	C88H129N7O68	2371.685141	0
HS_HexA6_HexN6_Ac5_S0_pNP	6	6	12	5	0	C88H129N7O68	2388.711690	1
HS_HexA6_HexN6_Ac5_S0_pNP	6	6	12	5	0	C88H129N7O68	2405.738240	2
HS_HexA6_HexN6_Ac5_S0_pNP	6	6	12	5	0	C88H129N7O68	2422.764789	3
HS_HexA6_HexN6_Ac5_S0_pNP	6	6	12	5	0	C88H129N7O68	2439.791338	4
HS_HexA6_HexN6_Ac5_S0_pNP	6	6	12	5	0	C88H129N7O68	2456.817887	5
HS_HexA6_HexN6_Ac5_S0_pNP	6	6	12	5	0	C88H129N7O68	2473.844436	6
HS_HexA6_HexN6_Ac5_S1_pNP	6	6	12	5	1	C88H129N7O71S	2451.641956	0
HS_HexA6_HexN6_Ac5_S1_pNP	6	6	12	5	1	C88H129N7O71S	2468.668505	1
HS_HexA6_HexN6_Ac5_S1_pNP	6	6	12	5	1	C88H129N7O71S	2485.695055	2
HS_HexA6_HexN6_Ac5_S1_pNP	6	6	12	5	1	C88H129N7O71S	2502.721604	3
HS_HexA6_HexN6_Ac5_S1_pNP	6	6	12	5	1	C88H129N7O71S	2519.748153	4
HS_HexA6_HexN6_Ac5_S1_pNP	6	6	12	5	1	C88H129N7O71S	2536.774702	5
HS_HexA6_HexN6_Ac5_S1_pNP	6	6	12	5	1	C88H129N7O71S	2553.801251	6
HS_HexA6_HexN6_Ac5_S1_pNP	6	6	12	5	1	C88H129N7O71S	2570.827800	7
HS_HexA6_HexN6_Ac5_S2_pNP	6	6	12	5	2	C88H129N7O74S2	2531.598771	0
HS_HexA6_HexN6_Ac5_S2_pNP	6	6	12	5	2	C88H129N7O74S2	2548.625320	1
HS_HexA6_HexN6_Ac5_S2_pNP	6	6	12	5	2	C88H129N7O74S2	2565.651870	2
HS_HexA6_HexN6_Ac5_S2_pNP	6	6	12	5	2	C88H129N7O74S2	2582.678419	3
HS_HexA6_HexN6_Ac5_S2_pNP	6	6	12	5	2	C88H129N7O74S2	2599.704968	4
HS_HexA6_HexN6_Ac5_S2_pNP	6	6	12	5	2	C88H129N7O74S2	2616.731517	5
HS_HexA6_HexN6_Ac5_S2_pNP	6	6	12	5	2	C88H129N7O74S2	2633.758066	6
HS_HexA6_HexN6_Ac5_S2_pNP	6	6	12	5	2	C88H129N7O74S2	2650.784615	7
HS_HexA6_HexN6_Ac5_S2_pNP	6	6	12	5	2	C88H129N7O74S2	2667.811164	8
HS_HexA6_HexN6_Ac5_S3_pNP	6	6	12	5	3	C88H129N7O77S3	2611.555586	0
HS_HexA6_HexN6_Ac5_S3_pNP	6	6	12	5	3	C88H129N7O77S3	2628.582136	1
HS_HexA6_HexN6_Ac5_S3_pNP	6	6	12	5	3	C88H129N7O77S3	2645.608685	2
HS_HexA6_HexN6_Ac5_S3_pNP	6	6	12	5	3	C88H129N7O77S3	2662.635234	3
HS_HexA6_HexN6_Ac5_S3_pNP	6	6	12	5	3	C88H129N7O77S3	2679.661783	4
HS_HexA6_HexN6_Ac5_S3_pNP	6	6	12	5	3	C88H129N7O77S3	2696.688332	5
HS_HexA6_HexN6_Ac5_S3_pNP	6	6	12	5	3	C88H129N7O77S3	2713.714881	6
HS_HexA6_HexN6_Ac5_S3_pNP	6	6	12	5	3	C88H129N7O77S3	2730.741430	7
HS_HexA6_HexN6_Ac5_S3_pNP	6	6	12	5	3	C88H129N7O77S3	2747.767979	8
HS_HexA6_HexN6_Ac5_S3_pNP	6	6	12	5	3	C88H129N7O77S3	2764.794528	9
HS_HexA6_HexN6_Ac5_S4_pNP	6	6	12	5	4	C88H129N7O80S4	2691.512401	0
HS_HexA6_HexN6_Ac5_S4_pNP	6	6	12	5	4	C88H129N7O80S4	2708.538951	1
HS_HexA6_HexN6_Ac5_S4_pNP	6	6	12	5	4	C88H129N7O80S4	2725.565500	2
HS_HexA6_HexN6_Ac5_S4_pNP	6	6	12	5	4	C88H129N7O80S4	2742.592049	3
HS_HexA6_HexN6_Ac5_S4_pNP	6	6	12	5	4	C88H129N7O80S4	2759.618598	4
HS_HexA6_HexN6_Ac5_S4_pNP	6	6	12	5	4	C88H129N7O80S4	2776.645147	5
HS_HexA6_HexN6_Ac5_S4_pNP	6	6	12	5	4	C88H129N7O80S4	2793.671696	6
HS_HexA6_HexN6_Ac5_S4_pNP	6	6	12	5	4	C88H129N7O80S4	2810.698245	7
HS_HexA6_HexN6_Ac5_S4_pNP	6	6	12	5	4	C88H129N7O80S4	2827.724794	8
HS_HexA6_HexN6_Ac5_S4_pNP	6	6	12	5	4	C88H129N7O80S4	2844.751343	9
HS_HexA6_HexN6_Ac5_S4_pNP	6	6	12	5	4	C88H129N7O80S4	2861.777892	10
HS_HexA6_HexN6_Ac5_S5_pNP	6	6	12	5	5	C88H129N7O83S5	2771.469216	0
HS_HexA6_HexN6_Ac5_S5_pNP	6	6	12	5	5	C88H129N7O83S5	2788.495766	1
HS_HexA6_HexN6_Ac5_S5_pNP	6	6	12	5	5	C88H129N7O83S5	2805.522315	2
HS_HexA6_HexN6_Ac5_S5_pNP	6	6	12	5	5	C88H129N7O83S5	2822.548864	3
HS_HexA6_HexN6_Ac5_S5_pNP	6	6	12	5	5	C88H129N7O83S5	2839.575413	4
HS_HexA6_HexN6_Ac5_S5_pNP	6	6	12	5	5	C88H129N7O83S5	2856.601962	5
HS_HexA6_HexN6_Ac5_S5_pNP	6	6	12	5	5	C88H129N7O83S5	2873.628511	6
HS_HexA6_HexN6_Ac5_S5_pNP	6	6	12	5	5	C88H129N7O83S5	2890.655060	7
HS_HexA6_HexN6_Ac5_S5_pNP	6	6	12	5	5	C88H129N7O83S5	2907.681609	8
HS_HexA6_HexN6_Ac5_S5_pNP	6	6	12	5	5	C88H129N7O83S5	2924.708158	9
HS_HexA6_HexN6_Ac5_S5_pNP	6	6	12	5	5	C88H129N7O83S5	2941.734707	10
HS_HexA6_HexN6_Ac5_S5_pNP	6	6	12	5	5	C88H129N7O83S5	2958.761257	11
HS_HexA6_HexN6_Ac5_S6_pNP	6	6	12	5	6	C88H129N7O86S6	2851.426032	0
HS_HexA6_HexN6_Ac5_S6_pNP	6	6	12	5	6	C88H129N7O86S6	2868.452581	1
HS_HexA6_HexN6_Ac5_S6_pNP	6	6	12	5	6	C88H129N7O86S6	2885.479130	2
HS_HexA6_HexN6_Ac5_S6_pNP	6	6	12	5	6	C88H129N7O86S6	2902.505679	3
HS_HexA6_HexN6_Ac5_S6_pNP	6	6	12	5	6	C88H129N7O86S6	2919.532228	4
HS_HexA6_HexN6_Ac5_S6_pNP	6	6	12	5	6	C88H129N7O86S6	2936.558777	5
HS_HexA6_HexN6_Ac5_S6_pNP	6	6	12	5	6	C88H129N7O86S6	2953.585326	6
HS_HexA6_HexN6_Ac5_S6_pNP	6	6	12	5	6	C88H129N7O86S6	2970.611875	7
HS_HexA6_HexN6_Ac5_S6_pNP	6	6	12	5	6	C88H129N7O86S6	2987.638424	8
HS_HexA6_HexN6_Ac5_S6_pNP	6	6	12	5	6	C88H129N7O86S6	3004.664973	9
HS_HexA6_HexN6_Ac5_S6_pNP	6	6	12	5	6	C88H129N7O86S6	3021.691523	10
HS_HexA6_HexN6_Ac5_S6_pNP	6	6	12	5	6	C88H129N7O86S6	3038.718072	11
HS_HexA6_HexN6_Ac5_S6_pNP	6	6	12	5	6	C88H129N7O86S6	3055.744621	12
HS_HexA6_HexN6_Ac5_S7_pNP	6	6	12	5	7	C88H129N7O89S7	2931.382847	0
HS_HexA6_HexN6_Ac5_S7_pNP	6	6	12	5	7	C88H129N7O89S7	2948.409396	1
HS_HexA6_HexN6_Ac5_S7_pNP	6	6	12	5	7	C88H129N7O89S7	2965.435945	2
HS_HexA6_HexN6_Ac5_S7_pNP	6	6	12	5	7	C88H129N7O89S7	2982.462494	3
HS_HexA6_HexN6_Ac5_S7_pNP	6	6	12	5	7	C88H129N7O89S7	2999.489043	4
HS_HexA6_HexN6_Ac5_S7_pNP	6	6	12	5	7	C88H129N7O89S7	3016.515592	5
HS_HexA6_HexN6_Ac5_S7_pNP	6	6	12	5	7	C88H129N7O89S7	3033.542141	6
HS_HexA6_HexN6_Ac5_S7_pNP	6	6	12	5	7	C88H129N7O89S7	3050.568690	7
HS_HexA6_HexN6_Ac5_S7_pNP	6	6	12	5	7	C88H129N7O89S7	3067.595239	8
HS_HexA6_HexN6_Ac5_S7_pNP	6	6	12	5	7	C88H129N7O89S7	3084.621788	9
HS_HexA6_HexN6_Ac5_S7_pNP	6	6	12	5	7	C88H129N7O89S7	3101.648338	10
HS_HexA6_HexN6_Ac5_S7_pNP	6	6	12	5	7	C88H129N7O89S7	3118.674887	11
HS_HexA6_HexN6_Ac5_S7_pNP	6	6	12	5	7	C88H129N7O89S7	3135.701436	12
HS_HexA6_HexN6_Ac5_S7_pNP	6	6	12	5	7	C88H129N7O89S7	3152.727985	13
HS_HexA6_HexN6_Ac5_S8_pNP	6	6	12	5	8	C88H129N7O92S8	3011.339662	0
HS_HexA6_HexN6_Ac5_S8_pNP	6	6	12	5	8	C88H129N7O92S8	3028.366211	1
HS_HexA6_HexN6_Ac5_S8_pNP	6	6	12	5	8	C88H129N7O92S8	3045.392760	2
HS_HexA6_HexN6_Ac5_S8_pNP	6	6	12	5	8	C88H129N7O92S8	3062.419309	3
HS_HexA6_HexN6_Ac5_S8_pNP	6	6	12	5	8	C88H129N7O92S8	3079.445858	4
HS_HexA6_HexN6_Ac5_S8_pNP	6	6	12	5	8	C88H129N7O92S8	3096.472407	5
HS_HexA6_HexN6_Ac5_S8_pNP	6	6	12	5	8	C88H129N7O92S8	3113.498956	6
HS_HexA6_HexN6_Ac5_S8_pNP	6	6	12	5	8	C88H129N7O92S8	3130.525505	7
HS_HexA6_HexN6_Ac5_S8_pNP	6	6	12	5	8	C88H129N7O92S8	3147.552054	8
HS_HexA6_HexN6_Ac5_S8_pNP	6	6	12	5	8	C88H129N7O92S8	3164.578603	9
HS_HexA6_HexN6_Ac5_S8_pNP	6	6	12	5	8	C88H129N7O92S8	3181.605153	10
HS_HexA6_HexN6_Ac5_S8_pNP	6	6	12	5	8	C88H129N7O92S8	3198.631702	11
HS_HexA6_HexN6_Ac5_S8_pNP	6	6	12	5	8	C88H129N7O92S8	3215.658251	12
HS_HexA6_HexN6_Ac5_S8_pNP	6	6	12	5	8	C88H129N7O92S8	3232.684800	13
HS_HexA6_HexN6_Ac5_S8_pNP	6	6	12	5	8	C88H129N7O92S8	3249.711349	14
HS_HexA6_HexN6_Ac5_S9_pNP	6	6	12	5	9	C88H129N7O95S9	3091.296477	0
HS_HexA6_HexN6_Ac5_S9_pNP	6	6	12	5	9	C88H129N7O95S9	3108.323026	1
HS_HexA6_HexN6_Ac5_S9_pNP	6	6	12	5	9	C88H129N7O95S9	3125.349575	2
HS_HexA6_HexN6_Ac5_S9_pNP	6	6	12	5	9	C88H129N7O95S9	3142.376124	3
HS_HexA6_HexN6_Ac5_S9_pNP	6	6	12	5	9	C88H129N7O95S9	3159.402673	4
HS_HexA6_HexN6_Ac5_S9_pNP	6	6	12	5	9	C88H129N7O95S9	3176.429222	5
HS_HexA6_HexN6_Ac5_S9_pNP	6	6	12	5	9	C88H129N7O95S9	3193.455771	6
HS_HexA6_HexN6_Ac5_S9_pNP	6	6	12	5	9	C88H129N7O95S9	3210.482320	7
HS_HexA6_HexN6_Ac5_S9_pNP	6	6	12	5	9	C88H129N7O95S9	3227.508869	8
HS_HexA6_HexN6_Ac5_S9_pNP	6	6	12	5	9	C88H129N7O95S9	3244.535419	9
HS_HexA6_HexN6_Ac5_S9_pNP	6	6	12	5	9	C88H129N7O95S9	3261.561968	10
HS_HexA6_HexN6_Ac5_S9_pNP	6	6	12	5	9	C88H129N7O95S9	3278.588517	11
HS_HexA6_HexN6_Ac5_S9_pNP	6	6	12	5	9	C88H129N7O95S9	3295.615066	12
HS_HexA6_HexN6_Ac5_S9_pNP	6	6	12	5	9	C88H129N7O95S9	3312.641615	13
HS_HexA6_HexN6_Ac5_S9_pNP	6	6	12	5	9	C88H129N7O95S9	3329.668164	14
HS_HexA6_HexN6_Ac5_S9_pNP	6	6	12	5	9	C88H129N7O95S9	3346.694713	15
HS_HexA6_HexN6_Ac5_S10_pNP	6	6	12	5	10	C88H129N7O98S10	3171.253292	0
HS_HexA6_HexN6_Ac5_S10_pNP	6	6	12	5	10	C88H129N7O98S10	3188.279841	1
HS_HexA6_HexN6_Ac5_S10_pNP	6	6	12	5	10	C88H129N7O98S10	3205.306390	2
HS_HexA6_HexN6_Ac5_S10_pNP	6	6	12	5	10	C88H129N7O98S10	3222.332939	3
HS_HexA6_HexN6_Ac5_S10_pNP	6	6	12	5	10	C88H129N7O98S10	3239.359488	4
HS_HexA6_HexN6_Ac5_S10_pNP	6	6	12	5	10	C88H129N7O98S10	3256.386037	5
HS_HexA6_HexN6_Ac5_S10_pNP	6	6	12	5	10	C88H129N7O98S10	3273.412586	6
HS_HexA6_HexN6_Ac5_S10_pNP	6	6	12	5	10	C88H129N7O98S10	3290.439135	7
HS_HexA6_HexN6_Ac5_S10_pNP	6	6	12	5	10	C88H129N7O98S10	3307.465684	8
HS_HexA6_HexN6_Ac5_S10_pNP	6	6	12	5	10	C88H129N7O98S10	3324.492234	9
HS_HexA6_HexN6_Ac5_S10_pNP	6	6	12	5	10	C88H129N7O98S10	3341.518783	10
HS_HexA6_HexN6_Ac5_S10_pNP	6	6	12	5	10	C88H129N7O98S10	3358.545332	11
HS_HexA6_HexN6_Ac5_S10_pNP	6	6	12	5	10	C88H129N7O98S10	3375.571881	12
HS_HexA6_HexN6_Ac5_S10_pNP	6	6	12	5	10	C88H129N7O98S10	3392.598430	13
HS_HexA6_HexN6_Ac5_S10_pNP	6	6	12	5	10	C88H129N7O98S10	3409.624979	14
HS_HexA6_HexN6_Ac5_S10_pNP	6	6	12	5	10	C88H129N7O98S10	3426.651528	15
HS_HexA6_HexN6_Ac5_S10_pNP	6	6	12	5	10	C88H129N7O98S10	3443.678077	16
HS_HexA6_HexN6_Ac5_S11_pNP	6	6	12	5	11	C88H129N7O101S11	3251.210107	0
HS_HexA6_HexN6_Ac5_S11_pNP	6	6	12	5	11	C88H129N7O101S11	3268.236656	1
HS_HexA6_HexN6_Ac5_S11_pNP	6	6	12	5	11	C88H129N7O101S11	3285.263205	2
HS_HexA6_HexN6_Ac5_S11_pNP	6	6	12	5	11	C88H129N7O101S11	3302.289754	3
HS_HexA6_HexN6_Ac5_S11_pNP	6	6	12	5	11	C88H129N7O101S11	3319.316303	4
HS_HexA6_HexN6_Ac5_S11_pNP	6	6	12	5	11	C88H129N7O101S11	3336.342852	5
HS_HexA6_HexN6_Ac5_S11_pNP	6	6	12	5	11	C88H129N7O101S11	3353.369401	6
HS_HexA6_HexN6_Ac5_S11_pNP	6	6	12	5	11	C88H129N7O101S11	3370.395950	7
HS_HexA6_HexN6_Ac5_S11_pNP	6	6	12	5	11	C88H129N7O101S11	3387.422499	8
HS_HexA6_HexN6_Ac5_S11_pNP	6	6	12	5	11	C88H129N7O101S11	3404.449049	9
HS_HexA6_HexN6_Ac5_S11_pNP	6	6	12	5	11	C88H129N7O101S11	3421.475598	10
HS_HexA6_HexN6_Ac5_S11_pNP	6	6	12	5	11	C88H129N7O101S11	3438.502147	11
HS_HexA6_HexN6_Ac5_S11_pNP	6	6	12	5	11	C88H129N7O101S11	3455.528696	12
HS_HexA6_HexN6_Ac5_S11_pNP	6	6	12	5	11	C88H129N7O101S11	3472.555245	13
HS_HexA6_HexN6_Ac5_S11_pNP	6	6	12	5	11	C88H129N7O101S11	3489.581794	14
HS_HexA6_HexN6_Ac5_S11_pNP	6	6	12	5	11	C88H129N7O101S11	3506.608343	15
HS_HexA6_HexN6_Ac5_S11_pNP	6	6	12	5	11	C88H129N7O101S11	3523.634892	16
HS_HexA6_HexN6_Ac5_S11_pNP	6	6	12	5	11	C88H129N7O101S11	3540.661441	17
HS_HexA6_HexN6_Ac5_S12_pNP	6	6	12	5	12	C88H129N7O104S12	3331.166922	0
HS_HexA6_HexN6_Ac5_S12_pNP	6	6	12	5	12	C88H129N7O104S12	3348.193471	1
HS_HexA6_HexN6_Ac5_S12_pNP	6	6	12	5	12	C88H129N7O104S12	3365.220020	2
HS_HexA6_HexN6_Ac5_S12_pNP	6	6	12	5	12	C88H129N7O104S12	3382.246569	3
HS_HexA6_HexN6_Ac5_S12_pNP	6	6	12	5	12	C88H129N7O104S12	3399.273118	4
HS_HexA6_HexN6_Ac5_S12_pNP	6	6	12	5	12	C88H129N7O104S12	3416.299667	5
HS_HexA6_HexN6_Ac5_S12_pNP	6	6	12	5	12	C88H129N7O104S12	3433.326216	6
HS_HexA6_HexN6_Ac5_S12_pNP	6	6	12	5	12	C88H129N7O104S12	3450.352765	7
HS_HexA6_HexN6_Ac5_S12_pNP	6	6	12	5	12	C88H129N7O104S12	3467.379315	8
HS_HexA6_HexN6_Ac5_S12_pNP	6	6	12	5	12	C88H129N7O104S12	3484.405864	9
HS_HexA6_HexN6_Ac5_S12_pNP	6	6	12	5	12	C88H129N7O104S12	3501.432413	10
HS_HexA6_HexN6_Ac5_S12_pNP	6	6	12	5	12	C88H129N7O104S12	3518.458962	11
HS_HexA6_HexN6_Ac5_S12_pNP	6	6	12	5	12	C88H129N7O104S12	3535.485511	12
HS_HexA6_HexN6_Ac5_S12_pNP	6	6	12	5	12	C88H129N7O104S12	3552.512060	13
HS_HexA6_HexN6_Ac5_S12_pNP	6	6	12	5	12	C88H129N7O104S12	3569.538609	14
HS_HexA6_HexN6_Ac5_S12_pNP	6	6	12	5	12	C88H129N7O104S12	3586.565158	15
HS_HexA6_HexN6_Ac5_S12_pNP	6	6	12	5	12	C88H129N7O104S12	3603.591707	16
HS_HexA6_HexN6_Ac5_S12_pNP	6	6	12	5	12	C88H129N7O104S12	3620.618256	17
HS_HexA6_HexN6_Ac5_S12_pNP	6	6	12	5	12	C88H129N7O104S12	3637.644806	18
HS_HexA6_HexN6_Ac5_S13_pNP	6	6	12	5	13	C88H129N7O107S13	3411.123737	0
HS_HexA6_HexN6_Ac5_S13_pNP	6	6	12	5	13	C88H129N7O107S13	3428.150286	1
HS_HexA6_HexN6_Ac5_S13_pNP	6	6	12	5	13	C88H129N7O107S13	3445.176835	2
HS_HexA6_HexN6_Ac5_S13_pNP	6	6	12	5	13	C88H129N7O107S13	3462.203384	3
HS_HexA6_HexN6_Ac5_S13_pNP	6	6	12	5	13	C88H129N7O107S13	3479.229933	4
HS_HexA6_HexN6_Ac5_S13_pNP	6	6	12	5	13	C88H129N7O107S13	3496.256482	5
HS_HexA6_HexN6_Ac5_S13_pNP	6	6	12	5	13	C88H129N7O107S13	3513.283031	6
HS_HexA6_HexN6_Ac5_S13_pNP	6	6	12	5	13	C88H129N7O107S13	3530.309580	7
HS_HexA6_HexN6_Ac5_S13_pNP	6	6	12	5	13	C88H129N7O107S13	3547.336130	8
HS_HexA6_HexN6_Ac5_S13_pNP	6	6	12	5	13	C88H129N7O107S13	3564.362679	9
HS_HexA6_HexN6_Ac5_S13_pNP	6	6	12	5	13	C88H129N7O107S13	3581.389228	10
HS_HexA6_HexN6_Ac5_S13_pNP	6	6	12	5	13	C88H129N7O107S13	3598.415777	11
HS_HexA6_HexN6_Ac5_S13_pNP	6	6	12	5	13	C88H129N7O107S13	3615.442326	12
HS_HexA6_HexN6_Ac5_S13_pNP	6	6	12	5	13	C88H129N7O107S13	3632.468875	13
HS_HexA6_HexN6_Ac5_S13_pNP	6	6	12	5	13	C88H129N7O107S13	3649.495424	14
HS_HexA6_HexN6_Ac5_S13_pNP	6	6	12	5	13	C88H129N7O107S13	3666.521973	15
HS_HexA6_HexN6_Ac5_S13_pNP	6	6	12	5	13	C88H129N7O107S13	3683.548522	16
HS_HexA6_HexN6_Ac5_S13_pNP	6	6	12	5	13	C88H129N7O107S13	3700.575071	17
HS_HexA6_HexN6_Ac5_S13_pNP	6	6	12	5	13	C88H129N7O107S13	3717.601621	18
HS_HexA6_HexN6_Ac5_S13_pNP	6	6	12	5	13	C88H129N7O107S13	3734.628170	19
HS_HexA6_HexN6_Ac5_S14_pNP	6	6	12	5	14	C88H129N7O110S14	3491.080552	0
HS_HexA6_HexN6_Ac5_S14_pNP	6	6	12	5	14	C88H129N7O110S14	3508.107101	1
HS_HexA6_HexN6_Ac5_S14_pNP	6	6	12	5	14	C88H129N7O110S14	3525.133650	2
HS_HexA6_HexN6_Ac5_S14_pNP	6	6	12	5	14	C88H129N7O110S14	3542.160199	3
HS_HexA6_HexN6_Ac5_S14_pNP	6	6	12	5	14	C88H129N7O110S14	3559.186748	4
HS_HexA6_HexN6_Ac5_S14_pNP	6	6	12	5	14	C88H129N7O110S14	3576.213297	5
HS_HexA6_HexN6_Ac5_S14_pNP	6	6	12	5	14	C88H129N7O110S14	3593.239846	6
HS_HexA6_HexN6_Ac5_S14_pNP	6	6	12	5	14	C88H129N7O110S14	3610.266395	7
HS_HexA6_HexN6_Ac5_S14_pNP	6	6	12	5	14	C88H129N7O110S14	3627.292945	8
HS_HexA6_HexN6_Ac5_S14_pNP	6	6	12	5	14	C88H129N7O110S14	3644.319494	9
HS_HexA6_HexN6_Ac5_S14_pNP	6	6	12	5	14	C88H129N7O110S14	3661.346043	10
HS_HexA6_HexN6_Ac5_S14_pNP	6	6	12	5	14	C88H129N7O110S14	3678.372592	11
HS_HexA6_HexN6_Ac5_S14_pNP	6	6	12	5	14	C88H129N7O110S14	3695.399141	12
HS_HexA6_HexN6_Ac5_S14_pNP	6	6	12	5	14	C88H129N7O110S14	3712.425690	13
HS_HexA6_HexN6_Ac5_S14_pNP	6	6	12	5	14	C88H129N7O110S14	3729.452239	14
HS_HexA6_HexN6_Ac5_S14_pNP	6	6	12	5	14	C88H129N7O110S14	3746.478788	15
HS_HexA6_HexN6_Ac5_S14_pNP	6	6	12	5	14	C88H129N7O110S14	3763.505337	16
HS_HexA6_HexN6_Ac5_S14_pNP	6	6	12	5	14	C88H129N7O110S14	3780.531887	17
HS_HexA6_HexN6_Ac5_S14_pNP	6	6	12	5	14	C88H129N7O110S14	3797.558436	18
HS_HexA6_HexN6_Ac5_S14_pNP	6	6	12	5	14	C88H129N7O110S14	3814.584985	19
HS_HexA6_HexN6_Ac5_S14_pNP	6	6	12	5	14	C88H129N7O110S14	3831.611534	20
HS_HexA6_HexN6_Ac5_S15_pNP	6	6	12	5	15	C88H129N7O113S15	3571.037367	0
HS_HexA6_HexN6_Ac5_S15_pNP	6	6	12	5	15	C88H129N7O113S15	3588.063916	1
HS_HexA6_HexN6_Ac5_S15_pNP	6	6	12	5	15	C88H129N7O113S15	3605.090465	2
HS_HexA6_HexN6_Ac5_S15_pNP	6	6	12	5	15	C88H129N7O113S15	3622.117014	3
HS_HexA6_HexN6_Ac5_S15_pNP	6	6	12	5	15	C88H129N7O113S15	3639.143563	4
HS_HexA6_HexN6_Ac5_S15_pNP	6	6	12	5	15	C88H129N7O113S15	3656.170112	5
HS_HexA6_HexN6_Ac5_S15_pNP	6	6	12	5	15	C88H129N7O113S15	3673.196661	6
HS_HexA6_HexN6_Ac5_S15_pNP	6	6	12	5	15	C88H129N7O113S15	3690.223211	7
HS_HexA6_HexN6_Ac5_S15_pNP	6	6	12	5	15	C88H129N7O113S15	3707.249760	8
HS_HexA6_HexN6_Ac5_S15_pNP	6	6	12	5	15	C88H129N7O113S15	3724.276309	9
HS_HexA6_HexN6_Ac5_S15_pNP	6	6	12	5	15	C88H129N7O113S15	3741.302858	10
HS_HexA6_HexN6_Ac5_S15_pNP	6	6	12	5	15	C88H129N7O113S15	3758.329407	11
HS_HexA6_HexN6_Ac5_S15_pNP	6	6	12	5	15	C88H129N7O113S15	3775.355956	12
HS_HexA6_HexN6_Ac5_S15_pNP	6	6	12	5	15	C88H129N7O113S15	3792.382505	13
HS_HexA6_HexN6_Ac5_S15_pNP	6	6	12	5	15	C88H129N7O113S15	3809.409054	14
HS_HexA6_HexN6_Ac5_S15_pNP	6	6	12	5	15	C88H129N7O113S15	3826.435603	15
HS_HexA6_HexN6_Ac5_S15_pNP	6	6	12	5	15	C88H129N7O113S15	3843.462152	16
HS_HexA6_HexN6_Ac5_S15_pNP	6	6	12	5	15	C88H129N7O113S15	3860.488702	17
HS_HexA6_HexN6_Ac5_S15_pNP	6	6	12	5	15	C88H129N7O113S15	3877.515251	18
HS_HexA6_HexN6_Ac5_S15_pNP	6	6	12	5	15	C88H129N7O113S15	3894.541800	19
HS_HexA6_HexN6_Ac5_S15_pNP	6	6	12	5	15	C88H129N7O113S15	3911.568349	20
HS_HexA6_HexN6_Ac5_S15_pNP	6	6	12	5	15	C88H129N7O113S15	3928.594898	21
HS_HexA6_HexN6_Ac5_S16_pNP	6	6	12	5	16	C88H129N7O116S16	3650.994182	0
HS_HexA6_HexN6_Ac5_S16_pNP	6	6	12	5	16	C88H129N7O116S16	3668.020731	1
HS_HexA6_HexN6_Ac5_S16_pNP	6	6	12	5	16	C88H129N7O116S16	3685.047280	2
HS_HexA6_HexN6_Ac5_S16_pNP	6	6	12	5	16	C88H129N7O116S16	3702.073829	3
HS_HexA6_HexN6_Ac5_S16_pNP	6	6	12	5	16	C88H129N7O116S16	3719.100378	4
HS_HexA6_HexN6_Ac5_S16_pNP	6	6	12	5	16	C88H129N7O116S16	3736.126927	5
HS_HexA6_HexN6_Ac5_S16_pNP	6	6	12	5	16	C88H129N7O116S16	3753.153476	6
HS_HexA6_HexN6_Ac5_S16_pNP	6	6	12	5	16	C88H129N7O116S16	3770.180026	7
HS_HexA6_HexN6_Ac5_S16_pNP	6	6	12	5	16	C88H129N7O116S16	3787.206575	8
HS_HexA6_HexN6_Ac5_S16_pNP	6	6	12	5	16	C88H129N7O116S16	3804.233124	9
HS_HexA6_HexN6_Ac5_S16_pNP	6	6	12	5	16	C88H129N7O116S16	3821.259673	10
HS_HexA6_HexN6_Ac5_S16_pNP	6	6	12	5	16	C88H129N7O116S16	3838.286222	11
HS_HexA6_HexN6_Ac5_S16_pNP	6	6	12	5	16	C88H129N7O116S16	3855.312771	12
HS_HexA6_HexN6_Ac5_S16_pNP	6	6	12	5	16	C88H129N7O116S16	3872.339320	13
HS_HexA6_HexN6_Ac5_S16_pNP	6	6	12	5	16	C88H129N7O116S16	3889.365869	14
HS_HexA6_HexN6_Ac5_S16_pNP	6	6	12	5	16	C88H129N7O116S16	3906.392418	15
HS_HexA6_HexN6_Ac5_S16_pNP	6	6	12	5	16	C88H129N7O116S16	3923.418967	16
HS_HexA6_HexN6_Ac5_S16_pNP	6	6	12	5	16	C88H129N7O116S16	3940.445517	17
HS_HexA6_HexN6_Ac5_S16_pNP	6	6	12	5	16	C88H129N7O116S16	3957.472066	18
HS_HexA6_HexN6_Ac5_S16_pNP	6	6	12	5	16	C88H129N7O116S16	3974.498615	19
HS_HexA6_HexN6_Ac5_S16_pNP	6	6	12	5	16	C88H129N7O116S16	3991.525164	20
HS_HexA6_HexN6_Ac5_S16_pNP	6	6	12	5	16	C88H129N7O116S16	4008.551713	21
HS_HexA6_HexN6_Ac5_S16_pNP	6	6	12	5	16	C88H129N7O116S16	4025.578262	22
HS_HexA6_HexN6_Ac5_S17_pNP	6	6	12	5	17	C88H129N7O119S17	3730.950997	0
HS_HexA6_HexN6_Ac5_S17_pNP	6	6	12	5	17	C88H129N7O119S17	3747.977546	1
HS_HexA6_HexN6_Ac5_S17_pNP	6	6	12	5	17	C88H129N7O119S17	3765.004095	2
HS_HexA6_HexN6_Ac5_S17_pNP	6	6	12	5	17	C88H129N7O119S17	3782.030644	3
HS_HexA6_HexN6_Ac5_S17_pNP	6	6	12	5	17	C88H129N7O119S17	3799.057193	4
HS_HexA6_HexN6_Ac5_S17_pNP	6	6	12	5	17	C88H129N7O119S17	3816.083742	5
HS_HexA6_HexN6_Ac5_S17_pNP	6	6	12	5	17	C88H129N7O119S17	3833.110291	6
HS_HexA6_HexN6_Ac5_S17_pNP	6	6	12	5	17	C88H129N7O119S17	3850.136841	7
HS_HexA6_HexN6_Ac5_S17_pNP	6	6	12	5	17	C88H129N7O119S17	3867.163390	8
HS_HexA6_HexN6_Ac5_S17_pNP	6	6	12	5	17	C88H129N7O119S17	3884.189939	9
HS_HexA6_HexN6_Ac5_S17_pNP	6	6	12	5	17	C88H129N7O119S17	3901.216488	10
HS_HexA6_HexN6_Ac5_S17_pNP	6	6	12	5	17	C88H129N7O119S17	3918.243037	11
HS_HexA6_HexN6_Ac5_S17_pNP	6	6	12	5	17	C88H129N7O119S17	3935.269586	12
HS_HexA6_HexN6_Ac5_S17_pNP	6	6	12	5	17	C88H129N7O119S17	3952.296135	13
HS_HexA6_HexN6_Ac5_S17_pNP	6	6	12	5	17	C88H129N7O119S17	3969.322684	14
HS_HexA6_HexN6_Ac5_S17_pNP	6	6	12	5	17	C88H129N7O119S17	3986.349233	15
HS_HexA6_HexN6_Ac5_S17_pNP	6	6	12	5	17	C88H129N7O119S17	4003.375783	16
HS_HexA6_HexN6_Ac5_S17_pNP	6	6	12	5	17	C88H129N7O119S17	4020.402332	17
HS_HexA6_HexN6_Ac5_S17_pNP	6	6	12	5	17	C88H129N7O119S17	4037.428881	18
HS_HexA6_HexN6_Ac5_S17_pNP	6	6	12	5	17	C88H129N7O119S17	4054.455430	19
HS_HexA6_HexN6_Ac5_S17_pNP	6	6	12	5	17	C88H129N7O119S17	4071.481979	20
HS_HexA6_HexN6_Ac5_S17_pNP	6	6	12	5	17	C88H129N7O119S17	4088.508528	21
HS_HexA6_HexN6_Ac5_S17_pNP	6	6	12	5	17	C88H129N7O119S17	4105.535077	22
HS_HexA6_HexN6_Ac5_S17_pNP	6	6	12	5	17	C88H129N7O119S17	4122.561626	23
HS_HexA6_HexN6_Ac5_S18_pNP	6	6	12	5	18	C88H129N7O122S18	3810.907812	0
HS_HexA6_HexN6_Ac5_S18_pNP	6	6	12	5	18	C88H129N7O122S18	3827.934361	1
HS_HexA6_HexN6_Ac5_S18_pNP	6	6	12	5	18	C88H129N7O122S18	3844.960910	2
HS_HexA6_HexN6_Ac5_S18_pNP	6	6	12	5	18	C88H129N7O122S18	3861.987459	3
HS_HexA6_HexN6_Ac5_S18_pNP	6	6	12	5	18	C88H129N7O122S18	3879.014008	4
HS_HexA6_HexN6_Ac5_S18_pNP	6	6	12	5	18	C88H129N7O122S18	3896.040557	5
HS_HexA6_HexN6_Ac5_S18_pNP	6	6	12	5	18	C88H129N7O122S18	3913.067107	6
HS_HexA6_HexN6_Ac5_S18_pNP	6	6	12	5	18	C88H129N7O122S18	3930.093656	7
HS_HexA6_HexN6_Ac5_S18_pNP	6	6	12	5	18	C88H129N7O122S18	3947.120205	8
HS_HexA6_HexN6_Ac5_S18_pNP	6	6	12	5	18	C88H129N7O122S18	3964.146754	9
HS_HexA6_HexN6_Ac5_S18_pNP	6	6	12	5	18	C88H129N7O122S18	3981.173303	10
HS_HexA6_HexN6_Ac5_S18_pNP	6	6	12	5	18	C88H129N7O122S18	3998.199852	11
HS_HexA6_HexN6_Ac5_S18_pNP	6	6	12	5	18	C88H129N7O122S18	4015.226401	12
HS_HexA6_HexN6_Ac5_S18_pNP	6	6	12	5	18	C88H129N7O122S18	4032.252950	13
HS_HexA6_HexN6_Ac5_S18_pNP	6	6	12	5	18	C88H129N7O122S18	4049.279499	14
HS_HexA6_HexN6_Ac5_S18_pNP	6	6	12	5	18	C88H129N7O122S18	4066.306048	15
HS_HexA6_HexN6_Ac5_S18_pNP	6	6	12	5	18	C88H129N7O122S18	4083.332598	16
HS_HexA6_HexN6_Ac5_S18_pNP	6	6	12	5	18	C88H129N7O122S18	4100.359147	17
HS_HexA6_HexN6_Ac5_S18_pNP	6	6	12	5	18	C88H129N7O122S18	4117.385696	18
HS_HexA6_HexN6_Ac5_S18_pNP	6	6	12	5	18	C88H129N7O122S18	4134.412245	19
HS_HexA6_HexN6_Ac5_S18_pNP	6	6	12	5	18	C88H129N7O122S18	4151.438794	20
HS_HexA6_HexN6_Ac5_S18_pNP	6	6	12	5	18	C88H129N7O122S18	4168.465343	21
HS_HexA6_HexN6_Ac5_S18_pNP	6	6	12	5	18	C88H129N7O122S18	4185.491892	22
HS_HexA6_HexN6_Ac5_S18_pNP	6	6	12	5	18	C88H129N7O122S18	4202.518441	23
HS_HexA6_HexN6_Ac5_S18_pNP	6	6	12	5	18	C88H129N7O122S18	4219.544990	24
HS_HexA6_HexN6_Ac6_S0_pNP	6	6	12	6	0	C90H131N7O69	2413.695706	0
HS_HexA6_HexN6_Ac6_S0_pNP	6	6	12	6	0	C90H131N7O69	2430.722255	1
HS_HexA6_HexN6_Ac6_S0_pNP	6	6	12	6	0	C90H131N7O69	2447.748804	2
HS_HexA6_HexN6_Ac6_S0_pNP	6	6	12	6	0	C90H131N7O69	2464.775353	3
HS_HexA6_HexN6_Ac6_S0_pNP	6	6	12	6	0	C90H131N7O69	2481.801902	4
HS_HexA6_HexN6_Ac6_S0_pNP	6	6	12	6	0	C90H131N7O69	2498.828452	5
HS_HexA6_HexN6_Ac6_S0_pNP	6	6	12	6	0	C90H131N7O69	2515.855001	6
HS_HexA6_HexN6_Ac6_S1_pNP	6	6	12	6	1	C90H131N7O72S	2493.652521	0
HS_HexA6_HexN6_Ac6_S1_pNP	6	6	12	6	1	C90H131N7O72S	2510.679070	1
HS_HexA6_HexN6_Ac6_S1_pNP	6	6	12	6	1	C90H131N7O72S	2527.705619	2
HS_HexA6_HexN6_Ac6_S1_pNP	6	6	12	6	1	C90H131N7O72S	2544.732168	3
HS_HexA6_HexN6_Ac6_S1_pNP	6	6	12	6	1	C90H131N7O72S	2561.758717	4
HS_HexA6_HexN6_Ac6_S1_pNP	6	6	12	6	1	C90H131N7O72S	2578.785267	5
HS_HexA6_HexN6_Ac6_S1_pNP	6	6	12	6	1	C90H131N7O72S	2595.811816	6
HS_HexA6_HexN6_Ac6_S1_pNP	6	6	12	6	1	C90H131N7O72S	2612.838365	7
HS_HexA6_HexN6_Ac6_S2_pNP	6	6	12	6	2	C90H131N7O75S2	2573.609336	0
HS_HexA6_HexN6_Ac6_S2_pNP	6	6	12	6	2	C90H131N7O75S2	2590.635885	1
HS_HexA6_HexN6_Ac6_S2_pNP	6	6	12	6	2	C90H131N7O75S2	2607.662434	2
HS_HexA6_HexN6_Ac6_S2_pNP	6	6	12	6	2	C90H131N7O75S2	2624.688983	3
HS_HexA6_HexN6_Ac6_S2_pNP	6	6	12	6	2	C90H131N7O75S2	2641.715532	4
HS_HexA6_HexN6_Ac6_S2_pNP	6	6	12	6	2	C90H131N7O75S2	2658.742082	5
HS_HexA6_HexN6_Ac6_S2_pNP	6	6	12	6	2	C90H131N7O75S2	2675.768631	6
HS_HexA6_HexN6_Ac6_S2_pNP	6	6	12	6	2	C90H131N7O75S2	2692.795180	7
HS_HexA6_HexN6_Ac6_S2_pNP	6	6	12	6	2	C90H131N7O75S2	2709.821729	8
HS_HexA6_HexN6_Ac6_S3_pNP	6	6	12	6	3	C90H131N7O78S3	2653.566151	0
HS_HexA6_HexN6_Ac6_S3_pNP	6	6	12	6	3	C90H131N7O78S3	2670.592700	1
HS_HexA6_HexN6_Ac6_S3_pNP	6	6	12	6	3	C90H131N7O78S3	2687.619249	2
HS_HexA6_HexN6_Ac6_S3_pNP	6	6	12	6	3	C90H131N7O78S3	2704.645798	3
HS_HexA6_HexN6_Ac6_S3_pNP	6	6	12	6	3	C90H131N7O78S3	2721.672348	4
HS_HexA6_HexN6_Ac6_S3_pNP	6	6	12	6	3	C90H131N7O78S3	2738.698897	5
HS_HexA6_HexN6_Ac6_S3_pNP	6	6	12	6	3	C90H131N7O78S3	2755.725446	6
HS_HexA6_HexN6_Ac6_S3_pNP	6	6	12	6	3	C90H131N7O78S3	2772.751995	7
HS_HexA6_HexN6_Ac6_S3_pNP	6	6	12	6	3	C90H131N7O78S3	2789.778544	8
HS_HexA6_HexN6_Ac6_S3_pNP	6	6	12	6	3	C90H131N7O78S3	2806.805093	9
HS_HexA6_HexN6_Ac6_S4_pNP	6	6	12	6	4	C90H131N7O81S4	2733.522966	0
HS_HexA6_HexN6_Ac6_S4_pNP	6	6	12	6	4	C90H131N7O81S4	2750.549515	1
HS_HexA6_HexN6_Ac6_S4_pNP	6	6	12	6	4	C90H131N7O81S4	2767.576064	2
HS_HexA6_HexN6_Ac6_S4_pNP	6	6	12	6	4	C90H131N7O81S4	2784.602613	3
HS_HexA6_HexN6_Ac6_S4_pNP	6	6	12	6	4	C90H131N7O81S4	2801.629163	4
HS_HexA6_HexN6_Ac6_S4_pNP	6	6	12	6	4	C90H131N7O81S4	2818.655712	5
HS_HexA6_HexN6_Ac6_S4_pNP	6	6	12	6	4	C90H131N7O81S4	2835.682261	6
HS_HexA6_HexN6_Ac6_S4_pNP	6	6	12	6	4	C90H131N7O81S4	2852.708810	7
HS_HexA6_HexN6_Ac6_S4_pNP	6	6	12	6	4	C90H131N7O81S4	2869.735359	8
HS_HexA6_HexN6_Ac6_S4_pNP	6	6	12	6	4	C90H131N7O81S4	2886.761908	9
HS_HexA6_HexN6_Ac6_S4_pNP	6	6	12	6	4	C90H131N7O81S4	2903.788457	10
HS_HexA6_HexN6_Ac6_S5_pNP	6	6	12	6	5	C90H131N7O84S5	2813.479781	0
HS_HexA6_HexN6_Ac6_S5_pNP	6	6	12	6	5	C90H131N7O84S5	2830.506330	1
HS_HexA6_HexN6_Ac6_S5_pNP	6	6	12	6	5	C90H131N7O84S5	2847.532879	2
HS_HexA6_HexN6_Ac6_S5_pNP	6	6	12	6	5	C90H131N7O84S5	2864.559428	3
HS_HexA6_HexN6_Ac6_S5_pNP	6	6	12	6	5	C90H131N7O84S5	2881.585978	4
HS_HexA6_HexN6_Ac6_S5_pNP	6	6	12	6	5	C90H131N7O84S5	2898.612527	5
HS_HexA6_HexN6_Ac6_S5_pNP	6	6	12	6	5	C90H131N7O84S5	2915.639076	6
HS_HexA6_HexN6_Ac6_S5_pNP	6	6	12	6	5	C90H131N7O84S5	2932.665625	7
HS_HexA6_HexN6_Ac6_S5_pNP	6	6	12	6	5	C90H131N7O84S5	2949.692174	8
HS_HexA6_HexN6_Ac6_S5_pNP	6	6	12	6	5	C90H131N7O84S5	2966.718723	9
HS_HexA6_HexN6_Ac6_S5_pNP	6	6	12	6	5	C90H131N7O84S5	2983.745272	10
HS_HexA6_HexN6_Ac6_S5_pNP	6	6	12	6	5	C90H131N7O84S5	3000.771821	11
HS_HexA6_HexN6_Ac6_S6_pNP	6	6	12	6	6	C90H131N7O87S6	2893.436596	0
HS_HexA6_HexN6_Ac6_S6_pNP	6	6	12	6	6	C90H131N7O87S6	2910.463145	1
HS_HexA6_HexN6_Ac6_S6_pNP	6	6	12	6	6	C90H131N7O87S6	2927.489694	2
HS_HexA6_HexN6_Ac6_S6_pNP	6	6	12	6	6	C90H131N7O87S6	2944.516244	3
HS_HexA6_HexN6_Ac6_S6_pNP	6	6	12	6	6	C90H131N7O87S6	2961.542793	4
HS_HexA6_HexN6_Ac6_S6_pNP	6	6	12	6	6	C90H131N7O87S6	2978.569342	5
HS_HexA6_HexN6_Ac6_S6_pNP	6	6	12	6	6	C90H131N7O87S6	2995.595891	6
HS_HexA6_HexN6_Ac6_S6_pNP	6	6	12	6	6	C90H131N7O87S6	3012.622440	7
HS_HexA6_HexN6_Ac6_S6_pNP	6	6	12	6	6	C90H131N7O87S6	3029.648989	8
HS_HexA6_HexN6_Ac6_S6_pNP	6	6	12	6	6	C90H131N7O87S6	3046.675538	9
HS_HexA6_HexN6_Ac6_S6_pNP	6	6	12	6	6	C90H131N7O87S6	3063.702087	10
HS_HexA6_HexN6_Ac6_S6_pNP	6	6	12	6	6	C90H131N7O87S6	3080.728636	11
HS_HexA6_HexN6_Ac6_S6_pNP	6	6	12	6	6	C90H131N7O87S6	3097.755185	12
HS_HexA6_HexN6_Ac6_S7_pNP	6	6	12	6	7	C90H131N7O90S7	2973.393411	0
HS_HexA6_HexN6_Ac6_S7_pNP	6	6	12	6	7	C90H131N7O90S7	2990.419960	1
HS_HexA6_HexN6_Ac6_S7_pNP	6	6	12	6	7	C90H131N7O90S7	3007.446509	2
HS_HexA6_HexN6_Ac6_S7_pNP	6	6	12	6	7	C90H131N7O90S7	3024.473059	3
HS_HexA6_HexN6_Ac6_S7_pNP	6	6	12	6	7	C90H131N7O90S7	3041.499608	4
HS_HexA6_HexN6_Ac6_S7_pNP	6	6	12	6	7	C90H131N7O90S7	3058.526157	5
HS_HexA6_HexN6_Ac6_S7_pNP	6	6	12	6	7	C90H131N7O90S7	3075.552706	6
HS_HexA6_HexN6_Ac6_S7_pNP	6	6	12	6	7	C90H131N7O90S7	3092.579255	7
HS_HexA6_HexN6_Ac6_S7_pNP	6	6	12	6	7	C90H131N7O90S7	3109.605804	8
HS_HexA6_HexN6_Ac6_S7_pNP	6	6	12	6	7	C90H131N7O90S7	3126.632353	9
HS_HexA6_HexN6_Ac6_S7_pNP	6	6	12	6	7	C90H131N7O90S7	3143.658902	10
HS_HexA6_HexN6_Ac6_S7_pNP	6	6	12	6	7	C90H131N7O90S7	3160.685451	11
HS_HexA6_HexN6_Ac6_S7_pNP	6	6	12	6	7	C90H131N7O90S7	3177.712000	12
HS_HexA6_HexN6_Ac6_S7_pNP	6	6	12	6	7	C90H131N7O90S7	3194.738550	13
HS_HexA6_HexN6_Ac6_S8_pNP	6	6	12	6	8	C90H131N7O93S8	3053.350226	0
HS_HexA6_HexN6_Ac6_S8_pNP	6	6	12	6	8	C90H131N7O93S8	3070.376775	1
HS_HexA6_HexN6_Ac6_S8_pNP	6	6	12	6	8	C90H131N7O93S8	3087.403324	2
HS_HexA6_HexN6_Ac6_S8_pNP	6	6	12	6	8	C90H131N7O93S8	3104.429874	3
HS_HexA6_HexN6_Ac6_S8_pNP	6	6	12	6	8	C90H131N7O93S8	3121.456423	4
HS_HexA6_HexN6_Ac6_S8_pNP	6	6	12	6	8	C90H131N7O93S8	3138.482972	5
HS_HexA6_HexN6_Ac6_S8_pNP	6	6	12	6	8	C90H131N7O93S8	3155.509521	6
HS_HexA6_HexN6_Ac6_S8_pNP	6	6	12	6	8	C90H131N7O93S8	3172.536070	7
HS_HexA6_HexN6_Ac6_S8_pNP	6	6	12	6	8	C90H131N7O93S8	3189.562619	8
HS_HexA6_HexN6_Ac6_S8_pNP	6	6	12	6	8	C90H131N7O93S8	3206.589168	9
HS_HexA6_HexN6_Ac6_S8_pNP	6	6	12	6	8	C90H131N7O93S8	3223.615717	10
HS_HexA6_HexN6_Ac6_S8_pNP	6	6	12	6	8	C90H131N7O93S8	3240.642266	11
HS_HexA6_HexN6_Ac6_S8_pNP	6	6	12	6	8	C90H131N7O93S8	3257.668815	12
HS_HexA6_HexN6_Ac6_S8_pNP	6	6	12	6	8	C90H131N7O93S8	3274.695365	13
HS_HexA6_HexN6_Ac6_S8_pNP	6	6	12	6	8	C90H131N7O93S8	3291.721914	14
HS_HexA6_HexN6_Ac6_S9_pNP	6	6	12	6	9	C90H131N7O96S9	3133.307041	0
HS_HexA6_HexN6_Ac6_S9_pNP	6	6	12	6	9	C90H131N7O96S9	3150.333590	1
HS_HexA6_HexN6_Ac6_S9_pNP	6	6	12	6	9	C90H131N7O96S9	3167.360140	2
HS_HexA6_HexN6_Ac6_S9_pNP	6	6	12	6	9	C90H131N7O96S9	3184.386689	3
HS_HexA6_HexN6_Ac6_S9_pNP	6	6	12	6	9	C90H131N7O96S9	3201.413238	4
HS_HexA6_HexN6_Ac6_S9_pNP	6	6	12	6	9	C90H131N7O96S9	3218.439787	5
HS_HexA6_HexN6_Ac6_S9_pNP	6	6	12	6	9	C90H131N7O96S9	3235.466336	6
HS_HexA6_HexN6_Ac6_S9_pNP	6	6	12	6	9	C90H131N7O96S9	3252.492885	7
HS_HexA6_HexN6_Ac6_S9_pNP	6	6	12	6	9	C90H131N7O96S9	3269.519434	8
HS_HexA6_HexN6_Ac6_S9_pNP	6	6	12	6	9	C90H131N7O96S9	3286.545983	9
HS_HexA6_HexN6_Ac6_S9_pNP	6	6	12	6	9	C90H131N7O96S9	3303.572532	10
HS_HexA6_HexN6_Ac6_S9_pNP	6	6	12	6	9	C90H131N7O96S9	3320.599081	11
HS_HexA6_HexN6_Ac6_S9_pNP	6	6	12	6	9	C90H131N7O96S9	3337.625631	12
HS_HexA6_HexN6_Ac6_S9_pNP	6	6	12	6	9	C90H131N7O96S9	3354.652180	13
HS_HexA6_HexN6_Ac6_S9_pNP	6	6	12	6	9	C90H131N7O96S9	3371.678729	14
HS_HexA6_HexN6_Ac6_S9_pNP	6	6	12	6	9	C90H131N7O96S9	3388.705278	15
HS_HexA6_HexN6_Ac6_S10_pNP	6	6	12	6	10	C90H131N7O99S10	3213.263856	0
HS_HexA6_HexN6_Ac6_S10_pNP	6	6	12	6	10	C90H131N7O99S10	3230.290405	1
HS_HexA6_HexN6_Ac6_S10_pNP	6	6	12	6	10	C90H131N7O99S10	3247.316955	2
HS_HexA6_HexN6_Ac6_S10_pNP	6	6	12	6	10	C90H131N7O99S10	3264.343504	3
HS_HexA6_HexN6_Ac6_S10_pNP	6	6	12	6	10	C90H131N7O99S10	3281.370053	4
HS_HexA6_HexN6_Ac6_S10_pNP	6	6	12	6	10	C90H131N7O99S10	3298.396602	5
HS_HexA6_HexN6_Ac6_S10_pNP	6	6	12	6	10	C90H131N7O99S10	3315.423151	6
HS_HexA6_HexN6_Ac6_S10_pNP	6	6	12	6	10	C90H131N7O99S10	3332.449700	7
HS_HexA6_HexN6_Ac6_S10_pNP	6	6	12	6	10	C90H131N7O99S10	3349.476249	8
HS_HexA6_HexN6_Ac6_S10_pNP	6	6	12	6	10	C90H131N7O99S10	3366.502798	9
HS_HexA6_HexN6_Ac6_S10_pNP	6	6	12	6	10	C90H131N7O99S10	3383.529347	10
HS_HexA6_HexN6_Ac6_S10_pNP	6	6	12	6	10	C90H131N7O99S10	3400.555896	11
HS_HexA6_HexN6_Ac6_S10_pNP	6	6	12	6	10	C90H131N7O99S10	3417.582446	12
HS_HexA6_HexN6_Ac6_S10_pNP	6	6	12	6	10	C90H131N7O99S10	3434.608995	13
HS_HexA6_HexN6_Ac6_S10_pNP	6	6	12	6	10	C90H131N7O99S10	3451.635544	14
HS_HexA6_HexN6_Ac6_S10_pNP	6	6	12	6	10	C90H131N7O99S10	3468.662093	15
HS_HexA6_HexN6_Ac6_S10_pNP	6	6	12	6	10	C90H131N7O99S10	3485.688642	16
HS_HexA6_HexN6_Ac6_S11_pNP	6	6	12	6	11	C90H131N7O102S11	3293.220671	0
HS_HexA6_HexN6_Ac6_S11_pNP	6	6	12	6	11	C90H131N7O102S11	3310.247220	1
HS_HexA6_HexN6_Ac6_S11_pNP	6	6	12	6	11	C90H131N7O102S11	3327.273770	2
HS_HexA6_HexN6_Ac6_S11_pNP	6	6	12	6	11	C90H131N7O102S11	3344.300319	3
HS_HexA6_HexN6_Ac6_S11_pNP	6	6	12	6	11	C90H131N7O102S11	3361.326868	4
HS_HexA6_HexN6_Ac6_S11_pNP	6	6	12	6	11	C90H131N7O102S11	3378.353417	5
HS_HexA6_HexN6_Ac6_S11_pNP	6	6	12	6	11	C90H131N7O102S11	3395.379966	6
HS_HexA6_HexN6_Ac6_S11_pNP	6	6	12	6	11	C90H131N7O102S11	3412.406515	7
HS_HexA6_HexN6_Ac6_S11_pNP	6	6	12	6	11	C90H131N7O102S11	3429.433064	8
HS_HexA6_HexN6_Ac6_S11_pNP	6	6	12	6	11	C90H131N7O102S11	3446.459613	9
HS_HexA6_HexN6_Ac6_S11_pNP	6	6	12	6	11	C90H131N7O102S11	3463.486162	10
HS_HexA6_HexN6_Ac6_S11_pNP	6	6	12	6	11	C90H131N7O102S11	3480.512711	11
HS_HexA6_HexN6_Ac6_S11_pNP	6	6	12	6	11	C90H131N7O102S11	3497.539261	12
HS_HexA6_HexN6_Ac6_S11_pNP	6	6	12	6	11	C90H131N7O102S11	3514.565810	13
HS_HexA6_HexN6_Ac6_S11_pNP	6	6	12	6	11	C90H131N7O102S11	3531.592359	14
HS_HexA6_HexN6_Ac6_S11_pNP	6	6	12	6	11	C90H131N7O102S11	3548.618908	15
HS_HexA6_HexN6_Ac6_S11_pNP	6	6	12	6	11	C90H131N7O102S11	3565.645457	16
HS_HexA6_HexN6_Ac6_S11_pNP	6	6	12	6	11	C90H131N7O102S11	3582.672006	17
HS_HexA6_HexN6_Ac6_S12_pNP	6	6	12	6	12	C90H131N7O105S12	3373.177486	0
HS_HexA6_HexN6_Ac6_S12_pNP	6	6	12	6	12	C90H131N7O105S12	3390.204036	1
HS_HexA6_HexN6_Ac6_S12_pNP	6	6	12	6	12	C90H131N7O105S12	3407.230585	2
HS_HexA6_HexN6_Ac6_S12_pNP	6	6	12	6	12	C90H131N7O105S12	3424.257134	3
HS_HexA6_HexN6_Ac6_S12_pNP	6	6	12	6	12	C90H131N7O105S12	3441.283683	4
HS_HexA6_HexN6_Ac6_S12_pNP	6	6	12	6	12	C90H131N7O105S12	3458.310232	5
HS_HexA6_HexN6_Ac6_S12_pNP	6	6	12	6	12	C90H131N7O105S12	3475.336781	6
HS_HexA6_HexN6_Ac6_S12_pNP	6	6	12	6	12	C90H131N7O105S12	3492.363330	7
HS_HexA6_HexN6_Ac6_S12_pNP	6	6	12	6	12	C90H131N7O105S12	3509.389879	8
HS_HexA6_HexN6_Ac6_S12_pNP	6	6	12	6	12	C90H131N7O105S12	3526.416428	9
HS_HexA6_HexN6_Ac6_S12_pNP	6	6	12	6	12	C90H131N7O105S12	3543.442977	10
HS_HexA6_HexN6_Ac6_S12_pNP	6	6	12	6	12	C90H131N7O105S12	3560.469527	11
HS_HexA6_HexN6_Ac6_S12_pNP	6	6	12	6	12	C90H131N7O105S12	3577.496076	12
HS_HexA6_HexN6_Ac6_S12_pNP	6	6	12	6	12	C90H131N7O105S12	3594.522625	13
HS_HexA6_HexN6_Ac6_S12_pNP	6	6	12	6	12	C90H131N7O105S12	3611.549174	14
HS_HexA6_HexN6_Ac6_S12_pNP	6	6	12	6	12	C90H131N7O105S12	3628.575723	15
HS_HexA6_HexN6_Ac6_S12_pNP	6	6	12	6	12	C90H131N7O105S12	3645.602272	16
HS_HexA6_HexN6_Ac6_S12_pNP	6	6	12	6	12	C90H131N7O105S12	3662.628821	17
HS_HexA6_HexN6_Ac6_S12_pNP	6	6	12	6	12	C90H131N7O105S12	3679.655370	18
HS_HexA6_HexN6_Ac6_S13_pNP	6	6	12	6	13	C90H131N7O108S13	3453.134301	0
HS_HexA6_HexN6_Ac6_S13_pNP	6	6	12	6	13	C90H131N7O108S13	3470.160851	1
HS_HexA6_HexN6_Ac6_S13_pNP	6	6	12	6	13	C90H131N7O108S13	3487.187400	2
HS_HexA6_HexN6_Ac6_S13_pNP	6	6	12	6	13	C90H131N7O108S13	3504.213949	3
HS_HexA6_HexN6_Ac6_S13_pNP	6	6	12	6	13	C90H131N7O108S13	3521.240498	4
HS_HexA6_HexN6_Ac6_S13_pNP	6	6	12	6	13	C90H131N7O108S13	3538.267047	5
HS_HexA6_HexN6_Ac6_S13_pNP	6	6	12	6	13	C90H131N7O108S13	3555.293596	6
HS_HexA6_HexN6_Ac6_S13_pNP	6	6	12	6	13	C90H131N7O108S13	3572.320145	7
HS_HexA6_HexN6_Ac6_S13_pNP	6	6	12	6	13	C90H131N7O108S13	3589.346694	8
HS_HexA6_HexN6_Ac6_S13_pNP	6	6	12	6	13	C90H131N7O108S13	3606.373243	9
HS_HexA6_HexN6_Ac6_S13_pNP	6	6	12	6	13	C90H131N7O108S13	3623.399792	10
HS_HexA6_HexN6_Ac6_S13_pNP	6	6	12	6	13	C90H131N7O108S13	3640.426342	11
HS_HexA6_HexN6_Ac6_S13_pNP	6	6	12	6	13	C90H131N7O108S13	3657.452891	12
HS_HexA6_HexN6_Ac6_S13_pNP	6	6	12	6	13	C90H131N7O108S13	3674.479440	13
HS_HexA6_HexN6_Ac6_S13_pNP	6	6	12	6	13	C90H131N7O108S13	3691.505989	14
HS_HexA6_HexN6_Ac6_S13_pNP	6	6	12	6	13	C90H131N7O108S13	3708.532538	15
HS_HexA6_HexN6_Ac6_S13_pNP	6	6	12	6	13	C90H131N7O108S13	3725.559087	16
HS_HexA6_HexN6_Ac6_S13_pNP	6	6	12	6	13	C90H131N7O108S13	3742.585636	17
HS_HexA6_HexN6_Ac6_S13_pNP	6	6	12	6	13	C90H131N7O108S13	3759.612185	18
HS_HexA6_HexN6_Ac6_S13_pNP	6	6	12	6	13	C90H131N7O108S13	3776.638734	19
HS_HexA6_HexN6_Ac6_S14_pNP	6	6	12	6	14	C90H131N7O111S14	3533.091116	0
HS_HexA6_HexN6_Ac6_S14_pNP	6	6	12	6	14	C90H131N7O111S14	3550.117666	1
HS_HexA6_HexN6_Ac6_S14_pNP	6	6	12	6	14	C90H131N7O111S14	3567.144215	2
HS_HexA6_HexN6_Ac6_S14_pNP	6	6	12	6	14	C90H131N7O111S14	3584.170764	3
HS_HexA6_HexN6_Ac6_S14_pNP	6	6	12	6	14	C90H131N7O111S14	3601.197313	4
HS_HexA6_HexN6_Ac6_S14_pNP	6	6	12	6	14	C90H131N7O111S14	3618.223862	5
HS_HexA6_HexN6_Ac6_S14_pNP	6	6	12	6	14	C90H131N7O111S14	3635.250411	6
HS_HexA6_HexN6_Ac6_S14_pNP	6	6	12	6	14	C90H131N7O111S14	3652.276960	7
HS_HexA6_HexN6_Ac6_S14_pNP	6	6	12	6	14	C90H131N7O111S14	3669.303509	8
HS_HexA6_HexN6_Ac6_S14_pNP	6	6	12	6	14	C90H131N7O111S14	3686.330058	9
HS_HexA6_HexN6_Ac6_S14_pNP	6	6	12	6	14	C90H131N7O111S14	3703.356607	10
HS_HexA6_HexN6_Ac6_S14_pNP	6	6	12	6	14	C90H131N7O111S14	3720.383157	11
HS_HexA6_HexN6_Ac6_S14_pNP	6	6	12	6	14	C90H131N7O111S14	3737.409706	12
HS_HexA6_HexN6_Ac6_S14_pNP	6	6	12	6	14	C90H131N7O111S14	3754.436255	13
HS_HexA6_HexN6_Ac6_S14_pNP	6	6	12	6	14	C90H131N7O111S14	3771.462804	14
HS_HexA6_HexN6_Ac6_S14_pNP	6	6	12	6	14	C90H131N7O111S14	3788.489353	15
HS_HexA6_HexN6_Ac6_S14_pNP	6	6	12	6	14	C90H131N7O111S14	3805.515902	16
HS_HexA6_HexN6_Ac6_S14_pNP	6	6	12	6	14	C90H131N7O111S14	3822.542451	17
HS_HexA6_HexN6_Ac6_S14_pNP	6	6	12	6	14	C90H131N7O111S14	3839.569000	18
HS_HexA6_HexN6_Ac6_S14_pNP	6	6	12	6	14	C90H131N7O111S14	3856.595549	19
HS_HexA6_HexN6_Ac6_S14_pNP	6	6	12	6	14	C90H131N7O111S14	3873.622098	20
HS_HexA6_HexN6_Ac6_S15_pNP	6	6	12	6	15	C90H131N7O114S15	3613.047932	0
HS_HexA6_HexN6_Ac6_S15_pNP	6	6	12	6	15	C90H131N7O114S15	3630.074481	1
HS_HexA6_HexN6_Ac6_S15_pNP	6	6	12	6	15	C90H131N7O114S15	3647.101030	2
HS_HexA6_HexN6_Ac6_S15_pNP	6	6	12	6	15	C90H131N7O114S15	3664.127579	3
HS_HexA6_HexN6_Ac6_S15_pNP	6	6	12	6	15	C90H131N7O114S15	3681.154128	4
HS_HexA6_HexN6_Ac6_S15_pNP	6	6	12	6	15	C90H131N7O114S15	3698.180677	5
HS_HexA6_HexN6_Ac6_S15_pNP	6	6	12	6	15	C90H131N7O114S15	3715.207226	6
HS_HexA6_HexN6_Ac6_S15_pNP	6	6	12	6	15	C90H131N7O114S15	3732.233775	7
HS_HexA6_HexN6_Ac6_S15_pNP	6	6	12	6	15	C90H131N7O114S15	3749.260324	8
HS_HexA6_HexN6_Ac6_S15_pNP	6	6	12	6	15	C90H131N7O114S15	3766.286873	9
HS_HexA6_HexN6_Ac6_S15_pNP	6	6	12	6	15	C90H131N7O114S15	3783.313423	10
HS_HexA6_HexN6_Ac6_S15_pNP	6	6	12	6	15	C90H131N7O114S15	3800.339972	11
HS_HexA6_HexN6_Ac6_S15_pNP	6	6	12	6	15	C90H131N7O114S15	3817.366521	12
HS_HexA6_HexN6_Ac6_S15_pNP	6	6	12	6	15	C90H131N7O114S15	3834.393070	13
HS_HexA6_HexN6_Ac6_S15_pNP	6	6	12	6	15	C90H131N7O114S15	3851.419619	14
HS_HexA6_HexN6_Ac6_S15_pNP	6	6	12	6	15	C90H131N7O114S15	3868.446168	15
HS_HexA6_HexN6_Ac6_S15_pNP	6	6	12	6	15	C90H131N7O114S15	3885.472717	16
HS_HexA6_HexN6_Ac6_S15_pNP	6	6	12	6	15	C90H131N7O114S15	3902.499266	17
HS_HexA6_HexN6_Ac6_S15_pNP	6	6	12	6	15	C90H131N7O114S15	3919.525815	18
HS_HexA6_HexN6_Ac6_S15_pNP	6	6	12	6	15	C90H131N7O114S15	3936.552364	19
HS_HexA6_HexN6_Ac6_S15_pNP	6	6	12	6	15	C90H131N7O114S15	3953.578914	20
HS_HexA6_HexN6_Ac6_S15_pNP	6	6	12	6	15	C90H131N7O114S15	3970.605463	21
HS_HexA6_HexN6_Ac6_S16_pNP	6	6	12	6	16	C90H131N7O117S16	3693.004747	0
HS_HexA6_HexN6_Ac6_S16_pNP	6	6	12	6	16	C90H131N7O117S16	3710.031296	1
HS_HexA6_HexN6_Ac6_S16_pNP	6	6	12	6	16	C90H131N7O117S16	3727.057845	2
HS_HexA6_HexN6_Ac6_S16_pNP	6	6	12	6	16	C90H131N7O117S16	3744.084394	3
HS_HexA6_HexN6_Ac6_S16_pNP	6	6	12	6	16	C90H131N7O117S16	3761.110943	4
HS_HexA6_HexN6_Ac6_S16_pNP	6	6	12	6	16	C90H131N7O117S16	3778.137492	5
HS_HexA6_HexN6_Ac6_S16_pNP	6	6	12	6	16	C90H131N7O117S16	3795.164041	6
HS_HexA6_HexN6_Ac6_S16_pNP	6	6	12	6	16	C90H131N7O117S16	3812.190590	7
HS_HexA6_HexN6_Ac6_S16_pNP	6	6	12	6	16	C90H131N7O117S16	3829.217139	8
HS_HexA6_HexN6_Ac6_S16_pNP	6	6	12	6	16	C90H131N7O117S16	3846.243688	9
HS_HexA6_HexN6_Ac6_S16_pNP	6	6	12	6	16	C90H131N7O117S16	3863.270238	10
HS_HexA6_HexN6_Ac6_S16_pNP	6	6	12	6	16	C90H131N7O117S16	3880.296787	11
HS_HexA6_HexN6_Ac6_S16_pNP	6	6	12	6	16	C90H131N7O117S16	3897.323336	12
HS_HexA6_HexN6_Ac6_S16_pNP	6	6	12	6	16	C90H131N7O117S16	3914.349885	13
HS_HexA6_HexN6_Ac6_S16_pNP	6	6	12	6	16	C90H131N7O117S16	3931.376434	14
HS_HexA6_HexN6_Ac6_S16_pNP	6	6	12	6	16	C90H131N7O117S16	3948.402983	15
HS_HexA6_HexN6_Ac6_S16_pNP	6	6	12	6	16	C90H131N7O117S16	3965.429532	16
HS_HexA6_HexN6_Ac6_S16_pNP	6	6	12	6	16	C90H131N7O117S16	3982.456081	17
HS_HexA6_HexN6_Ac6_S16_pNP	6	6	12	6	16	C90H131N7O117S16	3999.482630	18
HS_HexA6_HexN6_Ac6_S16_pNP	6	6	12	6	16	C90H131N7O117S16	4016.509179	19
HS_HexA6_HexN6_Ac6_S16_pNP	6	6	12	6	16	C90H131N7O117S16	4033.535729	20
HS_HexA6_HexN6_Ac6_S16_pNP	6	6	12	6	16	C90H131N7O117S16	4050.562278	21
HS_HexA6_HexN6_Ac6_S16_pNP	6	6	12	6	16	C90H131N7O117S16	4067.588827	22
HS_HexA6_HexN6_Ac6_S17_pNP	6	6	12	6	17	C90H131N7O120S17	3772.961562	0
HS_HexA6_HexN6_Ac6_S17_pNP	6	6	12	6	17	C90H131N7O120S17	3789.988111	1
HS_HexA6_HexN6_Ac6_S17_pNP	6	6	12	6	17	C90H131N7O120S17	3807.014660	2
HS_HexA6_HexN6_Ac6_S17_pNP	6	6	12	6	17	C90H131N7O120S17	3824.041209	3
HS_HexA6_HexN6_Ac6_S17_pNP	6	6	12	6	17	C90H131N7O120S17	3841.067758	4
HS_HexA6_HexN6_Ac6_S17_pNP	6	6	12	6	17	C90H131N7O120S17	3858.094307	5
HS_HexA6_HexN6_Ac6_S17_pNP	6	6	12	6	17	C90H131N7O120S17	3875.120856	6
HS_HexA6_HexN6_Ac6_S17_pNP	6	6	12	6	17	C90H131N7O120S17	3892.147405	7
HS_HexA6_HexN6_Ac6_S17_pNP	6	6	12	6	17	C90H131N7O120S17	3909.173954	8
HS_HexA6_HexN6_Ac6_S17_pNP	6	6	12	6	17	C90H131N7O120S17	3926.200503	9
HS_HexA6_HexN6_Ac6_S17_pNP	6	6	12	6	17	C90H131N7O120S17	3943.227053	10
HS_HexA6_HexN6_Ac6_S17_pNP	6	6	12	6	17	C90H131N7O120S17	3960.253602	11
HS_HexA6_HexN6_Ac6_S17_pNP	6	6	12	6	17	C90H131N7O120S17	3977.280151	12
HS_HexA6_HexN6_Ac6_S17_pNP	6	6	12	6	17	C90H131N7O120S17	3994.306700	13
HS_HexA6_HexN6_Ac6_S17_pNP	6	6	12	6	17	C90H131N7O120S17	4011.333249	14
HS_HexA6_HexN6_Ac6_S17_pNP	6	6	12	6	17	C90H131N7O120S17	4028.359798	15
HS_HexA6_HexN6_Ac6_S17_pNP	6	6	12	6	17	C90H131N7O120S17	4045.386347	16
HS_HexA6_HexN6_Ac6_S17_pNP	6	6	12	6	17	C90H131N7O120S17	4062.412896	17
HS_HexA6_HexN6_Ac6_S17_pNP	6	6	12	6	17	C90H131N7O120S17	4079.439445	18
HS_HexA6_HexN6_Ac6_S17_pNP	6	6	12	6	17	C90H131N7O120S17	4096.465994	19
HS_HexA6_HexN6_Ac6_S17_pNP	6	6	12	6	17	C90H131N7O120S17	4113.492544	20
HS_HexA6_HexN6_Ac6_S17_pNP	6	6	12	6	17	C90H131N7O120S17	4130.519093	21
HS_HexA6_HexN6_Ac6_S17_pNP	6	6	12	6	17	C90H131N7O120S17	4147.545642	22
HS_HexA6_HexN6_Ac6_S17_pNP	6	6	12	6	17	C90H131N7O120S17	4164.572191	23
HS_HexA6_HexN6_Ac6_S18_pNP	6	6	12	6	18	C90H131N7O123S18	3852.918377	0
HS_HexA6_HexN6_Ac6_S18_pNP	6	6	12	6	18	C90H131N7O123S18	3869.944926	1
HS_HexA6_HexN6_Ac6_S18_pNP	6	6	12	6	18	C90H131N7O123S18	3886.971475	2
HS_HexA6_HexN6_Ac6_S18_pNP	6	6	12	6	18	C90H131N7O123S18	3903.998024	3
HS_HexA6_HexN6_Ac6_S18_pNP	6	6	12	6	18	C90H131N7O123S18	3921.024573	4
HS_HexA6_HexN6_Ac6_S18_pNP	6	6	12	6	18	C90H131N7O123S18	3938.051122	5
HS_HexA6_HexN6_Ac6_S18_pNP	6	6	12	6	18	C90H131N7O123S18	3955.077671	6
HS_HexA6_HexN6_Ac6_S18_pNP	6	6	12	6	18	C90H131N7O123S18	3972.104220	7
HS_HexA6_HexN6_Ac6_S18_pNP	6	6	12	6	18	C90H131N7O123S18	3989.130769	8
HS_HexA6_HexN6_Ac6_S18_pNP	6	6	12	6	18	C90H131N7O123S18	4006.157319	9
HS_HexA6_HexN6_Ac6_S18_pNP	6	6	12	6	18	C90H131N7O123S18	4023.183868	10
HS_HexA6_HexN6_Ac6_S18_pNP	6	6	12	6	18	C90H131N7O123S18	4040.210417	11
HS_HexA6_HexN6_Ac6_S18_pNP	6	6	12	6	18	C90H131N7O123S18	4057.236966	12
HS_HexA6_HexN6_Ac6_S18_pNP	6	6	12	6	18	C90H131N7O123S18	4074.263515	13
HS_HexA6_HexN6_Ac6_S18_pNP	6	6	12	6	18	C90H131N7O123S18	4091.290064	14
HS_HexA6_HexN6_Ac6_S18_pNP	6	6	12	6	18	C90H131N7O123S18	4108.316613	15
HS_HexA6_HexN6_Ac6_S18_pNP	6	6	12	6	18	C90H131N7O123S18	4125.343162	16
HS_HexA6_HexN6_Ac6_S18_pNP	6	6	12	6	18	C90H131N7O123S18	4142.369711	17
HS_HexA6_HexN6_Ac6_S18_pNP	6	6	12	6	18	C90H131N7O123S18	4159.396260	18
HS_HexA6_HexN6_Ac6_S18_pNP	6	6	12	6	18	C90H131N7O123S18	4176.422810	19
HS_HexA6_HexN6_Ac6_S18_pNP	6	6	12	6	18	C90H131N7O123S18	4193.449359	20
HS_HexA6_HexN6_Ac6_S18_pNP	6	6	12	6	18	C90H131N7O123S18	4210.475908	21
HS_HexA6_HexN6_Ac6_S18_pNP	6	6	12	6	18	C90H131N7O123S18	4227.502457	22
HS_HexA6_HexN6_Ac6_S18_pNP	6	6	12	6	18	C90H131N7O123S18	4244.529006	23
HS_HexA6_HexN6_Ac6_S18_pNP	6	6	12	6	18	C90H131N7O123S18	4261.555555	24
HS_HexA7_HexN6_Ac0_S0_pNP	7	6	13	0	0	C84H127N7O69	2337.664406	0
HS_HexA7_HexN6_Ac0_S0_pNP	7	6	13	0	0	C84H127N7O69	2354.690955	1
HS_HexA7_HexN6_Ac0_S0_pNP	7	6	13	0	0	C84H127N7O69	2371.717504	2
HS_HexA7_HexN6_Ac0_S0_pNP	7	6	13	0	0	C84H127N7O69	2388.744053	3
HS_HexA7_HexN6_Ac0_S0_pNP	7	6	13	0	0	C84H127N7O69	2405.770602	4
HS_HexA7_HexN6_Ac0_S0_pNP	7	6	13	0	0	C84H127N7O69	2422.797151	5
HS_HexA7_HexN6_Ac0_S0_pNP	7	6	13	0	0	C84H127N7O69	2439.823700	6
HS_HexA7_HexN6_Ac0_S0_pNP	7	6	13	0	0	C84H127N7O69	2456.850250	7
HS_HexA7_HexN6_Ac0_S1_pNP	7	6	13	0	1	C84H127N7O72S	2417.621221	0
HS_HexA7_HexN6_Ac0_S1_pNP	7	6	13	0	1	C84H127N7O72S	2434.647770	1
HS_HexA7_HexN6_Ac0_S1_pNP	7	6	13	0	1	C84H127N7O72S	2451.674319	2
HS_HexA7_HexN6_Ac0_S1_pNP	7	6	13	0	1	C84H127N7O72S	2468.700868	3
HS_HexA7_HexN6_Ac0_S1_pNP	7	6	13	0	1	C84H127N7O72S	2485.727417	4
HS_HexA7_HexN6_Ac0_S1_pNP	7	6	13	0	1	C84H127N7O72S	2502.753966	5
HS_HexA7_HexN6_Ac0_S1_pNP	7	6	13	0	1	C84H127N7O72S	2519.780516	6
HS_HexA7_HexN6_Ac0_S1_pNP	7	6	13	0	1	C84H127N7O72S	2536.807065	7
HS_HexA7_HexN6_Ac0_S1_pNP	7	6	13	0	1	C84H127N7O72S	2553.833614	8
HS_HexA7_HexN6_Ac0_S2_pNP	7	6	13	0	2	C84H127N7O75S2	2497.578036	0
HS_HexA7_HexN6_Ac0_S2_pNP	7	6	13	0	2	C84H127N7O75S2	2514.604585	1
HS_HexA7_HexN6_Ac0_S2_pNP	7	6	13	0	2	C84H127N7O75S2	2531.631134	2
HS_HexA7_HexN6_Ac0_S2_pNP	7	6	13	0	2	C84H127N7O75S2	2548.657683	3
HS_HexA7_HexN6_Ac0_S2_pNP	7	6	13	0	2	C84H127N7O75S2	2565.684232	4
HS_HexA7_HexN6_Ac0_S2_pNP	7	6	13	0	2	C84H127N7O75S2	2582.710781	5
HS_HexA7_HexN6_Ac0_S2_pNP	7	6	13	0	2	C84H127N7O75S2	2599.737331	6
HS_HexA7_HexN6_Ac0_S2_pNP	7	6	13	0	2	C84H127N7O75S2	2616.763880	7
HS_HexA7_HexN6_Ac0_S2_pNP	7	6	13	0	2	C84H127N7O75S2	2633.790429	8
HS_HexA7_HexN6_Ac0_S2_pNP	7	6	13	0	2	C84H127N7O75S2	2650.816978	9
HS_HexA7_HexN6_Ac0_S3_pNP	7	6	13	0	3	C84H127N7O78S3	2577.534851	0
HS_HexA7_HexN6_Ac0_S3_pNP	7	6	13	0	3	C84H127N7O78S3	2594.561400	1
HS_HexA7_HexN6_Ac0_S3_pNP	7	6	13	0	3	C84H127N7O78S3	2611.587949	2
HS_HexA7_HexN6_Ac0_S3_pNP	7	6	13	0	3	C84H127N7O78S3	2628.614498	3
HS_HexA7_HexN6_Ac0_S3_pNP	7	6	13	0	3	C84H127N7O78S3	2645.641047	4
HS_HexA7_HexN6_Ac0_S3_pNP	7	6	13	0	3	C84H127N7O78S3	2662.667596	5
HS_HexA7_HexN6_Ac0_S3_pNP	7	6	13	0	3	C84H127N7O78S3	2679.694146	6
HS_HexA7_HexN6_Ac0_S3_pNP	7	6	13	0	3	C84H127N7O78S3	2696.720695	7
HS_HexA7_HexN6_Ac0_S3_pNP	7	6	13	0	3	C84H127N7O78S3	2713.747244	8
HS_HexA7_HexN6_Ac0_S3_pNP	7	6	13	0	3	C84H127N7O78S3	2730.773793	9
HS_HexA7_HexN6_Ac0_S3_pNP	7	6	13	0	3	C84H127N7O78S3	2747.800342	10
HS_HexA7_HexN6_Ac0_S4_pNP	7	6	13	0	4	C84H127N7O81S4	2657.491666	0
HS_HexA7_HexN6_Ac0_S4_pNP	7	6	13	0	4	C84H127N7O81S4	2674.518215	1
HS_HexA7_HexN6_Ac0_S4_pNP	7	6	13	0	4	C84H127N7O81S4	2691.544764	2
HS_HexA7_HexN6_Ac0_S4_pNP	7	6	13	0	4	C84H127N7O81S4	2708.571313	3
HS_HexA7_HexN6_Ac0_S4_pNP	7	6	13	0	4	C84H127N7O81S4	2725.597862	4
HS_HexA7_HexN6_Ac0_S4_pNP	7	6	13	0	4	C84H127N7O81S4	2742.624412	5
HS_HexA7_HexN6_Ac0_S4_pNP	7	6	13	0	4	C84H127N7O81S4	2759.650961	6
HS_HexA7_HexN6_Ac0_S4_pNP	7	6	13	0	4	C84H127N7O81S4	2776.677510	7
HS_HexA7_HexN6_Ac0_S4_pNP	7	6	13	0	4	C84H127N7O81S4	2793.704059	8
HS_HexA7_HexN6_Ac0_S4_pNP	7	6	13	0	4	C84H127N7O81S4	2810.730608	9
HS_HexA7_HexN6_Ac0_S4_pNP	7	6	13	0	4	C84H127N7O81S4	2827.757157	10
HS_HexA7_HexN6_Ac0_S4_pNP	7	6	13	0	4	C84H127N7O81S4	2844.783706	11
HS_HexA7_HexN6_Ac0_S5_pNP	7	6	13	0	5	C84H127N7O84S5	2737.448481	0
HS_HexA7_HexN6_Ac0_S5_pNP	7	6	13	0	5	C84H127N7O84S5	2754.475030	1
HS_HexA7_HexN6_Ac0_S5_pNP	7	6	13	0	5	C84H127N7O84S5	2771.501579	2
HS_HexA7_HexN6_Ac0_S5_pNP	7	6	13	0	5	C84H127N7O84S5	2788.528128	3
HS_HexA7_HexN6_Ac0_S5_pNP	7	6	13	0	5	C84H127N7O84S5	2805.554677	4
HS_HexA7_HexN6_Ac0_S5_pNP	7	6	13	0	5	C84H127N7O84S5	2822.581227	5
HS_HexA7_HexN6_Ac0_S5_pNP	7	6	13	0	5	C84H127N7O84S5	2839.607776	6
HS_HexA7_HexN6_Ac0_S5_pNP	7	6	13	0	5	C84H127N7O84S5	2856.634325	7
HS_HexA7_HexN6_Ac0_S5_pNP	7	6	13	0	5	C84H127N7O84S5	2873.660874	8
HS_HexA7_HexN6_Ac0_S5_pNP	7	6	13	0	5	C84H127N7O84S5	2890.687423	9
HS_HexA7_HexN6_Ac0_S5_pNP	7	6	13	0	5	C84H127N7O84S5	2907.713972	10
HS_HexA7_HexN6_Ac0_S5_pNP	7	6	13	0	5	C84H127N7O84S5	2924.740521	11
HS_HexA7_HexN6_Ac0_S5_pNP	7	6	13	0	5	C84H127N7O84S5	2941.767070	12
HS_HexA7_HexN6_Ac0_S6_pNP	7	6	13	0	6	C84H127N7O87S6	2817.405296	0
HS_HexA7_HexN6_Ac0_S6_pNP	7	6	13	0	6	C84H127N7O87S6	2834.431845	1
HS_HexA7_HexN6_Ac0_S6_pNP	7	6	13	0	6	C84H127N7O87S6	2851.458394	2
HS_HexA7_HexN6_Ac0_S6_pNP	7	6	13	0	6	C84H127N7O87S6	2868.484943	3
HS_HexA7_HexN6_Ac0_S6_pNP	7	6	13	0	6	C84H127N7O87S6	2885.511492	4
HS_HexA7_HexN6_Ac0_S6_pNP	7	6	13	0	6	C84H127N7O87S6	2902.538042	5
HS_HexA7_HexN6_Ac0_S6_pNP	7	6	13	0	6	C84H127N7O87S6	2919.564591	6
HS_HexA7_HexN6_Ac0_S6_pNP	7	6	13	0	6	C84H127N7O87S6	2936.591140	7
HS_HexA7_HexN6_Ac0_S6_pNP	7	6	13	0	6	C84H127N7O87S6	2953.617689	8
HS_HexA7_HexN6_Ac0_S6_pNP	7	6	13	0	6	C84H127N7O87S6	2970.644238	9
HS_HexA7_HexN6_Ac0_S6_pNP	7	6	13	0	6	C84H127N7O87S6	2987.670787	10
HS_HexA7_HexN6_Ac0_S6_pNP	7	6	13	0	6	C84H127N7O87S6	3004.697336	11
HS_HexA7_HexN6_Ac0_S6_pNP	7	6	13	0	6	C84H127N7O87S6	3021.723885	12
HS_HexA7_HexN6_Ac0_S6_pNP	7	6	13	0	6	C84H127N7O87S6	3038.750434	13
HS_HexA7_HexN6_Ac0_S7_pNP	7	6	13	0	7	C84H127N7O90S7	2897.362111	0
HS_HexA7_HexN6_Ac0_S7_pNP	7	6	13	0	7	C84H127N7O90S7	2914.388660	1
HS_HexA7_HexN6_Ac0_S7_pNP	7	6	13	0	7	C84H127N7O90S7	2931.415209	2
HS_HexA7_HexN6_Ac0_S7_pNP	7	6	13	0	7	C84H127N7O90S7	2948.441758	3
HS_HexA7_HexN6_Ac0_S7_pNP	7	6	13	0	7	C84H127N7O90S7	2965.468308	4
HS_HexA7_HexN6_Ac0_S7_pNP	7	6	13	0	7	C84H127N7O90S7	2982.494857	5
HS_HexA7_HexN6_Ac0_S7_pNP	7	6	13	0	7	C84H127N7O90S7	2999.521406	6
HS_HexA7_HexN6_Ac0_S7_pNP	7	6	13	0	7	C84H127N7O90S7	3016.547955	7
HS_HexA7_HexN6_Ac0_S7_pNP	7	6	13	0	7	C84H127N7O90S7	3033.574504	8
HS_HexA7_HexN6_Ac0_S7_pNP	7	6	13	0	7	C84H127N7O90S7	3050.601053	9
HS_HexA7_HexN6_Ac0_S7_pNP	7	6	13	0	7	C84H127N7O90S7	3067.627602	10
HS_HexA7_HexN6_Ac0_S7_pNP	7	6	13	0	7	C84H127N7O90S7	3084.654151	11
HS_HexA7_HexN6_Ac0_S7_pNP	7	6	13	0	7	C84H127N7O90S7	3101.680700	12
HS_HexA7_HexN6_Ac0_S7_pNP	7	6	13	0	7	C84H127N7O90S7	3118.707249	13
HS_HexA7_HexN6_Ac0_S7_pNP	7	6	13	0	7	C84H127N7O90S7	3135.733799	14
HS_HexA7_HexN6_Ac0_S8_pNP	7	6	13	0	8	C84H127N7O93S8	2977.318926	0
HS_HexA7_HexN6_Ac0_S8_pNP	7	6	13	0	8	C84H127N7O93S8	2994.345475	1
HS_HexA7_HexN6_Ac0_S8_pNP	7	6	13	0	8	C84H127N7O93S8	3011.372024	2
HS_HexA7_HexN6_Ac0_S8_pNP	7	6	13	0	8	C84H127N7O93S8	3028.398573	3
HS_HexA7_HexN6_Ac0_S8_pNP	7	6	13	0	8	C84H127N7O93S8	3045.425123	4
HS_HexA7_HexN6_Ac0_S8_pNP	7	6	13	0	8	C84H127N7O93S8	3062.451672	5
HS_HexA7_HexN6_Ac0_S8_pNP	7	6	13	0	8	C84H127N7O93S8	3079.478221	6
HS_HexA7_HexN6_Ac0_S8_pNP	7	6	13	0	8	C84H127N7O93S8	3096.504770	7
HS_HexA7_HexN6_Ac0_S8_pNP	7	6	13	0	8	C84H127N7O93S8	3113.531319	8
HS_HexA7_HexN6_Ac0_S8_pNP	7	6	13	0	8	C84H127N7O93S8	3130.557868	9
HS_HexA7_HexN6_Ac0_S8_pNP	7	6	13	0	8	C84H127N7O93S8	3147.584417	10
HS_HexA7_HexN6_Ac0_S8_pNP	7	6	13	0	8	C84H127N7O93S8	3164.610966	11
HS_HexA7_HexN6_Ac0_S8_pNP	7	6	13	0	8	C84H127N7O93S8	3181.637515	12
HS_HexA7_HexN6_Ac0_S8_pNP	7	6	13	0	8	C84H127N7O93S8	3198.664064	13
HS_HexA7_HexN6_Ac0_S8_pNP	7	6	13	0	8	C84H127N7O93S8	3215.690614	14
HS_HexA7_HexN6_Ac0_S8_pNP	7	6	13	0	8	C84H127N7O93S8	3232.717163	15
HS_HexA7_HexN6_Ac0_S9_pNP	7	6	13	0	9	C84H127N7O96S9	3057.275741	0
HS_HexA7_HexN6_Ac0_S9_pNP	7	6	13	0	9	C84H127N7O96S9	3074.302290	1
HS_HexA7_HexN6_Ac0_S9_pNP	7	6	13	0	9	C84H127N7O96S9	3091.328839	2
HS_HexA7_HexN6_Ac0_S9_pNP	7	6	13	0	9	C84H127N7O96S9	3108.355388	3
HS_HexA7_HexN6_Ac0_S9_pNP	7	6	13	0	9	C84H127N7O96S9	3125.381938	4
HS_HexA7_HexN6_Ac0_S9_pNP	7	6	13	0	9	C84H127N7O96S9	3142.408487	5
HS_HexA7_HexN6_Ac0_S9_pNP	7	6	13	0	9	C84H127N7O96S9	3159.435036	6
HS_HexA7_HexN6_Ac0_S9_pNP	7	6	13	0	9	C84H127N7O96S9	3176.461585	7
HS_HexA7_HexN6_Ac0_S9_pNP	7	6	13	0	9	C84H127N7O96S9	3193.488134	8
HS_HexA7_HexN6_Ac0_S9_pNP	7	6	13	0	9	C84H127N7O96S9	3210.514683	9
HS_HexA7_HexN6_Ac0_S9_pNP	7	6	13	0	9	C84H127N7O96S9	3227.541232	10
HS_HexA7_HexN6_Ac0_S9_pNP	7	6	13	0	9	C84H127N7O96S9	3244.567781	11
HS_HexA7_HexN6_Ac0_S9_pNP	7	6	13	0	9	C84H127N7O96S9	3261.594330	12
HS_HexA7_HexN6_Ac0_S9_pNP	7	6	13	0	9	C84H127N7O96S9	3278.620879	13
HS_HexA7_HexN6_Ac0_S9_pNP	7	6	13	0	9	C84H127N7O96S9	3295.647429	14
HS_HexA7_HexN6_Ac0_S9_pNP	7	6	13	0	9	C84H127N7O96S9	3312.673978	15
HS_HexA7_HexN6_Ac0_S9_pNP	7	6	13	0	9	C84H127N7O96S9	3329.700527	16
HS_HexA7_HexN6_Ac0_S10_pNP	7	6	13	0	10	C84H127N7O99S10	3137.232556	0
HS_HexA7_HexN6_Ac0_S10_pNP	7	6	13	0	10	C84H127N7O99S10	3154.259105	1
HS_HexA7_HexN6_Ac0_S10_pNP	7	6	13	0	10	C84H127N7O99S10	3171.285654	2
HS_HexA7_HexN6_Ac0_S10_pNP	7	6	13	0	10	C84H127N7O99S10	3188.312204	3
HS_HexA7_HexN6_Ac0_S10_pNP	7	6	13	0	10	C84H127N7O99S10	3205.338753	4
HS_HexA7_HexN6_Ac0_S10_pNP	7	6	13	0	10	C84H127N7O99S10	3222.365302	5
HS_HexA7_HexN6_Ac0_S10_pNP	7	6	13	0	10	C84H127N7O99S10	3239.391851	6
HS_HexA7_HexN6_Ac0_S10_pNP	7	6	13	0	10	C84H127N7O99S10	3256.418400	7
HS_HexA7_HexN6_Ac0_S10_pNP	7	6	13	0	10	C84H127N7O99S10	3273.444949	8
HS_HexA7_HexN6_Ac0_S10_pNP	7	6	13	0	10	C84H127N7O99S10	3290.471498	9
HS_HexA7_HexN6_Ac0_S10_pNP	7	6	13	0	10	C84H127N7O99S10	3307.498047	10
HS_HexA7_HexN6_Ac0_S10_pNP	7	6	13	0	10	C84H127N7O99S10	3324.524596	11
HS_HexA7_HexN6_Ac0_S10_pNP	7	6	13	0	10	C84H127N7O99S10	3341.551145	12
HS_HexA7_HexN6_Ac0_S10_pNP	7	6	13	0	10	C84H127N7O99S10	3358.577695	13
HS_HexA7_HexN6_Ac0_S10_pNP	7	6	13	0	10	C84H127N7O99S10	3375.604244	14
HS_HexA7_HexN6_Ac0_S10_pNP	7	6	13	0	10	C84H127N7O99S10	3392.630793	15
HS_HexA7_HexN6_Ac0_S10_pNP	7	6	13	0	10	C84H127N7O99S10	3409.657342	16
HS_HexA7_HexN6_Ac0_S10_pNP	7	6	13	0	10	C84H127N7O99S10	3426.683891	17
HS_HexA7_HexN6_Ac0_S11_pNP	7	6	13	0	11	C84H127N7O102S11	3217.189371	0
HS_HexA7_HexN6_Ac0_S11_pNP	7	6	13	0	11	C84H127N7O102S11	3234.215920	1
HS_HexA7_HexN6_Ac0_S11_pNP	7	6	13	0	11	C84H127N7O102S11	3251.242469	2
HS_HexA7_HexN6_Ac0_S11_pNP	7	6	13	0	11	C84H127N7O102S11	3268.269019	3
HS_HexA7_HexN6_Ac0_S11_pNP	7	6	13	0	11	C84H127N7O102S11	3285.295568	4
HS_HexA7_HexN6_Ac0_S11_pNP	7	6	13	0	11	C84H127N7O102S11	3302.322117	5
HS_HexA7_HexN6_Ac0_S11_pNP	7	6	13	0	11	C84H127N7O102S11	3319.348666	6
HS_HexA7_HexN6_Ac0_S11_pNP	7	6	13	0	11	C84H127N7O102S11	3336.375215	7
HS_HexA7_HexN6_Ac0_S11_pNP	7	6	13	0	11	C84H127N7O102S11	3353.401764	8
HS_HexA7_HexN6_Ac0_S11_pNP	7	6	13	0	11	C84H127N7O102S11	3370.428313	9
HS_HexA7_HexN6_Ac0_S11_pNP	7	6	13	0	11	C84H127N7O102S11	3387.454862	10
HS_HexA7_HexN6_Ac0_S11_pNP	7	6	13	0	11	C84H127N7O102S11	3404.481411	11
HS_HexA7_HexN6_Ac0_S11_pNP	7	6	13	0	11	C84H127N7O102S11	3421.507960	12
HS_HexA7_HexN6_Ac0_S11_pNP	7	6	13	0	11	C84H127N7O102S11	3438.534510	13
HS_HexA7_HexN6_Ac0_S11_pNP	7	6	13	0	11	C84H127N7O102S11	3455.561059	14
HS_HexA7_HexN6_Ac0_S11_pNP	7	6	13	0	11	C84H127N7O102S11	3472.587608	15
HS_HexA7_HexN6_Ac0_S11_pNP	7	6	13	0	11	C84H127N7O102S11	3489.614157	16
HS_HexA7_HexN6_Ac0_S11_pNP	7	6	13	0	11	C84H127N7O102S11	3506.640706	17
HS_HexA7_HexN6_Ac0_S11_pNP	7	6	13	0	11	C84H127N7O102S11	3523.667255	18
HS_HexA7_HexN6_Ac0_S12_pNP	7	6	13	0	12	C84H127N7O105S12	3297.146186	0
HS_HexA7_HexN6_Ac0_S12_pNP	7	6	13	0	12	C84H127N7O105S12	3314.172735	1
HS_HexA7_HexN6_Ac0_S12_pNP	7	6	13	0	12	C84H127N7O105S12	3331.199284	2
HS_HexA7_HexN6_Ac0_S12_pNP	7	6	13	0	12	C84H127N7O105S12	3348.225834	3
HS_HexA7_HexN6_Ac0_S12_pNP	7	6	13	0	12	C84H127N7O105S12	3365.252383	4
HS_HexA7_HexN6_Ac0_S12_pNP	7	6	13	0	12	C84H127N7O105S12	3382.278932	5
HS_HexA7_HexN6_Ac0_S12_pNP	7	6	13	0	12	C84H127N7O105S12	3399.305481	6
HS_HexA7_HexN6_Ac0_S12_pNP	7	6	13	0	12	C84H127N7O105S12	3416.332030	7
HS_HexA7_HexN6_Ac0_S12_pNP	7	6	13	0	12	C84H127N7O105S12	3433.358579	8
HS_HexA7_HexN6_Ac0_S12_pNP	7	6	13	0	12	C84H127N7O105S12	3450.385128	9
HS_HexA7_HexN6_Ac0_S12_pNP	7	6	13	0	12	C84H127N7O105S12	3467.411677	10
HS_HexA7_HexN6_Ac0_S12_pNP	7	6	13	0	12	C84H127N7O105S12	3484.438226	11
HS_HexA7_HexN6_Ac0_S12_pNP	7	6	13	0	12	C84H127N7O105S12	3501.464775	12
HS_HexA7_HexN6_Ac0_S12_pNP	7	6	13	0	12	C84H127N7O105S12	3518.491325	13
HS_HexA7_HexN6_Ac0_S12_pNP	7	6	13	0	12	C84H127N7O105S12	3535.517874	14
HS_HexA7_HexN6_Ac0_S12_pNP	7	6	13	0	12	C84H127N7O105S12	3552.544423	15
HS_HexA7_HexN6_Ac0_S12_pNP	7	6	13	0	12	C84H127N7O105S12	3569.570972	16
HS_HexA7_HexN6_Ac0_S12_pNP	7	6	13	0	12	C84H127N7O105S12	3586.597521	17
HS_HexA7_HexN6_Ac0_S12_pNP	7	6	13	0	12	C84H127N7O105S12	3603.624070	18
HS_HexA7_HexN6_Ac0_S12_pNP	7	6	13	0	12	C84H127N7O105S12	3620.650619	19
HS_HexA7_HexN6_Ac0_S13_pNP	7	6	13	0	13	C84H127N7O108S13	3377.103001	0
HS_HexA7_HexN6_Ac0_S13_pNP	7	6	13	0	13	C84H127N7O108S13	3394.129550	1
HS_HexA7_HexN6_Ac0_S13_pNP	7	6	13	0	13	C84H127N7O108S13	3411.156100	2
HS_HexA7_HexN6_Ac0_S13_pNP	7	6	13	0	13	C84H127N7O108S13	3428.182649	3
HS_HexA7_HexN6_Ac0_S13_pNP	7	6	13	0	13	C84H127N7O108S13	3445.209198	4
HS_HexA7_HexN6_Ac0_S13_pNP	7	6	13	0	13	C84H127N7O108S13	3462.235747	5
HS_HexA7_HexN6_Ac0_S13_pNP	7	6	13	0	13	C84H127N7O108S13	3479.262296	6
HS_HexA7_HexN6_Ac0_S13_pNP	7	6	13	0	13	C84H127N7O108S13	3496.288845	7
HS_HexA7_HexN6_Ac0_S13_pNP	7	6	13	0	13	C84H127N7O108S13	3513.315394	8
HS_HexA7_HexN6_Ac0_S13_pNP	7	6	13	0	13	C84H127N7O108S13	3530.341943	9
HS_HexA7_HexN6_Ac0_S13_pNP	7	6	13	0	13	C84H127N7O108S13	3547.368492	10
HS_HexA7_HexN6_Ac0_S13_pNP	7	6	13	0	13	C84H127N7O108S13	3564.395041	11
HS_HexA7_HexN6_Ac0_S13_pNP	7	6	13	0	13	C84H127N7O108S13	3581.421591	12
HS_HexA7_HexN6_Ac0_S13_pNP	7	6	13	0	13	C84H127N7O108S13	3598.448140	13
HS_HexA7_HexN6_Ac0_S13_pNP	7	6	13	0	13	C84H127N7O108S13	3615.474689	14
HS_HexA7_HexN6_Ac0_S13_pNP	7	6	13	0	13	C84H127N7O108S13	3632.501238	15
HS_HexA7_HexN6_Ac0_S13_pNP	7	6	13	0	13	C84H127N7O108S13	3649.527787	16
HS_HexA7_HexN6_Ac0_S13_pNP	7	6	13	0	13	C84H127N7O108S13	3666.554336	17
HS_HexA7_HexN6_Ac0_S13_pNP	7	6	13	0	13	C84H127N7O108S13	3683.580885	18
HS_HexA7_HexN6_Ac0_S13_pNP	7	6	13	0	13	C84H127N7O108S13	3700.607434	19
HS_HexA7_HexN6_Ac0_S13_pNP	7	6	13	0	13	C84H127N7O108S13	3717.633983	20
HS_HexA7_HexN6_Ac0_S14_pNP	7	6	13	0	14	C84H127N7O111S14	3457.059816	0
HS_HexA7_HexN6_Ac0_S14_pNP	7	6	13	0	14	C84H127N7O111S14	3474.086365	1
HS_HexA7_HexN6_Ac0_S14_pNP	7	6	13	0	14	C84H127N7O111S14	3491.112915	2
HS_HexA7_HexN6_Ac0_S14_pNP	7	6	13	0	14	C84H127N7O111S14	3508.139464	3
HS_HexA7_HexN6_Ac0_S14_pNP	7	6	13	0	14	C84H127N7O111S14	3525.166013	4
HS_HexA7_HexN6_Ac0_S14_pNP	7	6	13	0	14	C84H127N7O111S14	3542.192562	5
HS_HexA7_HexN6_Ac0_S14_pNP	7	6	13	0	14	C84H127N7O111S14	3559.219111	6
HS_HexA7_HexN6_Ac0_S14_pNP	7	6	13	0	14	C84H127N7O111S14	3576.245660	7
HS_HexA7_HexN6_Ac0_S14_pNP	7	6	13	0	14	C84H127N7O111S14	3593.272209	8
HS_HexA7_HexN6_Ac0_S14_pNP	7	6	13	0	14	C84H127N7O111S14	3610.298758	9
HS_HexA7_HexN6_Ac0_S14_pNP	7	6	13	0	14	C84H127N7O111S14	3627.325307	10
HS_HexA7_HexN6_Ac0_S14_pNP	7	6	13	0	14	C84H127N7O111S14	3644.351856	11
HS_HexA7_HexN6_Ac0_S14_pNP	7	6	13	0	14	C84H127N7O111S14	3661.378406	12
HS_HexA7_HexN6_Ac0_S14_pNP	7	6	13	0	14	C84H127N7O111S14	3678.404955	13
HS_HexA7_HexN6_Ac0_S14_pNP	7	6	13	0	14	C84H127N7O111S14	3695.431504	14
HS_HexA7_HexN6_Ac0_S14_pNP	7	6	13	0	14	C84H127N7O111S14	3712.458053	15
HS_HexA7_HexN6_Ac0_S14_pNP	7	6	13	0	14	C84H127N7O111S14	3729.484602	16
HS_HexA7_HexN6_Ac0_S14_pNP	7	6	13	0	14	C84H127N7O111S14	3746.511151	17
HS_HexA7_HexN6_Ac0_S14_pNP	7	6	13	0	14	C84H127N7O111S14	3763.537700	18
HS_HexA7_HexN6_Ac0_S14_pNP	7	6	13	0	14	C84H127N7O111S14	3780.564249	19
HS_HexA7_HexN6_Ac0_S14_pNP	7	6	13	0	14	C84H127N7O111S14	3797.590798	20
HS_HexA7_HexN6_Ac0_S14_pNP	7	6	13	0	14	C84H127N7O111S14	3814.617347	21
HS_HexA7_HexN6_Ac0_S15_pNP	7	6	13	0	15	C84H127N7O114S15	3537.016631	0
HS_HexA7_HexN6_Ac0_S15_pNP	7	6	13	0	15	C84H127N7O114S15	3554.043180	1
HS_HexA7_HexN6_Ac0_S15_pNP	7	6	13	0	15	C84H127N7O114S15	3571.069730	2
HS_HexA7_HexN6_Ac0_S15_pNP	7	6	13	0	15	C84H127N7O114S15	3588.096279	3
HS_HexA7_HexN6_Ac0_S15_pNP	7	6	13	0	15	C84H127N7O114S15	3605.122828	4
HS_HexA7_HexN6_Ac0_S15_pNP	7	6	13	0	15	C84H127N7O114S15	3622.149377	5
HS_HexA7_HexN6_Ac0_S15_pNP	7	6	13	0	15	C84H127N7O114S15	3639.175926	6
HS_HexA7_HexN6_Ac0_S15_pNP	7	6	13	0	15	C84H127N7O114S15	3656.202475	7
HS_HexA7_HexN6_Ac0_S15_pNP	7	6	13	0	15	C84H127N7O114S15	3673.229024	8
HS_HexA7_HexN6_Ac0_S15_pNP	7	6	13	0	15	C84H127N7O114S15	3690.255573	9
HS_HexA7_HexN6_Ac0_S15_pNP	7	6	13	0	15	C84H127N7O114S15	3707.282122	10
HS_HexA7_HexN6_Ac0_S15_pNP	7	6	13	0	15	C84H127N7O114S15	3724.308671	11
HS_HexA7_HexN6_Ac0_S15_pNP	7	6	13	0	15	C84H127N7O114S15	3741.335221	12
HS_HexA7_HexN6_Ac0_S15_pNP	7	6	13	0	15	C84H127N7O114S15	3758.361770	13
HS_HexA7_HexN6_Ac0_S15_pNP	7	6	13	0	15	C84H127N7O114S15	3775.388319	14
HS_HexA7_HexN6_Ac0_S15_pNP	7	6	13	0	15	C84H127N7O114S15	3792.414868	15
HS_HexA7_HexN6_Ac0_S15_pNP	7	6	13	0	15	C84H127N7O114S15	3809.441417	16
HS_HexA7_HexN6_Ac0_S15_pNP	7	6	13	0	15	C84H127N7O114S15	3826.467966	17
HS_HexA7_HexN6_Ac0_S15_pNP	7	6	13	0	15	C84H127N7O114S15	3843.494515	18
HS_HexA7_HexN6_Ac0_S15_pNP	7	6	13	0	15	C84H127N7O114S15	3860.521064	19
HS_HexA7_HexN6_Ac0_S15_pNP	7	6	13	0	15	C84H127N7O114S15	3877.547613	20
HS_HexA7_HexN6_Ac0_S15_pNP	7	6	13	0	15	C84H127N7O114S15	3894.574162	21
HS_HexA7_HexN6_Ac0_S15_pNP	7	6	13	0	15	C84H127N7O114S15	3911.600712	22
HS_HexA7_HexN6_Ac0_S16_pNP	7	6	13	0	16	C84H127N7O117S16	3616.973446	0
HS_HexA7_HexN6_Ac0_S16_pNP	7	6	13	0	16	C84H127N7O117S16	3633.999996	1
HS_HexA7_HexN6_Ac0_S16_pNP	7	6	13	0	16	C84H127N7O117S16	3651.026545	2
HS_HexA7_HexN6_Ac0_S16_pNP	7	6	13	0	16	C84H127N7O117S16	3668.053094	3
HS_HexA7_HexN6_Ac0_S16_pNP	7	6	13	0	16	C84H127N7O117S16	3685.079643	4
HS_HexA7_HexN6_Ac0_S16_pNP	7	6	13	0	16	C84H127N7O117S16	3702.106192	5
HS_HexA7_HexN6_Ac0_S16_pNP	7	6	13	0	16	C84H127N7O117S16	3719.132741	6
HS_HexA7_HexN6_Ac0_S16_pNP	7	6	13	0	16	C84H127N7O117S16	3736.159290	7
HS_HexA7_HexN6_Ac0_S16_pNP	7	6	13	0	16	C84H127N7O117S16	3753.185839	8
HS_HexA7_HexN6_Ac0_S16_pNP	7	6	13	0	16	C84H127N7O117S16	3770.212388	9
HS_HexA7_HexN6_Ac0_S16_pNP	7	6	13	0	16	C84H127N7O117S16	3787.238937	10
HS_HexA7_HexN6_Ac0_S16_pNP	7	6	13	0	16	C84H127N7O117S16	3804.265487	11
HS_HexA7_HexN6_Ac0_S16_pNP	7	6	13	0	16	C84H127N7O117S16	3821.292036	12
HS_HexA7_HexN6_Ac0_S16_pNP	7	6	13	0	16	C84H127N7O117S16	3838.318585	13
HS_HexA7_HexN6_Ac0_S16_pNP	7	6	13	0	16	C84H127N7O117S16	3855.345134	14
HS_HexA7_HexN6_Ac0_S16_pNP	7	6	13	0	16	C84H127N7O117S16	3872.371683	15
HS_HexA7_HexN6_Ac0_S16_pNP	7	6	13	0	16	C84H127N7O117S16	3889.398232	16
HS_HexA7_HexN6_Ac0_S16_pNP	7	6	13	0	16	C84H127N7O117S16	3906.424781	17
HS_HexA7_HexN6_Ac0_S16_pNP	7	6	13	0	16	C84H127N7O117S16	3923.451330	18
HS_HexA7_HexN6_Ac0_S16_pNP	7	6	13	0	16	C84H127N7O117S16	3940.477879	19
HS_HexA7_HexN6_Ac0_S16_pNP	7	6	13	0	16	C84H127N7O117S16	3957.504428	20
HS_HexA7_HexN6_Ac0_S16_pNP	7	6	13	0	16	C84H127N7O117S16	3974.530978	21
HS_HexA7_HexN6_Ac0_S16_pNP	7	6	13	0	16	C84H127N7O117S16	3991.557527	22
HS_HexA7_HexN6_Ac0_S16_pNP	7	6	13	0	16	C84H127N7O117S16	4008.584076	23
HS_HexA7_HexN6_Ac0_S17_pNP	7	6	13	0	17	C84H127N7O120S17	3696.930261	0
HS_HexA7_HexN6_Ac0_S17_pNP	7	6	13	0	17	C84H127N7O120S17	3713.956811	1
HS_HexA7_HexN6_Ac0_S17_pNP	7	6	13	0	17	C84H127N7O120S17	3730.983360	2
HS_HexA7_HexN6_Ac0_S17_pNP	7	6	13	0	17	C84H127N7O120S17	3748.009909	3
HS_HexA7_HexN6_Ac0_S17_pNP	7	6	13	0	17	C84H127N7O120S17	3765.036458	4
HS_HexA7_HexN6_Ac0_S17_pNP	7	6	13	0	17	C84H127N7O120S17	3782.063007	5
HS_HexA7_HexN6_Ac0_S17_pNP	7	6	13	0	17	C84H127N7O120S17	3799.089556	6
HS_HexA7_HexN6_Ac0_S17_pNP	7	6	13	0	17	C84H127N7O120S17	3816.116105	7
HS_HexA7_HexN6_Ac0_S17_pNP	7	6	13	0	17	C84H127N7O120S17	3833.142654	8
HS_HexA7_HexN6_Ac0_S17_pNP	7	6	13	0	17	C84H127N7O120S17	3850.169203	9
HS_HexA7_HexN6_Ac0_S17_pNP	7	6	13	0	17	C84H127N7O120S17	3867.195752	10
HS_HexA7_HexN6_Ac0_S17_pNP	7	6	13	0	17	C84H127N7O120S17	3884.222302	11
HS_HexA7_HexN6_Ac0_S17_pNP	7	6	13	0	17	C84H127N7O120S17	3901.248851	12
HS_HexA7_HexN6_Ac0_S17_pNP	7	6	13	0	17	C84H127N7O120S17	3918.275400	13
HS_HexA7_HexN6_Ac0_S17_pNP	7	6	13	0	17	C84H127N7O120S17	3935.301949	14
HS_HexA7_HexN6_Ac0_S17_pNP	7	6	13	0	17	C84H127N7O120S17	3952.328498	15
HS_HexA7_HexN6_Ac0_S17_pNP	7	6	13	0	17	C84H127N7O120S17	3969.355047	16
HS_HexA7_HexN6_Ac0_S17_pNP	7	6	13	0	17	C84H127N7O120S17	3986.381596	17
HS_HexA7_HexN6_Ac0_S17_pNP	7	6	13	0	17	C84H127N7O120S17	4003.408145	18
HS_HexA7_HexN6_Ac0_S17_pNP	7	6	13	0	17	C84H127N7O120S17	4020.434694	19
HS_HexA7_HexN6_Ac0_S17_pNP	7	6	13	0	17	C84H127N7O120S17	4037.461243	20
HS_HexA7_HexN6_Ac0_S17_pNP	7	6	13	0	17	C84H127N7O120S17	4054.487793	21
HS_HexA7_HexN6_Ac0_S17_pNP	7	6	13	0	17	C84H127N7O120S17	4071.514342	22
HS_HexA7_HexN6_Ac0_S17_pNP	7	6	13	0	17	C84H127N7O120S17	4088.540891	23
HS_HexA7_HexN6_Ac0_S17_pNP	7	6	13	0	17	C84H127N7O120S17	4105.567440	24
HS_HexA7_HexN6_Ac0_S18_pNP	7	6	13	0	18	C84H127N7O123S18	3776.887076	0
HS_HexA7_HexN6_Ac0_S18_pNP	7	6	13	0	18	C84H127N7O123S18	3793.913626	1
HS_HexA7_HexN6_Ac0_S18_pNP	7	6	13	0	18	C84H127N7O123S18	3810.940175	2
HS_HexA7_HexN6_Ac0_S18_pNP	7	6	13	0	18	C84H127N7O123S18	3827.966724	3
HS_HexA7_HexN6_Ac0_S18_pNP	7	6	13	0	18	C84H127N7O123S18	3844.993273	4
HS_HexA7_HexN6_Ac0_S18_pNP	7	6	13	0	18	C84H127N7O123S18	3862.019822	5
HS_HexA7_HexN6_Ac0_S18_pNP	7	6	13	0	18	C84H127N7O123S18	3879.046371	6
HS_HexA7_HexN6_Ac0_S18_pNP	7	6	13	0	18	C84H127N7O123S18	3896.072920	7
HS_HexA7_HexN6_Ac0_S18_pNP	7	6	13	0	18	C84H127N7O123S18	3913.099469	8
HS_HexA7_HexN6_Ac0_S18_pNP	7	6	13	0	18	C84H127N7O123S18	3930.126018	9
HS_HexA7_HexN6_Ac0_S18_pNP	7	6	13	0	18	C84H127N7O123S18	3947.152567	10
HS_HexA7_HexN6_Ac0_S18_pNP	7	6	13	0	18	C84H127N7O123S18	3964.179117	11
HS_HexA7_HexN6_Ac0_S18_pNP	7	6	13	0	18	C84H127N7O123S18	3981.205666	12
HS_HexA7_HexN6_Ac0_S18_pNP	7	6	13	0	18	C84H127N7O123S18	3998.232215	13
HS_HexA7_HexN6_Ac0_S18_pNP	7	6	13	0	18	C84H127N7O123S18	4015.258764	14
HS_HexA7_HexN6_Ac0_S18_pNP	7	6	13	0	18	C84H127N7O123S18	4032.285313	15
HS_HexA7_HexN6_Ac0_S18_pNP	7	6	13	0	18	C84H127N7O123S18	4049.311862	16
HS_HexA7_HexN6_Ac0_S18_pNP	7	6	13	0	18	C84H127N7O123S18	4066.338411	17
HS_HexA7_HexN6_Ac0_S18_pNP	7	6	13	0	18	C84H127N7O123S18	4083.364960	18
HS_HexA7_HexN6_Ac0_S18_pNP	7	6	13	0	18	C84H127N7O123S18	4100.391509	19
HS_HexA7_HexN6_Ac0_S18_pNP	7	6	13	0	18	C84H127N7O123S18	4117.418058	20
HS_HexA7_HexN6_Ac0_S18_pNP	7	6	13	0	18	C84H127N7O123S18	4134.444608	21
HS_HexA7_HexN6_Ac0_S18_pNP	7	6	13	0	18	C84H127N7O123S18	4151.471157	22
HS_HexA7_HexN6_Ac0_S18_pNP	7	6	13	0	18	C84H127N7O123S18	4168.497706	23
HS_HexA7_HexN6_Ac0_S18_pNP	7	6	13	0	18	C84H127N7O123S18	4185.524255	24
HS_HexA7_HexN6_Ac0_S18_pNP	7	6	13	0	18	C84H127N7O123S18	4202.550804	25
HS_HexA7_HexN6_Ac1_S0_pNP	7	6	13	1	0	C86H129N7O70	2379.674971	0
HS_HexA7_HexN6_Ac1_S0_pNP	7	6	13	1	0	C86H129N7O70	2396.701520	1
HS_HexA7_HexN6_Ac1_S0_pNP	7	6	13	1	0	C86H129N7O70	2413.728069	2
HS_HexA7_HexN6_Ac1_S0_pNP	7	6	13	1	0	C86H129N7O70	2430.754618	3
HS_HexA7_HexN6_Ac1_S0_pNP	7	6	13	1	0	C86H129N7O70	2447.781167	4
HS_HexA7_HexN6_Ac1_S0_pNP	7	6	13	1	0	C86H129N7O70	2464.807716	5
HS_HexA7_HexN6_Ac1_S0_pNP	7	6	13	1	0	C86H129N7O70	2481.834265	6
HS_HexA7_HexN6_Ac1_S0_pNP	7	6	13	1	0	C86H129N7O70	2498.860814	7
HS_HexA7_HexN6_Ac1_S1_pNP	7	6	13	1	1	C86H129N7O73S	2459.631786	0
HS_HexA7_HexN6_Ac1_S1_pNP	7	6	13	1	1	C86H129N7O73S	2476.658335	1
HS_HexA7_HexN6_Ac1_S1_pNP	7	6	13	1	1	C86H129N7O73S	2493.684884	2
HS_HexA7_HexN6_Ac1_S1_pNP	7	6	13	1	1	C86H129N7O73S	2510.711433	3
HS_HexA7_HexN6_Ac1_S1_pNP	7	6	13	1	1	C86H129N7O73S	2527.737982	4
HS_HexA7_HexN6_Ac1_S1_pNP	7	6	13	1	1	C86H129N7O73S	2544.764531	5
HS_HexA7_HexN6_Ac1_S1_pNP	7	6	13	1	1	C86H129N7O73S	2561.791080	6
HS_HexA7_HexN6_Ac1_S1_pNP	7	6	13	1	1	C86H129N7O73S	2578.817629	7
HS_HexA7_HexN6_Ac1_S1_pNP	7	6	13	1	1	C86H129N7O73S	2595.844178	8
HS_HexA7_HexN6_Ac1_S2_pNP	7	6	13	1	2	C86H129N7O76S2	2539.588601	0
HS_HexA7_HexN6_Ac1_S2_pNP	7	6	13	1	2	C86H129N7O76S2	2556.615150	1
HS_HexA7_HexN6_Ac1_S2_pNP	7	6	13	1	2	C86H129N7O76S2	2573.641699	2
HS_HexA7_HexN6_Ac1_S2_pNP	7	6	13	1	2	C86H129N7O76S2	2590.668248	3
HS_HexA7_HexN6_Ac1_S2_pNP	7	6	13	1	2	C86H129N7O76S2	2607.694797	4
HS_HexA7_HexN6_Ac1_S2_pNP	7	6	13	1	2	C86H129N7O76S2	2624.721346	5
HS_HexA7_HexN6_Ac1_S2_pNP	7	6	13	1	2	C86H129N7O76S2	2641.747895	6
HS_HexA7_HexN6_Ac1_S2_pNP	7	6	13	1	2	C86H129N7O76S2	2658.774444	7
HS_HexA7_HexN6_Ac1_S2_pNP	7	6	13	1	2	C86H129N7O76S2	2675.800993	8
HS_HexA7_HexN6_Ac1_S2_pNP	7	6	13	1	2	C86H129N7O76S2	2692.827543	9
HS_HexA7_HexN6_Ac1_S3_pNP	7	6	13	1	3	C86H129N7O79S3	2619.545416	0
HS_HexA7_HexN6_Ac1_S3_pNP	7	6	13	1	3	C86H129N7O79S3	2636.571965	1
HS_HexA7_HexN6_Ac1_S3_pNP	7	6	13	1	3	C86H129N7O79S3	2653.598514	2
HS_HexA7_HexN6_Ac1_S3_pNP	7	6	13	1	3	C86H129N7O79S3	2670.625063	3
HS_HexA7_HexN6_Ac1_S3_pNP	7	6	13	1	3	C86H129N7O79S3	2687.651612	4
HS_HexA7_HexN6_Ac1_S3_pNP	7	6	13	1	3	C86H129N7O79S3	2704.678161	5
HS_HexA7_HexN6_Ac1_S3_pNP	7	6	13	1	3	C86H129N7O79S3	2721.704710	6
HS_HexA7_HexN6_Ac1_S3_pNP	7	6	13	1	3	C86H129N7O79S3	2738.731259	7
HS_HexA7_HexN6_Ac1_S3_pNP	7	6	13	1	3	C86H129N7O79S3	2755.757808	8
HS_HexA7_HexN6_Ac1_S3_pNP	7	6	13	1	3	C86H129N7O79S3	2772.784358	9
HS_HexA7_HexN6_Ac1_S3_pNP	7	6	13	1	3	C86H129N7O79S3	2789.810907	10
HS_HexA7_HexN6_Ac1_S4_pNP	7	6	13	1	4	C86H129N7O82S4	2699.502231	0
HS_HexA7_HexN6_Ac1_S4_pNP	7	6	13	1	4	C86H129N7O82S4	2716.528780	1
HS_HexA7_HexN6_Ac1_S4_pNP	7	6	13	1	4	C86H129N7O82S4	2733.555329	2
HS_HexA7_HexN6_Ac1_S4_pNP	7	6	13	1	4	C86H129N7O82S4	2750.581878	3
HS_HexA7_HexN6_Ac1_S4_pNP	7	6	13	1	4	C86H129N7O82S4	2767.608427	4
HS_HexA7_HexN6_Ac1_S4_pNP	7	6	13	1	4	C86H129N7O82S4	2784.634976	5
HS_HexA7_HexN6_Ac1_S4_pNP	7	6	13	1	4	C86H129N7O82S4	2801.661525	6
HS_HexA7_HexN6_Ac1_S4_pNP	7	6	13	1	4	C86H129N7O82S4	2818.688074	7
HS_HexA7_HexN6_Ac1_S4_pNP	7	6	13	1	4	C86H129N7O82S4	2835.714623	8
HS_HexA7_HexN6_Ac1_S4_pNP	7	6	13	1	4	C86H129N7O82S4	2852.741173	9
HS_HexA7_HexN6_Ac1_S4_pNP	7	6	13	1	4	C86H129N7O82S4	2869.767722	10
HS_HexA7_HexN6_Ac1_S4_pNP	7	6	13	1	4	C86H129N7O82S4	2886.794271	11
HS_HexA7_HexN6_Ac1_S5_pNP	7	6	13	1	5	C86H129N7O85S5	2779.459046	0
HS_HexA7_HexN6_Ac1_S5_pNP	7	6	13	1	5	C86H129N7O85S5	2796.485595	1
HS_HexA7_HexN6_Ac1_S5_pNP	7	6	13	1	5	C86H129N7O85S5	2813.512144	2
HS_HexA7_HexN6_Ac1_S5_pNP	7	6	13	1	5	C86H129N7O85S5	2830.538693	3
HS_HexA7_HexN6_Ac1_S5_pNP	7	6	13	1	5	C86H129N7O85S5	2847.565242	4
HS_HexA7_HexN6_Ac1_S5_pNP	7	6	13	1	5	C86H129N7O85S5	2864.591791	5
HS_HexA7_HexN6_Ac1_S5_pNP	7	6	13	1	5	C86H129N7O85S5	2881.618340	6
HS_HexA7_HexN6_Ac1_S5_pNP	7	6	13	1	5	C86H129N7O85S5	2898.644889	7
HS_HexA7_HexN6_Ac1_S5_pNP	7	6	13	1	5	C86H129N7O85S5	2915.671439	8
HS_HexA7_HexN6_Ac1_S5_pNP	7	6	13	1	5	C86H129N7O85S5	2932.697988	9
HS_HexA7_HexN6_Ac1_S5_pNP	7	6	13	1	5	C86H129N7O85S5	2949.724537	10
HS_HexA7_HexN6_Ac1_S5_pNP	7	6	13	1	5	C86H129N7O85S5	2966.751086	11
HS_HexA7_HexN6_Ac1_S5_pNP	7	6	13	1	5	C86H129N7O85S5	2983.777635	12
HS_HexA7_HexN6_Ac1_S6_pNP	7	6	13	1	6	C86H129N7O88S6	2859.415861	0
HS_HexA7_HexN6_Ac1_S6_pNP	7	6	13	1	6	C86H129N7O88S6	2876.442410	1
HS_HexA7_HexN6_Ac1_S6_pNP	7	6	13	1	6	C86H129N7O88S6	2893.468959	2
HS_HexA7_HexN6_Ac1_S6_pNP	7	6	13	1	6	C86H129N7O88S6	2910.495508	3
HS_HexA7_HexN6_Ac1_S6_pNP	7	6	13	1	6	C86H129N7O88S6	2927.522057	4
HS_HexA7_HexN6_Ac1_S6_pNP	7	6	13	1	6	C86H129N7O88S6	2944.548606	5
HS_HexA7_HexN6_Ac1_S6_pNP	7	6	13	1	6	C86H129N7O88S6	2961.575155	6
HS_HexA7_HexN6_Ac1_S6_pNP	7	6	13	1	6	C86H129N7O88S6	2978.601704	7
HS_HexA7_HexN6_Ac1_S6_pNP	7	6	13	1	6	C86H129N7O88S6	2995.628254	8
HS_HexA7_HexN6_Ac1_S6_pNP	7	6	13	1	6	C86H129N7O88S6	3012.654803	9
HS_HexA7_HexN6_Ac1_S6_pNP	7	6	13	1	6	C86H129N7O88S6	3029.681352	10
HS_HexA7_HexN6_Ac1_S6_pNP	7	6	13	1	6	C86H129N7O88S6	3046.707901	11
HS_HexA7_HexN6_Ac1_S6_pNP	7	6	13	1	6	C86H129N7O88S6	3063.734450	12
HS_HexA7_HexN6_Ac1_S6_pNP	7	6	13	1	6	C86H129N7O88S6	3080.760999	13
HS_HexA7_HexN6_Ac1_S7_pNP	7	6	13	1	7	C86H129N7O91S7	2939.372676	0
HS_HexA7_HexN6_Ac1_S7_pNP	7	6	13	1	7	C86H129N7O91S7	2956.399225	1
HS_HexA7_HexN6_Ac1_S7_pNP	7	6	13	1	7	C86H129N7O91S7	2973.425774	2
HS_HexA7_HexN6_Ac1_S7_pNP	7	6	13	1	7	C86H129N7O91S7	2990.452323	3
HS_HexA7_HexN6_Ac1_S7_pNP	7	6	13	1	7	C86H129N7O91S7	3007.478872	4
HS_HexA7_HexN6_Ac1_S7_pNP	7	6	13	1	7	C86H129N7O91S7	3024.505421	5
HS_HexA7_HexN6_Ac1_S7_pNP	7	6	13	1	7	C86H129N7O91S7	3041.531970	6
HS_HexA7_HexN6_Ac1_S7_pNP	7	6	13	1	7	C86H129N7O91S7	3058.558519	7
HS_HexA7_HexN6_Ac1_S7_pNP	7	6	13	1	7	C86H129N7O91S7	3075.585069	8
HS_HexA7_HexN6_Ac1_S7_pNP	7	6	13	1	7	C86H129N7O91S7	3092.611618	9
HS_HexA7_HexN6_Ac1_S7_pNP	7	6	13	1	7	C86H129N7O91S7	3109.638167	10
HS_HexA7_HexN6_Ac1_S7_pNP	7	6	13	1	7	C86H129N7O91S7	3126.664716	11
HS_HexA7_HexN6_Ac1_S7_pNP	7	6	13	1	7	C86H129N7O91S7	3143.691265	12
HS_HexA7_HexN6_Ac1_S7_pNP	7	6	13	1	7	C86H129N7O91S7	3160.717814	13
HS_HexA7_HexN6_Ac1_S7_pNP	7	6	13	1	7	C86H129N7O91S7	3177.744363	14
HS_HexA7_HexN6_Ac1_S8_pNP	7	6	13	1	8	C86H129N7O94S8	3019.329491	0
HS_HexA7_HexN6_Ac1_S8_pNP	7	6	13	1	8	C86H129N7O94S8	3036.356040	1
HS_HexA7_HexN6_Ac1_S8_pNP	7	6	13	1	8	C86H129N7O94S8	3053.382589	2
HS_HexA7_HexN6_Ac1_S8_pNP	7	6	13	1	8	C86H129N7O94S8	3070.409138	3
HS_HexA7_HexN6_Ac1_S8_pNP	7	6	13	1	8	C86H129N7O94S8	3087.435687	4
HS_HexA7_HexN6_Ac1_S8_pNP	7	6	13	1	8	C86H129N7O94S8	3104.462236	5
HS_HexA7_HexN6_Ac1_S8_pNP	7	6	13	1	8	C86H129N7O94S8	3121.488785	6
HS_HexA7_HexN6_Ac1_S8_pNP	7	6	13	1	8	C86H129N7O94S8	3138.515335	7
HS_HexA7_HexN6_Ac1_S8_pNP	7	6	13	1	8	C86H129N7O94S8	3155.541884	8
HS_HexA7_HexN6_Ac1_S8_pNP	7	6	13	1	8	C86H129N7O94S8	3172.568433	9
HS_HexA7_HexN6_Ac1_S8_pNP	7	6	13	1	8	C86H129N7O94S8	3189.594982	10
HS_HexA7_HexN6_Ac1_S8_pNP	7	6	13	1	8	C86H129N7O94S8	3206.621531	11
HS_HexA7_HexN6_Ac1_S8_pNP	7	6	13	1	8	C86H129N7O94S8	3223.648080	12
HS_HexA7_HexN6_Ac1_S8_pNP	7	6	13	1	8	C86H129N7O94S8	3240.674629	13
HS_HexA7_HexN6_Ac1_S8_pNP	7	6	13	1	8	C86H129N7O94S8	3257.701178	14
HS_HexA7_HexN6_Ac1_S8_pNP	7	6	13	1	8	C86H129N7O94S8	3274.727727	15
HS_HexA7_HexN6_Ac1_S9_pNP	7	6	13	1	9	C86H129N7O97S9	3099.286306	0
HS_HexA7_HexN6_Ac1_S9_pNP	7	6	13	1	9	C86H129N7O97S9	3116.312855	1
HS_HexA7_HexN6_Ac1_S9_pNP	7	6	13	1	9	C86H129N7O97S9	3133.339404	2
HS_HexA7_HexN6_Ac1_S9_pNP	7	6	13	1	9	C86H129N7O97S9	3150.365953	3
HS_HexA7_HexN6_Ac1_S9_pNP	7	6	13	1	9	C86H129N7O97S9	3167.392502	4
HS_HexA7_HexN6_Ac1_S9_pNP	7	6	13	1	9	C86H129N7O97S9	3184.419051	5
HS_HexA7_HexN6_Ac1_S9_pNP	7	6	13	1	9	C86H129N7O97S9	3201.445600	6
HS_HexA7_HexN6_Ac1_S9_pNP	7	6	13	1	9	C86H129N7O97S9	3218.472150	7
HS_HexA7_HexN6_Ac1_S9_pNP	7	6	13	1	9	C86H129N7O97S9	3235.498699	8
HS_HexA7_HexN6_Ac1_S9_pNP	7	6	13	1	9	C86H129N7O97S9	3252.525248	9
HS_HexA7_HexN6_Ac1_S9_pNP	7	6	13	1	9	C86H129N7O97S9	3269.551797	10
HS_HexA7_HexN6_Ac1_S9_pNP	7	6	13	1	9	C86H129N7O97S9	3286.578346	11
HS_HexA7_HexN6_Ac1_S9_pNP	7	6	13	1	9	C86H129N7O97S9	3303.604895	12
HS_HexA7_HexN6_Ac1_S9_pNP	7	6	13	1	9	C86H129N7O97S9	3320.631444	13
HS_HexA7_HexN6_Ac1_S9_pNP	7	6	13	1	9	C86H129N7O97S9	3337.657993	14
HS_HexA7_HexN6_Ac1_S9_pNP	7	6	13	1	9	C86H129N7O97S9	3354.684542	15
HS_HexA7_HexN6_Ac1_S9_pNP	7	6	13	1	9	C86H129N7O97S9	3371.711091	16
HS_HexA7_HexN6_Ac1_S10_pNP	7	6	13	1	10	C86H129N7O100S10	3179.243121	0
HS_HexA7_HexN6_Ac1_S10_pNP	7	6	13	1	10	C86H129N7O100S10	3196.269670	1
HS_HexA7_HexN6_Ac1_S10_pNP	7	6	13	1	10	C86H129N7O100S10	3213.296219	2
HS_HexA7_HexN6_Ac1_S10_pNP	7	6	13	1	10	C86H129N7O100S10	3230.322768	3
HS_HexA7_HexN6_Ac1_S10_pNP	7	6	13	1	10	C86H129N7O100S10	3247.349317	4
HS_HexA7_HexN6_Ac1_S10_pNP	7	6	13	1	10	C86H129N7O100S10	3264.375866	5
HS_HexA7_HexN6_Ac1_S10_pNP	7	6	13	1	10	C86H129N7O100S10	3281.402415	6
HS_HexA7_HexN6_Ac1_S10_pNP	7	6	13	1	10	C86H129N7O100S10	3298.428965	7
HS_HexA7_HexN6_Ac1_S10_pNP	7	6	13	1	10	C86H129N7O100S10	3315.455514	8
HS_HexA7_HexN6_Ac1_S10_pNP	7	6	13	1	10	C86H129N7O100S10	3332.482063	9
HS_HexA7_HexN6_Ac1_S10_pNP	7	6	13	1	10	C86H129N7O100S10	3349.508612	10
HS_HexA7_HexN6_Ac1_S10_pNP	7	6	13	1	10	C86H129N7O100S10	3366.535161	11
HS_HexA7_HexN6_Ac1_S10_pNP	7	6	13	1	10	C86H129N7O100S10	3383.561710	12
HS_HexA7_HexN6_Ac1_S10_pNP	7	6	13	1	10	C86H129N7O100S10	3400.588259	13
HS_HexA7_HexN6_Ac1_S10_pNP	7	6	13	1	10	C86H129N7O100S10	3417.614808	14
HS_HexA7_HexN6_Ac1_S10_pNP	7	6	13	1	10	C86H129N7O100S10	3434.641357	15
HS_HexA7_HexN6_Ac1_S10_pNP	7	6	13	1	10	C86H129N7O100S10	3451.667907	16
HS_HexA7_HexN6_Ac1_S10_pNP	7	6	13	1	10	C86H129N7O100S10	3468.694456	17
HS_HexA7_HexN6_Ac1_S11_pNP	7	6	13	1	11	C86H129N7O103S11	3259.199936	0
HS_HexA7_HexN6_Ac1_S11_pNP	7	6	13	1	11	C86H129N7O103S11	3276.226485	1
HS_HexA7_HexN6_Ac1_S11_pNP	7	6	13	1	11	C86H129N7O103S11	3293.253034	2
HS_HexA7_HexN6_Ac1_S11_pNP	7	6	13	1	11	C86H129N7O103S11	3310.279583	3
HS_HexA7_HexN6_Ac1_S11_pNP	7	6	13	1	11	C86H129N7O103S11	3327.306132	4
HS_HexA7_HexN6_Ac1_S11_pNP	7	6	13	1	11	C86H129N7O103S11	3344.332681	5
HS_HexA7_HexN6_Ac1_S11_pNP	7	6	13	1	11	C86H129N7O103S11	3361.359231	6
HS_HexA7_HexN6_Ac1_S11_pNP	7	6	13	1	11	C86H129N7O103S11	3378.385780	7
HS_HexA7_HexN6_Ac1_S11_pNP	7	6	13	1	11	C86H129N7O103S11	3395.412329	8
HS_HexA7_HexN6_Ac1_S11_pNP	7	6	13	1	11	C86H129N7O103S11	3412.438878	9
HS_HexA7_HexN6_Ac1_S11_pNP	7	6	13	1	11	C86H129N7O103S11	3429.465427	10
HS_HexA7_HexN6_Ac1_S11_pNP	7	6	13	1	11	C86H129N7O103S11	3446.491976	11
HS_HexA7_HexN6_Ac1_S11_pNP	7	6	13	1	11	C86H129N7O103S11	3463.518525	12
HS_HexA7_HexN6_Ac1_S11_pNP	7	6	13	1	11	C86H129N7O103S11	3480.545074	13
HS_HexA7_HexN6_Ac1_S11_pNP	7	6	13	1	11	C86H129N7O103S11	3497.571623	14
HS_HexA7_HexN6_Ac1_S11_pNP	7	6	13	1	11	C86H129N7O103S11	3514.598172	15
HS_HexA7_HexN6_Ac1_S11_pNP	7	6	13	1	11	C86H129N7O103S11	3531.624722	16
HS_HexA7_HexN6_Ac1_S11_pNP	7	6	13	1	11	C86H129N7O103S11	3548.651271	17
HS_HexA7_HexN6_Ac1_S11_pNP	7	6	13	1	11	C86H129N7O103S11	3565.677820	18
HS_HexA7_HexN6_Ac1_S12_pNP	7	6	13	1	12	C86H129N7O106S12	3339.156751	0
HS_HexA7_HexN6_Ac1_S12_pNP	7	6	13	1	12	C86H129N7O106S12	3356.183300	1
HS_HexA7_HexN6_Ac1_S12_pNP	7	6	13	1	12	C86H129N7O106S12	3373.209849	2
HS_HexA7_HexN6_Ac1_S12_pNP	7	6	13	1	12	C86H129N7O106S12	3390.236398	3
HS_HexA7_HexN6_Ac1_S12_pNP	7	6	13	1	12	C86H129N7O106S12	3407.262947	4
HS_HexA7_HexN6_Ac1_S12_pNP	7	6	13	1	12	C86H129N7O106S12	3424.289496	5
HS_HexA7_HexN6_Ac1_S12_pNP	7	6	13	1	12	C86H129N7O106S12	3441.316046	6
HS_HexA7_HexN6_Ac1_S12_pNP	7	6	13	1	12	C86H129N7O106S12	3458.342595	7
HS_HexA7_HexN6_Ac1_S12_pNP	7	6	13	1	12	C86H129N7O106S12	3475.369144	8
HS_HexA7_HexN6_Ac1_S12_pNP	7	6	13	1	12	C86H129N7O106S12	3492.395693	9
HS_HexA7_HexN6_Ac1_S12_pNP	7	6	13	1	12	C86H129N7O106S12	3509.422242	10
HS_HexA7_HexN6_Ac1_S12_pNP	7	6	13	1	12	C86H129N7O106S12	3526.448791	11
HS_HexA7_HexN6_Ac1_S12_pNP	7	6	13	1	12	C86H129N7O106S12	3543.475340	12
HS_HexA7_HexN6_Ac1_S12_pNP	7	6	13	1	12	C86H129N7O106S12	3560.501889	13
HS_HexA7_HexN6_Ac1_S12_pNP	7	6	13	1	12	C86H129N7O106S12	3577.528438	14
HS_HexA7_HexN6_Ac1_S12_pNP	7	6	13	1	12	C86H129N7O106S12	3594.554987	15
HS_HexA7_HexN6_Ac1_S12_pNP	7	6	13	1	12	C86H129N7O106S12	3611.581537	16
HS_HexA7_HexN6_Ac1_S12_pNP	7	6	13	1	12	C86H129N7O106S12	3628.608086	17
HS_HexA7_HexN6_Ac1_S12_pNP	7	6	13	1	12	C86H129N7O106S12	3645.634635	18
HS_HexA7_HexN6_Ac1_S12_pNP	7	6	13	1	12	C86H129N7O106S12	3662.661184	19
HS_HexA7_HexN6_Ac1_S13_pNP	7	6	13	1	13	C86H129N7O109S13	3419.113566	0
HS_HexA7_HexN6_Ac1_S13_pNP	7	6	13	1	13	C86H129N7O109S13	3436.140115	1
HS_HexA7_HexN6_Ac1_S13_pNP	7	6	13	1	13	C86H129N7O109S13	3453.166664	2
HS_HexA7_HexN6_Ac1_S13_pNP	7	6	13	1	13	C86H129N7O109S13	3470.193213	3
HS_HexA7_HexN6_Ac1_S13_pNP	7	6	13	1	13	C86H129N7O109S13	3487.219762	4
HS_HexA7_HexN6_Ac1_S13_pNP	7	6	13	1	13	C86H129N7O109S13	3504.246311	5
HS_HexA7_HexN6_Ac1_S13_pNP	7	6	13	1	13	C86H129N7O109S13	3521.272861	6
HS_HexA7_HexN6_Ac1_S13_pNP	7	6	13	1	13	C86H129N7O109S13	3538.299410	7
HS_HexA7_HexN6_Ac1_S13_pNP	7	6	13	1	13	C86H129N7O109S13	3555.325959	8
HS_HexA7_HexN6_Ac1_S13_pNP	7	6	13	1	13	C86H129N7O109S13	3572.352508	9
HS_HexA7_HexN6_Ac1_S13_pNP	7	6	13	1	13	C86H129N7O109S13	3589.379057	10
HS_HexA7_HexN6_Ac1_S13_pNP	7	6	13	1	13	C86H129N7O109S13	3606.405606	11
HS_HexA7_HexN6_Ac1_S13_pNP	7	6	13	1	13	C86H129N7O109S13	3623.432155	12
HS_HexA7_HexN6_Ac1_S13_pNP	7	6	13	1	13	C86H129N7O109S13	3640.458704	13
HS_HexA7_HexN6_Ac1_S13_pNP	7	6	13	1	13	C86H129N7O109S13	3657.485253	14
HS_HexA7_HexN6_Ac1_S13_pNP	7	6	13	1	13	C86H129N7O109S13	3674.511803	15
HS_HexA7_HexN6_Ac1_S13_pNP	7	6	13	1	13	C86H129N7O109S13	3691.538352	16
HS_HexA7_HexN6_Ac1_S13_pNP	7	6	13	1	13	C86H129N7O109S13	3708.564901	17
HS_HexA7_HexN6_Ac1_S13_pNP	7	6	13	1	13	C86H129N7O109S13	3725.591450	18
HS_HexA7_HexN6_Ac1_S13_pNP	7	6	13	1	13	C86H129N7O109S13	3742.617999	19
HS_HexA7_HexN6_Ac1_S13_pNP	7	6	13	1	13	C86H129N7O109S13	3759.644548	20
HS_HexA7_HexN6_Ac1_S14_pNP	7	6	13	1	14	C86H129N7O112S14	3499.070381	0
HS_HexA7_HexN6_Ac1_S14_pNP	7	6	13	1	14	C86H129N7O112S14	3516.096930	1
HS_HexA7_HexN6_Ac1_S14_pNP	7	6	13	1	14	C86H129N7O112S14	3533.123479	2
HS_HexA7_HexN6_Ac1_S14_pNP	7	6	13	1	14	C86H129N7O112S14	3550.150028	3
HS_HexA7_HexN6_Ac1_S14_pNP	7	6	13	1	14	C86H129N7O112S14	3567.176577	4
HS_HexA7_HexN6_Ac1_S14_pNP	7	6	13	1	14	C86H129N7O112S14	3584.203127	5
HS_HexA7_HexN6_Ac1_S14_pNP	7	6	13	1	14	C86H129N7O112S14	3601.229676	6
HS_HexA7_HexN6_Ac1_S14_pNP	7	6	13	1	14	C86H129N7O112S14	3618.256225	7
HS_HexA7_HexN6_Ac1_S14_pNP	7	6	13	1	14	C86H129N7O112S14	3635.282774	8
HS_HexA7_HexN6_Ac1_S14_pNP	7	6	13	1	14	C86H129N7O112S14	3652.309323	9
HS_HexA7_HexN6_Ac1_S14_pNP	7	6	13	1	14	C86H129N7O112S14	3669.335872	10
HS_HexA7_HexN6_Ac1_S14_pNP	7	6	13	1	14	C86H129N7O112S14	3686.362421	11
HS_HexA7_HexN6_Ac1_S14_pNP	7	6	13	1	14	C86H129N7O112S14	3703.388970	12
HS_HexA7_HexN6_Ac1_S14_pNP	7	6	13	1	14	C86H129N7O112S14	3720.415519	13
HS_HexA7_HexN6_Ac1_S14_pNP	7	6	13	1	14	C86H129N7O112S14	3737.442068	14
HS_HexA7_HexN6_Ac1_S14_pNP	7	6	13	1	14	C86H129N7O112S14	3754.468618	15
HS_HexA7_HexN6_Ac1_S14_pNP	7	6	13	1	14	C86H129N7O112S14	3771.495167	16
HS_HexA7_HexN6_Ac1_S14_pNP	7	6	13	1	14	C86H129N7O112S14	3788.521716	17
HS_HexA7_HexN6_Ac1_S14_pNP	7	6	13	1	14	C86H129N7O112S14	3805.548265	18
HS_HexA7_HexN6_Ac1_S14_pNP	7	6	13	1	14	C86H129N7O112S14	3822.574814	19
HS_HexA7_HexN6_Ac1_S14_pNP	7	6	13	1	14	C86H129N7O112S14	3839.601363	20
HS_HexA7_HexN6_Ac1_S14_pNP	7	6	13	1	14	C86H129N7O112S14	3856.627912	21
HS_HexA7_HexN6_Ac1_S15_pNP	7	6	13	1	15	C86H129N7O115S15	3579.027196	0
HS_HexA7_HexN6_Ac1_S15_pNP	7	6	13	1	15	C86H129N7O115S15	3596.053745	1
HS_HexA7_HexN6_Ac1_S15_pNP	7	6	13	1	15	C86H129N7O115S15	3613.080294	2
HS_HexA7_HexN6_Ac1_S15_pNP	7	6	13	1	15	C86H129N7O115S15	3630.106843	3
HS_HexA7_HexN6_Ac1_S15_pNP	7	6	13	1	15	C86H129N7O115S15	3647.133392	4
HS_HexA7_HexN6_Ac1_S15_pNP	7	6	13	1	15	C86H129N7O115S15	3664.159942	5
HS_HexA7_HexN6_Ac1_S15_pNP	7	6	13	1	15	C86H129N7O115S15	3681.186491	6
HS_HexA7_HexN6_Ac1_S15_pNP	7	6	13	1	15	C86H129N7O115S15	3698.213040	7
HS_HexA7_HexN6_Ac1_S15_pNP	7	6	13	1	15	C86H129N7O115S15	3715.239589	8
HS_HexA7_HexN6_Ac1_S15_pNP	7	6	13	1	15	C86H129N7O115S15	3732.266138	9
HS_HexA7_HexN6_Ac1_S15_pNP	7	6	13	1	15	C86H129N7O115S15	3749.292687	10
HS_HexA7_HexN6_Ac1_S15_pNP	7	6	13	1	15	C86H129N7O115S15	3766.319236	11
HS_HexA7_HexN6_Ac1_S15_pNP	7	6	13	1	15	C86H129N7O115S15	3783.345785	12
HS_HexA7_HexN6_Ac1_S15_pNP	7	6	13	1	15	C86H129N7O115S15	3800.372334	13
HS_HexA7_HexN6_Ac1_S15_pNP	7	6	13	1	15	C86H129N7O115S15	3817.398883	14
HS_HexA7_HexN6_Ac1_S15_pNP	7	6	13	1	15	C86H129N7O115S15	3834.425433	15
HS_HexA7_HexN6_Ac1_S15_pNP	7	6	13	1	15	C86H129N7O115S15	3851.451982	16
HS_HexA7_HexN6_Ac1_S15_pNP	7	6	13	1	15	C86H129N7O115S15	3868.478531	17
HS_HexA7_HexN6_Ac1_S15_pNP	7	6	13	1	15	C86H129N7O115S15	3885.505080	18
HS_HexA7_HexN6_Ac1_S15_pNP	7	6	13	1	15	C86H129N7O115S15	3902.531629	19
HS_HexA7_HexN6_Ac1_S15_pNP	7	6	13	1	15	C86H129N7O115S15	3919.558178	20
HS_HexA7_HexN6_Ac1_S15_pNP	7	6	13	1	15	C86H129N7O115S15	3936.584727	21
HS_HexA7_HexN6_Ac1_S15_pNP	7	6	13	1	15	C86H129N7O115S15	3953.611276	22
HS_HexA7_HexN6_Ac1_S16_pNP	7	6	13	1	16	C86H129N7O118S16	3658.984011	0
HS_HexA7_HexN6_Ac1_S16_pNP	7	6	13	1	16	C86H129N7O118S16	3676.010560	1
HS_HexA7_HexN6_Ac1_S16_pNP	7	6	13	1	16	C86H129N7O118S16	3693.037109	2
HS_HexA7_HexN6_Ac1_S16_pNP	7	6	13	1	16	C86H129N7O118S16	3710.063658	3
HS_HexA7_HexN6_Ac1_S16_pNP	7	6	13	1	16	C86H129N7O118S16	3727.090207	4
HS_HexA7_HexN6_Ac1_S16_pNP	7	6	13	1	16	C86H129N7O118S16	3744.116757	5
HS_HexA7_HexN6_Ac1_S16_pNP	7	6	13	1	16	C86H129N7O118S16	3761.143306	6
HS_HexA7_HexN6_Ac1_S16_pNP	7	6	13	1	16	C86H129N7O118S16	3778.169855	7
HS_HexA7_HexN6_Ac1_S16_pNP	7	6	13	1	16	C86H129N7O118S16	3795.196404	8
HS_HexA7_HexN6_Ac1_S16_pNP	7	6	13	1	16	C86H129N7O118S16	3812.222953	9
HS_HexA7_HexN6_Ac1_S16_pNP	7	6	13	1	16	C86H129N7O118S16	3829.249502	10
HS_HexA7_HexN6_Ac1_S16_pNP	7	6	13	1	16	C86H129N7O118S16	3846.276051	11
HS_HexA7_HexN6_Ac1_S16_pNP	7	6	13	1	16	C86H129N7O118S16	3863.302600	12
HS_HexA7_HexN6_Ac1_S16_pNP	7	6	13	1	16	C86H129N7O118S16	3880.329149	13
HS_HexA7_HexN6_Ac1_S16_pNP	7	6	13	1	16	C86H129N7O118S16	3897.355699	14
HS_HexA7_HexN6_Ac1_S16_pNP	7	6	13	1	16	C86H129N7O118S16	3914.382248	15
HS_HexA7_HexN6_Ac1_S16_pNP	7	6	13	1	16	C86H129N7O118S16	3931.408797	16
HS_HexA7_HexN6_Ac1_S16_pNP	7	6	13	1	16	C86H129N7O118S16	3948.435346	17
HS_HexA7_HexN6_Ac1_S16_pNP	7	6	13	1	16	C86H129N7O118S16	3965.461895	18
HS_HexA7_HexN6_Ac1_S16_pNP	7	6	13	1	16	C86H129N7O118S16	3982.488444	19
HS_HexA7_HexN6_Ac1_S16_pNP	7	6	13	1	16	C86H129N7O118S16	3999.514993	20
HS_HexA7_HexN6_Ac1_S16_pNP	7	6	13	1	16	C86H129N7O118S16	4016.541542	21
HS_HexA7_HexN6_Ac1_S16_pNP	7	6	13	1	16	C86H129N7O118S16	4033.568091	22
HS_HexA7_HexN6_Ac1_S16_pNP	7	6	13	1	16	C86H129N7O118S16	4050.594640	23
HS_HexA7_HexN6_Ac1_S17_pNP	7	6	13	1	17	C86H129N7O121S17	3738.940826	0
HS_HexA7_HexN6_Ac1_S17_pNP	7	6	13	1	17	C86H129N7O121S17	3755.967375	1
HS_HexA7_HexN6_Ac1_S17_pNP	7	6	13	1	17	C86H129N7O121S17	3772.993924	2
HS_HexA7_HexN6_Ac1_S17_pNP	7	6	13	1	17	C86H129N7O121S17	3790.020473	3
HS_HexA7_HexN6_Ac1_S17_pNP	7	6	13	1	17	C86H129N7O121S17	3807.047023	4
HS_HexA7_HexN6_Ac1_S17_pNP	7	6	13	1	17	C86H129N7O121S17	3824.073572	5
HS_HexA7_HexN6_Ac1_S17_pNP	7	6	13	1	17	C86H129N7O121S17	3841.100121	6
HS_HexA7_HexN6_Ac1_S17_pNP	7	6	13	1	17	C86H129N7O121S17	3858.126670	7
HS_HexA7_HexN6_Ac1_S17_pNP	7	6	13	1	17	C86H129N7O121S17	3875.153219	8
HS_HexA7_HexN6_Ac1_S17_pNP	7	6	13	1	17	C86H129N7O121S17	3892.179768	9
HS_HexA7_HexN6_Ac1_S17_pNP	7	6	13	1	17	C86H129N7O121S17	3909.206317	10
HS_HexA7_HexN6_Ac1_S17_pNP	7	6	13	1	17	C86H129N7O121S17	3926.232866	11
HS_HexA7_HexN6_Ac1_S17_pNP	7	6	13	1	17	C86H129N7O121S17	3943.259415	12
HS_HexA7_HexN6_Ac1_S17_pNP	7	6	13	1	17	C86H129N7O121S17	3960.285964	13
HS_HexA7_HexN6_Ac1_S17_pNP	7	6	13	1	17	C86H129N7O121S17	3977.312514	14
HS_HexA7_HexN6_Ac1_S17_pNP	7	6	13	1	17	C86H129N7O121S17	3994.339063	15
HS_HexA7_HexN6_Ac1_S17_pNP	7	6	13	1	17	C86H129N7O121S17	4011.365612	16
HS_HexA7_HexN6_Ac1_S17_pNP	7	6	13	1	17	C86H129N7O121S17	4028.392161	17
HS_HexA7_HexN6_Ac1_S17_pNP	7	6	13	1	17	C86H129N7O121S17	4045.418710	18
HS_HexA7_HexN6_Ac1_S17_pNP	7	6	13	1	17	C86H129N7O121S17	4062.445259	19
HS_HexA7_HexN6_Ac1_S17_pNP	7	6	13	1	17	C86H129N7O121S17	4079.471808	20
HS_HexA7_HexN6_Ac1_S17_pNP	7	6	13	1	17	C86H129N7O121S17	4096.498357	21
HS_HexA7_HexN6_Ac1_S17_pNP	7	6	13	1	17	C86H129N7O121S17	4113.524906	22
HS_HexA7_HexN6_Ac1_S17_pNP	7	6	13	1	17	C86H129N7O121S17	4130.551455	23
HS_HexA7_HexN6_Ac1_S17_pNP	7	6	13	1	17	C86H129N7O121S17	4147.578005	24
HS_HexA7_HexN6_Ac1_S18_pNP	7	6	13	1	18	C86H129N7O124S18	3818.897641	0
HS_HexA7_HexN6_Ac1_S18_pNP	7	6	13	1	18	C86H129N7O124S18	3835.924190	1
HS_HexA7_HexN6_Ac1_S18_pNP	7	6	13	1	18	C86H129N7O124S18	3852.950739	2
HS_HexA7_HexN6_Ac1_S18_pNP	7	6	13	1	18	C86H129N7O124S18	3869.977288	3
HS_HexA7_HexN6_Ac1_S18_pNP	7	6	13	1	18	C86H129N7O124S18	3887.003838	4
HS_HexA7_HexN6_Ac1_S18_pNP	7	6	13	1	18	C86H129N7O124S18	3904.030387	5
HS_HexA7_HexN6_Ac1_S18_pNP	7	6	13	1	18	C86H129N7O124S18	3921.056936	6
HS_HexA7_HexN6_Ac1_S18_pNP	7	6	13	1	18	C86H129N7O124S18	3938.083485	7
HS_HexA7_HexN6_Ac1_S18_pNP	7	6	13	1	18	C86H129N7O124S18	3955.110034	8
HS_HexA7_HexN6_Ac1_S18_pNP	7	6	13	1	18	C86H129N7O124S18	3972.136583	9
HS_HexA7_HexN6_Ac1_S18_pNP	7	6	13	1	18	C86H129N7O124S18	3989.163132	10
HS_HexA7_HexN6_Ac1_S18_pNP	7	6	13	1	18	C86H129N7O124S18	4006.189681	11
HS_HexA7_HexN6_Ac1_S18_pNP	7	6	13	1	18	C86H129N7O124S18	4023.216230	12
HS_HexA7_HexN6_Ac1_S18_pNP	7	6	13	1	18	C86H129N7O124S18	4040.242779	13
HS_HexA7_HexN6_Ac1_S18_pNP	7	6	13	1	18	C86H129N7O124S18	4057.269329	14
HS_HexA7_HexN6_Ac1_S18_pNP	7	6	13	1	18	C86H129N7O124S18	4074.295878	15
HS_HexA7_HexN6_Ac1_S18_pNP	7	6	13	1	18	C86H129N7O124S18	4091.322427	16
HS_HexA7_HexN6_Ac1_S18_pNP	7	6	13	1	18	C86H129N7O124S18	4108.348976	17
HS_HexA7_HexN6_Ac1_S18_pNP	7	6	13	1	18	C86H129N7O124S18	4125.375525	18
HS_HexA7_HexN6_Ac1_S18_pNP	7	6	13	1	18	C86H129N7O124S18	4142.402074	19
HS_HexA7_HexN6_Ac1_S18_pNP	7	6	13	1	18	C86H129N7O124S18	4159.428623	20
HS_HexA7_HexN6_Ac1_S18_pNP	7	6	13	1	18	C86H129N7O124S18	4176.455172	21
HS_HexA7_HexN6_Ac1_S18_pNP	7	6	13	1	18	C86H129N7O124S18	4193.481721	22
HS_HexA7_HexN6_Ac1_S18_pNP	7	6	13	1	18	C86H129N7O124S18	4210.508270	23
HS_HexA7_HexN6_Ac1_S18_pNP	7	6	13	1	18	C86H129N7O124S18	4227.534820	24
HS_HexA7_HexN6_Ac1_S18_pNP	7	6	13	1	18	C86H129N7O124S18	4244.561369	25
HS_HexA7_HexN6_Ac2_S0_pNP	7	6	13	2	0	C88H131N7O71	2421.685535	0
HS_HexA7_HexN6_Ac2_S0_pNP	7	6	13	2	0	C88H131N7O71	2438.712084	1
HS_HexA7_HexN6_Ac2_S0_pNP	7	6	13	2	0	C88H131N7O71	2455.738633	2
HS_HexA7_HexN6_Ac2_S0_pNP	7	6	13	2	0	C88H131N7O71	2472.765183	3
HS_HexA7_HexN6_Ac2_S0_pNP	7	6	13	2	0	C88H131N7O71	2489.791732	4
HS_HexA7_HexN6_Ac2_S0_pNP	7	6	13	2	0	C88H131N7O71	2506.818281	5
HS_HexA7_HexN6_Ac2_S0_pNP	7	6	13	2	0	C88H131N7O71	2523.844830	6
HS_HexA7_HexN6_Ac2_S0_pNP	7	6	13	2	0	C88H131N7O71	2540.871379	7
HS_HexA7_HexN6_Ac2_S1_pNP	7	6	13	2	1	C88H131N7O74S	2501.642350	0
HS_HexA7_HexN6_Ac2_S1_pNP	7	6	13	2	1	C88H131N7O74S	2518.668899	1
HS_HexA7_HexN6_Ac2_S1_pNP	7	6	13	2	1	C88H131N7O74S	2535.695448	2
HS_HexA7_HexN6_Ac2_S1_pNP	7	6	13	2	1	C88H131N7O74S	2552.721998	3
HS_HexA7_HexN6_Ac2_S1_pNP	7	6	13	2	1	C88H131N7O74S	2569.748547	4
HS_HexA7_HexN6_Ac2_S1_pNP	7	6	13	2	1	C88H131N7O74S	2586.775096	5
HS_HexA7_HexN6_Ac2_S1_pNP	7	6	13	2	1	C88H131N7O74S	2603.801645	6
HS_HexA7_HexN6_Ac2_S1_pNP	7	6	13	2	1	C88H131N7O74S	2620.828194	7
HS_HexA7_HexN6_Ac2_S1_pNP	7	6	13	2	1	C88H131N7O74S	2637.854743	8
HS_HexA7_HexN6_Ac2_S2_pNP	7	6	13	2	2	C88H131N7O77S2	2581.599165	0
HS_HexA7_HexN6_Ac2_S2_pNP	7	6	13	2	2	C88H131N7O77S2	2598.625714	1
HS_HexA7_HexN6_Ac2_S2_pNP	7	6	13	2	2	C88H131N7O77S2	2615.652264	2
HS_HexA7_HexN6_Ac2_S2_pNP	7	6	13	2	2	C88H131N7O77S2	2632.678813	3
HS_HexA7_HexN6_Ac2_S2_pNP	7	6	13	2	2	C88H131N7O77S2	2649.705362	4
HS_HexA7_HexN6_Ac2_S2_pNP	7	6	13	2	2	C88H131N7O77S2	2666.731911	5
HS_HexA7_HexN6_Ac2_S2_pNP	7	6	13	2	2	C88H131N7O77S2	2683.758460	6
HS_HexA7_HexN6_Ac2_S2_pNP	7	6	13	2	2	C88H131N7O77S2	2700.785009	7
HS_HexA7_HexN6_Ac2_S2_pNP	7	6	13	2	2	C88H131N7O77S2	2717.811558	8
HS_HexA7_HexN6_Ac2_S2_pNP	7	6	13	2	2	C88H131N7O77S2	2734.838107	9
HS_HexA7_HexN6_Ac2_S3_pNP	7	6	13	2	3	C88H131N7O80S3	2661.555980	0
HS_HexA7_HexN6_Ac2_S3_pNP	7	6	13	2	3	C88H131N7O80S3	2678.582529	1
HS_HexA7_HexN6_Ac2_S3_pNP	7	6	13	2	3	C88H131N7O80S3	2695.609079	2
HS_HexA7_HexN6_Ac2_S3_pNP	7	6	13	2	3	C88H131N7O80S3	2712.635628	3
HS_HexA7_HexN6_Ac2_S3_pNP	7	6	13	2	3	C88H131N7O80S3	2729.662177	4
HS_HexA7_HexN6_Ac2_S3_pNP	7	6	13	2	3	C88H131N7O80S3	2746.688726	5
HS_HexA7_HexN6_Ac2_S3_pNP	7	6	13	2	3	C88H131N7O80S3	2763.715275	6
HS_HexA7_HexN6_Ac2_S3_pNP	7	6	13	2	3	C88H131N7O80S3	2780.741824	7
HS_HexA7_HexN6_Ac2_S3_pNP	7	6	13	2	3	C88H131N7O80S3	2797.768373	8
HS_HexA7_HexN6_Ac2_S3_pNP	7	6	13	2	3	C88H131N7O80S3	2814.794922	9
HS_HexA7_HexN6_Ac2_S3_pNP	7	6	13	2	3	C88H131N7O80S3	2831.821471	10
HS_HexA7_HexN6_Ac2_S4_pNP	7	6	13	2	4	C88H131N7O83S4	2741.512795	0
HS_HexA7_HexN6_Ac2_S4_pNP	7	6	13	2	4	C88H131N7O83S4	2758.539344	1
HS_HexA7_HexN6_Ac2_S4_pNP	7	6	13	2	4	C88H131N7O83S4	2775.565894	2
HS_HexA7_HexN6_Ac2_S4_pNP	7	6	13	2	4	C88H131N7O83S4	2792.592443	3
HS_HexA7_HexN6_Ac2_S4_pNP	7	6	13	2	4	C88H131N7O83S4	2809.618992	4
HS_HexA7_HexN6_Ac2_S4_pNP	7	6	13	2	4	C88H131N7O83S4	2826.645541	5
HS_HexA7_HexN6_Ac2_S4_pNP	7	6	13	2	4	C88H131N7O83S4	2843.672090	6
HS_HexA7_HexN6_Ac2_S4_pNP	7	6	13	2	4	C88H131N7O83S4	2860.698639	7
HS_HexA7_HexN6_Ac2_S4_pNP	7	6	13	2	4	C88H131N7O83S4	2877.725188	8
HS_HexA7_HexN6_Ac2_S4_pNP	7	6	13	2	4	C88H131N7O83S4	2894.751737	9
HS_HexA7_HexN6_Ac2_S4_pNP	7	6	13	2	4	C88H131N7O83S4	2911.778286	10
HS_HexA7_HexN6_Ac2_S4_pNP	7	6	13	2	4	C88H131N7O83S4	2928.804835	11
HS_HexA7_HexN6_Ac2_S5_pNP	7	6	13	2	5	C88H131N7O86S5	2821.469610	0
HS_HexA7_HexN6_Ac2_S5_pNP	7	6	13	2	5	C88H131N7O86S5	2838.496160	1
HS_HexA7_HexN6_Ac2_S5_pNP	7	6	13	2	5	C88H131N7O86S5	2855.522709	2
HS_HexA7_HexN6_Ac2_S5_pNP	7	6	13	2	5	C88H131N7O86S5	2872.549258	3
HS_HexA7_HexN6_Ac2_S5_pNP	7	6	13	2	5	C88H131N7O86S5	2889.575807	4
HS_HexA7_HexN6_Ac2_S5_pNP	7	6	13	2	5	C88H131N7O86S5	2906.602356	5
HS_HexA7_HexN6_Ac2_S5_pNP	7	6	13	2	5	C88H131N7O86S5	2923.628905	6
HS_HexA7_HexN6_Ac2_S5_pNP	7	6	13	2	5	C88H131N7O86S5	2940.655454	7
HS_HexA7_HexN6_Ac2_S5_pNP	7	6	13	2	5	C88H131N7O86S5	2957.682003	8
HS_HexA7_HexN6_Ac2_S5_pNP	7	6	13	2	5	C88H131N7O86S5	2974.708552	9
HS_HexA7_HexN6_Ac2_S5_pNP	7	6	13	2	5	C88H131N7O86S5	2991.735101	10
HS_HexA7_HexN6_Ac2_S5_pNP	7	6	13	2	5	C88H131N7O86S5	3008.761651	11
HS_HexA7_HexN6_Ac2_S5_pNP	7	6	13	2	5	C88H131N7O86S5	3025.788200	12
HS_HexA7_HexN6_Ac2_S6_pNP	7	6	13	2	6	C88H131N7O89S6	2901.426425	0
HS_HexA7_HexN6_Ac2_S6_pNP	7	6	13	2	6	C88H131N7O89S6	2918.452975	1
HS_HexA7_HexN6_Ac2_S6_pNP	7	6	13	2	6	C88H131N7O89S6	2935.479524	2
HS_HexA7_HexN6_Ac2_S6_pNP	7	6	13	2	6	C88H131N7O89S6	2952.506073	3
HS_HexA7_HexN6_Ac2_S6_pNP	7	6	13	2	6	C88H131N7O89S6	2969.532622	4
HS_HexA7_HexN6_Ac2_S6_pNP	7	6	13	2	6	C88H131N7O89S6	2986.559171	5
HS_HexA7_HexN6_Ac2_S6_pNP	7	6	13	2	6	C88H131N7O89S6	3003.585720	6
HS_HexA7_HexN6_Ac2_S6_pNP	7	6	13	2	6	C88H131N7O89S6	3020.612269	7
HS_HexA7_HexN6_Ac2_S6_pNP	7	6	13	2	6	C88H131N7O89S6	3037.638818	8
HS_HexA7_HexN6_Ac2_S6_pNP	7	6	13	2	6	C88H131N7O89S6	3054.665367	9
HS_HexA7_HexN6_Ac2_S6_pNP	7	6	13	2	6	C88H131N7O89S6	3071.691916	10
HS_HexA7_HexN6_Ac2_S6_pNP	7	6	13	2	6	C88H131N7O89S6	3088.718466	11
HS_HexA7_HexN6_Ac2_S6_pNP	7	6	13	2	6	C88H131N7O89S6	3105.745015	12
HS_HexA7_HexN6_Ac2_S6_pNP	7	6	13	2	6	C88H131N7O89S6	3122.771564	13
HS_HexA7_HexN6_Ac2_S7_pNP	7	6	13	2	7	C88H131N7O92S7	2981.383240	0
HS_HexA7_HexN6_Ac2_S7_pNP	7	6	13	2	7	C88H131N7O92S7	2998.409790	1
HS_HexA7_HexN6_Ac2_S7_pNP	7	6	13	2	7	C88H131N7O92S7	3015.436339	2
HS_HexA7_HexN6_Ac2_S7_pNP	7	6	13	2	7	C88H131N7O92S7	3032.462888	3
HS_HexA7_HexN6_Ac2_S7_pNP	7	6	13	2	7	C88H131N7O92S7	3049.489437	4
HS_HexA7_HexN6_Ac2_S7_pNP	7	6	13	2	7	C88H131N7O92S7	3066.515986	5
HS_HexA7_HexN6_Ac2_S7_pNP	7	6	13	2	7	C88H131N7O92S7	3083.542535	6
HS_HexA7_HexN6_Ac2_S7_pNP	7	6	13	2	7	C88H131N7O92S7	3100.569084	7
HS_HexA7_HexN6_Ac2_S7_pNP	7	6	13	2	7	C88H131N7O92S7	3117.595633	8
HS_HexA7_HexN6_Ac2_S7_pNP	7	6	13	2	7	C88H131N7O92S7	3134.622182	9
HS_HexA7_HexN6_Ac2_S7_pNP	7	6	13	2	7	C88H131N7O92S7	3151.648731	10
HS_HexA7_HexN6_Ac2_S7_pNP	7	6	13	2	7	C88H131N7O92S7	3168.675281	11
HS_HexA7_HexN6_Ac2_S7_pNP	7	6	13	2	7	C88H131N7O92S7	3185.701830	12
HS_HexA7_HexN6_Ac2_S7_pNP	7	6	13	2	7	C88H131N7O92S7	3202.728379	13
HS_HexA7_HexN6_Ac2_S7_pNP	7	6	13	2	7	C88H131N7O92S7	3219.754928	14
HS_HexA7_HexN6_Ac2_S8_pNP	7	6	13	2	8	C88H131N7O95S8	3061.340056	0
HS_HexA7_HexN6_Ac2_S8_pNP	7	6	13	2	8	C88H131N7O95S8	3078.366605	1
HS_HexA7_HexN6_Ac2_S8_pNP	7	6	13	2	8	C88H131N7O95S8	3095.393154	2
HS_HexA7_HexN6_Ac2_S8_pNP	7	6	13	2	8	C88H131N7O95S8	3112.419703	3
HS_HexA7_HexN6_Ac2_S8_pNP	7	6	13	2	8	C88H131N7O95S8	3129.446252	4
HS_HexA7_HexN6_Ac2_S8_pNP	7	6	13	2	8	C88H131N7O95S8	3146.472801	5
HS_HexA7_HexN6_Ac2_S8_pNP	7	6	13	2	8	C88H131N7O95S8	3163.499350	6
HS_HexA7_HexN6_Ac2_S8_pNP	7	6	13	2	8	C88H131N7O95S8	3180.525899	7
HS_HexA7_HexN6_Ac2_S8_pNP	7	6	13	2	8	C88H131N7O95S8	3197.552448	8
HS_HexA7_HexN6_Ac2_S8_pNP	7	6	13	2	8	C88H131N7O95S8	3214.578997	9
HS_HexA7_HexN6_Ac2_S8_pNP	7	6	13	2	8	C88H131N7O95S8	3231.605547	10
HS_HexA7_HexN6_Ac2_S8_pNP	7	6	13	2	8	C88H131N7O95S8	3248.632096	11
HS_HexA7_HexN6_Ac2_S8_pNP	7	6	13	2	8	C88H131N7O95S8	3265.658645	12
HS_HexA7_HexN6_Ac2_S8_pNP	7	6	13	2	8	C88H131N7O95S8	3282.685194	13
HS_HexA7_HexN6_Ac2_S8_pNP	7	6	13	2	8	C88H131N7O95S8	3299.711743	14
HS_HexA7_HexN6_Ac2_S8_pNP	7	6	13	2	8	C88H131N7O95S8	3316.738292	15
HS_HexA7_HexN6_Ac2_S9_pNP	7	6	13	2	9	C88H131N7O98S9	3141.296871	0
HS_HexA7_HexN6_Ac2_S9_pNP	7	6	13	2	9	C88H131N7O98S9	3158.323420	1
HS_HexA7_HexN6_Ac2_S9_pNP	7	6	13	2	9	C88H131N7O98S9	3175.349969	2
HS_HexA7_HexN6_Ac2_S9_pNP	7	6	13	2	9	C88H131N7O98S9	3192.376518	3
HS_HexA7_HexN6_Ac2_S9_pNP	7	6	13	2	9	C88H131N7O98S9	3209.403067	4
HS_HexA7_HexN6_Ac2_S9_pNP	7	6	13	2	9	C88H131N7O98S9	3226.429616	5
HS_HexA7_HexN6_Ac2_S9_pNP	7	6	13	2	9	C88H131N7O98S9	3243.456165	6
HS_HexA7_HexN6_Ac2_S9_pNP	7	6	13	2	9	C88H131N7O98S9	3260.482714	7
HS_HexA7_HexN6_Ac2_S9_pNP	7	6	13	2	9	C88H131N7O98S9	3277.509263	8
HS_HexA7_HexN6_Ac2_S9_pNP	7	6	13	2	9	C88H131N7O98S9	3294.535812	9
HS_HexA7_HexN6_Ac2_S9_pNP	7	6	13	2	9	C88H131N7O98S9	3311.562362	10
HS_HexA7_HexN6_Ac2_S9_pNP	7	6	13	2	9	C88H131N7O98S9	3328.588911	11
HS_HexA7_HexN6_Ac2_S9_pNP	7	6	13	2	9	C88H131N7O98S9	3345.615460	12
HS_HexA7_HexN6_Ac2_S9_pNP	7	6	13	2	9	C88H131N7O98S9	3362.642009	13
HS_HexA7_HexN6_Ac2_S9_pNP	7	6	13	2	9	C88H131N7O98S9	3379.668558	14
HS_HexA7_HexN6_Ac2_S9_pNP	7	6	13	2	9	C88H131N7O98S9	3396.695107	15
HS_HexA7_HexN6_Ac2_S9_pNP	7	6	13	2	9	C88H131N7O98S9	3413.721656	16
HS_HexA7_HexN6_Ac2_S10_pNP	7	6	13	2	10	C88H131N7O101S10	3221.253686	0
HS_HexA7_HexN6_Ac2_S10_pNP	7	6	13	2	10	C88H131N7O101S10	3238.280235	1
HS_HexA7_HexN6_Ac2_S10_pNP	7	6	13	2	10	C88H131N7O101S10	3255.306784	2
HS_HexA7_HexN6_Ac2_S10_pNP	7	6	13	2	10	C88H131N7O101S10	3272.333333	3
HS_HexA7_HexN6_Ac2_S10_pNP	7	6	13	2	10	C88H131N7O101S10	3289.359882	4
HS_HexA7_HexN6_Ac2_S10_pNP	7	6	13	2	10	C88H131N7O101S10	3306.386431	5
HS_HexA7_HexN6_Ac2_S10_pNP	7	6	13	2	10	C88H131N7O101S10	3323.412980	6
HS_HexA7_HexN6_Ac2_S10_pNP	7	6	13	2	10	C88H131N7O101S10	3340.439529	7
HS_HexA7_HexN6_Ac2_S10_pNP	7	6	13	2	10	C88H131N7O101S10	3357.466078	8
HS_HexA7_HexN6_Ac2_S10_pNP	7	6	13	2	10	C88H131N7O101S10	3374.492627	9
HS_HexA7_HexN6_Ac2_S10_pNP	7	6	13	2	10	C88H131N7O101S10	3391.519177	10
HS_HexA7_HexN6_Ac2_S10_pNP	7	6	13	2	10	C88H131N7O101S10	3408.545726	11
HS_HexA7_HexN6_Ac2_S10_pNP	7	6	13	2	10	C88H131N7O101S10	3425.572275	12
HS_HexA7_HexN6_Ac2_S10_pNP	7	6	13	2	10	C88H131N7O101S10	3442.598824	13
HS_HexA7_HexN6_Ac2_S10_pNP	7	6	13	2	10	C88H131N7O101S10	3459.625373	14
HS_HexA7_HexN6_Ac2_S10_pNP	7	6	13	2	10	C88H131N7O101S10	3476.651922	15
HS_HexA7_HexN6_Ac2_S10_pNP	7	6	13	2	10	C88H131N7O101S10	3493.678471	16
HS_HexA7_HexN6_Ac2_S10_pNP	7	6	13	2	10	C88H131N7O101S10	3510.705020	17
HS_HexA7_HexN6_Ac2_S11_pNP	7	6	13	2	11	C88H131N7O104S11	3301.210501	0
HS_HexA7_HexN6_Ac2_S11_pNP	7	6	13	2	11	C88H131N7O104S11	3318.237050	1
HS_HexA7_HexN6_Ac2_S11_pNP	7	6	13	2	11	C88H131N7O104S11	3335.263599	2
HS_HexA7_HexN6_Ac2_S11_pNP	7	6	13	2	11	C88H131N7O104S11	3352.290148	3
HS_HexA7_HexN6_Ac2_S11_pNP	7	6	13	2	11	C88H131N7O104S11	3369.316697	4
HS_HexA7_HexN6_Ac2_S11_pNP	7	6	13	2	11	C88H131N7O104S11	3386.343246	5
HS_HexA7_HexN6_Ac2_S11_pNP	7	6	13	2	11	C88H131N7O104S11	3403.369795	6
HS_HexA7_HexN6_Ac2_S11_pNP	7	6	13	2	11	C88H131N7O104S11	3420.396344	7
HS_HexA7_HexN6_Ac2_S11_pNP	7	6	13	2	11	C88H131N7O104S11	3437.422893	8
HS_HexA7_HexN6_Ac2_S11_pNP	7	6	13	2	11	C88H131N7O104S11	3454.449443	9
HS_HexA7_HexN6_Ac2_S11_pNP	7	6	13	2	11	C88H131N7O104S11	3471.475992	10
HS_HexA7_HexN6_Ac2_S11_pNP	7	6	13	2	11	C88H131N7O104S11	3488.502541	11
HS_HexA7_HexN6_Ac2_S11_pNP	7	6	13	2	11	C88H131N7O104S11	3505.529090	12
HS_HexA7_HexN6_Ac2_S11_pNP	7	6	13	2	11	C88H131N7O104S11	3522.555639	13
HS_HexA7_HexN6_Ac2_S11_pNP	7	6	13	2	11	C88H131N7O104S11	3539.582188	14
HS_HexA7_HexN6_Ac2_S11_pNP	7	6	13	2	11	C88H131N7O104S11	3556.608737	15
HS_HexA7_HexN6_Ac2_S11_pNP	7	6	13	2	11	C88H131N7O104S11	3573.635286	16
HS_HexA7_HexN6_Ac2_S11_pNP	7	6	13	2	11	C88H131N7O104S11	3590.661835	17
HS_HexA7_HexN6_Ac2_S11_pNP	7	6	13	2	11	C88H131N7O104S11	3607.688384	18
HS_HexA7_HexN6_Ac2_S12_pNP	7	6	13	2	12	C88H131N7O107S12	3381.167316	0
HS_HexA7_HexN6_Ac2_S12_pNP	7	6	13	2	12	C88H131N7O107S12	3398.193865	1
HS_HexA7_HexN6_Ac2_S12_pNP	7	6	13	2	12	C88H131N7O107S12	3415.220414	2
HS_HexA7_HexN6_Ac2_S12_pNP	7	6	13	2	12	C88H131N7O107S12	3432.246963	3
HS_HexA7_HexN6_Ac2_S12_pNP	7	6	13	2	12	C88H131N7O107S12	3449.273512	4
HS_HexA7_HexN6_Ac2_S12_pNP	7	6	13	2	12	C88H131N7O107S12	3466.300061	5
HS_HexA7_HexN6_Ac2_S12_pNP	7	6	13	2	12	C88H131N7O107S12	3483.326610	6
HS_HexA7_HexN6_Ac2_S12_pNP	7	6	13	2	12	C88H131N7O107S12	3500.353159	7
HS_HexA7_HexN6_Ac2_S12_pNP	7	6	13	2	12	C88H131N7O107S12	3517.379708	8
HS_HexA7_HexN6_Ac2_S12_pNP	7	6	13	2	12	C88H131N7O107S12	3534.406258	9
HS_HexA7_HexN6_Ac2_S12_pNP	7	6	13	2	12	C88H131N7O107S12	3551.432807	10
HS_HexA7_HexN6_Ac2_S12_pNP	7	6	13	2	12	C88H131N7O107S12	3568.459356	11
HS_HexA7_HexN6_Ac2_S12_pNP	7	6	13	2	12	C88H131N7O107S12	3585.485905	12
HS_HexA7_HexN6_Ac2_S12_pNP	7	6	13	2	12	C88H131N7O107S12	3602.512454	13
HS_HexA7_HexN6_Ac2_S12_pNP	7	6	13	2	12	C88H131N7O107S12	3619.539003	14
HS_HexA7_HexN6_Ac2_S12_pNP	7	6	13	2	12	C88H131N7O107S12	3636.565552	15
HS_HexA7_HexN6_Ac2_S12_pNP	7	6	13	2	12	C88H131N7O107S12	3653.592101	16
HS_HexA7_HexN6_Ac2_S12_pNP	7	6	13	2	12	C88H131N7O107S12	3670.618650	17
HS_HexA7_HexN6_Ac2_S12_pNP	7	6	13	2	12	C88H131N7O107S12	3687.645199	18
HS_HexA7_HexN6_Ac2_S12_pNP	7	6	13	2	12	C88H131N7O107S12	3704.671749	19
HS_HexA7_HexN6_Ac2_S13_pNP	7	6	13	2	13	C88H131N7O110S13	3461.124131	0
HS_HexA7_HexN6_Ac2_S13_pNP	7	6	13	2	13	C88H131N7O110S13	3478.150680	1
HS_HexA7_HexN6_Ac2_S13_pNP	7	6	13	2	13	C88H131N7O110S13	3495.177229	2
HS_HexA7_HexN6_Ac2_S13_pNP	7	6	13	2	13	C88H131N7O110S13	3512.203778	3
HS_HexA7_HexN6_Ac2_S13_pNP	7	6	13	2	13	C88H131N7O110S13	3529.230327	4
HS_HexA7_HexN6_Ac2_S13_pNP	7	6	13	2	13	C88H131N7O110S13	3546.256876	5
HS_HexA7_HexN6_Ac2_S13_pNP	7	6	13	2	13	C88H131N7O110S13	3563.283425	6
HS_HexA7_HexN6_Ac2_S13_pNP	7	6	13	2	13	C88H131N7O110S13	3580.309974	7
HS_HexA7_HexN6_Ac2_S13_pNP	7	6	13	2	13	C88H131N7O110S13	3597.336523	8
HS_HexA7_HexN6_Ac2_S13_pNP	7	6	13	2	13	C88H131N7O110S13	3614.363073	9
HS_HexA7_HexN6_Ac2_S13_pNP	7	6	13	2	13	C88H131N7O110S13	3631.389622	10
HS_HexA7_HexN6_Ac2_S13_pNP	7	6	13	2	13	C88H131N7O110S13	3648.416171	11
HS_HexA7_HexN6_Ac2_S13_pNP	7	6	13	2	13	C88H131N7O110S13	3665.442720	12
HS_HexA7_HexN6_Ac2_S13_pNP	7	6	13	2	13	C88H131N7O110S13	3682.469269	13
HS_HexA7_HexN6_Ac2_S13_pNP	7	6	13	2	13	C88H131N7O110S13	3699.495818	14
HS_HexA7_HexN6_Ac2_S13_pNP	7	6	13	2	13	C88H131N7O110S13	3716.522367	15
HS_HexA7_HexN6_Ac2_S13_pNP	7	6	13	2	13	C88H131N7O110S13	3733.548916	16
HS_HexA7_HexN6_Ac2_S13_pNP	7	6	13	2	13	C88H131N7O110S13	3750.575465	17
HS_HexA7_HexN6_Ac2_S13_pNP	7	6	13	2	13	C88H131N7O110S13	3767.602014	18
HS_HexA7_HexN6_Ac2_S13_pNP	7	6	13	2	13	C88H131N7O110S13	3784.628564	19
HS_HexA7_HexN6_Ac2_S13_pNP	7	6	13	2	13	C88H131N7O110S13	3801.655113	20
HS_HexA7_HexN6_Ac2_S14_pNP	7	6	13	2	14	C88H131N7O113S14	3541.080946	0
HS_HexA7_HexN6_Ac2_S14_pNP	7	6	13	2	14	C88H131N7O113S14	3558.107495	1
HS_HexA7_HexN6_Ac2_S14_pNP	7	6	13	2	14	C88H131N7O113S14	3575.134044	2
HS_HexA7_HexN6_Ac2_S14_pNP	7	6	13	2	14	C88H131N7O113S14	3592.160593	3
HS_HexA7_HexN6_Ac2_S14_pNP	7	6	13	2	14	C88H131N7O113S14	3609.187142	4
HS_HexA7_HexN6_Ac2_S14_pNP	7	6	13	2	14	C88H131N7O113S14	3626.213691	5
HS_HexA7_HexN6_Ac2_S14_pNP	7	6	13	2	14	C88H131N7O113S14	3643.240240	6
HS_HexA7_HexN6_Ac2_S14_pNP	7	6	13	2	14	C88H131N7O113S14	3660.266789	7
HS_HexA7_HexN6_Ac2_S14_pNP	7	6	13	2	14	C88H131N7O113S14	3677.293339	8
HS_HexA7_HexN6_Ac2_S14_pNP	7	6	13	2	14	C88H131N7O113S14	3694.319888	9
HS_HexA7_HexN6_Ac2_S14_pNP	7	6	13	2	14	C88H131N7O113S14	3711.346437	10
HS_HexA7_HexN6_Ac2_S14_pNP	7	6	13	2	14	C88H131N7O113S14	3728.372986	11
HS_HexA7_HexN6_Ac2_S14_pNP	7	6	13	2	14	C88H131N7O113S14	3745.399535	12
HS_HexA7_HexN6_Ac2_S14_pNP	7	6	13	2	14	C88H131N7O113S14	3762.426084	13
HS_HexA7_HexN6_Ac2_S14_pNP	7	6	13	2	14	C88H131N7O113S14	3779.452633	14
HS_HexA7_HexN6_Ac2_S14_pNP	7	6	13	2	14	C88H131N7O113S14	3796.479182	15
HS_HexA7_HexN6_Ac2_S14_pNP	7	6	13	2	14	C88H131N7O113S14	3813.505731	16
HS_HexA7_HexN6_Ac2_S14_pNP	7	6	13	2	14	C88H131N7O113S14	3830.532280	17
HS_HexA7_HexN6_Ac2_S14_pNP	7	6	13	2	14	C88H131N7O113S14	3847.558830	18
HS_HexA7_HexN6_Ac2_S14_pNP	7	6	13	2	14	C88H131N7O113S14	3864.585379	19
HS_HexA7_HexN6_Ac2_S14_pNP	7	6	13	2	14	C88H131N7O113S14	3881.611928	20
HS_HexA7_HexN6_Ac2_S14_pNP	7	6	13	2	14	C88H131N7O113S14	3898.638477	21
HS_HexA7_HexN6_Ac2_S15_pNP	7	6	13	2	15	C88H131N7O116S15	3621.037761	0
HS_HexA7_HexN6_Ac2_S15_pNP	7	6	13	2	15	C88H131N7O116S15	3638.064310	1
HS_HexA7_HexN6_Ac2_S15_pNP	7	6	13	2	15	C88H131N7O116S15	3655.090859	2
HS_HexA7_HexN6_Ac2_S15_pNP	7	6	13	2	15	C88H131N7O116S15	3672.117408	3
HS_HexA7_HexN6_Ac2_S15_pNP	7	6	13	2	15	C88H131N7O116S15	3689.143957	4
HS_HexA7_HexN6_Ac2_S15_pNP	7	6	13	2	15	C88H131N7O116S15	3706.170506	5
HS_HexA7_HexN6_Ac2_S15_pNP	7	6	13	2	15	C88H131N7O116S15	3723.197055	6
HS_HexA7_HexN6_Ac2_S15_pNP	7	6	13	2	15	C88H131N7O116S15	3740.223604	7
HS_HexA7_HexN6_Ac2_S15_pNP	7	6	13	2	15	C88H131N7O116S15	3757.250154	8
HS_HexA7_HexN6_Ac2_S15_pNP	7	6	13	2	15	C88H131N7O116S15	3774.276703	9
HS_HexA7_HexN6_Ac2_S15_pNP	7	6	13	2	15	C88H131N7O116S15	3791.303252	10
HS_HexA7_HexN6_Ac2_S15_pNP	7	6	13	2	15	C88H131N7O116S15	3808.329801	11
HS_HexA7_HexN6_Ac2_S15_pNP	7	6	13	2	15	C88H131N7O116S15	3825.356350	12
HS_HexA7_HexN6_Ac2_S15_pNP	7	6	13	2	15	C88H131N7O116S15	3842.382899	13
HS_HexA7_HexN6_Ac2_S15_pNP	7	6	13	2	15	C88H131N7O116S15	3859.409448	14
HS_HexA7_HexN6_Ac2_S15_pNP	7	6	13	2	15	C88H131N7O116S15	3876.435997	15
HS_HexA7_HexN6_Ac2_S15_pNP	7	6	13	2	15	C88H131N7O116S15	3893.462546	16
HS_HexA7_HexN6_Ac2_S15_pNP	7	6	13	2	15	C88H131N7O116S15	3910.489095	17
HS_HexA7_HexN6_Ac2_S15_pNP	7	6	13	2	15	C88H131N7O116S15	3927.515645	18
HS_HexA7_HexN6_Ac2_S15_pNP	7	6	13	2	15	C88H131N7O116S15	3944.542194	19
HS_HexA7_HexN6_Ac2_S15_pNP	7	6	13	2	15	C88H131N7O116S15	3961.568743	20
HS_HexA7_HexN6_Ac2_S15_pNP	7	6	13	2	15	C88H131N7O116S15	3978.595292	21
HS_HexA7_HexN6_Ac2_S15_pNP	7	6	13	2	15	C88H131N7O116S15	3995.621841	22
HS_HexA7_HexN6_Ac2_S16_pNP	7	6	13	2	16	C88H131N7O119S16	3700.994576	0
HS_HexA7_HexN6_Ac2_S16_pNP	7	6	13	2	16	C88H131N7O119S16	3718.021125	1
HS_HexA7_HexN6_Ac2_S16_pNP	7	6	13	2	16	C88H131N7O119S16	3735.047674	2
HS_HexA7_HexN6_Ac2_S16_pNP	7	6	13	2	16	C88H131N7O119S16	3752.074223	3
HS_HexA7_HexN6_Ac2_S16_pNP	7	6	13	2	16	C88H131N7O119S16	3769.100772	4
HS_HexA7_HexN6_Ac2_S16_pNP	7	6	13	2	16	C88H131N7O119S16	3786.127321	5
HS_HexA7_HexN6_Ac2_S16_pNP	7	6	13	2	16	C88H131N7O119S16	3803.153870	6
HS_HexA7_HexN6_Ac2_S16_pNP	7	6	13	2	16	C88H131N7O119S16	3820.180419	7
HS_HexA7_HexN6_Ac2_S16_pNP	7	6	13	2	16	C88H131N7O119S16	3837.206969	8
HS_HexA7_HexN6_Ac2_S16_pNP	7	6	13	2	16	C88H131N7O119S16	3854.233518	9
HS_HexA7_HexN6_Ac2_S16_pNP	7	6	13	2	16	C88H131N7O119S16	3871.260067	10
HS_HexA7_HexN6_Ac2_S16_pNP	7	6	13	2	16	C88H131N7O119S16	3888.286616	11
HS_HexA7_HexN6_Ac2_S16_pNP	7	6	13	2	16	C88H131N7O119S16	3905.313165	12
HS_HexA7_HexN6_Ac2_S16_pNP	7	6	13	2	16	C88H131N7O119S16	3922.339714	13
HS_HexA7_HexN6_Ac2_S16_pNP	7	6	13	2	16	C88H131N7O119S16	3939.366263	14
HS_HexA7_HexN6_Ac2_S16_pNP	7	6	13	2	16	C88H131N7O119S16	3956.392812	15
HS_HexA7_HexN6_Ac2_S16_pNP	7	6	13	2	16	C88H131N7O119S16	3973.419361	16
HS_HexA7_HexN6_Ac2_S16_pNP	7	6	13	2	16	C88H131N7O119S16	3990.445910	17
HS_HexA7_HexN6_Ac2_S16_pNP	7	6	13	2	16	C88H131N7O119S16	4007.472460	18
HS_HexA7_HexN6_Ac2_S16_pNP	7	6	13	2	16	C88H131N7O119S16	4024.499009	19
HS_HexA7_HexN6_Ac2_S16_pNP	7	6	13	2	16	C88H131N7O119S16	4041.525558	20
HS_HexA7_HexN6_Ac2_S16_pNP	7	6	13	2	16	C88H131N7O119S16	4058.552107	21
HS_HexA7_HexN6_Ac2_S16_pNP	7	6	13	2	16	C88H131N7O119S16	4075.578656	22
HS_HexA7_HexN6_Ac2_S16_pNP	7	6	13	2	16	C88H131N7O119S16	4092.605205	23
HS_HexA7_HexN6_Ac2_S17_pNP	7	6	13	2	17	C88H131N7O122S17	3780.951391	0
HS_HexA7_HexN6_Ac2_S17_pNP	7	6	13	2	17	C88H131N7O122S17	3797.977940	1
HS_HexA7_HexN6_Ac2_S17_pNP	7	6	13	2	17	C88H131N7O122S17	3815.004489	2
HS_HexA7_HexN6_Ac2_S17_pNP	7	6	13	2	17	C88H131N7O122S17	3832.031038	3
HS_HexA7_HexN6_Ac2_S17_pNP	7	6	13	2	17	C88H131N7O122S17	3849.057587	4
HS_HexA7_HexN6_Ac2_S17_pNP	7	6	13	2	17	C88H131N7O122S17	3866.084136	5
HS_HexA7_HexN6_Ac2_S17_pNP	7	6	13	2	17	C88H131N7O122S17	3883.110685	6
HS_HexA7_HexN6_Ac2_S17_pNP	7	6	13	2	17	C88H131N7O122S17	3900.137235	7
HS_HexA7_HexN6_Ac2_S17_pNP	7	6	13	2	17	C88H131N7O122S17	3917.163784	8
HS_HexA7_HexN6_Ac2_S17_pNP	7	6	13	2	17	C88H131N7O122S17	3934.190333	9
HS_HexA7_HexN6_Ac2_S17_pNP	7	6	13	2	17	C88H131N7O122S17	3951.216882	10
HS_HexA7_HexN6_Ac2_S17_pNP	7	6	13	2	17	C88H131N7O122S17	3968.243431	11
HS_HexA7_HexN6_Ac2_S17_pNP	7	6	13	2	17	C88H131N7O122S17	3985.269980	12
HS_HexA7_HexN6_Ac2_S17_pNP	7	6	13	2	17	C88H131N7O122S17	4002.296529	13
HS_HexA7_HexN6_Ac2_S17_pNP	7	6	13	2	17	C88H131N7O122S17	4019.323078	14
HS_HexA7_HexN6_Ac2_S17_pNP	7	6	13	2	17	C88H131N7O122S17	4036.349627	15
HS_HexA7_HexN6_Ac2_S17_pNP	7	6	13	2	17	C88H131N7O122S17	4053.376176	16
HS_HexA7_HexN6_Ac2_S17_pNP	7	6	13	2	17	C88H131N7O122S17	4070.402726	17
HS_HexA7_HexN6_Ac2_S17_pNP	7	6	13	2	17	C88H131N7O122S17	4087.429275	18
HS_HexA7_HexN6_Ac2_S17_pNP	7	6	13	2	17	C88H131N7O122S17	4104.455824	19
HS_HexA7_HexN6_Ac2_S17_pNP	7	6	13	2	17	C88H131N7O122S17	4121.482373	20
HS_HexA7_HexN6_Ac2_S17_pNP	7	6	13	2	17	C88H131N7O122S17	4138.508922	21
HS_HexA7_HexN6_Ac2_S17_pNP	7	6	13	2	17	C88H131N7O122S17	4155.535471	22
HS_HexA7_HexN6_Ac2_S17_pNP	7	6	13	2	17	C88H131N7O122S17	4172.562020	23
HS_HexA7_HexN6_Ac2_S17_pNP	7	6	13	2	17	C88H131N7O122S17	4189.588569	24
HS_HexA7_HexN6_Ac2_S18_pNP	7	6	13	2	18	C88H131N7O125S18	3860.908206	0
HS_HexA7_HexN6_Ac2_S18_pNP	7	6	13	2	18	C88H131N7O125S18	3877.934755	1
HS_HexA7_HexN6_Ac2_S18_pNP	7	6	13	2	18	C88H131N7O125S18	3894.961304	2
HS_HexA7_HexN6_Ac2_S18_pNP	7	6	13	2	18	C88H131N7O125S18	3911.987853	3
HS_HexA7_HexN6_Ac2_S18_pNP	7	6	13	2	18	C88H131N7O125S18	3929.014402	4
HS_HexA7_HexN6_Ac2_S18_pNP	7	6	13	2	18	C88H131N7O125S18	3946.040951	5
HS_HexA7_HexN6_Ac2_S18_pNP	7	6	13	2	18	C88H131N7O125S18	3963.067500	6
HS_HexA7_HexN6_Ac2_S18_pNP	7	6	13	2	18	C88H131N7O125S18	3980.094050	7
HS_HexA7_HexN6_Ac2_S18_pNP	7	6	13	2	18	C88H131N7O125S18	3997.120599	8
HS_HexA7_HexN6_Ac2_S18_pNP	7	6	13	2	18	C88H131N7O125S18	4014.147148	9
HS_HexA7_HexN6_Ac2_S18_pNP	7	6	13	2	18	C88H131N7O125S18	4031.173697	10
HS_HexA7_HexN6_Ac2_S18_pNP	7	6	13	2	18	C88H131N7O125S18	4048.200246	11
HS_HexA7_HexN6_Ac2_S18_pNP	7	6	13	2	18	C88H131N7O125S18	4065.226795	12
HS_HexA7_HexN6_Ac2_S18_pNP	7	6	13	2	18	C88H131N7O125S18	4082.253344	13
HS_HexA7_HexN6_Ac2_S18_pNP	7	6	13	2	18	C88H131N7O125S18	4099.279893	14
HS_HexA7_HexN6_Ac2_S18_pNP	7	6	13	2	18	C88H131N7O125S18	4116.306442	15
HS_HexA7_HexN6_Ac2_S18_pNP	7	6	13	2	18	C88H131N7O125S18	4133.332991	16
HS_HexA7_HexN6_Ac2_S18_pNP	7	6	13	2	18	C88H131N7O125S18	4150.359541	17
HS_HexA7_HexN6_Ac2_S18_pNP	7	6	13	2	18	C88H131N7O125S18	4167.386090	18
HS_HexA7_HexN6_Ac2_S18_pNP	7	6	13	2	18	C88H131N7O125S18	4184.412639	19
HS_HexA7_HexN6_Ac2_S18_pNP	7	6	13	2	18	C88H131N7O125S18	4201.439188	20
HS_HexA7_HexN6_Ac2_S18_pNP	7	6	13	2	18	C88H131N7O125S18	4218.465737	21
HS_HexA7_HexN6_Ac2_S18_pNP	7	6	13	2	18	C88H131N7O125S18	4235.492286	22
HS_HexA7_HexN6_Ac2_S18_pNP	7	6	13	2	18	C88H131N7O125S18	4252.518835	23
HS_HexA7_HexN6_Ac2_S18_pNP	7	6	13	2	18	C88H131N7O125S18	4269.545384	24
HS_HexA7_HexN6_Ac2_S18_pNP	7	6	13	2	18	C88H131N7O125S18	4286.571933	25
HS_HexA7_HexN6_Ac3_S0_pNP	7	6	13	3	0	C90H133N7O72	2463.696100	0
HS_HexA7_HexN6_Ac3_S0_pNP	7	6	13	3	0	C90H133N7O72	2480.722649	1
HS_HexA7_HexN6_Ac3_S0_pNP	7	6	13	3	0	C90H133N7O72	2497.749198	2
HS_HexA7_HexN6_Ac3_S0_pNP	7	6	13	3	0	C90H133N7O72	2514.775747	3
HS_HexA7_HexN6_Ac3_S0_pNP	7	6	13	3	0	C90H133N7O72	2531.802296	4
HS_HexA7_HexN6_Ac3_S0_pNP	7	6	13	3	0	C90H133N7O72	2548.828845	5
HS_HexA7_HexN6_Ac3_S0_pNP	7	6	13	3	0	C90H133N7O72	2565.855395	6
HS_HexA7_HexN6_Ac3_S0_pNP	7	6	13	3	0	C90H133N7O72	2582.881944	7
HS_HexA7_HexN6_Ac3_S1_pNP	7	6	13	3	1	C90H133N7O75S	2543.652915	0
HS_HexA7_HexN6_Ac3_S1_pNP	7	6	13	3	1	C90H133N7O75S	2560.679464	1
HS_HexA7_HexN6_Ac3_S1_pNP	7	6	13	3	1	C90H133N7O75S	2577.706013	2
HS_HexA7_HexN6_Ac3_S1_pNP	7	6	13	3	1	C90H133N7O75S	2594.732562	3
HS_HexA7_HexN6_Ac3_S1_pNP	7	6	13	3	1	C90H133N7O75S	2611.759111	4
HS_HexA7_HexN6_Ac3_S1_pNP	7	6	13	3	1	C90H133N7O75S	2628.785660	5
HS_HexA7_HexN6_Ac3_S1_pNP	7	6	13	3	1	C90H133N7O75S	2645.812210	6
HS_HexA7_HexN6_Ac3_S1_pNP	7	6	13	3	1	C90H133N7O75S	2662.838759	7
HS_HexA7_HexN6_Ac3_S1_pNP	7	6	13	3	1	C90H133N7O75S	2679.865308	8
HS_HexA7_HexN6_Ac3_S2_pNP	7	6	13	3	2	C90H133N7O78S2	2623.609730	0
HS_HexA7_HexN6_Ac3_S2_pNP	7	6	13	3	2	C90H133N7O78S2	2640.636279	1
HS_HexA7_HexN6_Ac3_S2_pNP	7	6	13	3	2	C90H133N7O78S2	2657.662828	2
HS_HexA7_HexN6_Ac3_S2_pNP	7	6	13	3	2	C90H133N7O78S2	2674.689377	3
HS_HexA7_HexN6_Ac3_S2_pNP	7	6	13	3	2	C90H133N7O78S2	2691.715926	4
HS_HexA7_HexN6_Ac3_S2_pNP	7	6	13	3	2	C90H133N7O78S2	2708.742475	5
HS_HexA7_HexN6_Ac3_S2_pNP	7	6	13	3	2	C90H133N7O78S2	2725.769025	6
HS_HexA7_HexN6_Ac3_S2_pNP	7	6	13	3	2	C90H133N7O78S2	2742.795574	7
HS_HexA7_HexN6_Ac3_S2_pNP	7	6	13	3	2	C90H133N7O78S2	2759.822123	8
HS_HexA7_HexN6_Ac3_S2_pNP	7	6	13	3	2	C90H133N7O78S2	2776.848672	9
HS_HexA7_HexN6_Ac3_S3_pNP	7	6	13	3	3	C90H133N7O81S3	2703.566545	0
HS_HexA7_HexN6_Ac3_S3_pNP	7	6	13	3	3	C90H133N7O81S3	2720.593094	1
HS_HexA7_HexN6_Ac3_S3_pNP	7	6	13	3	3	C90H133N7O81S3	2737.619643	2
HS_HexA7_HexN6_Ac3_S3_pNP	7	6	13	3	3	C90H133N7O81S3	2754.646192	3
HS_HexA7_HexN6_Ac3_S3_pNP	7	6	13	3	3	C90H133N7O81S3	2771.672741	4
HS_HexA7_HexN6_Ac3_S3_pNP	7	6	13	3	3	C90H133N7O81S3	2788.699291	5
HS_HexA7_HexN6_Ac3_S3_pNP	7	6	13	3	3	C90H133N7O81S3	2805.725840	6
HS_HexA7_HexN6_Ac3_S3_pNP	7	6	13	3	3	C90H133N7O81S3	2822.752389	7
HS_HexA7_HexN6_Ac3_S3_pNP	7	6	13	3	3	C90H133N7O81S3	2839.778938	8
HS_HexA7_HexN6_Ac3_S3_pNP	7	6	13	3	3	C90H133N7O81S3	2856.805487	9
HS_HexA7_HexN6_Ac3_S3_pNP	7	6	13	3	3	C90H133N7O81S3	2873.832036	10
HS_HexA7_HexN6_Ac3_S4_pNP	7	6	13	3	4	C90H133N7O84S4	2783.523360	0
HS_HexA7_HexN6_Ac3_S4_pNP	7	6	13	3	4	C90H133N7O84S4	2800.549909	1
HS_HexA7_HexN6_Ac3_S4_pNP	7	6	13	3	4	C90H133N7O84S4	2817.576458	2
HS_HexA7_HexN6_Ac3_S4_pNP	7	6	13	3	4	C90H133N7O84S4	2834.603007	3
HS_HexA7_HexN6_Ac3_S4_pNP	7	6	13	3	4	C90H133N7O84S4	2851.629556	4
HS_HexA7_HexN6_Ac3_S4_pNP	7	6	13	3	4	C90H133N7O84S4	2868.656106	5
HS_HexA7_HexN6_Ac3_S4_pNP	7	6	13	3	4	C90H133N7O84S4	2885.682655	6
HS_HexA7_HexN6_Ac3_S4_pNP	7	6	13	3	4	C90H133N7O84S4	2902.709204	7
HS_HexA7_HexN6_Ac3_S4_pNP	7	6	13	3	4	C90H133N7O84S4	2919.735753	8
HS_HexA7_HexN6_Ac3_S4_pNP	7	6	13	3	4	C90H133N7O84S4	2936.762302	9
HS_HexA7_HexN6_Ac3_S4_pNP	7	6	13	3	4	C90H133N7O84S4	2953.788851	10
HS_HexA7_HexN6_Ac3_S4_pNP	7	6	13	3	4	C90H133N7O84S4	2970.815400	11
HS_HexA7_HexN6_Ac3_S5_pNP	7	6	13	3	5	C90H133N7O87S5	2863.480175	0
HS_HexA7_HexN6_Ac3_S5_pNP	7	6	13	3	5	C90H133N7O87S5	2880.506724	1
HS_HexA7_HexN6_Ac3_S5_pNP	7	6	13	3	5	C90H133N7O87S5	2897.533273	2
HS_HexA7_HexN6_Ac3_S5_pNP	7	6	13	3	5	C90H133N7O87S5	2914.559822	3
HS_HexA7_HexN6_Ac3_S5_pNP	7	6	13	3	5	C90H133N7O87S5	2931.586371	4
HS_HexA7_HexN6_Ac3_S5_pNP	7	6	13	3	5	C90H133N7O87S5	2948.612921	5
HS_HexA7_HexN6_Ac3_S5_pNP	7	6	13	3	5	C90H133N7O87S5	2965.639470	6
HS_HexA7_HexN6_Ac3_S5_pNP	7	6	13	3	5	C90H133N7O87S5	2982.666019	7
HS_HexA7_HexN6_Ac3_S5_pNP	7	6	13	3	5	C90H133N7O87S5	2999.692568	8
HS_HexA7_HexN6_Ac3_S5_pNP	7	6	13	3	5	C90H133N7O87S5	3016.719117	9
HS_HexA7_HexN6_Ac3_S5_pNP	7	6	13	3	5	C90H133N7O87S5	3033.745666	10
HS_HexA7_HexN6_Ac3_S5_pNP	7	6	13	3	5	C90H133N7O87S5	3050.772215	11
HS_HexA7_HexN6_Ac3_S5_pNP	7	6	13	3	5	C90H133N7O87S5	3067.798764	12
HS_HexA7_HexN6_Ac3_S6_pNP	7	6	13	3	6	C90H133N7O90S6	2943.436990	0
HS_HexA7_HexN6_Ac3_S6_pNP	7	6	13	3	6	C90H133N7O90S6	2960.463539	1
HS_HexA7_HexN6_Ac3_S6_pNP	7	6	13	3	6	C90H133N7O90S6	2977.490088	2
HS_HexA7_HexN6_Ac3_S6_pNP	7	6	13	3	6	C90H133N7O90S6	2994.516637	3
HS_HexA7_HexN6_Ac3_S6_pNP	7	6	13	3	6	C90H133N7O90S6	3011.543187	4
HS_HexA7_HexN6_Ac3_S6_pNP	7	6	13	3	6	C90H133N7O90S6	3028.569736	5
HS_HexA7_HexN6_Ac3_S6_pNP	7	6	13	3	6	C90H133N7O90S6	3045.596285	6
HS_HexA7_HexN6_Ac3_S6_pNP	7	6	13	3	6	C90H133N7O90S6	3062.622834	7
HS_HexA7_HexN6_Ac3_S6_pNP	7	6	13	3	6	C90H133N7O90S6	3079.649383	8
HS_HexA7_HexN6_Ac3_S6_pNP	7	6	13	3	6	C90H133N7O90S6	3096.675932	9
HS_HexA7_HexN6_Ac3_S6_pNP	7	6	13	3	6	C90H133N7O90S6	3113.702481	10
HS_HexA7_HexN6_Ac3_S6_pNP	7	6	13	3	6	C90H133N7O90S6	3130.729030	11
HS_HexA7_HexN6_Ac3_S6_pNP	7	6	13	3	6	C90H133N7O90S6	3147.755579	12
HS_HexA7_HexN6_Ac3_S6_pNP	7	6	13	3	6	C90H133N7O90S6	3164.782128	13
HS_HexA7_HexN6_Ac3_S7_pNP	7	6	13	3	7	C90H133N7O93S7	3023.393805	0
HS_HexA7_HexN6_Ac3_S7_pNP	7	6	13	3	7	C90H133N7O93S7	3040.420354	1
HS_HexA7_HexN6_Ac3_S7_pNP	7	6	13	3	7	C90H133N7O93S7	3057.446903	2
HS_HexA7_HexN6_Ac3_S7_pNP	7	6	13	3	7	C90H133N7O93S7	3074.473452	3
HS_HexA7_HexN6_Ac3_S7_pNP	7	6	13	3	7	C90H133N7O93S7	3091.500002	4
HS_HexA7_HexN6_Ac3_S7_pNP	7	6	13	3	7	C90H133N7O93S7	3108.526551	5
HS_HexA7_HexN6_Ac3_S7_pNP	7	6	13	3	7	C90H133N7O93S7	3125.553100	6
HS_HexA7_HexN6_Ac3_S7_pNP	7	6	13	3	7	C90H133N7O93S7	3142.579649	7
HS_HexA7_HexN6_Ac3_S7_pNP	7	6	13	3	7	C90H133N7O93S7	3159.606198	8
HS_HexA7_HexN6_Ac3_S7_pNP	7	6	13	3	7	C90H133N7O93S7	3176.632747	9
HS_HexA7_HexN6_Ac3_S7_pNP	7	6	13	3	7	C90H133N7O93S7	3193.659296	10
HS_HexA7_HexN6_Ac3_S7_pNP	7	6	13	3	7	C90H133N7O93S7	3210.685845	11
HS_HexA7_HexN6_Ac3_S7_pNP	7	6	13	3	7	C90H133N7O93S7	3227.712394	12
HS_HexA7_HexN6_Ac3_S7_pNP	7	6	13	3	7	C90H133N7O93S7	3244.738943	13
HS_HexA7_HexN6_Ac3_S7_pNP	7	6	13	3	7	C90H133N7O93S7	3261.765493	14
HS_HexA7_HexN6_Ac3_S8_pNP	7	6	13	3	8	C90H133N7O96S8	3103.350620	0
HS_HexA7_HexN6_Ac3_S8_pNP	7	6	13	3	8	C90H133N7O96S8	3120.377169	1
HS_HexA7_HexN6_Ac3_S8_pNP	7	6	13	3	8	C90H133N7O96S8	3137.403718	2
HS_HexA7_HexN6_Ac3_S8_pNP	7	6	13	3	8	C90H133N7O96S8	3154.430267	3
HS_HexA7_HexN6_Ac3_S8_pNP	7	6	13	3	8	C90H133N7O96S8	3171.456817	4
HS_HexA7_HexN6_Ac3_S8_pNP	7	6	13	3	8	C90H133N7O96S8	3188.483366	5
HS_HexA7_HexN6_Ac3_S8_pNP	7	6	13	3	8	C90H133N7O96S8	3205.509915	6
HS_HexA7_HexN6_Ac3_S8_pNP	7	6	13	3	8	C90H133N7O96S8	3222.536464	7
HS_HexA7_HexN6_Ac3_S8_pNP	7	6	13	3	8	C90H133N7O96S8	3239.563013	8
HS_HexA7_HexN6_Ac3_S8_pNP	7	6	13	3	8	C90H133N7O96S8	3256.589562	9
HS_HexA7_HexN6_Ac3_S8_pNP	7	6	13	3	8	C90H133N7O96S8	3273.616111	10
HS_HexA7_HexN6_Ac3_S8_pNP	7	6	13	3	8	C90H133N7O96S8	3290.642660	11
HS_HexA7_HexN6_Ac3_S8_pNP	7	6	13	3	8	C90H133N7O96S8	3307.669209	12
HS_HexA7_HexN6_Ac3_S8_pNP	7	6	13	3	8	C90H133N7O96S8	3324.695759	13
HS_HexA7_HexN6_Ac3_S8_pNP	7	6	13	3	8	C90H133N7O96S8	3341.722308	14
HS_HexA7_HexN6_Ac3_S8_pNP	7	6	13	3	8	C90H133N7O96S8	3358.748857	15
HS_HexA7_HexN6_Ac3_S9_pNP	7	6	13	3	9	C90H133N7O99S9	3183.307435	0
HS_HexA7_HexN6_Ac3_S9_pNP	7	6	13	3	9	C90H133N7O99S9	3200.333984	1
HS_HexA7_HexN6_Ac3_S9_pNP	7	6	13	3	9	C90H133N7O99S9	3217.360533	2
HS_HexA7_HexN6_Ac3_S9_pNP	7	6	13	3	9	C90H133N7O99S9	3234.387083	3
HS_HexA7_HexN6_Ac3_S9_pNP	7	6	13	3	9	C90H133N7O99S9	3251.413632	4
HS_HexA7_HexN6_Ac3_S9_pNP	7	6	13	3	9	C90H133N7O99S9	3268.440181	5
HS_HexA7_HexN6_Ac3_S9_pNP	7	6	13	3	9	C90H133N7O99S9	3285.466730	6
HS_HexA7_HexN6_Ac3_S9_pNP	7	6	13	3	9	C90H133N7O99S9	3302.493279	7
HS_HexA7_HexN6_Ac3_S9_pNP	7	6	13	3	9	C90H133N7O99S9	3319.519828	8
HS_HexA7_HexN6_Ac3_S9_pNP	7	6	13	3	9	C90H133N7O99S9	3336.546377	9
HS_HexA7_HexN6_Ac3_S9_pNP	7	6	13	3	9	C90H133N7O99S9	3353.572926	10
HS_HexA7_HexN6_Ac3_S9_pNP	7	6	13	3	9	C90H133N7O99S9	3370.599475	11
HS_HexA7_HexN6_Ac3_S9_pNP	7	6	13	3	9	C90H133N7O99S9	3387.626024	12
HS_HexA7_HexN6_Ac3_S9_pNP	7	6	13	3	9	C90H133N7O99S9	3404.652574	13
HS_HexA7_HexN6_Ac3_S9_pNP	7	6	13	3	9	C90H133N7O99S9	3421.679123	14
HS_HexA7_HexN6_Ac3_S9_pNP	7	6	13	3	9	C90H133N7O99S9	3438.705672	15
HS_HexA7_HexN6_Ac3_S9_pNP	7	6	13	3	9	C90H133N7O99S9	3455.732221	16
HS_HexA7_HexN6_Ac3_S10_pNP	7	6	13	3	10	C90H133N7O102S10	3263.264250	0
HS_HexA7_HexN6_Ac3_S10_pNP	7	6	13	3	10	C90H133N7O102S10	3280.290799	1
HS_HexA7_HexN6_Ac3_S10_pNP	7	6	13	3	10	C90H133N7O102S10	3297.317348	2
HS_HexA7_HexN6_Ac3_S10_pNP	7	6	13	3	10	C90H133N7O102S10	3314.343898	3
HS_HexA7_HexN6_Ac3_S10_pNP	7	6	13	3	10	C90H133N7O102S10	3331.370447	4
HS_HexA7_HexN6_Ac3_S10_pNP	7	6	13	3	10	C90H133N7O102S10	3348.396996	5
HS_HexA7_HexN6_Ac3_S10_pNP	7	6	13	3	10	C90H133N7O102S10	3365.423545	6
HS_HexA7_HexN6_Ac3_S10_pNP	7	6	13	3	10	C90H133N7O102S10	3382.450094	7
HS_HexA7_HexN6_Ac3_S10_pNP	7	6	13	3	10	C90H133N7O102S10	3399.476643	8
HS_HexA7_HexN6_Ac3_S10_pNP	7	6	13	3	10	C90H133N7O102S10	3416.503192	9
HS_HexA7_HexN6_Ac3_S10_pNP	7	6	13	3	10	C90H133N7O102S10	3433.529741	10
HS_HexA7_HexN6_Ac3_S10_pNP	7	6	13	3	10	C90H133N7O102S10	3450.556290	11
HS_HexA7_HexN6_Ac3_S10_pNP	7	6	13	3	10	C90H133N7O102S10	3467.582839	12
HS_HexA7_HexN6_Ac3_S10_pNP	7	6	13	3	10	C90H133N7O102S10	3484.609389	13
HS_HexA7_HexN6_Ac3_S10_pNP	7	6	13	3	10	C90H133N7O102S10	3501.635938	14
HS_HexA7_HexN6_Ac3_S10_pNP	7	6	13	3	10	C90H133N7O102S10	3518.662487	15
HS_HexA7_HexN6_Ac3_S10_pNP	7	6	13	3	10	C90H133N7O102S10	3535.689036	16
HS_HexA7_HexN6_Ac3_S10_pNP	7	6	13	3	10	C90H133N7O102S10	3552.715585	17
HS_HexA7_HexN6_Ac3_S11_pNP	7	6	13	3	11	C90H133N7O105S11	3343.221065	0
HS_HexA7_HexN6_Ac3_S11_pNP	7	6	13	3	11	C90H133N7O105S11	3360.247614	1
HS_HexA7_HexN6_Ac3_S11_pNP	7	6	13	3	11	C90H133N7O105S11	3377.274163	2
HS_HexA7_HexN6_Ac3_S11_pNP	7	6	13	3	11	C90H133N7O105S11	3394.300713	3
HS_HexA7_HexN6_Ac3_S11_pNP	7	6	13	3	11	C90H133N7O105S11	3411.327262	4
HS_HexA7_HexN6_Ac3_S11_pNP	7	6	13	3	11	C90H133N7O105S11	3428.353811	5
HS_HexA7_HexN6_Ac3_S11_pNP	7	6	13	3	11	C90H133N7O105S11	3445.380360	6
HS_HexA7_HexN6_Ac3_S11_pNP	7	6	13	3	11	C90H133N7O105S11	3462.406909	7
HS_HexA7_HexN6_Ac3_S11_pNP	7	6	13	3	11	C90H133N7O105S11	3479.433458	8
HS_HexA7_HexN6_Ac3_S11_pNP	7	6	13	3	11	C90H133N7O105S11	3496.460007	9
HS_HexA7_HexN6_Ac3_S11_pNP	7	6	13	3	11	C90H133N7O105S11	3513.486556	10
HS_HexA7_HexN6_Ac3_S11_pNP	7	6	13	3	11	C90H133N7O105S11	3530.513105	11
HS_HexA7_HexN6_Ac3_S11_pNP	7	6	13	3	11	C90H133N7O105S11	3547.539655	12
HS_HexA7_HexN6_Ac3_S11_pNP	7	6	13	3	11	C90H133N7O105S11	3564.566204	13
HS_HexA7_HexN6_Ac3_S11_pNP	7	6	13	3	11	C90H133N7O105S11	3581.592753	14
HS_HexA7_HexN6_Ac3_S11_pNP	7	6	13	3	11	C90H133N7O105S11	3598.619302	15
HS_HexA7_HexN6_Ac3_S11_pNP	7	6	13	3	11	C90H133N7O105S11	3615.645851	16
HS_HexA7_HexN6_Ac3_S11_pNP	7	6	13	3	11	C90H133N7O105S11	3632.672400	17
HS_HexA7_HexN6_Ac3_S11_pNP	7	6	13	3	11	C90H133N7O105S11	3649.698949	18
HS_HexA7_HexN6_Ac3_S12_pNP	7	6	13	3	12	C90H133N7O108S12	3423.177880	0
HS_HexA7_HexN6_Ac3_S12_pNP	7	6	13	3	12	C90H133N7O108S12	3440.204429	1
HS_HexA7_HexN6_Ac3_S12_pNP	7	6	13	3	12	C90H133N7O108S12	3457.230979	2
HS_HexA7_HexN6_Ac3_S12_pNP	7	6	13	3	12	C90H133N7O108S12	3474.257528	3
HS_HexA7_HexN6_Ac3_S12_pNP	7	6	13	3	12	C90H133N7O108S12	3491.284077	4
HS_HexA7_HexN6_Ac3_S12_pNP	7	6	13	3	12	C90H133N7O108S12	3508.310626	5
HS_HexA7_HexN6_Ac3_S12_pNP	7	6	13	3	12	C90H133N7O108S12	3525.337175	6
HS_HexA7_HexN6_Ac3_S12_pNP	7	6	13	3	12	C90H133N7O108S12	3542.363724	7
HS_HexA7_HexN6_Ac3_S12_pNP	7	6	13	3	12	C90H133N7O108S12	3559.390273	8
HS_HexA7_HexN6_Ac3_S12_pNP	7	6	13	3	12	C90H133N7O108S12	3576.416822	9
HS_HexA7_HexN6_Ac3_S12_pNP	7	6	13	3	12	C90H133N7O108S12	3593.443371	10
HS_HexA7_HexN6_Ac3_S12_pNP	7	6	13	3	12	C90H133N7O108S12	3610.469920	11
HS_HexA7_HexN6_Ac3_S12_pNP	7	6	13	3	12	C90H133N7O108S12	3627.496470	12
HS_HexA7_HexN6_Ac3_S12_pNP	7	6	13	3	12	C90H133N7O108S12	3644.523019	13
HS_HexA7_HexN6_Ac3_S12_pNP	7	6	13	3	12	C90H133N7O108S12	3661.549568	14
HS_HexA7_HexN6_Ac3_S12_pNP	7	6	13	3	12	C90H133N7O108S12	3678.576117	15
HS_HexA7_HexN6_Ac3_S12_pNP	7	6	13	3	12	C90H133N7O108S12	3695.602666	16
HS_HexA7_HexN6_Ac3_S12_pNP	7	6	13	3	12	C90H133N7O108S12	3712.629215	17
HS_HexA7_HexN6_Ac3_S12_pNP	7	6	13	3	12	C90H133N7O108S12	3729.655764	18
HS_HexA7_HexN6_Ac3_S12_pNP	7	6	13	3	12	C90H133N7O108S12	3746.682313	19
HS_HexA7_HexN6_Ac3_S13_pNP	7	6	13	3	13	C90H133N7O111S13	3503.134695	0
HS_HexA7_HexN6_Ac3_S13_pNP	7	6	13	3	13	C90H133N7O111S13	3520.161244	1
HS_HexA7_HexN6_Ac3_S13_pNP	7	6	13	3	13	C90H133N7O111S13	3537.187794	2
HS_HexA7_HexN6_Ac3_S13_pNP	7	6	13	3	13	C90H133N7O111S13	3554.214343	3
HS_HexA7_HexN6_Ac3_S13_pNP	7	6	13	3	13	C90H133N7O111S13	3571.240892	4
HS_HexA7_HexN6_Ac3_S13_pNP	7	6	13	3	13	C90H133N7O111S13	3588.267441	5
HS_HexA7_HexN6_Ac3_S13_pNP	7	6	13	3	13	C90H133N7O111S13	3605.293990	6
HS_HexA7_HexN6_Ac3_S13_pNP	7	6	13	3	13	C90H133N7O111S13	3622.320539	7
HS_HexA7_HexN6_Ac3_S13_pNP	7	6	13	3	13	C90H133N7O111S13	3639.347088	8
HS_HexA7_HexN6_Ac3_S13_pNP	7	6	13	3	13	C90H133N7O111S13	3656.373637	9
HS_HexA7_HexN6_Ac3_S13_pNP	7	6	13	3	13	C90H133N7O111S13	3673.400186	10
HS_HexA7_HexN6_Ac3_S13_pNP	7	6	13	3	13	C90H133N7O111S13	3690.426735	11
HS_HexA7_HexN6_Ac3_S13_pNP	7	6	13	3	13	C90H133N7O111S13	3707.453285	12
HS_HexA7_HexN6_Ac3_S13_pNP	7	6	13	3	13	C90H133N7O111S13	3724.479834	13
HS_HexA7_HexN6_Ac3_S13_pNP	7	6	13	3	13	C90H133N7O111S13	3741.506383	14
HS_HexA7_HexN6_Ac3_S13_pNP	7	6	13	3	13	C90H133N7O111S13	3758.532932	15
HS_HexA7_HexN6_Ac3_S13_pNP	7	6	13	3	13	C90H133N7O111S13	3775.559481	16
HS_HexA7_HexN6_Ac3_S13_pNP	7	6	13	3	13	C90H133N7O111S13	3792.586030	17
HS_HexA7_HexN6_Ac3_S13_pNP	7	6	13	3	13	C90H133N7O111S13	3809.612579	18
HS_HexA7_HexN6_Ac3_S13_pNP	7	6	13	3	13	C90H133N7O111S13	3826.639128	19
HS_HexA7_HexN6_Ac3_S13_pNP	7	6	13	3	13	C90H133N7O111S13	3843.665677	20
HS_HexA7_HexN6_Ac3_S14_pNP	7	6	13	3	14	C90H133N7O114S14	3583.091510	0
HS_HexA7_HexN6_Ac3_S14_pNP	7	6	13	3	14	C90H133N7O114S14	3600.118059	1
HS_HexA7_HexN6_Ac3_S14_pNP	7	6	13	3	14	C90H133N7O114S14	3617.144609	2
HS_HexA7_HexN6_Ac3_S14_pNP	7	6	13	3	14	C90H133N7O114S14	3634.171158	3
HS_HexA7_HexN6_Ac3_S14_pNP	7	6	13	3	14	C90H133N7O114S14	3651.197707	4
HS_HexA7_HexN6_Ac3_S14_pNP	7	6	13	3	14	C90H133N7O114S14	3668.224256	5
HS_HexA7_HexN6_Ac3_S14_pNP	7	6	13	3	14	C90H133N7O114S14	3685.250805	6
HS_HexA7_HexN6_Ac3_S14_pNP	7	6	13	3	14	C90H133N7O114S14	3702.277354	7
HS_HexA7_HexN6_Ac3_S14_pNP	7	6	13	3	14	C90H133N7O114S14	3719.303903	8
HS_HexA7_HexN6_Ac3_S14_pNP	7	6	13	3	14	C90H133N7O114S14	3736.330452	9
HS_HexA7_HexN6_Ac3_S14_pNP	7	6	13	3	14	C90H133N7O114S14	3753.357001	10
HS_HexA7_HexN6_Ac3_S14_pNP	7	6	13	3	14	C90H133N7O114S14	3770.383551	11
HS_HexA7_HexN6_Ac3_S14_pNP	7	6	13	3	14	C90H133N7O114S14	3787.410100	12
HS_HexA7_HexN6_Ac3_S14_pNP	7	6	13	3	14	C90H133N7O114S14	3804.436649	13
HS_HexA7_HexN6_Ac3_S14_pNP	7	6	13	3	14	C90H133N7O114S14	3821.463198	14
HS_HexA7_HexN6_Ac3_S14_pNP	7	6	13	3	14	C90H133N7O114S14	3838.489747	15
HS_HexA7_HexN6_Ac3_S14_pNP	7	6	13	3	14	C90H133N7O114S14	3855.516296	16
HS_HexA7_HexN6_Ac3_S14_pNP	7	6	13	3	14	C90H133N7O114S14	3872.542845	17
HS_HexA7_HexN6_Ac3_S14_pNP	7	6	13	3	14	C90H133N7O114S14	3889.569394	18
HS_HexA7_HexN6_Ac3_S14_pNP	7	6	13	3	14	C90H133N7O114S14	3906.595943	19
HS_HexA7_HexN6_Ac3_S14_pNP	7	6	13	3	14	C90H133N7O114S14	3923.622492	20
HS_HexA7_HexN6_Ac3_S14_pNP	7	6	13	3	14	C90H133N7O114S14	3940.649042	21
HS_HexA7_HexN6_Ac3_S15_pNP	7	6	13	3	15	C90H133N7O117S15	3663.048325	0
HS_HexA7_HexN6_Ac3_S15_pNP	7	6	13	3	15	C90H133N7O117S15	3680.074875	1
HS_HexA7_HexN6_Ac3_S15_pNP	7	6	13	3	15	C90H133N7O117S15	3697.101424	2
HS_HexA7_HexN6_Ac3_S15_pNP	7	6	13	3	15	C90H133N7O117S15	3714.127973	3
HS_HexA7_HexN6_Ac3_S15_pNP	7	6	13	3	15	C90H133N7O117S15	3731.154522	4
HS_HexA7_HexN6_Ac3_S15_pNP	7	6	13	3	15	C90H133N7O117S15	3748.181071	5
HS_HexA7_HexN6_Ac3_S15_pNP	7	6	13	3	15	C90H133N7O117S15	3765.207620	6
HS_HexA7_HexN6_Ac3_S15_pNP	7	6	13	3	15	C90H133N7O117S15	3782.234169	7
HS_HexA7_HexN6_Ac3_S15_pNP	7	6	13	3	15	C90H133N7O117S15	3799.260718	8
HS_HexA7_HexN6_Ac3_S15_pNP	7	6	13	3	15	C90H133N7O117S15	3816.287267	9
HS_HexA7_HexN6_Ac3_S15_pNP	7	6	13	3	15	C90H133N7O117S15	3833.313816	10
HS_HexA7_HexN6_Ac3_S15_pNP	7	6	13	3	15	C90H133N7O117S15	3850.340366	11
HS_HexA7_HexN6_Ac3_S15_pNP	7	6	13	3	15	C90H133N7O117S15	3867.366915	12
HS_HexA7_HexN6_Ac3_S15_pNP	7	6	13	3	15	C90H133N7O117S15	3884.393464	13
HS_HexA7_HexN6_Ac3_S15_pNP	7	6	13	3	15	C90H133N7O117S15	3901.420013	14
HS_HexA7_HexN6_Ac3_S15_pNP	7	6	13	3	15	C90H133N7O117S15	3918.446562	15
HS_HexA7_HexN6_Ac3_S15_pNP	7	6	13	3	15	C90H133N7O117S15	3935.473111	16
HS_HexA7_HexN6_Ac3_S15_pNP	7	6	13	3	15	C90H133N7O117S15	3952.499660	17
HS_HexA7_HexN6_Ac3_S15_pNP	7	6	13	3	15	C90H133N7O117S15	3969.526209	18
HS_HexA7_HexN6_Ac3_S15_pNP	7	6	13	3	15	C90H133N7O117S15	3986.552758	19
HS_HexA7_HexN6_Ac3_S15_pNP	7	6	13	3	15	C90H133N7O117S15	4003.579307	20
HS_HexA7_HexN6_Ac3_S15_pNP	7	6	13	3	15	C90H133N7O117S15	4020.605857	21
HS_HexA7_HexN6_Ac3_S15_pNP	7	6	13	3	15	C90H133N7O117S15	4037.632406	22
HS_HexA7_HexN6_Ac3_S16_pNP	7	6	13	3	16	C90H133N7O120S16	3743.005140	0
HS_HexA7_HexN6_Ac3_S16_pNP	7	6	13	3	16	C90H133N7O120S16	3760.031690	1
HS_HexA7_HexN6_Ac3_S16_pNP	7	6	13	3	16	C90H133N7O120S16	3777.058239	2
HS_HexA7_HexN6_Ac3_S16_pNP	7	6	13	3	16	C90H133N7O120S16	3794.084788	3
HS_HexA7_HexN6_Ac3_S16_pNP	7	6	13	3	16	C90H133N7O120S16	3811.111337	4
HS_HexA7_HexN6_Ac3_S16_pNP	7	6	13	3	16	C90H133N7O120S16	3828.137886	5
HS_HexA7_HexN6_Ac3_S16_pNP	7	6	13	3	16	C90H133N7O120S16	3845.164435	6
HS_HexA7_HexN6_Ac3_S16_pNP	7	6	13	3	16	C90H133N7O120S16	3862.190984	7
HS_HexA7_HexN6_Ac3_S16_pNP	7	6	13	3	16	C90H133N7O120S16	3879.217533	8
HS_HexA7_HexN6_Ac3_S16_pNP	7	6	13	3	16	C90H133N7O120S16	3896.244082	9
HS_HexA7_HexN6_Ac3_S16_pNP	7	6	13	3	16	C90H133N7O120S16	3913.270631	10
HS_HexA7_HexN6_Ac3_S16_pNP	7	6	13	3	16	C90H133N7O120S16	3930.297181	11
HS_HexA7_HexN6_Ac3_S16_pNP	7	6	13	3	16	C90H133N7O120S16	3947.323730	12
HS_HexA7_HexN6_Ac3_S16_pNP	7	6	13	3	16	C90H133N7O120S16	3964.350279	13
HS_HexA7_HexN6_Ac3_S16_pNP	7	6	13	3	16	C90H133N7O120S16	3981.376828	14
HS_HexA7_HexN6_Ac3_S16_pNP	7	6	13	3	16	C90H133N7O120S16	3998.403377	15
HS_HexA7_HexN6_Ac3_S16_pNP	7	6	13	3	16	C90H133N7O120S16	4015.429926	16
HS_HexA7_HexN6_Ac3_S16_pNP	7	6	13	3	16	C90H133N7O120S16	4032.456475	17
HS_HexA7_HexN6_Ac3_S16_pNP	7	6	13	3	16	C90H133N7O120S16	4049.483024	18
HS_HexA7_HexN6_Ac3_S16_pNP	7	6	13	3	16	C90H133N7O120S16	4066.509573	19
HS_HexA7_HexN6_Ac3_S16_pNP	7	6	13	3	16	C90H133N7O120S16	4083.536122	20
HS_HexA7_HexN6_Ac3_S16_pNP	7	6	13	3	16	C90H133N7O120S16	4100.562672	21
HS_HexA7_HexN6_Ac3_S16_pNP	7	6	13	3	16	C90H133N7O120S16	4117.589221	22
HS_HexA7_HexN6_Ac3_S16_pNP	7	6	13	3	16	C90H133N7O120S16	4134.615770	23
HS_HexA7_HexN6_Ac3_S17_pNP	7	6	13	3	17	C90H133N7O123S17	3822.961955	0
HS_HexA7_HexN6_Ac3_S17_pNP	7	6	13	3	17	C90H133N7O123S17	3839.988505	1
HS_HexA7_HexN6_Ac3_S17_pNP	7	6	13	3	17	C90H133N7O123S17	3857.015054	2
HS_HexA7_HexN6_Ac3_S17_pNP	7	6	13	3	17	C90H133N7O123S17	3874.041603	3
HS_HexA7_HexN6_Ac3_S17_pNP	7	6	13	3	17	C90H133N7O123S17	3891.068152	4
HS_HexA7_HexN6_Ac3_S17_pNP	7	6	13	3	17	C90H133N7O123S17	3908.094701	5
HS_HexA7_HexN6_Ac3_S17_pNP	7	6	13	3	17	C90H133N7O123S17	3925.121250	6
HS_HexA7_HexN6_Ac3_S17_pNP	7	6	13	3	17	C90H133N7O123S17	3942.147799	7
HS_HexA7_HexN6_Ac3_S17_pNP	7	6	13	3	17	C90H133N7O123S17	3959.174348	8
HS_HexA7_HexN6_Ac3_S17_pNP	7	6	13	3	17	C90H133N7O123S17	3976.200897	9
HS_HexA7_HexN6_Ac3_S17_pNP	7	6	13	3	17	C90H133N7O123S17	3993.227447	10
HS_HexA7_HexN6_Ac3_S17_pNP	7	6	13	3	17	C90H133N7O123S17	4010.253996	11
HS_HexA7_HexN6_Ac3_S17_pNP	7	6	13	3	17	C90H133N7O123S17	4027.280545	12
HS_HexA7_HexN6_Ac3_S17_pNP	7	6	13	3	17	C90H133N7O123S17	4044.307094	13
HS_HexA7_HexN6_Ac3_S17_pNP	7	6	13	3	17	C90H133N7O123S17	4061.333643	14
HS_HexA7_HexN6_Ac3_S17_pNP	7	6	13	3	17	C90H133N7O123S17	4078.360192	15
HS_HexA7_HexN6_Ac3_S17_pNP	7	6	13	3	17	C90H133N7O123S17	4095.386741	16
HS_HexA7_HexN6_Ac3_S17_pNP	7	6	13	3	17	C90H133N7O123S17	4112.413290	17
HS_HexA7_HexN6_Ac3_S17_pNP	7	6	13	3	17	C90H133N7O123S17	4129.439839	18
HS_HexA7_HexN6_Ac3_S17_pNP	7	6	13	3	17	C90H133N7O123S17	4146.466388	19
HS_HexA7_HexN6_Ac3_S17_pNP	7	6	13	3	17	C90H133N7O123S17	4163.492938	20
HS_HexA7_HexN6_Ac3_S17_pNP	7	6	13	3	17	C90H133N7O123S17	4180.519487	21
HS_HexA7_HexN6_Ac3_S17_pNP	7	6	13	3	17	C90H133N7O123S17	4197.546036	22
HS_HexA7_HexN6_Ac3_S17_pNP	7	6	13	3	17	C90H133N7O123S17	4214.572585	23
HS_HexA7_HexN6_Ac3_S17_pNP	7	6	13	3	17	C90H133N7O123S17	4231.599134	24
HS_HexA7_HexN6_Ac3_S18_pNP	7	6	13	3	18	C90H133N7O126S18	3902.918771	0
HS_HexA7_HexN6_Ac3_S18_pNP	7	6	13	3	18	C90H133N7O126S18	3919.945320	1
HS_HexA7_HexN6_Ac3_S18_pNP	7	6	13	3	18	C90H133N7O126S18	3936.971869	2
HS_HexA7_HexN6_Ac3_S18_pNP	7	6	13	3	18	C90H133N7O126S18	3953.998418	3
HS_HexA7_HexN6_Ac3_S18_pNP	7	6	13	3	18	C90H133N7O126S18	3971.024967	4
HS_HexA7_HexN6_Ac3_S18_pNP	7	6	13	3	18	C90H133N7O126S18	3988.051516	5
HS_HexA7_HexN6_Ac3_S18_pNP	7	6	13	3	18	C90H133N7O126S18	4005.078065	6
HS_HexA7_HexN6_Ac3_S18_pNP	7	6	13	3	18	C90H133N7O126S18	4022.104614	7
HS_HexA7_HexN6_Ac3_S18_pNP	7	6	13	3	18	C90H133N7O126S18	4039.131163	8
HS_HexA7_HexN6_Ac3_S18_pNP	7	6	13	3	18	C90H133N7O126S18	4056.157712	9
HS_HexA7_HexN6_Ac3_S18_pNP	7	6	13	3	18	C90H133N7O126S18	4073.184262	10
HS_HexA7_HexN6_Ac3_S18_pNP	7	6	13	3	18	C90H133N7O126S18	4090.210811	11
HS_HexA7_HexN6_Ac3_S18_pNP	7	6	13	3	18	C90H133N7O126S18	4107.237360	12
HS_HexA7_HexN6_Ac3_S18_pNP	7	6	13	3	18	C90H133N7O126S18	4124.263909	13
HS_HexA7_HexN6_Ac3_S18_pNP	7	6	13	3	18	C90H133N7O126S18	4141.290458	14
HS_HexA7_HexN6_Ac3_S18_pNP	7	6	13	3	18	C90H133N7O126S18	4158.317007	15
HS_HexA7_HexN6_Ac3_S18_pNP	7	6	13	3	18	C90H133N7O126S18	4175.343556	16
HS_HexA7_HexN6_Ac3_S18_pNP	7	6	13	3	18	C90H133N7O126S18	4192.370105	17
HS_HexA7_HexN6_Ac3_S18_pNP	7	6	13	3	18	C90H133N7O126S18	4209.396654	18
HS_HexA7_HexN6_Ac3_S18_pNP	7	6	13	3	18	C90H133N7O126S18	4226.423203	19
HS_HexA7_HexN6_Ac3_S18_pNP	7	6	13	3	18	C90H133N7O126S18	4243.449753	20
HS_HexA7_HexN6_Ac3_S18_pNP	7	6	13	3	18	C90H133N7O126S18	4260.476302	21
HS_HexA7_HexN6_Ac3_S18_pNP	7	6	13	3	18	C90H133N7O126S18	4277.502851	22
HS_HexA7_HexN6_Ac3_S18_pNP	7	6	13	3	18	C90H133N7O126S18	4294.529400	23
HS_HexA7_HexN6_Ac3_S18_pNP	7	6	13	3	18	C90H133N7O126S18	4311.555949	24
HS_HexA7_HexN6_Ac3_S18_pNP	7	6	13	3	18	C90H133N7O126S18	4328.582498	25
HS_HexA7_HexN6_Ac4_S0_pNP	7	6	13	4	0	C92H135N7O73	2505.706665	0
HS_HexA7_HexN6_Ac4_S0_pNP	7	6	13	4	0	C92H135N7O73	2522.733214	1
HS_HexA7_HexN6_Ac4_S0_pNP	7	6	13	4	0	C92H135N7O73	2539.759763	2
HS_HexA7_HexN6_Ac4_S0_pNP	7	6	13	4	0	C92H135N7O73	2556.786312	3
HS_HexA7_HexN6_Ac4_S0_pNP	7	6	13	4	0	C92H135N7O73	2573.812861	4
HS_HexA7_HexN6_Ac4_S0_pNP	7	6	13	4	0	C92H135N7O73	2590.839410	5
HS_HexA7_HexN6_Ac4_S0_pNP	7	6	13	4	0	C92H135N7O73	2607.865959	6
HS_HexA7_HexN6_Ac4_S0_pNP	7	6	13	4	0	C92H135N7O73	2624.892508	7
HS_HexA7_HexN6_Ac4_S1_pNP	7	6	13	4	1	C92H135N7O76S	2585.663480	0
HS_HexA7_HexN6_Ac4_S1_pNP	7	6	13	4	1	C92H135N7O76S	2602.690029	1
HS_HexA7_HexN6_Ac4_S1_pNP	7	6	13	4	1	C92H135N7O76S	2619.716578	2
HS_HexA7_HexN6_Ac4_S1_pNP	7	6	13	4	1	C92H135N7O76S	2636.743127	3
HS_HexA7_HexN6_Ac4_S1_pNP	7	6	13	4	1	C92H135N7O76S	2653.769676	4
HS_HexA7_HexN6_Ac4_S1_pNP	7	6	13	4	1	C92H135N7O76S	2670.796225	5
HS_HexA7_HexN6_Ac4_S1_pNP	7	6	13	4	1	C92H135N7O76S	2687.822774	6
HS_HexA7_HexN6_Ac4_S1_pNP	7	6	13	4	1	C92H135N7O76S	2704.849323	7
HS_HexA7_HexN6_Ac4_S1_pNP	7	6	13	4	1	C92H135N7O76S	2721.875872	8
HS_HexA7_HexN6_Ac4_S2_pNP	7	6	13	4	2	C92H135N7O79S2	2665.620295	0
HS_HexA7_HexN6_Ac4_S2_pNP	7	6	13	4	2	C92H135N7O79S2	2682.646844	1
HS_HexA7_HexN6_Ac4_S2_pNP	7	6	13	4	2	C92H135N7O79S2	2699.673393	2
HS_HexA7_HexN6_Ac4_S2_pNP	7	6	13	4	2	C92H135N7O79S2	2716.699942	3
HS_HexA7_HexN6_Ac4_S2_pNP	7	6	13	4	2	C92H135N7O79S2	2733.726491	4
HS_HexA7_HexN6_Ac4_S2_pNP	7	6	13	4	2	C92H135N7O79S2	2750.753040	5
HS_HexA7_HexN6_Ac4_S2_pNP	7	6	13	4	2	C92H135N7O79S2	2767.779589	6
HS_HexA7_HexN6_Ac4_S2_pNP	7	6	13	4	2	C92H135N7O79S2	2784.806138	7
HS_HexA7_HexN6_Ac4_S2_pNP	7	6	13	4	2	C92H135N7O79S2	2801.832687	8
HS_HexA7_HexN6_Ac4_S2_pNP	7	6	13	4	2	C92H135N7O79S2	2818.859237	9
HS_HexA7_HexN6_Ac4_S3_pNP	7	6	13	4	3	C92H135N7O82S3	2745.577110	0
HS_HexA7_HexN6_Ac4_S3_pNP	7	6	13	4	3	C92H135N7O82S3	2762.603659	1
HS_HexA7_HexN6_Ac4_S3_pNP	7	6	13	4	3	C92H135N7O82S3	2779.630208	2
HS_HexA7_HexN6_Ac4_S3_pNP	7	6	13	4	3	C92H135N7O82S3	2796.656757	3
HS_HexA7_HexN6_Ac4_S3_pNP	7	6	13	4	3	C92H135N7O82S3	2813.683306	4
HS_HexA7_HexN6_Ac4_S3_pNP	7	6	13	4	3	C92H135N7O82S3	2830.709855	5
HS_HexA7_HexN6_Ac4_S3_pNP	7	6	13	4	3	C92H135N7O82S3	2847.736404	6
HS_HexA7_HexN6_Ac4_S3_pNP	7	6	13	4	3	C92H135N7O82S3	2864.762953	7
HS_HexA7_HexN6_Ac4_S3_pNP	7	6	13	4	3	C92H135N7O82S3	2881.789503	8
HS_HexA7_HexN6_Ac4_S3_pNP	7	6	13	4	3	C92H135N7O82S3	2898.816052	9
HS_HexA7_HexN6_Ac4_S3_pNP	7	6	13	4	3	C92H135N7O82S3	2915.842601	10
HS_HexA7_HexN6_Ac4_S4_pNP	7	6	13	4	4	C92H135N7O85S4	2825.533925	0
HS_HexA7_HexN6_Ac4_S4_pNP	7	6	13	4	4	C92H135N7O85S4	2842.560474	1
HS_HexA7_HexN6_Ac4_S4_pNP	7	6	13	4	4	C92H135N7O85S4	2859.587023	2
HS_HexA7_HexN6_Ac4_S4_pNP	7	6	13	4	4	C92H135N7O85S4	2876.613572	3
HS_HexA7_HexN6_Ac4_S4_pNP	7	6	13	4	4	C92H135N7O85S4	2893.640121	4
HS_HexA7_HexN6_Ac4_S4_pNP	7	6	13	4	4	C92H135N7O85S4	2910.666670	5
HS_HexA7_HexN6_Ac4_S4_pNP	7	6	13	4	4	C92H135N7O85S4	2927.693219	6
HS_HexA7_HexN6_Ac4_S4_pNP	7	6	13	4	4	C92H135N7O85S4	2944.719768	7
HS_HexA7_HexN6_Ac4_S4_pNP	7	6	13	4	4	C92H135N7O85S4	2961.746318	8
HS_HexA7_HexN6_Ac4_S4_pNP	7	6	13	4	4	C92H135N7O85S4	2978.772867	9
HS_HexA7_HexN6_Ac4_S4_pNP	7	6	13	4	4	C92H135N7O85S4	2995.799416	10
HS_HexA7_HexN6_Ac4_S4_pNP	7	6	13	4	4	C92H135N7O85S4	3012.825965	11
HS_HexA7_HexN6_Ac4_S5_pNP	7	6	13	4	5	C92H135N7O88S5	2905.490740	0
HS_HexA7_HexN6_Ac4_S5_pNP	7	6	13	4	5	C92H135N7O88S5	2922.517289	1
HS_HexA7_HexN6_Ac4_S5_pNP	7	6	13	4	5	C92H135N7O88S5	2939.543838	2
HS_HexA7_HexN6_Ac4_S5_pNP	7	6	13	4	5	C92H135N7O88S5	2956.570387	3
HS_HexA7_HexN6_Ac4_S5_pNP	7	6	13	4	5	C92H135N7O88S5	2973.596936	4
HS_HexA7_HexN6_Ac4_S5_pNP	7	6	13	4	5	C92H135N7O88S5	2990.623485	5
HS_HexA7_HexN6_Ac4_S5_pNP	7	6	13	4	5	C92H135N7O88S5	3007.650034	6
HS_HexA7_HexN6_Ac4_S5_pNP	7	6	13	4	5	C92H135N7O88S5	3024.676583	7
HS_HexA7_HexN6_Ac4_S5_pNP	7	6	13	4	5	C92H135N7O88S5	3041.703133	8
HS_HexA7_HexN6_Ac4_S5_pNP	7	6	13	4	5	C92H135N7O88S5	3058.729682	9
HS_HexA7_HexN6_Ac4_S5_pNP	7	6	13	4	5	C92H135N7O88S5	3075.756231	10
HS_HexA7_HexN6_Ac4_S5_pNP	7	6	13	4	5	C92H135N7O88S5	3092.782780	11
HS_HexA7_HexN6_Ac4_S5_pNP	7	6	13	4	5	C92H135N7O88S5	3109.809329	12
HS_HexA7_HexN6_Ac4_S6_pNP	7	6	13	4	6	C92H135N7O91S6	2985.447555	0
HS_HexA7_HexN6_Ac4_S6_pNP	7	6	13	4	6	C92H135N7O91S6	3002.474104	1
HS_HexA7_HexN6_Ac4_S6_pNP	7	6	13	4	6	C92H135N7O91S6	3019.500653	2
HS_HexA7_HexN6_Ac4_S6_pNP	7	6	13	4	6	C92H135N7O91S6	3036.527202	3
HS_HexA7_HexN6_Ac4_S6_pNP	7	6	13	4	6	C92H135N7O91S6	3053.553751	4
HS_HexA7_HexN6_Ac4_S6_pNP	7	6	13	4	6	C92H135N7O91S6	3070.580300	5
HS_HexA7_HexN6_Ac4_S6_pNP	7	6	13	4	6	C92H135N7O91S6	3087.606849	6
HS_HexA7_HexN6_Ac4_S6_pNP	7	6	13	4	6	C92H135N7O91S6	3104.633399	7
HS_HexA7_HexN6_Ac4_S6_pNP	7	6	13	4	6	C92H135N7O91S6	3121.659948	8
HS_HexA7_HexN6_Ac4_S6_pNP	7	6	13	4	6	C92H135N7O91S6	3138.686497	9
HS_HexA7_HexN6_Ac4_S6_pNP	7	6	13	4	6	C92H135N7O91S6	3155.713046	10
HS_HexA7_HexN6_Ac4_S6_pNP	7	6	13	4	6	C92H135N7O91S6	3172.739595	11
HS_HexA7_HexN6_Ac4_S6_pNP	7	6	13	4	6	C92H135N7O91S6	3189.766144	12
HS_HexA7_HexN6_Ac4_S6_pNP	7	6	13	4	6	C92H135N7O91S6	3206.792693	13
HS_HexA7_HexN6_Ac4_S7_pNP	7	6	13	4	7	C92H135N7O94S7	3065.404370	0
HS_HexA7_HexN6_Ac4_S7_pNP	7	6	13	4	7	C92H135N7O94S7	3082.430919	1
HS_HexA7_HexN6_Ac4_S7_pNP	7	6	13	4	7	C92H135N7O94S7	3099.457468	2
HS_HexA7_HexN6_Ac4_S7_pNP	7	6	13	4	7	C92H135N7O94S7	3116.484017	3
HS_HexA7_HexN6_Ac4_S7_pNP	7	6	13	4	7	C92H135N7O94S7	3133.510566	4
HS_HexA7_HexN6_Ac4_S7_pNP	7	6	13	4	7	C92H135N7O94S7	3150.537115	5
HS_HexA7_HexN6_Ac4_S7_pNP	7	6	13	4	7	C92H135N7O94S7	3167.563664	6
HS_HexA7_HexN6_Ac4_S7_pNP	7	6	13	4	7	C92H135N7O94S7	3184.590214	7
HS_HexA7_HexN6_Ac4_S7_pNP	7	6	13	4	7	C92H135N7O94S7	3201.616763	8
HS_HexA7_HexN6_Ac4_S7_pNP	7	6	13	4	7	C92H135N7O94S7	3218.643312	9
HS_HexA7_HexN6_Ac4_S7_pNP	7	6	13	4	7	C92H135N7O94S7	3235.669861	10
HS_HexA7_HexN6_Ac4_S7_pNP	7	6	13	4	7	C92H135N7O94S7	3252.696410	11
HS_HexA7_HexN6_Ac4_S7_pNP	7	6	13	4	7	C92H135N7O94S7	3269.722959	12
HS_HexA7_HexN6_Ac4_S7_pNP	7	6	13	4	7	C92H135N7O94S7	3286.749508	13
HS_HexA7_HexN6_Ac4_S7_pNP	7	6	13	4	7	C92H135N7O94S7	3303.776057	14
HS_HexA7_HexN6_Ac4_S8_pNP	7	6	13	4	8	C92H135N7O97S8	3145.361185	0
HS_HexA7_HexN6_Ac4_S8_pNP	7	6	13	4	8	C92H135N7O97S8	3162.387734	1
HS_HexA7_HexN6_Ac4_S8_pNP	7	6	13	4	8	C92H135N7O97S8	3179.414283	2
HS_HexA7_HexN6_Ac4_S8_pNP	7	6	13	4	8	C92H135N7O97S8	3196.440832	3
HS_HexA7_HexN6_Ac4_S8_pNP	7	6	13	4	8	C92H135N7O97S8	3213.467381	4
HS_HexA7_HexN6_Ac4_S8_pNP	7	6	13	4	8	C92H135N7O97S8	3230.493930	5
HS_HexA7_HexN6_Ac4_S8_pNP	7	6	13	4	8	C92H135N7O97S8	3247.520479	6
HS_HexA7_HexN6_Ac4_S8_pNP	7	6	13	4	8	C92H135N7O97S8	3264.547029	7
HS_HexA7_HexN6_Ac4_S8_pNP	7	6	13	4	8	C92H135N7O97S8	3281.573578	8
HS_HexA7_HexN6_Ac4_S8_pNP	7	6	13	4	8	C92H135N7O97S8	3298.600127	9
HS_HexA7_HexN6_Ac4_S8_pNP	7	6	13	4	8	C92H135N7O97S8	3315.626676	10
HS_HexA7_HexN6_Ac4_S8_pNP	7	6	13	4	8	C92H135N7O97S8	3332.653225	11
HS_HexA7_HexN6_Ac4_S8_pNP	7	6	13	4	8	C92H135N7O97S8	3349.679774	12
HS_HexA7_HexN6_Ac4_S8_pNP	7	6	13	4	8	C92H135N7O97S8	3366.706323	13
HS_HexA7_HexN6_Ac4_S8_pNP	7	6	13	4	8	C92H135N7O97S8	3383.732872	14
HS_HexA7_HexN6_Ac4_S8_pNP	7	6	13	4	8	C92H135N7O97S8	3400.759421	15
HS_HexA7_HexN6_Ac4_S9_pNP	7	6	13	4	9	C92H135N7O100S9	3225.318000	0
HS_HexA7_HexN6_Ac4_S9_pNP	7	6	13	4	9	C92H135N7O100S9	3242.344549	1
HS_HexA7_HexN6_Ac4_S9_pNP	7	6	13	4	9	C92H135N7O100S9	3259.371098	2
HS_HexA7_HexN6_Ac4_S9_pNP	7	6	13	4	9	C92H135N7O100S9	3276.397647	3
HS_HexA7_HexN6_Ac4_S9_pNP	7	6	13	4	9	C92H135N7O100S9	3293.424196	4
HS_HexA7_HexN6_Ac4_S9_pNP	7	6	13	4	9	C92H135N7O100S9	3310.450745	5
HS_HexA7_HexN6_Ac4_S9_pNP	7	6	13	4	9	C92H135N7O100S9	3327.477295	6
HS_HexA7_HexN6_Ac4_S9_pNP	7	6	13	4	9	C92H135N7O100S9	3344.503844	7
HS_HexA7_HexN6_Ac4_S9_pNP	7	6	13	4	9	C92H135N7O100S9	3361.530393	8
HS_HexA7_HexN6_Ac4_S9_pNP	7	6	13	4	9	C92H135N7O100S9	3378.556942	9
HS_HexA7_HexN6_Ac4_S9_pNP	7	6	13	4	9	C92H135N7O100S9	3395.583491	10
HS_HexA7_HexN6_Ac4_S9_pNP	7	6	13	4	9	C92H135N7O100S9	3412.610040	11
HS_HexA7_HexN6_Ac4_S9_pNP	7	6	13	4	9	C92H135N7O100S9	3429.636589	12
HS_HexA7_HexN6_Ac4_S9_pNP	7	6	13	4	9	C92H135N7O100S9	3446.663138	13
HS_HexA7_HexN6_Ac4_S9_pNP	7	6	13	4	9	C92H135N7O100S9	3463.689687	14
HS_HexA7_HexN6_Ac4_S9_pNP	7	6	13	4	9	C92H135N7O100S9	3480.716236	15
HS_HexA7_HexN6_Ac4_S9_pNP	7	6	13	4	9	C92H135N7O100S9	3497.742786	16
HS_HexA7_HexN6_Ac4_S10_pNP	7	6	13	4	10	C92H135N7O103S10	3305.274815	0
HS_HexA7_HexN6_Ac4_S10_pNP	7	6	13	4	10	C92H135N7O103S10	3322.301364	1
HS_HexA7_HexN6_Ac4_S10_pNP	7	6	13	4	10	C92H135N7O103S10	3339.327913	2
HS_HexA7_HexN6_Ac4_S10_pNP	7	6	13	4	10	C92H135N7O103S10	3356.354462	3
HS_HexA7_HexN6_Ac4_S10_pNP	7	6	13	4	10	C92H135N7O103S10	3373.381011	4
HS_HexA7_HexN6_Ac4_S10_pNP	7	6	13	4	10	C92H135N7O103S10	3390.407560	5
HS_HexA7_HexN6_Ac4_S10_pNP	7	6	13	4	10	C92H135N7O103S10	3407.434110	6
HS_HexA7_HexN6_Ac4_S10_pNP	7	6	13	4	10	C92H135N7O103S10	3424.460659	7
HS_HexA7_HexN6_Ac4_S10_pNP	7	6	13	4	10	C92H135N7O103S10	3441.487208	8
HS_HexA7_HexN6_Ac4_S10_pNP	7	6	13	4	10	C92H135N7O103S10	3458.513757	9
HS_HexA7_HexN6_Ac4_S10_pNP	7	6	13	4	10	C92H135N7O103S10	3475.540306	10
HS_HexA7_HexN6_Ac4_S10_pNP	7	6	13	4	10	C92H135N7O103S10	3492.566855	11
HS_HexA7_HexN6_Ac4_S10_pNP	7	6	13	4	10	C92H135N7O103S10	3509.593404	12
HS_HexA7_HexN6_Ac4_S10_pNP	7	6	13	4	10	C92H135N7O103S10	3526.619953	13
HS_HexA7_HexN6_Ac4_S10_pNP	7	6	13	4	10	C92H135N7O103S10	3543.646502	14
HS_HexA7_HexN6_Ac4_S10_pNP	7	6	13	4	10	C92H135N7O103S10	3560.673051	15
HS_HexA7_HexN6_Ac4_S10_pNP	7	6	13	4	10	C92H135N7O103S10	3577.699601	16
HS_HexA7_HexN6_Ac4_S10_pNP	7	6	13	4	10	C92H135N7O103S10	3594.726150	17
HS_HexA7_HexN6_Ac4_S11_pNP	7	6	13	4	11	C92H135N7O106S11	3385.231630	0
HS_HexA7_HexN6_Ac4_S11_pNP	7	6	13	4	11	C92H135N7O106S11	3402.258179	1
HS_HexA7_HexN6_Ac4_S11_pNP	7	6	13	4	11	C92H135N7O106S11	3419.284728	2
HS_HexA7_HexN6_Ac4_S11_pNP	7	6	13	4	11	C92H135N7O106S11	3436.311277	3
HS_HexA7_HexN6_Ac4_S11_pNP	7	6	13	4	11	C92H135N7O106S11	3453.337826	4
HS_HexA7_HexN6_Ac4_S11_pNP	7	6	13	4	11	C92H135N7O106S11	3470.364375	5
HS_HexA7_HexN6_Ac4_S11_pNP	7	6	13	4	11	C92H135N7O106S11	3487.390925	6
HS_HexA7_HexN6_Ac4_S11_pNP	7	6	13	4	11	C92H135N7O106S11	3504.417474	7
HS_HexA7_HexN6_Ac4_S11_pNP	7	6	13	4	11	C92H135N7O106S11	3521.444023	8
HS_HexA7_HexN6_Ac4_S11_pNP	7	6	13	4	11	C92H135N7O106S11	3538.470572	9
HS_HexA7_HexN6_Ac4_S11_pNP	7	6	13	4	11	C92H135N7O106S11	3555.497121	10
HS_HexA7_HexN6_Ac4_S11_pNP	7	6	13	4	11	C92H135N7O106S11	3572.523670	11
HS_HexA7_HexN6_Ac4_S11_pNP	7	6	13	4	11	C92H135N7O106S11	3589.550219	12
HS_HexA7_HexN6_Ac4_S11_pNP	7	6	13	4	11	C92H135N7O106S11	3606.576768	13
HS_HexA7_HexN6_Ac4_S11_pNP	7	6	13	4	11	C92H135N7O106S11	3623.603317	14
HS_HexA7_HexN6_Ac4_S11_pNP	7	6	13	4	11	C92H135N7O106S11	3640.629866	15
HS_HexA7_HexN6_Ac4_S11_pNP	7	6	13	4	11	C92H135N7O106S11	3657.656416	16
HS_HexA7_HexN6_Ac4_S11_pNP	7	6	13	4	11	C92H135N7O106S11	3674.682965	17
HS_HexA7_HexN6_Ac4_S11_pNP	7	6	13	4	11	C92H135N7O106S11	3691.709514	18
HS_HexA7_HexN6_Ac4_S12_pNP	7	6	13	4	12	C92H135N7O109S12	3465.188445	0
HS_HexA7_HexN6_Ac4_S12_pNP	7	6	13	4	12	C92H135N7O109S12	3482.214994	1
HS_HexA7_HexN6_Ac4_S12_pNP	7	6	13	4	12	C92H135N7O109S12	3499.241543	2
HS_HexA7_HexN6_Ac4_S12_pNP	7	6	13	4	12	C92H135N7O109S12	3516.268092	3
HS_HexA7_HexN6_Ac4_S12_pNP	7	6	13	4	12	C92H135N7O109S12	3533.294641	4
HS_HexA7_HexN6_Ac4_S12_pNP	7	6	13	4	12	C92H135N7O109S12	3550.321191	5
HS_HexA7_HexN6_Ac4_S12_pNP	7	6	13	4	12	C92H135N7O109S12	3567.347740	6
HS_HexA7_HexN6_Ac4_S12_pNP	7	6	13	4	12	C92H135N7O109S12	3584.374289	7
HS_HexA7_HexN6_Ac4_S12_pNP	7	6	13	4	12	C92H135N7O109S12	3601.400838	8
HS_HexA7_HexN6_Ac4_S12_pNP	7	6	13	4	12	C92H135N7O109S12	3618.427387	9
HS_HexA7_HexN6_Ac4_S12_pNP	7	6	13	4	12	C92H135N7O109S12	3635.453936	10
HS_HexA7_HexN6_Ac4_S12_pNP	7	6	13	4	12	C92H135N7O109S12	3652.480485	11
HS_HexA7_HexN6_Ac4_S12_pNP	7	6	13	4	12	C92H135N7O109S12	3669.507034	12
HS_HexA7_HexN6_Ac4_S12_pNP	7	6	13	4	12	C92H135N7O109S12	3686.533583	13
HS_HexA7_HexN6_Ac4_S12_pNP	7	6	13	4	12	C92H135N7O109S12	3703.560132	14
HS_HexA7_HexN6_Ac4_S12_pNP	7	6	13	4	12	C92H135N7O109S12	3720.586682	15
HS_HexA7_HexN6_Ac4_S12_pNP	7	6	13	4	12	C92H135N7O109S12	3737.613231	16
HS_HexA7_HexN6_Ac4_S12_pNP	7	6	13	4	12	C92H135N7O109S12	3754.639780	17
HS_HexA7_HexN6_Ac4_S12_pNP	7	6	13	4	12	C92H135N7O109S12	3771.666329	18
HS_HexA7_HexN6_Ac4_S12_pNP	7	6	13	4	12	C92H135N7O109S12	3788.692878	19
HS_HexA7_HexN6_Ac4_S13_pNP	7	6	13	4	13	C92H135N7O112S13	3545.145260	0
HS_HexA7_HexN6_Ac4_S13_pNP	7	6	13	4	13	C92H135N7O112S13	3562.171809	1
HS_HexA7_HexN6_Ac4_S13_pNP	7	6	13	4	13	C92H135N7O112S13	3579.198358	2
HS_HexA7_HexN6_Ac4_S13_pNP	7	6	13	4	13	C92H135N7O112S13	3596.224907	3
HS_HexA7_HexN6_Ac4_S13_pNP	7	6	13	4	13	C92H135N7O112S13	3613.251456	4
HS_HexA7_HexN6_Ac4_S13_pNP	7	6	13	4	13	C92H135N7O112S13	3630.278006	5
HS_HexA7_HexN6_Ac4_S13_pNP	7	6	13	4	13	C92H135N7O112S13	3647.304555	6
HS_HexA7_HexN6_Ac4_S13_pNP	7	6	13	4	13	C92H135N7O112S13	3664.331104	7
HS_HexA7_HexN6_Ac4_S13_pNP	7	6	13	4	13	C92H135N7O112S13	3681.357653	8
HS_HexA7_HexN6_Ac4_S13_pNP	7	6	13	4	13	C92H135N7O112S13	3698.384202	9
HS_HexA7_HexN6_Ac4_S13_pNP	7	6	13	4	13	C92H135N7O112S13	3715.410751	10
HS_HexA7_HexN6_Ac4_S13_pNP	7	6	13	4	13	C92H135N7O112S13	3732.437300	11
HS_HexA7_HexN6_Ac4_S13_pNP	7	6	13	4	13	C92H135N7O112S13	3749.463849	12
HS_HexA7_HexN6_Ac4_S13_pNP	7	6	13	4	13	C92H135N7O112S13	3766.490398	13
HS_HexA7_HexN6_Ac4_S13_pNP	7	6	13	4	13	C92H135N7O112S13	3783.516947	14
HS_HexA7_HexN6_Ac4_S13_pNP	7	6	13	4	13	C92H135N7O112S13	3800.543497	15
HS_HexA7_HexN6_Ac4_S13_pNP	7	6	13	4	13	C92H135N7O112S13	3817.570046	16
HS_HexA7_HexN6_Ac4_S13_pNP	7	6	13	4	13	C92H135N7O112S13	3834.596595	17
HS_HexA7_HexN6_Ac4_S13_pNP	7	6	13	4	13	C92H135N7O112S13	3851.623144	18
HS_HexA7_HexN6_Ac4_S13_pNP	7	6	13	4	13	C92H135N7O112S13	3868.649693	19
HS_HexA7_HexN6_Ac4_S13_pNP	7	6	13	4	13	C92H135N7O112S13	3885.676242	20
HS_HexA7_HexN6_Ac4_S14_pNP	7	6	13	4	14	C92H135N7O115S14	3625.102075	0
HS_HexA7_HexN6_Ac4_S14_pNP	7	6	13	4	14	C92H135N7O115S14	3642.128624	1
HS_HexA7_HexN6_Ac4_S14_pNP	7	6	13	4	14	C92H135N7O115S14	3659.155173	2
HS_HexA7_HexN6_Ac4_S14_pNP	7	6	13	4	14	C92H135N7O115S14	3676.181722	3
HS_HexA7_HexN6_Ac4_S14_pNP	7	6	13	4	14	C92H135N7O115S14	3693.208271	4
HS_HexA7_HexN6_Ac4_S14_pNP	7	6	13	4	14	C92H135N7O115S14	3710.234821	5
HS_HexA7_HexN6_Ac4_S14_pNP	7	6	13	4	14	C92H135N7O115S14	3727.261370	6
HS_HexA7_HexN6_Ac4_S14_pNP	7	6	13	4	14	C92H135N7O115S14	3744.287919	7
HS_HexA7_HexN6_Ac4_S14_pNP	7	6	13	4	14	C92H135N7O115S14	3761.314468	8
HS_HexA7_HexN6_Ac4_S14_pNP	7	6	13	4	14	C92H135N7O115S14	3778.341017	9
HS_HexA7_HexN6_Ac4_S14_pNP	7	6	13	4	14	C92H135N7O115S14	3795.367566	10
HS_HexA7_HexN6_Ac4_S14_pNP	7	6	13	4	14	C92H135N7O115S14	3812.394115	11
HS_HexA7_HexN6_Ac4_S14_pNP	7	6	13	4	14	C92H135N7O115S14	3829.420664	12
HS_HexA7_HexN6_Ac4_S14_pNP	7	6	13	4	14	C92H135N7O115S14	3846.447213	13
HS_HexA7_HexN6_Ac4_S14_pNP	7	6	13	4	14	C92H135N7O115S14	3863.473762	14
HS_HexA7_HexN6_Ac4_S14_pNP	7	6	13	4	14	C92H135N7O115S14	3880.500312	15
HS_HexA7_HexN6_Ac4_S14_pNP	7	6	13	4	14	C92H135N7O115S14	3897.526861	16
HS_HexA7_HexN6_Ac4_S14_pNP	7	6	13	4	14	C92H135N7O115S14	3914.553410	17
HS_HexA7_HexN6_Ac4_S14_pNP	7	6	13	4	14	C92H135N7O115S14	3931.579959	18
HS_HexA7_HexN6_Ac4_S14_pNP	7	6	13	4	14	C92H135N7O115S14	3948.606508	19
HS_HexA7_HexN6_Ac4_S14_pNP	7	6	13	4	14	C92H135N7O115S14	3965.633057	20
HS_HexA7_HexN6_Ac4_S14_pNP	7	6	13	4	14	C92H135N7O115S14	3982.659606	21
HS_HexA7_HexN6_Ac4_S15_pNP	7	6	13	4	15	C92H135N7O118S15	3705.058890	0
HS_HexA7_HexN6_Ac4_S15_pNP	7	6	13	4	15	C92H135N7O118S15	3722.085439	1
HS_HexA7_HexN6_Ac4_S15_pNP	7	6	13	4	15	C92H135N7O118S15	3739.111988	2
HS_HexA7_HexN6_Ac4_S15_pNP	7	6	13	4	15	C92H135N7O118S15	3756.138537	3
HS_HexA7_HexN6_Ac4_S15_pNP	7	6	13	4	15	C92H135N7O118S15	3773.165087	4
HS_HexA7_HexN6_Ac4_S15_pNP	7	6	13	4	15	C92H135N7O118S15	3790.191636	5
HS_HexA7_HexN6_Ac4_S15_pNP	7	6	13	4	15	C92H135N7O118S15	3807.218185	6
HS_HexA7_HexN6_Ac4_S15_pNP	7	6	13	4	15	C92H135N7O118S15	3824.244734	7
HS_HexA7_HexN6_Ac4_S15_pNP	7	6	13	4	15	C92H135N7O118S15	3841.271283	8
HS_HexA7_HexN6_Ac4_S15_pNP	7	6	13	4	15	C92H135N7O118S15	3858.297832	9
HS_HexA7_HexN6_Ac4_S15_pNP	7	6	13	4	15	C92H135N7O118S15	3875.324381	10
HS_HexA7_HexN6_Ac4_S15_pNP	7	6	13	4	15	C92H135N7O118S15	3892.350930	11
HS_HexA7_HexN6_Ac4_S15_pNP	7	6	13	4	15	C92H135N7O118S15	3909.377479	12
HS_HexA7_HexN6_Ac4_S15_pNP	7	6	13	4	15	C92H135N7O118S15	3926.404028	13
HS_HexA7_HexN6_Ac4_S15_pNP	7	6	13	4	15	C92H135N7O118S15	3943.430578	14
HS_HexA7_HexN6_Ac4_S15_pNP	7	6	13	4	15	C92H135N7O118S15	3960.457127	15
HS_HexA7_HexN6_Ac4_S15_pNP	7	6	13	4	15	C92H135N7O118S15	3977.483676	16
HS_HexA7_HexN6_Ac4_S15_pNP	7	6	13	4	15	C92H135N7O118S15	3994.510225	17
HS_HexA7_HexN6_Ac4_S15_pNP	7	6	13	4	15	C92H135N7O118S15	4011.536774	18
HS_HexA7_HexN6_Ac4_S15_pNP	7	6	13	4	15	C92H135N7O118S15	4028.563323	19
HS_HexA7_HexN6_Ac4_S15_pNP	7	6	13	4	15	C92H135N7O118S15	4045.589872	20
HS_HexA7_HexN6_Ac4_S15_pNP	7	6	13	4	15	C92H135N7O118S15	4062.616421	21
HS_HexA7_HexN6_Ac4_S15_pNP	7	6	13	4	15	C92H135N7O118S15	4079.642970	22
HS_HexA7_HexN6_Ac4_S16_pNP	7	6	13	4	16	C92H135N7O121S16	3785.015705	0
HS_HexA7_HexN6_Ac4_S16_pNP	7	6	13	4	16	C92H135N7O121S16	3802.042254	1
HS_HexA7_HexN6_Ac4_S16_pNP	7	6	13	4	16	C92H135N7O121S16	3819.068803	2
HS_HexA7_HexN6_Ac4_S16_pNP	7	6	13	4	16	C92H135N7O121S16	3836.095352	3
HS_HexA7_HexN6_Ac4_S16_pNP	7	6	13	4	16	C92H135N7O121S16	3853.121902	4
HS_HexA7_HexN6_Ac4_S16_pNP	7	6	13	4	16	C92H135N7O121S16	3870.148451	5
HS_HexA7_HexN6_Ac4_S16_pNP	7	6	13	4	16	C92H135N7O121S16	3887.175000	6
HS_HexA7_HexN6_Ac4_S16_pNP	7	6	13	4	16	C92H135N7O121S16	3904.201549	7
HS_HexA7_HexN6_Ac4_S16_pNP	7	6	13	4	16	C92H135N7O121S16	3921.228098	8
HS_HexA7_HexN6_Ac4_S16_pNP	7	6	13	4	16	C92H135N7O121S16	3938.254647	9
HS_HexA7_HexN6_Ac4_S16_pNP	7	6	13	4	16	C92H135N7O121S16	3955.281196	10
HS_HexA7_HexN6_Ac4_S16_pNP	7	6	13	4	16	C92H135N7O121S16	3972.307745	11
HS_HexA7_HexN6_Ac4_S16_pNP	7	6	13	4	16	C92H135N7O121S16	3989.334294	12
HS_HexA7_HexN6_Ac4_S16_pNP	7	6	13	4	16	C92H135N7O121S16	4006.360843	13
HS_HexA7_HexN6_Ac4_S16_pNP	7	6	13	4	16	C92H135N7O121S16	4023.387393	14
HS_HexA7_HexN6_Ac4_S16_pNP	7	6	13	4	16	C92H135N7O121S16	4040.413942	15
HS_HexA7_HexN6_Ac4_S16_pNP	7	6	13	4	16	C92H135N7O121S16	4057.440491	16
HS_HexA7_HexN6_Ac4_S16_pNP	7	6	13	4	16	C92H135N7O121S16	4074.467040	17
HS_HexA7_HexN6_Ac4_S16_pNP	7	6	13	4	16	C92H135N7O121S16	4091.493589	18
HS_HexA7_HexN6_Ac4_S16_pNP	7	6	13	4	16	C92H135N7O121S16	4108.520138	19
HS_HexA7_HexN6_Ac4_S16_pNP	7	6	13	4	16	C92H135N7O121S16	4125.546687	20
HS_HexA7_HexN6_Ac4_S16_pNP	7	6	13	4	16	C92H135N7O121S16	4142.573236	21
HS_HexA7_HexN6_Ac4_S16_pNP	7	6	13	4	16	C92H135N7O121S16	4159.599785	22
HS_HexA7_HexN6_Ac4_S16_pNP	7	6	13	4	16	C92H135N7O121S16	4176.626334	23
HS_HexA7_HexN6_Ac4_S17_pNP	7	6	13	4	17	C92H135N7O124S17	3864.972520	0
HS_HexA7_HexN6_Ac4_S17_pNP	7	6	13	4	17	C92H135N7O124S17	3881.999069	1
HS_HexA7_HexN6_Ac4_S17_pNP	7	6	13	4	17	C92H135N7O124S17	3899.025618	2
HS_HexA7_HexN6_Ac4_S17_pNP	7	6	13	4	17	C92H135N7O124S17	3916.052167	3
HS_HexA7_HexN6_Ac4_S17_pNP	7	6	13	4	17	C92H135N7O124S17	3933.078717	4
HS_HexA7_HexN6_Ac4_S17_pNP	7	6	13	4	17	C92H135N7O124S17	3950.105266	5
HS_HexA7_HexN6_Ac4_S17_pNP	7	6	13	4	17	C92H135N7O124S17	3967.131815	6
HS_HexA7_HexN6_Ac4_S17_pNP	7	6	13	4	17	C92H135N7O124S17	3984.158364	7
HS_HexA7_HexN6_Ac4_S17_pNP	7	6	13	4	17	C92H135N7O124S17	4001.184913	8
HS_HexA7_HexN6_Ac4_S17_pNP	7	6	13	4	17	C92H135N7O124S17	4018.211462	9
HS_HexA7_HexN6_Ac4_S17_pNP	7	6	13	4	17	C92H135N7O124S17	4035.238011	10
HS_HexA7_HexN6_Ac4_S17_pNP	7	6	13	4	17	C92H135N7O124S17	4052.264560	11
HS_HexA7_HexN6_Ac4_S17_pNP	7	6	13	4	17	C92H135N7O124S17	4069.291109	12
HS_HexA7_HexN6_Ac4_S17_pNP	7	6	13	4	17	C92H135N7O124S17	4086.317658	13
HS_HexA7_HexN6_Ac4_S17_pNP	7	6	13	4	17	C92H135N7O124S17	4103.344208	14
HS_HexA7_HexN6_Ac4_S17_pNP	7	6	13	4	17	C92H135N7O124S17	4120.370757	15
HS_HexA7_HexN6_Ac4_S17_pNP	7	6	13	4	17	C92H135N7O124S17	4137.397306	16
HS_HexA7_HexN6_Ac4_S17_pNP	7	6	13	4	17	C92H135N7O124S17	4154.423855	17
HS_HexA7_HexN6_Ac4_S17_pNP	7	6	13	4	17	C92H135N7O124S17	4171.450404	18
HS_HexA7_HexN6_Ac4_S17_pNP	7	6	13	4	17	C92H135N7O124S17	4188.476953	19
HS_HexA7_HexN6_Ac4_S17_pNP	7	6	13	4	17	C92H135N7O124S17	4205.503502	20
HS_HexA7_HexN6_Ac4_S17_pNP	7	6	13	4	17	C92H135N7O124S17	4222.530051	21
HS_HexA7_HexN6_Ac4_S17_pNP	7	6	13	4	17	C92H135N7O124S17	4239.556600	22
HS_HexA7_HexN6_Ac4_S17_pNP	7	6	13	4	17	C92H135N7O124S17	4256.583149	23
HS_HexA7_HexN6_Ac4_S17_pNP	7	6	13	4	17	C92H135N7O124S17	4273.609699	24
HS_HexA7_HexN6_Ac4_S18_pNP	7	6	13	4	18	C92H135N7O127S18	3944.929335	0
HS_HexA7_HexN6_Ac4_S18_pNP	7	6	13	4	18	C92H135N7O127S18	3961.955884	1
HS_HexA7_HexN6_Ac4_S18_pNP	7	6	13	4	18	C92H135N7O127S18	3978.982433	2
HS_HexA7_HexN6_Ac4_S18_pNP	7	6	13	4	18	C92H135N7O127S18	3996.008983	3
HS_HexA7_HexN6_Ac4_S18_pNP	7	6	13	4	18	C92H135N7O127S18	4013.035532	4
HS_HexA7_HexN6_Ac4_S18_pNP	7	6	13	4	18	C92H135N7O127S18	4030.062081	5
HS_HexA7_HexN6_Ac4_S18_pNP	7	6	13	4	18	C92H135N7O127S18	4047.088630	6
HS_HexA7_HexN6_Ac4_S18_pNP	7	6	13	4	18	C92H135N7O127S18	4064.115179	7
HS_HexA7_HexN6_Ac4_S18_pNP	7	6	13	4	18	C92H135N7O127S18	4081.141728	8
HS_HexA7_HexN6_Ac4_S18_pNP	7	6	13	4	18	C92H135N7O127S18	4098.168277	9
HS_HexA7_HexN6_Ac4_S18_pNP	7	6	13	4	18	C92H135N7O127S18	4115.194826	10
HS_HexA7_HexN6_Ac4_S18_pNP	7	6	13	4	18	C92H135N7O127S18	4132.221375	11
HS_HexA7_HexN6_Ac4_S18_pNP	7	6	13	4	18	C92H135N7O127S18	4149.247924	12
HS_HexA7_HexN6_Ac4_S18_pNP	7	6	13	4	18	C92H135N7O127S18	4166.274474	13
HS_HexA7_HexN6_Ac4_S18_pNP	7	6	13	4	18	C92H135N7O127S18	4183.301023	14
HS_HexA7_HexN6_Ac4_S18_pNP	7	6	13	4	18	C92H135N7O127S18	4200.327572	15
HS_HexA7_HexN6_Ac4_S18_pNP	7	6	13	4	18	C92H135N7O127S18	4217.354121	16
HS_HexA7_HexN6_Ac4_S18_pNP	7	6	13	4	18	C92H135N7O127S18	4234.380670	17
HS_HexA7_HexN6_Ac4_S18_pNP	7	6	13	4	18	C92H135N7O127S18	4251.407219	18
HS_HexA7_HexN6_Ac4_S18_pNP	7	6	13	4	18	C92H135N7O127S18	4268.433768	19
HS_HexA7_HexN6_Ac4_S18_pNP	7	6	13	4	18	C92H135N7O127S18	4285.460317	20
HS_HexA7_HexN6_Ac4_S18_pNP	7	6	13	4	18	C92H135N7O127S18	4302.486866	21
HS_HexA7_HexN6_Ac4_S18_pNP	7	6	13	4	18	C92H135N7O127S18	4319.513415	22
HS_HexA7_HexN6_Ac4_S18_pNP	7	6	13	4	18	C92H135N7O127S18	4336.539965	23
HS_HexA7_HexN6_Ac4_S18_pNP	7	6	13	4	18	C92H135N7O127S18	4353.566514	24
HS_HexA7_HexN6_Ac4_S18_pNP	7	6	13	4	18	C92H135N7O127S18	4370.593063	25
HS_HexA7_HexN6_Ac5_S0_pNP	7	6	13	5	0	C94H137N7O74	2547.717229	0
HS_HexA7_HexN6_Ac5_S0_pNP	7	6	13	5	0	C94H137N7O74	2564.743778	1
HS_HexA7_HexN6_Ac5_S0_pNP	7	6	13	5	0	C94H137N7O74	2581.770327	2
HS_HexA7_HexN6_Ac5_S0_pNP	7	6	13	5	0	C94H137N7O74	2598.796877	3
HS_HexA7_HexN6_Ac5_S0_pNP	7	6	13	5	0	C94H137N7O74	2615.823426	4
HS_HexA7_HexN6_Ac5_S0_pNP	7	6	13	5	0	C94H137N7O74	2632.849975	5
HS_HexA7_HexN6_Ac5_S0_pNP	7	6	13	5	0	C94H137N7O74	2649.876524	6
HS_HexA7_HexN6_Ac5_S0_pNP	7	6	13	5	0	C94H137N7O74	2666.903073	7
HS_HexA7_HexN6_Ac5_S1_pNP	7	6	13	5	1	C94H137N7O77S	2627.674044	0
HS_HexA7_HexN6_Ac5_S1_pNP	7	6	13	5	1	C94H137N7O77S	2644.700593	1
HS_HexA7_HexN6_Ac5_S1_pNP	7	6	13	5	1	C94H137N7O77S	2661.727143	2
HS_HexA7_HexN6_Ac5_S1_pNP	7	6	13	5	1	C94H137N7O77S	2678.753692	3
HS_HexA7_HexN6_Ac5_S1_pNP	7	6	13	5	1	C94H137N7O77S	2695.780241	4
HS_HexA7_HexN6_Ac5_S1_pNP	7	6	13	5	1	C94H137N7O77S	2712.806790	5
HS_HexA7_HexN6_Ac5_S1_pNP	7	6	13	5	1	C94H137N7O77S	2729.833339	6
HS_HexA7_HexN6_Ac5_S1_pNP	7	6	13	5	1	C94H137N7O77S	2746.859888	7
HS_HexA7_HexN6_Ac5_S1_pNP	7	6	13	5	1	C94H137N7O77S	2763.886437	8
HS_HexA7_HexN6_Ac5_S2_pNP	7	6	13	5	2	C94H137N7O80S2	2707.630859	0
HS_HexA7_HexN6_Ac5_S2_pNP	7	6	13	5	2	C94H137N7O80S2	2724.657408	1
HS_HexA7_HexN6_Ac5_S2_pNP	7	6	13	5	2	C94H137N7O80S2	2741.683958	2
HS_HexA7_HexN6_Ac5_S2_pNP	7	6	13	5	2	C94H137N7O80S2	2758.710507	3
HS_HexA7_HexN6_Ac5_S2_pNP	7	6	13	5	2	C94H137N7O80S2	2775.737056	4
HS_HexA7_HexN6_Ac5_S2_pNP	7	6	13	5	2	C94H137N7O80S2	2792.763605	5
HS_HexA7_HexN6_Ac5_S2_pNP	7	6	13	5	2	C94H137N7O80S2	2809.790154	6
HS_HexA7_HexN6_Ac5_S2_pNP	7	6	13	5	2	C94H137N7O80S2	2826.816703	7
HS_HexA7_HexN6_Ac5_S2_pNP	7	6	13	5	2	C94H137N7O80S2	2843.843252	8
HS_HexA7_HexN6_Ac5_S2_pNP	7	6	13	5	2	C94H137N7O80S2	2860.869801	9
HS_HexA7_HexN6_Ac5_S3_pNP	7	6	13	5	3	C94H137N7O83S3	2787.587674	0
HS_HexA7_HexN6_Ac5_S3_pNP	7	6	13	5	3	C94H137N7O83S3	2804.614223	1
HS_HexA7_HexN6_Ac5_S3_pNP	7	6	13	5	3	C94H137N7O83S3	2821.640773	2
HS_HexA7_HexN6_Ac5_S3_pNP	7	6	13	5	3	C94H137N7O83S3	2838.667322	3
HS_HexA7_HexN6_Ac5_S3_pNP	7	6	13	5	3	C94H137N7O83S3	2855.693871	4
HS_HexA7_HexN6_Ac5_S3_pNP	7	6	13	5	3	C94H137N7O83S3	2872.720420	5
HS_HexA7_HexN6_Ac5_S3_pNP	7	6	13	5	3	C94H137N7O83S3	2889.746969	6
HS_HexA7_HexN6_Ac5_S3_pNP	7	6	13	5	3	C94H137N7O83S3	2906.773518	7
HS_HexA7_HexN6_Ac5_S3_pNP	7	6	13	5	3	C94H137N7O83S3	2923.800067	8
HS_HexA7_HexN6_Ac5_S3_pNP	7	6	13	5	3	C94H137N7O83S3	2940.826616	9
HS_HexA7_HexN6_Ac5_S3_pNP	7	6	13	5	3	C94H137N7O83S3	2957.853165	10
HS_HexA7_HexN6_Ac5_S4_pNP	7	6	13	5	4	C94H137N7O86S4	2867.544489	0
HS_HexA7_HexN6_Ac5_S4_pNP	7	6	13	5	4	C94H137N7O86S4	2884.571039	1
HS_HexA7_HexN6_Ac5_S4_pNP	7	6	13	5	4	C94H137N7O86S4	2901.597588	2
HS_HexA7_HexN6_Ac5_S4_pNP	7	6	13	5	4	C94H137N7O86S4	2918.624137	3
HS_HexA7_HexN6_Ac5_S4_pNP	7	6	13	5	4	C94H137N7O86S4	2935.650686	4
HS_HexA7_HexN6_Ac5_S4_pNP	7	6	13	5	4	C94H137N7O86S4	2952.677235	5
HS_HexA7_HexN6_Ac5_S4_pNP	7	6	13	5	4	C94H137N7O86S4	2969.703784	6
HS_HexA7_HexN6_Ac5_S4_pNP	7	6	13	5	4	C94H137N7O86S4	2986.730333	7
HS_HexA7_HexN6_Ac5_S4_pNP	7	6	13	5	4	C94H137N7O86S4	3003.756882	8
HS_HexA7_HexN6_Ac5_S4_pNP	7	6	13	5	4	C94H137N7O86S4	3020.783431	9
HS_HexA7_HexN6_Ac5_S4_pNP	7	6	13	5	4	C94H137N7O86S4	3037.809980	10
HS_HexA7_HexN6_Ac5_S4_pNP	7	6	13	5	4	C94H137N7O86S4	3054.836530	11
HS_HexA7_HexN6_Ac5_S5_pNP	7	6	13	5	5	C94H137N7O89S5	2947.501304	0
HS_HexA7_HexN6_Ac5_S5_pNP	7	6	13	5	5	C94H137N7O89S5	2964.527854	1
HS_HexA7_HexN6_Ac5_S5_pNP	7	6	13	5	5	C94H137N7O89S5	2981.554403	2
HS_HexA7_HexN6_Ac5_S5_pNP	7	6	13	5	5	C94H137N7O89S5	2998.580952	3
HS_HexA7_HexN6_Ac5_S5_pNP	7	6	13	5	5	C94H137N7O89S5	3015.607501	4
HS_HexA7_HexN6_Ac5_S5_pNP	7	6	13	5	5	C94H137N7O89S5	3032.634050	5
HS_HexA7_HexN6_Ac5_S5_pNP	7	6	13	5	5	C94H137N7O89S5	3049.660599	6
HS_HexA7_HexN6_Ac5_S5_pNP	7	6	13	5	5	C94H137N7O89S5	3066.687148	7
HS_HexA7_HexN6_Ac5_S5_pNP	7	6	13	5	5	C94H137N7O89S5	3083.713697	8
HS_HexA7_HexN6_Ac5_S5_pNP	7	6	13	5	5	C94H137N7O89S5	3100.740246	9
HS_HexA7_HexN6_Ac5_S5_pNP	7	6	13	5	5	C94H137N7O89S5	3117.766795	10
HS_HexA7_HexN6_Ac5_S5_pNP	7	6	13	5	5	C94H137N7O89S5	3134.793345	11
HS_HexA7_HexN6_Ac5_S5_pNP	7	6	13	5	5	C94H137N7O89S5	3151.819894	12
HS_HexA7_HexN6_Ac5_S6_pNP	7	6	13	5	6	C94H137N7O92S6	3027.458119	0
HS_HexA7_HexN6_Ac5_S6_pNP	7	6	13	5	6	C94H137N7O92S6	3044.484669	1
HS_HexA7_HexN6_Ac5_S6_pNP	7	6	13	5	6	C94H137N7O92S6	3061.511218	2
HS_HexA7_HexN6_Ac5_S6_pNP	7	6	13	5	6	C94H137N7O92S6	3078.537767	3
HS_HexA7_HexN6_Ac5_S6_pNP	7	6	13	5	6	C94H137N7O92S6	3095.564316	4
HS_HexA7_HexN6_Ac5_S6_pNP	7	6	13	5	6	C94H137N7O92S6	3112.590865	5
HS_HexA7_HexN6_Ac5_S6_pNP	7	6	13	5	6	C94H137N7O92S6	3129.617414	6
HS_HexA7_HexN6_Ac5_S6_pNP	7	6	13	5	6	C94H137N7O92S6	3146.643963	7
HS_HexA7_HexN6_Ac5_S6_pNP	7	6	13	5	6	C94H137N7O92S6	3163.670512	8
HS_HexA7_HexN6_Ac5_S6_pNP	7	6	13	5	6	C94H137N7O92S6	3180.697061	9
HS_HexA7_HexN6_Ac5_S6_pNP	7	6	13	5	6	C94H137N7O92S6	3197.723611	10
HS_HexA7_HexN6_Ac5_S6_pNP	7	6	13	5	6	C94H137N7O92S6	3214.750160	11
HS_HexA7_HexN6_Ac5_S6_pNP	7	6	13	5	6	C94H137N7O92S6	3231.776709	12
HS_HexA7_HexN6_Ac5_S6_pNP	7	6	13	5	6	C94H137N7O92S6	3248.803258	13
HS_HexA7_HexN6_Ac5_S7_pNP	7	6	13	5	7	C94H137N7O95S7	3107.414935	0
HS_HexA7_HexN6_Ac5_S7_pNP	7	6	13	5	7	C94H137N7O95S7	3124.441484	1
HS_HexA7_HexN6_Ac5_S7_pNP	7	6	13	5	7	C94H137N7O95S7	3141.468033	2
HS_HexA7_HexN6_Ac5_S7_pNP	7	6	13	5	7	C94H137N7O95S7	3158.494582	3
HS_HexA7_HexN6_Ac5_S7_pNP	7	6	13	5	7	C94H137N7O95S7	3175.521131	4
HS_HexA7_HexN6_Ac5_S7_pNP	7	6	13	5	7	C94H137N7O95S7	3192.547680	5
HS_HexA7_HexN6_Ac5_S7_pNP	7	6	13	5	7	C94H137N7O95S7	3209.574229	6
HS_HexA7_HexN6_Ac5_S7_pNP	7	6	13	5	7	C94H137N7O95S7	3226.600778	7
HS_HexA7_HexN6_Ac5_S7_pNP	7	6	13	5	7	C94H137N7O95S7	3243.627327	8
HS_HexA7_HexN6_Ac5_S7_pNP	7	6	13	5	7	C94H137N7O95S7	3260.653876	9
HS_HexA7_HexN6_Ac5_S7_pNP	7	6	13	5	7	C94H137N7O95S7	3277.680426	10
HS_HexA7_HexN6_Ac5_S7_pNP	7	6	13	5	7	C94H137N7O95S7	3294.706975	11
HS_HexA7_HexN6_Ac5_S7_pNP	7	6	13	5	7	C94H137N7O95S7	3311.733524	12
HS_HexA7_HexN6_Ac5_S7_pNP	7	6	13	5	7	C94H137N7O95S7	3328.760073	13
HS_HexA7_HexN6_Ac5_S7_pNP	7	6	13	5	7	C94H137N7O95S7	3345.786622	14
HS_HexA7_HexN6_Ac5_S8_pNP	7	6	13	5	8	C94H137N7O98S8	3187.371750	0
HS_HexA7_HexN6_Ac5_S8_pNP	7	6	13	5	8	C94H137N7O98S8	3204.398299	1
HS_HexA7_HexN6_Ac5_S8_pNP	7	6	13	5	8	C94H137N7O98S8	3221.424848	2
HS_HexA7_HexN6_Ac5_S8_pNP	7	6	13	5	8	C94H137N7O98S8	3238.451397	3
HS_HexA7_HexN6_Ac5_S8_pNP	7	6	13	5	8	C94H137N7O98S8	3255.477946	4
HS_HexA7_HexN6_Ac5_S8_pNP	7	6	13	5	8	C94H137N7O98S8	3272.504495	5
HS_HexA7_HexN6_Ac5_S8_pNP	7	6	13	5	8	C94H137N7O98S8	3289.531044	6
HS_HexA7_HexN6_Ac5_S8_pNP	7	6	13	5	8	C94H137N7O98S8	3306.557593	7
HS_HexA7_HexN6_Ac5_S8_pNP	7	6	13	5	8	C94H137N7O98S8	3323.584142	8
HS_HexA7_HexN6_Ac5_S8_pNP	7	6	13	5	8	C94H137N7O98S8	3340.610691	9
HS_HexA7_HexN6_Ac5_S8_pNP	7	6	13	5	8	C94H137N7O98S8	3357.637241	10
HS_HexA7_HexN6_Ac5_S8_pNP	7	6	13	5	8	C94H137N7O98S8	3374.663790	11
HS_HexA7_HexN6_Ac5_S8_pNP	7	6	13	5	8	C94H137N7O98S8	3391.690339	12
HS_HexA7_HexN6_Ac5_S8_pNP	7	6	13	5	8	C94H137N7O98S8	3408.716888	13
HS_HexA7_HexN6_Ac5_S8_pNP	7	6	13	5	8	C94H137N7O98S8	3425.743437	14
HS_HexA7_HexN6_Ac5_S8_pNP	7	6	13	5	8	C94H137N7O98S8	3442.769986	15
HS_HexA7_HexN6_Ac5_S9_pNP	7	6	13	5	9	C94H137N7O101S9	3267.328565	0
HS_HexA7_HexN6_Ac5_S9_pNP	7	6	13	5	9	C94H137N7O101S9	3284.355114	1
HS_HexA7_HexN6_Ac5_S9_pNP	7	6	13	5	9	C94H137N7O101S9	3301.381663	2
HS_HexA7_HexN6_Ac5_S9_pNP	7	6	13	5	9	C94H137N7O101S9	3318.408212	3
HS_HexA7_HexN6_Ac5_S9_pNP	7	6	13	5	9	C94H137N7O101S9	3335.434761	4
HS_HexA7_HexN6_Ac5_S9_pNP	7	6	13	5	9	C94H137N7O101S9	3352.461310	5
HS_HexA7_HexN6_Ac5_S9_pNP	7	6	13	5	9	C94H137N7O101S9	3369.487859	6
HS_HexA7_HexN6_Ac5_S9_pNP	7	6	13	5	9	C94H137N7O101S9	3386.514408	7
HS_HexA7_HexN6_Ac5_S9_pNP	7	6	13	5	9	C94H137N7O101S9	3403.540957	8
HS_HexA7_HexN6_Ac5_S9_pNP	7	6	13	5	9	C94H137N7O101S9	3420.567507	9
HS_HexA7_HexN6_Ac5_S9_pNP	7	6	13	5	9	C94H137N7O101S9	3437.594056	10
HS_HexA7_HexN6_Ac5_S9_pNP	7	6	13	5	9	C94H137N7O101S9	3454.620605	11
HS_HexA7_HexN6_Ac5_S9_pNP	7	6	13	5	9	C94H137N7O101S9	3471.647154	12
HS_HexA7_HexN6_Ac5_S9_pNP	7	6	13	5	9	C94H137N7O101S9	3488.673703	13
HS_HexA7_HexN6_Ac5_S9_pNP	7	6	13	5	9	C94H137N7O101S9	3505.700252	14
HS_HexA7_HexN6_Ac5_S9_pNP	7	6	13	5	9	C94H137N7O101S9	3522.726801	15
HS_HexA7_HexN6_Ac5_S9_pNP	7	6	13	5	9	C94H137N7O101S9	3539.753350	16
HS_HexA7_HexN6_Ac5_S10_pNP	7	6	13	5	10	C94H137N7O104S10	3347.285380	0
HS_HexA7_HexN6_Ac5_S10_pNP	7	6	13	5	10	C94H137N7O104S10	3364.311929	1
HS_HexA7_HexN6_Ac5_S10_pNP	7	6	13	5	10	C94H137N7O104S10	3381.338478	2
HS_HexA7_HexN6_Ac5_S10_pNP	7	6	13	5	10	C94H137N7O104S10	3398.365027	3
HS_HexA7_HexN6_Ac5_S10_pNP	7	6	13	5	10	C94H137N7O104S10	3415.391576	4
HS_HexA7_HexN6_Ac5_S10_pNP	7	6	13	5	10	C94H137N7O104S10	3432.418125	5
HS_HexA7_HexN6_Ac5_S10_pNP	7	6	13	5	10	C94H137N7O104S10	3449.444674	6
HS_HexA7_HexN6_Ac5_S10_pNP	7	6	13	5	10	C94H137N7O104S10	3466.471223	7
HS_HexA7_HexN6_Ac5_S10_pNP	7	6	13	5	10	C94H137N7O104S10	3483.497772	8
HS_HexA7_HexN6_Ac5_S10_pNP	7	6	13	5	10	C94H137N7O104S10	3500.524322	9
HS_HexA7_HexN6_Ac5_S10_pNP	7	6	13	5	10	C94H137N7O104S10	3517.550871	10
HS_HexA7_HexN6_Ac5_S10_pNP	7	6	13	5	10	C94H137N7O104S10	3534.577420	11
HS_HexA7_HexN6_Ac5_S10_pNP	7	6	13	5	10	C94H137N7O104S10	3551.603969	12
HS_HexA7_HexN6_Ac5_S10_pNP	7	6	13	5	10	C94H137N7O104S10	3568.630518	13
HS_HexA7_HexN6_Ac5_S10_pNP	7	6	13	5	10	C94H137N7O104S10	3585.657067	14
HS_HexA7_HexN6_Ac5_S10_pNP	7	6	13	5	10	C94H137N7O104S10	3602.683616	15
HS_HexA7_HexN6_Ac5_S10_pNP	7	6	13	5	10	C94H137N7O104S10	3619.710165	16
HS_HexA7_HexN6_Ac5_S10_pNP	7	6	13	5	10	C94H137N7O104S10	3636.736714	17
HS_HexA7_HexN6_Ac5_S11_pNP	7	6	13	5	11	C94H137N7O107S11	3427.242195	0
HS_HexA7_HexN6_Ac5_S11_pNP	7	6	13	5	11	C94H137N7O107S11	3444.268744	1
HS_HexA7_HexN6_Ac5_S11_pNP	7	6	13	5	11	C94H137N7O107S11	3461.295293	2
HS_HexA7_HexN6_Ac5_S11_pNP	7	6	13	5	11	C94H137N7O107S11	3478.321842	3
HS_HexA7_HexN6_Ac5_S11_pNP	7	6	13	5	11	C94H137N7O107S11	3495.348391	4
HS_HexA7_HexN6_Ac5_S11_pNP	7	6	13	5	11	C94H137N7O107S11	3512.374940	5
HS_HexA7_HexN6_Ac5_S11_pNP	7	6	13	5	11	C94H137N7O107S11	3529.401489	6
HS_HexA7_HexN6_Ac5_S11_pNP	7	6	13	5	11	C94H137N7O107S11	3546.428038	7
HS_HexA7_HexN6_Ac5_S11_pNP	7	6	13	5	11	C94H137N7O107S11	3563.454587	8
HS_HexA7_HexN6_Ac5_S11_pNP	7	6	13	5	11	C94H137N7O107S11	3580.481137	9
HS_HexA7_HexN6_Ac5_S11_pNP	7	6	13	5	11	C94H137N7O107S11	3597.507686	10
HS_HexA7_HexN6_Ac5_S11_pNP	7	6	13	5	11	C94H137N7O107S11	3614.534235	11
HS_HexA7_HexN6_Ac5_S11_pNP	7	6	13	5	11	C94H137N7O107S11	3631.560784	12
HS_HexA7_HexN6_Ac5_S11_pNP	7	6	13	5	11	C94H137N7O107S11	3648.587333	13
HS_HexA7_HexN6_Ac5_S11_pNP	7	6	13	5	11	C94H137N7O107S11	3665.613882	14
HS_HexA7_HexN6_Ac5_S11_pNP	7	6	13	5	11	C94H137N7O107S11	3682.640431	15
HS_HexA7_HexN6_Ac5_S11_pNP	7	6	13	5	11	C94H137N7O107S11	3699.666980	16
HS_HexA7_HexN6_Ac5_S11_pNP	7	6	13	5	11	C94H137N7O107S11	3716.693529	17
HS_HexA7_HexN6_Ac5_S11_pNP	7	6	13	5	11	C94H137N7O107S11	3733.720078	18
HS_HexA7_HexN6_Ac5_S12_pNP	7	6	13	5	12	C94H137N7O110S12	3507.199010	0
HS_HexA7_HexN6_Ac5_S12_pNP	7	6	13	5	12	C94H137N7O110S12	3524.225559	1
HS_HexA7_HexN6_Ac5_S12_pNP	7	6	13	5	12	C94H137N7O110S12	3541.252108	2
HS_HexA7_HexN6_Ac5_S12_pNP	7	6	13	5	12	C94H137N7O110S12	3558.278657	3
HS_HexA7_HexN6_Ac5_S12_pNP	7	6	13	5	12	C94H137N7O110S12	3575.305206	4
HS_HexA7_HexN6_Ac5_S12_pNP	7	6	13	5	12	C94H137N7O110S12	3592.331755	5
HS_HexA7_HexN6_Ac5_S12_pNP	7	6	13	5	12	C94H137N7O110S12	3609.358304	6
HS_HexA7_HexN6_Ac5_S12_pNP	7	6	13	5	12	C94H137N7O110S12	3626.384853	7
HS_HexA7_HexN6_Ac5_S12_pNP	7	6	13	5	12	C94H137N7O110S12	3643.411403	8
HS_HexA7_HexN6_Ac5_S12_pNP	7	6	13	5	12	C94H137N7O110S12	3660.437952	9
HS_HexA7_HexN6_Ac5_S12_pNP	7	6	13	5	12	C94H137N7O110S12	3677.464501	10
HS_HexA7_HexN6_Ac5_S12_pNP	7	6	13	5	12	C94H137N7O110S12	3694.491050	11
HS_HexA7_HexN6_Ac5_S12_pNP	7	6	13	5	12	C94H137N7O110S12	3711.517599	12
HS_HexA7_HexN6_Ac5_S12_pNP	7	6	13	5	12	C94H137N7O110S12	3728.544148	13
HS_HexA7_HexN6_Ac5_S12_pNP	7	6	13	5	12	C94H137N7O110S12	3745.570697	14
HS_HexA7_HexN6_Ac5_S12_pNP	7	6	13	5	12	C94H137N7O110S12	3762.597246	15
HS_HexA7_HexN6_Ac5_S12_pNP	7	6	13	5	12	C94H137N7O110S12	3779.623795	16
HS_HexA7_HexN6_Ac5_S12_pNP	7	6	13	5	12	C94H137N7O110S12	3796.650344	17
HS_HexA7_HexN6_Ac5_S12_pNP	7	6	13	5	12	C94H137N7O110S12	3813.676894	18
HS_HexA7_HexN6_Ac5_S12_pNP	7	6	13	5	12	C94H137N7O110S12	3830.703443	19
HS_HexA7_HexN6_Ac5_S13_pNP	7	6	13	5	13	C94H137N7O113S13	3587.155825	0
HS_HexA7_HexN6_Ac5_S13_pNP	7	6	13	5	13	C94H137N7O113S13	3604.182374	1
HS_HexA7_HexN6_Ac5_S13_pNP	7	6	13	5	13	C94H137N7O113S13	3621.208923	2
HS_HexA7_HexN6_Ac5_S13_pNP	7	6	13	5	13	C94H137N7O113S13	3638.235472	3
HS_HexA7_HexN6_Ac5_S13_pNP	7	6	13	5	13	C94H137N7O113S13	3655.262021	4
HS_HexA7_HexN6_Ac5_S13_pNP	7	6	13	5	13	C94H137N7O113S13	3672.288570	5
HS_HexA7_HexN6_Ac5_S13_pNP	7	6	13	5	13	C94H137N7O113S13	3689.315119	6
HS_HexA7_HexN6_Ac5_S13_pNP	7	6	13	5	13	C94H137N7O113S13	3706.341668	7
HS_HexA7_HexN6_Ac5_S13_pNP	7	6	13	5	13	C94H137N7O113S13	3723.368218	8
HS_HexA7_HexN6_Ac5_S13_pNP	7	6	13	5	13	C94H137N7O113S13	3740.394767	9
HS_HexA7_HexN6_Ac5_S13_pNP	7	6	13	5	13	C94H137N7O113S13	3757.421316	10
HS_HexA7_HexN6_Ac5_S13_pNP	7	6	13	5	13	C94H137N7O113S13	3774.447865	11
HS_HexA7_HexN6_Ac5_S13_pNP	7	6	13	5	13	C94H137N7O113S13	3791.474414	12
HS_HexA7_HexN6_Ac5_S13_pNP	7	6	13	5	13	C94H137N7O113S13	3808.500963	13
HS_HexA7_HexN6_Ac5_S13_pNP	7	6	13	5	13	C94H137N7O113S13	3825.527512	14
HS_HexA7_HexN6_Ac5_S13_pNP	7	6	13	5	13	C94H137N7O113S13	3842.554061	15
HS_HexA7_HexN6_Ac5_S13_pNP	7	6	13	5	13	C94H137N7O113S13	3859.580610	16
HS_HexA7_HexN6_Ac5_S13_pNP	7	6	13	5	13	C94H137N7O113S13	3876.607159	17
HS_HexA7_HexN6_Ac5_S13_pNP	7	6	13	5	13	C94H137N7O113S13	3893.633709	18
HS_HexA7_HexN6_Ac5_S13_pNP	7	6	13	5	13	C94H137N7O113S13	3910.660258	19
HS_HexA7_HexN6_Ac5_S13_pNP	7	6	13	5	13	C94H137N7O113S13	3927.686807	20
HS_HexA7_HexN6_Ac5_S14_pNP	7	6	13	5	14	C94H137N7O116S14	3667.112640	0
HS_HexA7_HexN6_Ac5_S14_pNP	7	6	13	5	14	C94H137N7O116S14	3684.139189	1
HS_HexA7_HexN6_Ac5_S14_pNP	7	6	13	5	14	C94H137N7O116S14	3701.165738	2
HS_HexA7_HexN6_Ac5_S14_pNP	7	6	13	5	14	C94H137N7O116S14	3718.192287	3
HS_HexA7_HexN6_Ac5_S14_pNP	7	6	13	5	14	C94H137N7O116S14	3735.218836	4
HS_HexA7_HexN6_Ac5_S14_pNP	7	6	13	5	14	C94H137N7O116S14	3752.245385	5
HS_HexA7_HexN6_Ac5_S14_pNP	7	6	13	5	14	C94H137N7O116S14	3769.271934	6
HS_HexA7_HexN6_Ac5_S14_pNP	7	6	13	5	14	C94H137N7O116S14	3786.298483	7
HS_HexA7_HexN6_Ac5_S14_pNP	7	6	13	5	14	C94H137N7O116S14	3803.325033	8
HS_HexA7_HexN6_Ac5_S14_pNP	7	6	13	5	14	C94H137N7O116S14	3820.351582	9
HS_HexA7_HexN6_Ac5_S14_pNP	7	6	13	5	14	C94H137N7O116S14	3837.378131	10
HS_HexA7_HexN6_Ac5_S14_pNP	7	6	13	5	14	C94H137N7O116S14	3854.404680	11
HS_HexA7_HexN6_Ac5_S14_pNP	7	6	13	5	14	C94H137N7O116S14	3871.431229	12
HS_HexA7_HexN6_Ac5_S14_pNP	7	6	13	5	14	C94H137N7O116S14	3888.457778	13
HS_HexA7_HexN6_Ac5_S14_pNP	7	6	13	5	14	C94H137N7O116S14	3905.484327	14
HS_HexA7_HexN6_Ac5_S14_pNP	7	6	13	5	14	C94H137N7O116S14	3922.510876	15
HS_HexA7_HexN6_Ac5_S14_pNP	7	6	13	5	14	C94H137N7O116S14	3939.537425	16
HS_HexA7_HexN6_Ac5_S14_pNP	7	6	13	5	14	C94H137N7O116S14	3956.563974	17
HS_HexA7_HexN6_Ac5_S14_pNP	7	6	13	5	14	C94H137N7O116S14	3973.590524	18
HS_HexA7_HexN6_Ac5_S14_pNP	7	6	13	5	14	C94H137N7O116S14	3990.617073	19
HS_HexA7_HexN6_Ac5_S14_pNP	7	6	13	5	14	C94H137N7O116S14	4007.643622	20
HS_HexA7_HexN6_Ac5_S14_pNP	7	6	13	5	14	C94H137N7O116S14	4024.670171	21
HS_HexA7_HexN6_Ac5_S15_pNP	7	6	13	5	15	C94H137N7O119S15	3747.069455	0
HS_HexA7_HexN6_Ac5_S15_pNP	7	6	13	5	15	C94H137N7O119S15	3764.096004	1
HS_HexA7_HexN6_Ac5_S15_pNP	7	6	13	5	15	C94H137N7O119S15	3781.122553	2
HS_HexA7_HexN6_Ac5_S15_pNP	7	6	13	5	15	C94H137N7O119S15	3798.149102	3
HS_HexA7_HexN6_Ac5_S15_pNP	7	6	13	5	15	C94H137N7O119S15	3815.175651	4
HS_HexA7_HexN6_Ac5_S15_pNP	7	6	13	5	15	C94H137N7O119S15	3832.202200	5
HS_HexA7_HexN6_Ac5_S15_pNP	7	6	13	5	15	C94H137N7O119S15	3849.228749	6
HS_HexA7_HexN6_Ac5_S15_pNP	7	6	13	5	15	C94H137N7O119S15	3866.255298	7
HS_HexA7_HexN6_Ac5_S15_pNP	7	6	13	5	15	C94H137N7O119S15	3883.281848	8
HS_HexA7_HexN6_Ac5_S15_pNP	7	6	13	5	15	C94H137N7O119S15	3900.308397	9
HS_HexA7_HexN6_Ac5_S15_pNP	7	6	13	5	15	C94H137N7O119S15	3917.334946	10
HS_HexA7_HexN6_Ac5_S15_pNP	7	6	13	5	15	C94H137N7O119S15	3934.361495	11
HS_HexA7_HexN6_Ac5_S15_pNP	7	6	13	5	15	C94H137N7O119S15	3951.388044	12
HS_HexA7_HexN6_Ac5_S15_pNP	7	6	13	5	15	C94H137N7O119S15	3968.414593	13
HS_HexA7_HexN6_Ac5_S15_pNP	7	6	13	5	15	C94H137N7O119S15	3985.441142	14
HS_HexA7_HexN6_Ac5_S15_pNP	7	6	13	5	15	C94H137N7O119S15	4002.467691	15
HS_HexA7_HexN6_Ac5_S15_pNP	7	6	13	5	15	C94H137N7O119S15	4019.494240	16
HS_HexA7_HexN6_Ac5_S15_pNP	7	6	13	5	15	C94H137N7O119S15	4036.520790	17
HS_HexA7_HexN6_Ac5_S15_pNP	7	6	13	5	15	C94H137N7O119S15	4053.547339	18
HS_HexA7_HexN6_Ac5_S15_pNP	7	6	13	5	15	C94H137N7O119S15	4070.573888	19
HS_HexA7_HexN6_Ac5_S15_pNP	7	6	13	5	15	C94H137N7O119S15	4087.600437	20
HS_HexA7_HexN6_Ac5_S15_pNP	7	6	13	5	15	C94H137N7O119S15	4104.626986	21
HS_HexA7_HexN6_Ac5_S15_pNP	7	6	13	5	15	C94H137N7O119S15	4121.653535	22
HS_HexA7_HexN6_Ac5_S16_pNP	7	6	13	5	16	C94H137N7O122S16	3827.026270	0
HS_HexA7_HexN6_Ac5_S16_pNP	7	6	13	5	16	C94H137N7O122S16	3844.052819	1
HS_HexA7_HexN6_Ac5_S16_pNP	7	6	13	5	16	C94H137N7O122S16	3861.079368	2
HS_HexA7_HexN6_Ac5_S16_pNP	7	6	13	5	16	C94H137N7O122S16	3878.105917	3
HS_HexA7_HexN6_Ac5_S16_pNP	7	6	13	5	16	C94H137N7O122S16	3895.132466	4
HS_HexA7_HexN6_Ac5_S16_pNP	7	6	13	5	16	C94H137N7O122S16	3912.159015	5
HS_HexA7_HexN6_Ac5_S16_pNP	7	6	13	5	16	C94H137N7O122S16	3929.185564	6
HS_HexA7_HexN6_Ac5_S16_pNP	7	6	13	5	16	C94H137N7O122S16	3946.212114	7
HS_HexA7_HexN6_Ac5_S16_pNP	7	6	13	5	16	C94H137N7O122S16	3963.238663	8
HS_HexA7_HexN6_Ac5_S16_pNP	7	6	13	5	16	C94H137N7O122S16	3980.265212	9
HS_HexA7_HexN6_Ac5_S16_pNP	7	6	13	5	16	C94H137N7O122S16	3997.291761	10
HS_HexA7_HexN6_Ac5_S16_pNP	7	6	13	5	16	C94H137N7O122S16	4014.318310	11
HS_HexA7_HexN6_Ac5_S16_pNP	7	6	13	5	16	C94H137N7O122S16	4031.344859	12
HS_HexA7_HexN6_Ac5_S16_pNP	7	6	13	5	16	C94H137N7O122S16	4048.371408	13
HS_HexA7_HexN6_Ac5_S16_pNP	7	6	13	5	16	C94H137N7O122S16	4065.397957	14
HS_HexA7_HexN6_Ac5_S16_pNP	7	6	13	5	16	C94H137N7O122S16	4082.424506	15
HS_HexA7_HexN6_Ac5_S16_pNP	7	6	13	5	16	C94H137N7O122S16	4099.451055	16
HS_HexA7_HexN6_Ac5_S16_pNP	7	6	13	5	16	C94H137N7O122S16	4116.477605	17
HS_HexA7_HexN6_Ac5_S16_pNP	7	6	13	5	16	C94H137N7O122S16	4133.504154	18
HS_HexA7_HexN6_Ac5_S16_pNP	7	6	13	5	16	C94H137N7O122S16	4150.530703	19
HS_HexA7_HexN6_Ac5_S16_pNP	7	6	13	5	16	C94H137N7O122S16	4167.557252	20
HS_HexA7_HexN6_Ac5_S16_pNP	7	6	13	5	16	C94H137N7O122S16	4184.583801	21
HS_HexA7_HexN6_Ac5_S16_pNP	7	6	13	5	16	C94H137N7O122S16	4201.610350	22
HS_HexA7_HexN6_Ac5_S16_pNP	7	6	13	5	16	C94H137N7O122S16	4218.636899	23
HS_HexA7_HexN6_Ac5_S17_pNP	7	6	13	5	17	C94H137N7O125S17	3906.983085	0
HS_HexA7_HexN6_Ac5_S17_pNP	7	6	13	5	17	C94H137N7O125S17	3924.009634	1
HS_HexA7_HexN6_Ac5_S17_pNP	7	6	13	5	17	C94H137N7O125S17	3941.036183	2
HS_HexA7_HexN6_Ac5_S17_pNP	7	6	13	5	17	C94H137N7O125S17	3958.062732	3
HS_HexA7_HexN6_Ac5_S17_pNP	7	6	13	5	17	C94H137N7O125S17	3975.089281	4
HS_HexA7_HexN6_Ac5_S17_pNP	7	6	13	5	17	C94H137N7O125S17	3992.115830	5
HS_HexA7_HexN6_Ac5_S17_pNP	7	6	13	5	17	C94H137N7O125S17	4009.142379	6
HS_HexA7_HexN6_Ac5_S17_pNP	7	6	13	5	17	C94H137N7O125S17	4026.168929	7
HS_HexA7_HexN6_Ac5_S17_pNP	7	6	13	5	17	C94H137N7O125S17	4043.195478	8
HS_HexA7_HexN6_Ac5_S17_pNP	7	6	13	5	17	C94H137N7O125S17	4060.222027	9
HS_HexA7_HexN6_Ac5_S17_pNP	7	6	13	5	17	C94H137N7O125S17	4077.248576	10
HS_HexA7_HexN6_Ac5_S17_pNP	7	6	13	5	17	C94H137N7O125S17	4094.275125	11
HS_HexA7_HexN6_Ac5_S17_pNP	7	6	13	5	17	C94H137N7O125S17	4111.301674	12
HS_HexA7_HexN6_Ac5_S17_pNP	7	6	13	5	17	C94H137N7O125S17	4128.328223	13
HS_HexA7_HexN6_Ac5_S17_pNP	7	6	13	5	17	C94H137N7O125S17	4145.354772	14
HS_HexA7_HexN6_Ac5_S17_pNP	7	6	13	5	17	C94H137N7O125S17	4162.381321	15
HS_HexA7_HexN6_Ac5_S17_pNP	7	6	13	5	17	C94H137N7O125S17	4179.407870	16
HS_HexA7_HexN6_Ac5_S17_pNP	7	6	13	5	17	C94H137N7O125S17	4196.434420	17
HS_HexA7_HexN6_Ac5_S17_pNP	7	6	13	5	17	C94H137N7O125S17	4213.460969	18
HS_HexA7_HexN6_Ac5_S17_pNP	7	6	13	5	17	C94H137N7O125S17	4230.487518	19
HS_HexA7_HexN6_Ac5_S17_pNP	7	6	13	5	17	C94H137N7O125S17	4247.514067	20
HS_HexA7_HexN6_Ac5_S17_pNP	7	6	13	5	17	C94H137N7O125S17	4264.540616	21
HS_HexA7_HexN6_Ac5_S17_pNP	7	6	13	5	17	C94H137N7O125S17	4281.567165	22
HS_HexA7_HexN6_Ac5_S17_pNP	7	6	13	5	17	C94H137N7O125S17	4298.593714	23
HS_HexA7_HexN6_Ac5_S17_pNP	7	6	13	5	17	C94H137N7O125S17	4315.620263	24
HS_HexA7_HexN6_Ac5_S18_pNP	7	6	13	5	18	C94H137N7O128S18	3986.939900	0
HS_HexA7_HexN6_Ac5_S18_pNP	7	6	13	5	18	C94H137N7O128S18	4003.966449	1
HS_HexA7_HexN6_Ac5_S18_pNP	7	6	13	5	18	C94H137N7O128S18	4020.992998	2
HS_HexA7_HexN6_Ac5_S18_pNP	7	6	13	5	18	C94H137N7O128S18	4038.019547	3
HS_HexA7_HexN6_Ac5_S18_pNP	7	6	13	5	18	C94H137N7O128S18	4055.046096	4
HS_HexA7_HexN6_Ac5_S18_pNP	7	6	13	5	18	C94H137N7O128S18	4072.072645	5
HS_HexA7_HexN6_Ac5_S18_pNP	7	6	13	5	18	C94H137N7O128S18	4089.099194	6
HS_HexA7_HexN6_Ac5_S18_pNP	7	6	13	5	18	C94H137N7O128S18	4106.125744	7
HS_HexA7_HexN6_Ac5_S18_pNP	7	6	13	5	18	C94H137N7O128S18	4123.152293	8
HS_HexA7_HexN6_Ac5_S18_pNP	7	6	13	5	18	C94H137N7O128S18	4140.178842	9
HS_HexA7_HexN6_Ac5_S18_pNP	7	6	13	5	18	C94H137N7O128S18	4157.205391	10
HS_HexA7_HexN6_Ac5_S18_pNP	7	6	13	5	18	C94H137N7O128S18	4174.231940	11
HS_HexA7_HexN6_Ac5_S18_pNP	7	6	13	5	18	C94H137N7O128S18	4191.258489	12
HS_HexA7_HexN6_Ac5_S18_pNP	7	6	13	5	18	C94H137N7O128S18	4208.285038	13
HS_HexA7_HexN6_Ac5_S18_pNP	7	6	13	5	18	C94H137N7O128S18	4225.311587	14
HS_HexA7_HexN6_Ac5_S18_pNP	7	6	13	5	18	C94H137N7O128S18	4242.338136	15
HS_HexA7_HexN6_Ac5_S18_pNP	7	6	13	5	18	C94H137N7O128S18	4259.364686	16
HS_HexA7_HexN6_Ac5_S18_pNP	7	6	13	5	18	C94H137N7O128S18	4276.391235	17
HS_HexA7_HexN6_Ac5_S18_pNP	7	6	13	5	18	C94H137N7O128S18	4293.417784	18
HS_HexA7_HexN6_Ac5_S18_pNP	7	6	13	5	18	C94H137N7O128S18	4310.444333	19
HS_HexA7_HexN6_Ac5_S18_pNP	7	6	13	5	18	C94H137N7O128S18	4327.470882	20
HS_HexA7_HexN6_Ac5_S18_pNP	7	6	13	5	18	C94H137N7O128S18	4344.497431	21
HS_HexA7_HexN6_Ac5_S18_pNP	7	6	13	5	18	C94H137N7O128S18	4361.523980	22
HS_HexA7_HexN6_Ac5_S18_pNP	7	6	13	5	18	C94H137N7O128S18	4378.550529	23
HS_HexA7_HexN6_Ac5_S18_pNP	7	6	13	5	18	C94H137N7O128S18	4395.577078	24
HS_HexA7_HexN6_Ac5_S18_pNP	7	6	13	5	18	C94H137N7O128S18	4412.603627	25
HS_HexA7_HexN6_Ac6_S0_pNP	7	6	13	6	0	C96H139N7O75	2589.727794	0
HS_HexA7_HexN6_Ac6_S0_pNP	7	6	13	6	0	C96H139N7O75	2606.754343	1
HS_HexA7_HexN6_Ac6_S0_pNP	7	6	13	6	0	C96H139N7O75	2623.780892	2
HS_HexA7_HexN6_Ac6_S0_pNP	7	6	13	6	0	C96H139N7O75	2640.807441	3
HS_HexA7_HexN6_Ac6_S0_pNP	7	6	13	6	0	C96H139N7O75	2657.833990	4
HS_HexA7_HexN6_Ac6_S0_pNP	7	6	13	6	0	C96H139N7O75	2674.860539	5
HS_HexA7_HexN6_Ac6_S0_pNP	7	6	13	6	0	C96H139N7O75	2691.887089	6
HS_HexA7_HexN6_Ac6_S0_pNP	7	6	13	6	0	C96H139N7O75	2708.913638	7
HS_HexA7_HexN6_Ac6_S1_pNP	7	6	13	6	1	C96H139N7O78S	2669.684609	0
HS_HexA7_HexN6_Ac6_S1_pNP	7	6	13	6	1	C96H139N7O78S	2686.711158	1
HS_HexA7_HexN6_Ac6_S1_pNP	7	6	13	6	1	C96H139N7O78S	2703.737707	2
HS_HexA7_HexN6_Ac6_S1_pNP	7	6	13	6	1	C96H139N7O78S	2720.764256	3
HS_HexA7_HexN6_Ac6_S1_pNP	7	6	13	6	1	C96H139N7O78S	2737.790805	4
HS_HexA7_HexN6_Ac6_S1_pNP	7	6	13	6	1	C96H139N7O78S	2754.817355	5
HS_HexA7_HexN6_Ac6_S1_pNP	7	6	13	6	1	C96H139N7O78S	2771.843904	6
HS_HexA7_HexN6_Ac6_S1_pNP	7	6	13	6	1	C96H139N7O78S	2788.870453	7
HS_HexA7_HexN6_Ac6_S1_pNP	7	6	13	6	1	C96H139N7O78S	2805.897002	8
HS_HexA7_HexN6_Ac6_S2_pNP	7	6	13	6	2	C96H139N7O81S2	2749.641424	0
HS_HexA7_HexN6_Ac6_S2_pNP	7	6	13	6	2	C96H139N7O81S2	2766.667973	1
HS_HexA7_HexN6_Ac6_S2_pNP	7	6	13	6	2	C96H139N7O81S2	2783.694522	2
HS_HexA7_HexN6_Ac6_S2_pNP	7	6	13	6	2	C96H139N7O81S2	2800.721071	3
HS_HexA7_HexN6_Ac6_S2_pNP	7	6	13	6	2	C96H139N7O81S2	2817.747620	4
HS_HexA7_HexN6_Ac6_S2_pNP	7	6	13	6	2	C96H139N7O81S2	2834.774170	5
HS_HexA7_HexN6_Ac6_S2_pNP	7	6	13	6	2	C96H139N7O81S2	2851.800719	6
HS_HexA7_HexN6_Ac6_S2_pNP	7	6	13	6	2	C96H139N7O81S2	2868.827268	7
HS_HexA7_HexN6_Ac6_S2_pNP	7	6	13	6	2	C96H139N7O81S2	2885.853817	8
HS_HexA7_HexN6_Ac6_S2_pNP	7	6	13	6	2	C96H139N7O81S2	2902.880366	9
HS_HexA7_HexN6_Ac6_S3_pNP	7	6	13	6	3	C96H139N7O84S3	2829.598239	0
HS_HexA7_HexN6_Ac6_S3_pNP	7	6	13	6	3	C96H139N7O84S3	2846.624788	1
HS_HexA7_HexN6_Ac6_S3_pNP	7	6	13	6	3	C96H139N7O84S3	2863.651337	2
HS_HexA7_HexN6_Ac6_S3_pNP	7	6	13	6	3	C96H139N7O84S3	2880.677886	3
HS_HexA7_HexN6_Ac6_S3_pNP	7	6	13	6	3	C96H139N7O84S3	2897.704435	4
HS_HexA7_HexN6_Ac6_S3_pNP	7	6	13	6	3	C96H139N7O84S3	2914.730985	5
HS_HexA7_HexN6_Ac6_S3_pNP	7	6	13	6	3	C96H139N7O84S3	2931.757534	6
HS_HexA7_HexN6_Ac6_S3_pNP	7	6	13	6	3	C96H139N7O84S3	2948.784083	7
HS_HexA7_HexN6_Ac6_S3_pNP	7	6	13	6	3	C96H139N7O84S3	2965.810632	8
HS_HexA7_HexN6_Ac6_S3_pNP	7	6	13	6	3	C96H139N7O84S3	2982.837181	9
HS_HexA7_HexN6_Ac6_S3_pNP	7	6	13	6	3	C96H139N7O84S3	2999.863730	10
HS_HexA7_HexN6_Ac6_S4_pNP	7	6	13	6	4	C96H139N7O87S4	2909.555054	0
HS_HexA7_HexN6_Ac6_S4_pNP	7	6	13	6	4	C96H139N7O87S4	2926.581603	1
HS_HexA7_HexN6_Ac6_S4_pNP	7	6	13	6	4	C96H139N7O87S4	2943.608152	2
HS_HexA7_HexN6_Ac6_S4_pNP	7	6	13	6	4	C96H139N7O87S4	2960.634701	3
HS_HexA7_HexN6_Ac6_S4_pNP	7	6	13	6	4	C96H139N7O87S4	2977.661251	4
HS_HexA7_HexN6_Ac6_S4_pNP	7	6	13	6	4	C96H139N7O87S4	2994.687800	5
HS_HexA7_HexN6_Ac6_S4_pNP	7	6	13	6	4	C96H139N7O87S4	3011.714349	6
HS_HexA7_HexN6_Ac6_S4_pNP	7	6	13	6	4	C96H139N7O87S4	3028.740898	7
HS_HexA7_HexN6_Ac6_S4_pNP	7	6	13	6	4	C96H139N7O87S4	3045.767447	8
HS_HexA7_HexN6_Ac6_S4_pNP	7	6	13	6	4	C96H139N7O87S4	3062.793996	9
HS_HexA7_HexN6_Ac6_S4_pNP	7	6	13	6	4	C96H139N7O87S4	3079.820545	10
HS_HexA7_HexN6_Ac6_S4_pNP	7	6	13	6	4	C96H139N7O87S4	3096.847094	11
HS_HexA7_HexN6_Ac6_S5_pNP	7	6	13	6	5	C96H139N7O90S5	2989.511869	0
HS_HexA7_HexN6_Ac6_S5_pNP	7	6	13	6	5	C96H139N7O90S5	3006.538418	1
HS_HexA7_HexN6_Ac6_S5_pNP	7	6	13	6	5	C96H139N7O90S5	3023.564967	2
HS_HexA7_HexN6_Ac6_S5_pNP	7	6	13	6	5	C96H139N7O90S5	3040.591516	3
HS_HexA7_HexN6_Ac6_S5_pNP	7	6	13	6	5	C96H139N7O90S5	3057.618066	4
HS_HexA7_HexN6_Ac6_S5_pNP	7	6	13	6	5	C96H139N7O90S5	3074.644615	5
HS_HexA7_HexN6_Ac6_S5_pNP	7	6	13	6	5	C96H139N7O90S5	3091.671164	6
HS_HexA7_HexN6_Ac6_S5_pNP	7	6	13	6	5	C96H139N7O90S5	3108.697713	7
HS_HexA7_HexN6_Ac6_S5_pNP	7	6	13	6	5	C96H139N7O90S5	3125.724262	8
HS_HexA7_HexN6_Ac6_S5_pNP	7	6	13	6	5	C96H139N7O90S5	3142.750811	9
HS_HexA7_HexN6_Ac6_S5_pNP	7	6	13	6	5	C96H139N7O90S5	3159.777360	10
HS_HexA7_HexN6_Ac6_S5_pNP	7	6	13	6	5	C96H139N7O90S5	3176.803909	11
HS_HexA7_HexN6_Ac6_S5_pNP	7	6	13	6	5	C96H139N7O90S5	3193.830458	12
HS_HexA7_HexN6_Ac6_S6_pNP	7	6	13	6	6	C96H139N7O93S6	3069.468684	0
HS_HexA7_HexN6_Ac6_S6_pNP	7	6	13	6	6	C96H139N7O93S6	3086.495233	1
HS_HexA7_HexN6_Ac6_S6_pNP	7	6	13	6	6	C96H139N7O93S6	3103.521782	2
HS_HexA7_HexN6_Ac6_S6_pNP	7	6	13	6	6	C96H139N7O93S6	3120.548331	3
HS_HexA7_HexN6_Ac6_S6_pNP	7	6	13	6	6	C96H139N7O93S6	3137.574881	4
HS_HexA7_HexN6_Ac6_S6_pNP	7	6	13	6	6	C96H139N7O93S6	3154.601430	5
HS_HexA7_HexN6_Ac6_S6_pNP	7	6	13	6	6	C96H139N7O93S6	3171.627979	6
HS_HexA7_HexN6_Ac6_S6_pNP	7	6	13	6	6	C96H139N7O93S6	3188.654528	7
HS_HexA7_HexN6_Ac6_S6_pNP	7	6	13	6	6	C96H139N7O93S6	3205.681077	8
HS_HexA7_HexN6_Ac6_S6_pNP	7	6	13	6	6	C96H139N7O93S6	3222.707626	9
HS_HexA7_HexN6_Ac6_S6_pNP	7	6	13	6	6	C96H139N7O93S6	3239.734175	10
HS_HexA7_HexN6_Ac6_S6_pNP	7	6	13	6	6	C96H139N7O93S6	3256.760724	11
HS_HexA7_HexN6_Ac6_S6_pNP	7	6	13	6	6	C96H139N7O93S6	3273.787273	12
HS_HexA7_HexN6_Ac6_S6_pNP	7	6	13	6	6	C96H139N7O93S6	3290.813822	13
HS_HexA7_HexN6_Ac6_S7_pNP	7	6	13	6	7	C96H139N7O96S7	3149.425499	0
HS_HexA7_HexN6_Ac6_S7_pNP	7	6	13	6	7	C96H139N7O96S7	3166.452048	1
HS_HexA7_HexN6_Ac6_S7_pNP	7	6	13	6	7	C96H139N7O96S7	3183.478597	2
HS_HexA7_HexN6_Ac6_S7_pNP	7	6	13	6	7	C96H139N7O96S7	3200.505147	3
HS_HexA7_HexN6_Ac6_S7_pNP	7	6	13	6	7	C96H139N7O96S7	3217.531696	4
HS_HexA7_HexN6_Ac6_S7_pNP	7	6	13	6	7	C96H139N7O96S7	3234.558245	5
HS_HexA7_HexN6_Ac6_S7_pNP	7	6	13	6	7	C96H139N7O96S7	3251.584794	6
HS_HexA7_HexN6_Ac6_S7_pNP	7	6	13	6	7	C96H139N7O96S7	3268.611343	7
HS_HexA7_HexN6_Ac6_S7_pNP	7	6	13	6	7	C96H139N7O96S7	3285.637892	8
HS_HexA7_HexN6_Ac6_S7_pNP	7	6	13	6	7	C96H139N7O96S7	3302.664441	9
HS_HexA7_HexN6_Ac6_S7_pNP	7	6	13	6	7	C96H139N7O96S7	3319.690990	10
HS_HexA7_HexN6_Ac6_S7_pNP	7	6	13	6	7	C96H139N7O96S7	3336.717539	11
HS_HexA7_HexN6_Ac6_S7_pNP	7	6	13	6	7	C96H139N7O96S7	3353.744088	12
HS_HexA7_HexN6_Ac6_S7_pNP	7	6	13	6	7	C96H139N7O96S7	3370.770638	13
HS_HexA7_HexN6_Ac6_S7_pNP	7	6	13	6	7	C96H139N7O96S7	3387.797187	14
HS_HexA7_HexN6_Ac6_S8_pNP	7	6	13	6	8	C96H139N7O99S8	3229.382314	0
HS_HexA7_HexN6_Ac6_S8_pNP	7	6	13	6	8	C96H139N7O99S8	3246.408863	1
HS_HexA7_HexN6_Ac6_S8_pNP	7	6	13	6	8	C96H139N7O99S8	3263.435412	2
HS_HexA7_HexN6_Ac6_S8_pNP	7	6	13	6	8	C96H139N7O99S8	3280.461962	3
HS_HexA7_HexN6_Ac6_S8_pNP	7	6	13	6	8	C96H139N7O99S8	3297.488511	4
HS_HexA7_HexN6_Ac6_S8_pNP	7	6	13	6	8	C96H139N7O99S8	3314.515060	5
HS_HexA7_HexN6_Ac6_S8_pNP	7	6	13	6	8	C96H139N7O99S8	3331.541609	6
HS_HexA7_HexN6_Ac6_S8_pNP	7	6	13	6	8	C96H139N7O99S8	3348.568158	7
HS_HexA7_HexN6_Ac6_S8_pNP	7	6	13	6	8	C96H139N7O99S8	3365.594707	8
HS_HexA7_HexN6_Ac6_S8_pNP	7	6	13	6	8	C96H139N7O99S8	3382.621256	9
HS_HexA7_HexN6_Ac6_S8_pNP	7	6	13	6	8	C96H139N7O99S8	3399.647805	10
HS_HexA7_HexN6_Ac6_S8_pNP	7	6	13	6	8	C96H139N7O99S8	3416.674354	11
HS_HexA7_HexN6_Ac6_S8_pNP	7	6	13	6	8	C96H139N7O99S8	3433.700903	12
HS_HexA7_HexN6_Ac6_S8_pNP	7	6	13	6	8	C96H139N7O99S8	3450.727453	13
HS_HexA7_HexN6_Ac6_S8_pNP	7	6	13	6	8	C96H139N7O99S8	3467.754002	14
HS_HexA7_HexN6_Ac6_S8_pNP	7	6	13	6	8	C96H139N7O99S8	3484.780551	15
HS_HexA7_HexN6_Ac6_S9_pNP	7	6	13	6	9	C96H139N7O102S9	3309.339129	0
HS_HexA7_HexN6_Ac6_S9_pNP	7	6	13	6	9	C96H139N7O102S9	3326.365678	1
HS_HexA7_HexN6_Ac6_S9_pNP	7	6	13	6	9	C96H139N7O102S9	3343.392227	2
HS_HexA7_HexN6_Ac6_S9_pNP	7	6	13	6	9	C96H139N7O102S9	3360.418777	3
HS_HexA7_HexN6_Ac6_S9_pNP	7	6	13	6	9	C96H139N7O102S9	3377.445326	4
HS_HexA7_HexN6_Ac6_S9_pNP	7	6	13	6	9	C96H139N7O102S9	3394.471875	5
HS_HexA7_HexN6_Ac6_S9_pNP	7	6	13	6	9	C96H139N7O102S9	3411.498424	6
HS_HexA7_HexN6_Ac6_S9_pNP	7	6	13	6	9	C96H139N7O102S9	3428.524973	7
HS_HexA7_HexN6_Ac6_S9_pNP	7	6	13	6	9	C96H139N7O102S9	3445.551522	8
HS_HexA7_HexN6_Ac6_S9_pNP	7	6	13	6	9	C96H139N7O102S9	3462.578071	9
HS_HexA7_HexN6_Ac6_S9_pNP	7	6	13	6	9	C96H139N7O102S9	3479.604620	10
HS_HexA7_HexN6_Ac6_S9_pNP	7	6	13	6	9	C96H139N7O102S9	3496.631169	11
HS_HexA7_HexN6_Ac6_S9_pNP	7	6	13	6	9	C96H139N7O102S9	3513.657718	12
HS_HexA7_HexN6_Ac6_S9_pNP	7	6	13	6	9	C96H139N7O102S9	3530.684268	13
HS_HexA7_HexN6_Ac6_S9_pNP	7	6	13	6	9	C96H139N7O102S9	3547.710817	14
HS_HexA7_HexN6_Ac6_S9_pNP	7	6	13	6	9	C96H139N7O102S9	3564.737366	15
HS_HexA7_HexN6_Ac6_S9_pNP	7	6	13	6	9	C96H139N7O102S9	3581.763915	16
HS_HexA7_HexN6_Ac6_S10_pNP	7	6	13	6	10	C96H139N7O105S10	3389.295944	0
HS_HexA7_HexN6_Ac6_S10_pNP	7	6	13	6	10	C96H139N7O105S10	3406.322493	1
HS_HexA7_HexN6_Ac6_S10_pNP	7	6	13	6	10	C96H139N7O105S10	3423.349043	2
HS_HexA7_HexN6_Ac6_S10_pNP	7	6	13	6	10	C96H139N7O105S10	3440.375592	3
HS_HexA7_HexN6_Ac6_S10_pNP	7	6	13	6	10	C96H139N7O105S10	3457.402141	4
HS_HexA7_HexN6_Ac6_S10_pNP	7	6	13	6	10	C96H139N7O105S10	3474.428690	5
HS_HexA7_HexN6_Ac6_S10_pNP	7	6	13	6	10	C96H139N7O105S10	3491.455239	6
HS_HexA7_HexN6_Ac6_S10_pNP	7	6	13	6	10	C96H139N7O105S10	3508.481788	7
HS_HexA7_HexN6_Ac6_S10_pNP	7	6	13	6	10	C96H139N7O105S10	3525.508337	8
HS_HexA7_HexN6_Ac6_S10_pNP	7	6	13	6	10	C96H139N7O105S10	3542.534886	9
HS_HexA7_HexN6_Ac6_S10_pNP	7	6	13	6	10	C96H139N7O105S10	3559.561435	10
HS_HexA7_HexN6_Ac6_S10_pNP	7	6	13	6	10	C96H139N7O105S10	3576.587984	11
HS_HexA7_HexN6_Ac6_S10_pNP	7	6	13	6	10	C96H139N7O105S10	3593.614534	12
HS_HexA7_HexN6_Ac6_S10_pNP	7	6	13	6	10	C96H139N7O105S10	3610.641083	13
HS_HexA7_HexN6_Ac6_S10_pNP	7	6	13	6	10	C96H139N7O105S10	3627.667632	14
HS_HexA7_HexN6_Ac6_S10_pNP	7	6	13	6	10	C96H139N7O105S10	3644.694181	15
HS_HexA7_HexN6_Ac6_S10_pNP	7	6	13	6	10	C96H139N7O105S10	3661.720730	16
HS_HexA7_HexN6_Ac6_S10_pNP	7	6	13	6	10	C96H139N7O105S10	3678.747279	17
HS_HexA7_HexN6_Ac6_S11_pNP	7	6	13	6	11	C96H139N7O108S11	3469.252759	0
HS_HexA7_HexN6_Ac6_S11_pNP	7	6	13	6	11	C96H139N7O108S11	3486.279308	1
HS_HexA7_HexN6_Ac6_S11_pNP	7	6	13	6	11	C96H139N7O108S11	3503.305858	2
HS_HexA7_HexN6_Ac6_S11_pNP	7	6	13	6	11	C96H139N7O108S11	3520.332407	3
HS_HexA7_HexN6_Ac6_S11_pNP	7	6	13	6	11	C96H139N7O108S11	3537.358956	4
HS_HexA7_HexN6_Ac6_S11_pNP	7	6	13	6	11	C96H139N7O108S11	3554.385505	5
HS_HexA7_HexN6_Ac6_S11_pNP	7	6	13	6	11	C96H139N7O108S11	3571.412054	6
HS_HexA7_HexN6_Ac6_S11_pNP	7	6	13	6	11	C96H139N7O108S11	3588.438603	7
HS_HexA7_HexN6_Ac6_S11_pNP	7	6	13	6	11	C96H139N7O108S11	3605.465152	8
HS_HexA7_HexN6_Ac6_S11_pNP	7	6	13	6	11	C96H139N7O108S11	3622.491701	9
HS_HexA7_HexN6_Ac6_S11_pNP	7	6	13	6	11	C96H139N7O108S11	3639.518250	10
HS_HexA7_HexN6_Ac6_S11_pNP	7	6	13	6	11	C96H139N7O108S11	3656.544799	11
HS_HexA7_HexN6_Ac6_S11_pNP	7	6	13	6	11	C96H139N7O108S11	3673.571349	12
HS_HexA7_HexN6_Ac6_S11_pNP	7	6	13	6	11	C96H139N7O108S11	3690.597898	13
HS_HexA7_HexN6_Ac6_S11_pNP	7	6	13	6	11	C96H139N7O108S11	3707.624447	14
HS_HexA7_HexN6_Ac6_S11_pNP	7	6	13	6	11	C96H139N7O108S11	3724.650996	15
HS_HexA7_HexN6_Ac6_S11_pNP	7	6	13	6	11	C96H139N7O108S11	3741.677545	16
HS_HexA7_HexN6_Ac6_S11_pNP	7	6	13	6	11	C96H139N7O108S11	3758.704094	17
HS_HexA7_HexN6_Ac6_S11_pNP	7	6	13	6	11	C96H139N7O108S11	3775.730643	18
HS_HexA7_HexN6_Ac6_S12_pNP	7	6	13	6	12	C96H139N7O111S12	3549.209574	0
HS_HexA7_HexN6_Ac6_S12_pNP	7	6	13	6	12	C96H139N7O111S12	3566.236123	1
HS_HexA7_HexN6_Ac6_S12_pNP	7	6	13	6	12	C96H139N7O111S12	3583.262673	2
HS_HexA7_HexN6_Ac6_S12_pNP	7	6	13	6	12	C96H139N7O111S12	3600.289222	3
HS_HexA7_HexN6_Ac6_S12_pNP	7	6	13	6	12	C96H139N7O111S12	3617.315771	4
HS_HexA7_HexN6_Ac6_S12_pNP	7	6	13	6	12	C96H139N7O111S12	3634.342320	5
HS_HexA7_HexN6_Ac6_S12_pNP	7	6	13	6	12	C96H139N7O111S12	3651.368869	6
HS_HexA7_HexN6_Ac6_S12_pNP	7	6	13	6	12	C96H139N7O111S12	3668.395418	7
HS_HexA7_HexN6_Ac6_S12_pNP	7	6	13	6	12	C96H139N7O111S12	3685.421967	8
HS_HexA7_HexN6_Ac6_S12_pNP	7	6	13	6	12	C96H139N7O111S12	3702.448516	9
HS_HexA7_HexN6_Ac6_S12_pNP	7	6	13	6	12	C96H139N7O111S12	3719.475065	10
HS_HexA7_HexN6_Ac6_S12_pNP	7	6	13	6	12	C96H139N7O111S12	3736.501614	11
HS_HexA7_HexN6_Ac6_S12_pNP	7	6	13	6	12	C96H139N7O111S12	3753.528164	12
HS_HexA7_HexN6_Ac6_S12_pNP	7	6	13	6	12	C96H139N7O111S12	3770.554713	13
HS_HexA7_HexN6_Ac6_S12_pNP	7	6	13	6	12	C96H139N7O111S12	3787.581262	14
HS_HexA7_HexN6_Ac6_S12_pNP	7	6	13	6	12	C96H139N7O111S12	3804.607811	15
HS_HexA7_HexN6_Ac6_S12_pNP	7	6	13	6	12	C96H139N7O111S12	3821.634360	16
HS_HexA7_HexN6_Ac6_S12_pNP	7	6	13	6	12	C96H139N7O111S12	3838.660909	17
HS_HexA7_HexN6_Ac6_S12_pNP	7	6	13	6	12	C96H139N7O111S12	3855.687458	18
HS_HexA7_HexN6_Ac6_S12_pNP	7	6	13	6	12	C96H139N7O111S12	3872.714007	19
HS_HexA7_HexN6_Ac6_S13_pNP	7	6	13	6	13	C96H139N7O114S13	3629.166389	0
HS_HexA7_HexN6_Ac6_S13_pNP	7	6	13	6	13	C96H139N7O114S13	3646.192939	1
HS_HexA7_HexN6_Ac6_S13_pNP	7	6	13	6	13	C96H139N7O114S13	3663.219488	2
HS_HexA7_HexN6_Ac6_S13_pNP	7	6	13	6	13	C96H139N7O114S13	3680.246037	3
HS_HexA7_HexN6_Ac6_S13_pNP	7	6	13	6	13	C96H139N7O114S13	3697.272586	4
HS_HexA7_HexN6_Ac6_S13_pNP	7	6	13	6	13	C96H139N7O114S13	3714.299135	5
HS_HexA7_HexN6_Ac6_S13_pNP	7	6	13	6	13	C96H139N7O114S13	3731.325684	6
HS_HexA7_HexN6_Ac6_S13_pNP	7	6	13	6	13	C96H139N7O114S13	3748.352233	7
HS_HexA7_HexN6_Ac6_S13_pNP	7	6	13	6	13	C96H139N7O114S13	3765.378782	8
HS_HexA7_HexN6_Ac6_S13_pNP	7	6	13	6	13	C96H139N7O114S13	3782.405331	9
HS_HexA7_HexN6_Ac6_S13_pNP	7	6	13	6	13	C96H139N7O114S13	3799.431880	10
HS_HexA7_HexN6_Ac6_S13_pNP	7	6	13	6	13	C96H139N7O114S13	3816.458430	11
HS_HexA7_HexN6_Ac6_S13_pNP	7	6	13	6	13	C96H139N7O114S13	3833.484979	12
HS_HexA7_HexN6_Ac6_S13_pNP	7	6	13	6	13	C96H139N7O114S13	3850.511528	13
HS_HexA7_HexN6_Ac6_S13_pNP	7	6	13	6	13	C96H139N7O114S13	3867.538077	14
HS_HexA7_HexN6_Ac6_S13_pNP	7	6	13	6	13	C96H139N7O114S13	3884.564626	15
HS_HexA7_HexN6_Ac6_S13_pNP	7	6	13	6	13	C96H139N7O114S13	3901.591175	16
HS_HexA7_HexN6_Ac6_S13_pNP	7	6	13	6	13	C96H139N7O114S13	3918.617724	17
HS_HexA7_HexN6_Ac6_S13_pNP	7	6	13	6	13	C96H139N7O114S13	3935.644273	18
HS_HexA7_HexN6_Ac6_S13_pNP	7	6	13	6	13	C96H139N7O114S13	3952.670822	19
HS_HexA7_HexN6_Ac6_S13_pNP	7	6	13	6	13	C96H139N7O114S13	3969.697371	20
HS_HexA7_HexN6_Ac6_S14_pNP	7	6	13	6	14	C96H139N7O117S14	3709.123204	0
HS_HexA7_HexN6_Ac6_S14_pNP	7	6	13	6	14	C96H139N7O117S14	3726.149754	1
HS_HexA7_HexN6_Ac6_S14_pNP	7	6	13	6	14	C96H139N7O117S14	3743.176303	2
HS_HexA7_HexN6_Ac6_S14_pNP	7	6	13	6	14	C96H139N7O117S14	3760.202852	3
HS_HexA7_HexN6_Ac6_S14_pNP	7	6	13	6	14	C96H139N7O117S14	3777.229401	4
HS_HexA7_HexN6_Ac6_S14_pNP	7	6	13	6	14	C96H139N7O117S14	3794.255950	5
HS_HexA7_HexN6_Ac6_S14_pNP	7	6	13	6	14	C96H139N7O117S14	3811.282499	6
HS_HexA7_HexN6_Ac6_S14_pNP	7	6	13	6	14	C96H139N7O117S14	3828.309048	7
HS_HexA7_HexN6_Ac6_S14_pNP	7	6	13	6	14	C96H139N7O117S14	3845.335597	8
HS_HexA7_HexN6_Ac6_S14_pNP	7	6	13	6	14	C96H139N7O117S14	3862.362146	9
HS_HexA7_HexN6_Ac6_S14_pNP	7	6	13	6	14	C96H139N7O117S14	3879.388695	10
HS_HexA7_HexN6_Ac6_S14_pNP	7	6	13	6	14	C96H139N7O117S14	3896.415245	11
HS_HexA7_HexN6_Ac6_S14_pNP	7	6	13	6	14	C96H139N7O117S14	3913.441794	12
HS_HexA7_HexN6_Ac6_S14_pNP	7	6	13	6	14	C96H139N7O117S14	3930.468343	13
HS_HexA7_HexN6_Ac6_S14_pNP	7	6	13	6	14	C96H139N7O117S14	3947.494892	14
HS_HexA7_HexN6_Ac6_S14_pNP	7	6	13	6	14	C96H139N7O117S14	3964.521441	15
HS_HexA7_HexN6_Ac6_S14_pNP	7	6	13	6	14	C96H139N7O117S14	3981.547990	16
HS_HexA7_HexN6_Ac6_S14_pNP	7	6	13	6	14	C96H139N7O117S14	3998.574539	17
HS_HexA7_HexN6_Ac6_S14_pNP	7	6	13	6	14	C96H139N7O117S14	4015.601088	18
HS_HexA7_HexN6_Ac6_S14_pNP	7	6	13	6	14	C96H139N7O117S14	4032.627637	19
HS_HexA7_HexN6_Ac6_S14_pNP	7	6	13	6	14	C96H139N7O117S14	4049.654186	20
HS_HexA7_HexN6_Ac6_S14_pNP	7	6	13	6	14	C96H139N7O117S14	4066.680736	21
HS_HexA7_HexN6_Ac6_S15_pNP	7	6	13	6	15	C96H139N7O120S15	3789.080019	0
HS_HexA7_HexN6_Ac6_S15_pNP	7	6	13	6	15	C96H139N7O120S15	3806.106569	1
HS_HexA7_HexN6_Ac6_S15_pNP	7	6	13	6	15	C96H139N7O120S15	3823.133118	2
HS_HexA7_HexN6_Ac6_S15_pNP	7	6	13	6	15	C96H139N7O120S15	3840.159667	3
HS_HexA7_HexN6_Ac6_S15_pNP	7	6	13	6	15	C96H139N7O120S15	3857.186216	4
HS_HexA7_HexN6_Ac6_S15_pNP	7	6	13	6	15	C96H139N7O120S15	3874.212765	5
HS_HexA7_HexN6_Ac6_S15_pNP	7	6	13	6	15	C96H139N7O120S15	3891.239314	6
HS_HexA7_HexN6_Ac6_S15_pNP	7	6	13	6	15	C96H139N7O120S15	3908.265863	7
HS_HexA7_HexN6_Ac6_S15_pNP	7	6	13	6	15	C96H139N7O120S15	3925.292412	8
HS_HexA7_HexN6_Ac6_S15_pNP	7	6	13	6	15	C96H139N7O120S15	3942.318961	9
HS_HexA7_HexN6_Ac6_S15_pNP	7	6	13	6	15	C96H139N7O120S15	3959.345510	10
HS_HexA7_HexN6_Ac6_S15_pNP	7	6	13	6	15	C96H139N7O120S15	3976.372060	11
HS_HexA7_HexN6_Ac6_S15_pNP	7	6	13	6	15	C96H139N7O120S15	3993.398609	12
HS_HexA7_HexN6_Ac6_S15_pNP	7	6	13	6	15	C96H139N7O120S15	4010.425158	13
HS_HexA7_HexN6_Ac6_S15_pNP	7	6	13	6	15	C96H139N7O120S15	4027.451707	14
HS_HexA7_HexN6_Ac6_S15_pNP	7	6	13	6	15	C96H139N7O120S15	4044.478256	15
HS_HexA7_HexN6_Ac6_S15_pNP	7	6	13	6	15	C96H139N7O120S15	4061.504805	16
HS_HexA7_HexN6_Ac6_S15_pNP	7	6	13	6	15	C96H139N7O120S15	4078.531354	17
HS_HexA7_HexN6_Ac6_S15_pNP	7	6	13	6	15	C96H139N7O120S15	4095.557903	18
HS_HexA7_HexN6_Ac6_S15_pNP	7	6	13	6	15	C96H139N7O120S15	4112.584452	19
HS_HexA7_HexN6_Ac6_S15_pNP	7	6	13	6	15	C96H139N7O120S15	4129.611001	20
HS_HexA7_HexN6_Ac6_S15_pNP	7	6	13	6	15	C96H139N7O120S15	4146.637551	21
HS_HexA7_HexN6_Ac6_S15_pNP	7	6	13	6	15	C96H139N7O120S15	4163.664100	22
HS_HexA7_HexN6_Ac6_S16_pNP	7	6	13	6	16	C96H139N7O123S16	3869.036835	0
HS_HexA7_HexN6_Ac6_S16_pNP	7	6	13	6	16	C96H139N7O123S16	3886.063384	1
HS_HexA7_HexN6_Ac6_S16_pNP	7	6	13	6	16	C96H139N7O123S16	3903.089933	2
HS_HexA7_HexN6_Ac6_S16_pNP	7	6	13	6	16	C96H139N7O123S16	3920.116482	3
HS_HexA7_HexN6_Ac6_S16_pNP	7	6	13	6	16	C96H139N7O123S16	3937.143031	4
HS_HexA7_HexN6_Ac6_S16_pNP	7	6	13	6	16	C96H139N7O123S16	3954.169580	5
HS_HexA7_HexN6_Ac6_S16_pNP	7	6	13	6	16	C96H139N7O123S16	3971.196129	6
HS_HexA7_HexN6_Ac6_S16_pNP	7	6	13	6	16	C96H139N7O123S16	3988.222678	7
HS_HexA7_HexN6_Ac6_S16_pNP	7	6	13	6	16	C96H139N7O123S16	4005.249227	8
HS_HexA7_HexN6_Ac6_S16_pNP	7	6	13	6	16	C96H139N7O123S16	4022.275776	9
HS_HexA7_HexN6_Ac6_S16_pNP	7	6	13	6	16	C96H139N7O123S16	4039.302326	10
HS_HexA7_HexN6_Ac6_S16_pNP	7	6	13	6	16	C96H139N7O123S16	4056.328875	11
HS_HexA7_HexN6_Ac6_S16_pNP	7	6	13	6	16	C96H139N7O123S16	4073.355424	12
HS_HexA7_HexN6_Ac6_S16_pNP	7	6	13	6	16	C96H139N7O123S16	4090.381973	13
HS_HexA7_HexN6_Ac6_S16_pNP	7	6	13	6	16	C96H139N7O123S16	4107.408522	14
HS_HexA7_HexN6_Ac6_S16_pNP	7	6	13	6	16	C96H139N7O123S16	4124.435071	15
HS_HexA7_HexN6_Ac6_S16_pNP	7	6	13	6	16	C96H139N7O123S16	4141.461620	16
HS_HexA7_HexN6_Ac6_S16_pNP	7	6	13	6	16	C96H139N7O123S16	4158.488169	17
HS_HexA7_HexN6_Ac6_S16_pNP	7	6	13	6	16	C96H139N7O123S16	4175.514718	18
HS_HexA7_HexN6_Ac6_S16_pNP	7	6	13	6	16	C96H139N7O123S16	4192.541267	19
HS_HexA7_HexN6_Ac6_S16_pNP	7	6	13	6	16	C96H139N7O123S16	4209.567817	20
HS_HexA7_HexN6_Ac6_S16_pNP	7	6	13	6	16	C96H139N7O123S16	4226.594366	21
HS_HexA7_HexN6_Ac6_S16_pNP	7	6	13	6	16	C96H139N7O123S16	4243.620915	22
HS_HexA7_HexN6_Ac6_S16_pNP	7	6	13	6	16	C96H139N7O123S16	4260.647464	23
HS_HexA7_HexN6_Ac6_S17_pNP	7	6	13	6	17	C96H139N7O126S17	3948.993650	0
HS_HexA7_HexN6_Ac6_S17_pNP	7	6	13	6	17	C96H139N7O126S17	3966.020199	1
HS_HexA7_HexN6_Ac6_S17_pNP	7	6	13	6	17	C96H139N7O126S17	3983.046748	2
HS_HexA7_HexN6_Ac6_S17_pNP	7	6	13	6	17	C96H139N7O126S17	4000.073297	3
HS_HexA7_HexN6_Ac6_S17_pNP	7	6	13	6	17	C96H139N7O126S17	4017.099846	4
HS_HexA7_HexN6_Ac6_S17_pNP	7	6	13	6	17	C96H139N7O126S17	4034.126395	5
HS_HexA7_HexN6_Ac6_S17_pNP	7	6	13	6	17	C96H139N7O126S17	4051.152944	6
HS_HexA7_HexN6_Ac6_S17_pNP	7	6	13	6	17	C96H139N7O126S17	4068.179493	7
HS_HexA7_HexN6_Ac6_S17_pNP	7	6	13	6	17	C96H139N7O126S17	4085.206042	8
HS_HexA7_HexN6_Ac6_S17_pNP	7	6	13	6	17	C96H139N7O126S17	4102.232591	9
HS_HexA7_HexN6_Ac6_S17_pNP	7	6	13	6	17	C96H139N7O126S17	4119.259141	10
HS_HexA7_HexN6_Ac6_S17_pNP	7	6	13	6	17	C96H139N7O126S17	4136.285690	11
HS_HexA7_HexN6_Ac6_S17_pNP	7	6	13	6	17	C96H139N7O126S17	4153.312239	12
HS_HexA7_HexN6_Ac6_S17_pNP	7	6	13	6	17	C96H139N7O126S17	4170.338788	13
HS_HexA7_HexN6_Ac6_S17_pNP	7	6	13	6	17	C96H139N7O126S17	4187.365337	14
HS_HexA7_HexN6_Ac6_S17_pNP	7	6	13	6	17	C96H139N7O126S17	4204.391886	15
HS_HexA7_HexN6_Ac6_S17_pNP	7	6	13	6	17	C96H139N7O126S17	4221.418435	16
HS_HexA7_HexN6_Ac6_S17_pNP	7	6	13	6	17	C96H139N7O126S17	4238.444984	17
HS_HexA7_HexN6_Ac6_S17_pNP	7	6	13	6	17	C96H139N7O126S17	4255.471533	18
HS_HexA7_HexN6_Ac6_S17_pNP	7	6	13	6	17	C96H139N7O126S17	4272.498082	19
HS_HexA7_HexN6_Ac6_S17_pNP	7	6	13	6	17	C96H139N7O126S17	4289.524632	20
HS_HexA7_HexN6_Ac6_S17_pNP	7	6	13	6	17	C96H139N7O126S17	4306.551181	21
HS_HexA7_HexN6_Ac6_S17_pNP	7	6	13	6	17	C96H139N7O126S17	4323.577730	22
HS_HexA7_HexN6_Ac6_S17_pNP	7	6	13	6	17	C96H139N7O126S17	4340.604279	23
HS_HexA7_HexN6_Ac6_S17_pNP	7	6	13	6	17	C96H139N7O126S17	4357.630828	24
HS_HexA7_HexN6_Ac6_S18_pNP	7	6	13	6	18	C96H139N7O129S18	4028.950465	0
HS_HexA7_HexN6_Ac6_S18_pNP	7	6	13	6	18	C96H139N7O129S18	4045.977014	1
HS_HexA7_HexN6_Ac6_S18_pNP	7	6	13	6	18	C96H139N7O129S18	4063.003563	2
HS_HexA7_HexN6_Ac6_S18_pNP	7	6	13	6	18	C96H139N7O129S18	4080.030112	3
HS_HexA7_HexN6_Ac6_S18_pNP	7	6	13	6	18	C96H139N7O129S18	4097.056661	4
HS_HexA7_HexN6_Ac6_S18_pNP	7	6	13	6	18	C96H139N7O129S18	4114.083210	5
HS_HexA7_HexN6_Ac6_S18_pNP	7	6	13	6	18	C96H139N7O129S18	4131.109759	6
HS_HexA7_HexN6_Ac6_S18_pNP	7	6	13	6	18	C96H139N7O129S18	4148.136308	7
HS_HexA7_HexN6_Ac6_S18_pNP	7	6	13	6	18	C96H139N7O129S18	4165.162857	8
HS_HexA7_HexN6_Ac6_S18_pNP	7	6	13	6	18	C96H139N7O129S18	4182.189406	9
HS_HexA7_HexN6_Ac6_S18_pNP	7	6	13	6	18	C96H139N7O129S18	4199.215956	10
HS_HexA7_HexN6_Ac6_S18_pNP	7	6	13	6	18	C96H139N7O129S18	4216.242505	11
HS_HexA7_HexN6_Ac6_S18_pNP	7	6	13	6	18	C96H139N7O129S18	4233.269054	12
HS_HexA7_HexN6_Ac6_S18_pNP	7	6	13	6	18	C96H139N7O129S18	4250.295603	13
HS_HexA7_HexN6_Ac6_S18_pNP	7	6	13	6	18	C96H139N7O129S18	4267.322152	14
HS_HexA7_HexN6_Ac6_S18_pNP	7	6	13	6	18	C96H139N7O129S18	4284.348701	15
HS_HexA7_HexN6_Ac6_S18_pNP	7	6	13	6	18	C96H139N7O129S18	4301.375250	16
HS_HexA7_HexN6_Ac6_S18_pNP	7	6	13	6	18	C96H139N7O129S18	4318.401799	17
HS_HexA7_HexN6_Ac6_S18_pNP	7	6	13	6	18	C96H139N7O129S18	4335.428348	18
HS_HexA7_HexN6_Ac6_S18_pNP	7	6	13	6	18	C96H139N7O129S18	4352.454897	19
HS_HexA7_HexN6_Ac6_S18_pNP	7	6	13	6	18	C96H139N7O129S18	4369.481447	20
HS_HexA7_HexN6_Ac6_S18_pNP	7	6	13	6	18	C96H139N7O129S18	4386.507996	21
HS_HexA7_HexN6_Ac6_S18_pNP	7	6	13	6	18	C96H139N7O129S18	4403.534545	22
HS_HexA7_HexN6_Ac6_S18_pNP	7	6	13	6	18	C96H139N7O129S18	4420.561094	23
HS_HexA7_HexN6_Ac6_S18_pNP	7	6	13	6	18	C96H139N7O129S18	4437.587643	24
HS_HexA7_HexN6_Ac6_S18_pNP	7	6	13	6	18	C96H139N7O129S18	4454.614192	25
HS_HexA7_HexN7_Ac0_S0_pNP	7	7	14	0	0	C90H138N8O73	2498.733214	0
HS_HexA7_HexN7_Ac0_S0_pNP	7	7	14	0	0	C90H138N8O73	2515.759763	1
HS_HexA7_HexN7_Ac0_S0_pNP	7	7	14	0	0	C90H138N8O73	2532.786312	2
HS_HexA7_HexN7_Ac0_S0_pNP	7	7	14	0	0	C90H138N8O73	2549.812861	3
HS_HexA7_HexN7_Ac0_S0_pNP	7	7	14	0	0	C90H138N8O73	2566.839410	4
HS_HexA7_HexN7_Ac0_S0_pNP	7	7	14	0	0	C90H138N8O73	2583.865959	5
HS_HexA7_HexN7_Ac0_S0_pNP	7	7	14	0	0	C90H138N8O73	2600.892508	6
HS_HexA7_HexN7_Ac0_S0_pNP	7	7	14	0	0	C90H138N8O73	2617.919057	7
HS_HexA7_HexN7_Ac0_S1_pNP	7	7	14	0	1	C90H138N8O76S	2578.690029	0
HS_HexA7_HexN7_Ac0_S1_pNP	7	7	14	0	1	C90H138N8O76S	2595.716578	1
HS_HexA7_HexN7_Ac0_S1_pNP	7	7	14	0	1	C90H138N8O76S	2612.743127	2
HS_HexA7_HexN7_Ac0_S1_pNP	7	7	14	0	1	C90H138N8O76S	2629.769676	3
HS_HexA7_HexN7_Ac0_S1_pNP	7	7	14	0	1	C90H138N8O76S	2646.796225	4
HS_HexA7_HexN7_Ac0_S1_pNP	7	7	14	0	1	C90H138N8O76S	2663.822774	5
HS_HexA7_HexN7_Ac0_S1_pNP	7	7	14	0	1	C90H138N8O76S	2680.849323	6
HS_HexA7_HexN7_Ac0_S1_pNP	7	7	14	0	1	C90H138N8O76S	2697.875872	7
HS_HexA7_HexN7_Ac0_S1_pNP	7	7	14	0	1	C90H138N8O76S	2714.902422	8
HS_HexA7_HexN7_Ac0_S2_pNP	7	7	14	0	2	C90H138N8O79S2	2658.646844	0
HS_HexA7_HexN7_Ac0_S2_pNP	7	7	14	0	2	C90H138N8O79S2	2675.673393	1
HS_HexA7_HexN7_Ac0_S2_pNP	7	7	14	0	2	C90H138N8O79S2	2692.699942	2
HS_HexA7_HexN7_Ac0_S2_pNP	7	7	14	0	2	C90H138N8O79S2	2709.726491	3
HS_HexA7_HexN7_Ac0_S2_pNP	7	7	14	0	2	C90H138N8O79S2	2726.753040	4
HS_HexA7_HexN7_Ac0_S2_pNP	7	7	14	0	2	C90H138N8O79S2	2743.779589	5
HS_HexA7_HexN7_Ac0_S2_pNP	7	7	14	0	2	C90H138N8O79S2	2760.806138	6
HS_HexA7_HexN7_Ac0_S2_pNP	7	7	14	0	2	C90H138N8O79S2	2777.832687	7
HS_HexA7_HexN7_Ac0_S2_pNP	7	7	14	0	2	C90H138N8O79S2	2794.859237	8
HS_HexA7_HexN7_Ac0_S2_pNP	7	7	14	0	2	C90H138N8O79S2	2811.885786	9
HS_HexA7_HexN7_Ac0_S3_pNP	7	7	14	0	3	C90H138N8O82S3	2738.603659	0
HS_HexA7_HexN7_Ac0_S3_pNP	7	7	14	0	3	C90H138N8O82S3	2755.630208	1
HS_HexA7_HexN7_Ac0_S3_pNP	7	7	14	0	3	C90H138N8O82S3	2772.656757	2
HS_HexA7_HexN7_Ac0_S3_pNP	7	7	14	0	3	C90H138N8O82S3	2789.683306	3
HS_HexA7_HexN7_Ac0_S3_pNP	7	7	14	0	3	C90H138N8O82S3	2806.709855	4
HS_HexA7_HexN7_Ac0_S3_pNP	7	7	14	0	3	C90H138N8O82S3	2823.736404	5
HS_HexA7_HexN7_Ac0_S3_pNP	7	7	14	0	3	C90H138N8O82S3	2840.762953	6
HS_HexA7_HexN7_Ac0_S3_pNP	7	7	14	0	3	C90H138N8O82S3	2857.789503	7
HS_HexA7_HexN7_Ac0_S3_pNP	7	7	14	0	3	C90H138N8O82S3	2874.816052	8
HS_HexA7_HexN7_Ac0_S3_pNP	7	7	14	0	3	C90H138N8O82S3	2891.842601	9
HS_HexA7_HexN7_Ac0_S3_pNP	7	7	14	0	3	C90H138N8O82S3	2908.869150	10
HS_HexA7_HexN7_Ac0_S4_pNP	7	7	14	0	4	C90H138N8O85S4	2818.560474	0
HS_HexA7_HexN7_Ac0_S4_pNP	7	7	14	0	4	C90H138N8O85S4	2835.587023	1
HS_HexA7_HexN7_Ac0_S4_pNP	7	7	14	0	4	C90H138N8O85S4	2852.613572	2
HS_HexA7_HexN7_Ac0_S4_pNP	7	7	14	0	4	C90H138N8O85S4	2869.640121	3
HS_HexA7_HexN7_Ac0_S4_pNP	7	7	14	0	4	C90H138N8O85S4	2886.666670	4
HS_HexA7_HexN7_Ac0_S4_pNP	7	7	14	0	4	C90H138N8O85S4	2903.693219	5
HS_HexA7_HexN7_Ac0_S4_pNP	7	7	14	0	4	C90H138N8O85S4	2920.719768	6
HS_HexA7_HexN7_Ac0_S4_pNP	7	7	14	0	4	C90H138N8O85S4	2937.746318	7
HS_HexA7_HexN7_Ac0_S4_pNP	7	7	14	0	4	C90H138N8O85S4	2954.772867	8
HS_HexA7_HexN7_Ac0_S4_pNP	7	7	14	0	4	C90H138N8O85S4	2971.799416	9
HS_HexA7_HexN7_Ac0_S4_pNP	7	7	14	0	4	C90H138N8O85S4	2988.825965	10
HS_HexA7_HexN7_Ac0_S4_pNP	7	7	14	0	4	C90H138N8O85S4	3005.852514	11
HS_HexA7_HexN7_Ac0_S5_pNP	7	7	14	0	5	C90H138N8O88S5	2898.517289	0
HS_HexA7_HexN7_Ac0_S5_pNP	7	7	14	0	5	C90H138N8O88S5	2915.543838	1
HS_HexA7_HexN7_Ac0_S5_pNP	7	7	14	0	5	C90H138N8O88S5	2932.570387	2
HS_HexA7_HexN7_Ac0_S5_pNP	7	7	14	0	5	C90H138N8O88S5	2949.596936	3
HS_HexA7_HexN7_Ac0_S5_pNP	7	7	14	0	5	C90H138N8O88S5	2966.623485	4
HS_HexA7_HexN7_Ac0_S5_pNP	7	7	14	0	5	C90H138N8O88S5	2983.650034	5
HS_HexA7_HexN7_Ac0_S5_pNP	7	7	14	0	5	C90H138N8O88S5	3000.676583	6
HS_HexA7_HexN7_Ac0_S5_pNP	7	7	14	0	5	C90H138N8O88S5	3017.703133	7
HS_HexA7_HexN7_Ac0_S5_pNP	7	7	14	0	5	C90H138N8O88S5	3034.729682	8
HS_HexA7_HexN7_Ac0_S5_pNP	7	7	14	0	5	C90H138N8O88S5	3051.756231	9
HS_HexA7_HexN7_Ac0_S5_pNP	7	7	14	0	5	C90H138N8O88S5	3068.782780	10
HS_HexA7_HexN7_Ac0_S5_pNP	7	7	14	0	5	C90H138N8O88S5	3085.809329	11
HS_HexA7_HexN7_Ac0_S5_pNP	7	7	14	0	5	C90H138N8O88S5	3102.835878	12
HS_HexA7_HexN7_Ac0_S6_pNP	7	7	14	0	6	C90H138N8O91S6	2978.474104	0
HS_HexA7_HexN7_Ac0_S6_pNP	7	7	14	0	6	C90H138N8O91S6	2995.500653	1
HS_HexA7_HexN7_Ac0_S6_pNP	7	7	14	0	6	C90H138N8O91S6	3012.527202	2
HS_HexA7_HexN7_Ac0_S6_pNP	7	7	14	0	6	C90H138N8O91S6	3029.553751	3
HS_HexA7_HexN7_Ac0_S6_pNP	7	7	14	0	6	C90H138N8O91S6	3046.580300	4
HS_HexA7_HexN7_Ac0_S6_pNP	7	7	14	0	6	C90H138N8O91S6	3063.606849	5
HS_HexA7_HexN7_Ac0_S6_pNP	7	7	14	0	6	C90H138N8O91S6	3080.633399	6
HS_HexA7_HexN7_Ac0_S6_pNP	7	7	14	0	6	C90H138N8O91S6	3097.659948	7
HS_HexA7_HexN7_Ac0_S6_pNP	7	7	14	0	6	C90H138N8O91S6	3114.686497	8
HS_HexA7_HexN7_Ac0_S6_pNP	7	7	14	0	6	C90H138N8O91S6	3131.713046	9
HS_HexA7_HexN7_Ac0_S6_pNP	7	7	14	0	6	C90H138N8O91S6	3148.739595	10
HS_HexA7_HexN7_Ac0_S6_pNP	7	7	14	0	6	C90H138N8O91S6	3165.766144	11
HS_HexA7_HexN7_Ac0_S6_pNP	7	7	14	0	6	C90H138N8O91S6	3182.792693	12
HS_HexA7_HexN7_Ac0_S6_pNP	7	7	14	0	6	C90H138N8O91S6	3199.819242	13
HS_HexA7_HexN7_Ac0_S7_pNP	7	7	14	0	7	C90H138N8O94S7	3058.430919	0
HS_HexA7_HexN7_Ac0_S7_pNP	7	7	14	0	7	C90H138N8O94S7	3075.457468	1
HS_HexA7_HexN7_Ac0_S7_pNP	7	7	14	0	7	C90H138N8O94S7	3092.484017	2
HS_HexA7_HexN7_Ac0_S7_pNP	7	7	14	0	7	C90H138N8O94S7	3109.510566	3
HS_HexA7_HexN7_Ac0_S7_pNP	7	7	14	0	7	C90H138N8O94S7	3126.537115	4
HS_HexA7_HexN7_Ac0_S7_pNP	7	7	14	0	7	C90H138N8O94S7	3143.563664	5
HS_HexA7_HexN7_Ac0_S7_pNP	7	7	14	0	7	C90H138N8O94S7	3160.590214	6
HS_HexA7_HexN7_Ac0_S7_pNP	7	7	14	0	7	C90H138N8O94S7	3177.616763	7
HS_HexA7_HexN7_Ac0_S7_pNP	7	7	14	0	7	C90H138N8O94S7	3194.643312	8
HS_HexA7_HexN7_Ac0_S7_pNP	7	7	14	0	7	C90H138N8O94S7	3211.669861	9
HS_HexA7_HexN7_Ac0_S7_pNP	7	7	14	0	7	C90H138N8O94S7	3228.696410	10
HS_HexA7_HexN7_Ac0_S7_pNP	7	7	14	0	7	C90H138N8O94S7	3245.722959	11
HS_HexA7_HexN7_Ac0_S7_pNP	7	7	14	0	7	C90H138N8O94S7	3262.749508	12
HS_HexA7_HexN7_Ac0_S7_pNP	7	7	14	0	7	C90H138N8O94S7	3279.776057	13
HS_HexA7_HexN7_Ac0_S7_pNP	7	7	14	0	7	C90H138N8O94S7	3296.802606	14
HS_HexA7_HexN7_Ac0_S8_pNP	7	7	14	0	8	C90H138N8O97S8	3138.387734	0
HS_HexA7_HexN7_Ac0_S8_pNP	7	7	14	0	8	C90H138N8O97S8	3155.414283	1
HS_HexA7_HexN7_Ac0_S8_pNP	7	7	14	0	8	C90H138N8O97S8	3172.440832	2
HS_HexA7_HexN7_Ac0_S8_pNP	7	7	14	0	8	C90H138N8O97S8	3189.467381	3
HS_HexA7_HexN7_Ac0_S8_pNP	7	7	14	0	8	C90H138N8O97S8	3206.493930	4
HS_HexA7_HexN7_Ac0_S8_pNP	7	7	14	0	8	C90H138N8O97S8	3223.520479	5
HS_HexA7_HexN7_Ac0_S8_pNP	7	7	14	0	8	C90H138N8O97S8	3240.547029	6
HS_HexA7_HexN7_Ac0_S8_pNP	7	7	14	0	8	C90H138N8O97S8	3257.573578	7
HS_HexA7_HexN7_Ac0_S8_pNP	7	7	14	0	8	C90H138N8O97S8	3274.600127	8
HS_HexA7_HexN7_Ac0_S8_pNP	7	7	14	0	8	C90H138N8O97S8	3291.626676	9
HS_HexA7_HexN7_Ac0_S8_pNP	7	7	14	0	8	C90H138N8O97S8	3308.653225	10
HS_HexA7_HexN7_Ac0_S8_pNP	7	7	14	0	8	C90H138N8O97S8	3325.679774	11
HS_HexA7_HexN7_Ac0_S8_pNP	7	7	14	0	8	C90H138N8O97S8	3342.706323	12
HS_HexA7_HexN7_Ac0_S8_pNP	7	7	14	0	8	C90H138N8O97S8	3359.732872	13
HS_HexA7_HexN7_Ac0_S8_pNP	7	7	14	0	8	C90H138N8O97S8	3376.759421	14
HS_HexA7_HexN7_Ac0_S8_pNP	7	7	14	0	8	C90H138N8O97S8	3393.785970	15
HS_HexA7_HexN7_Ac0_S9_pNP	7	7	14	0	9	C90H138N8O100S9	3218.344549	0
HS_HexA7_HexN7_Ac0_S9_pNP	7	7	14	0	9	C90H138N8O100S9	3235.371098	1
HS_HexA7_HexN7_Ac0_S9_pNP	7	7	14	0	9	C90H138N8O100S9	3252.397647	2
HS_HexA7_HexN7_Ac0_S9_pNP	7	7	14	0	9	C90H138N8O100S9	3269.424196	3
HS_HexA7_HexN7_Ac0_S9_pNP	7	7	14	0	9	C90H138N8O100S9	3286.450745	4
HS_HexA7_HexN7_Ac0_S9_pNP	7	7	14	0	9	C90H138N8O100S9	3303.477295	5
HS_HexA7_HexN7_Ac0_S9_pNP	7	7	14	0	9	C90H138N8O100S9	3320.503844	6
HS_HexA7_HexN7_Ac0_S9_pNP	7	7	14	0	9	C90H138N8O100S9	3337.530393	7
HS_HexA7_HexN7_Ac0_S9_pNP	7	7	14	0	9	C90H138N8O100S9	3354.556942	8
HS_HexA7_HexN7_Ac0_S9_pNP	7	7	14	0	9	C90H138N8O100S9	3371.583491	9
HS_HexA7_HexN7_Ac0_S9_pNP	7	7	14	0	9	C90H138N8O100S9	3388.610040	10
HS_HexA7_HexN7_Ac0_S9_pNP	7	7	14	0	9	C90H138N8O100S9	3405.636589	11
HS_HexA7_HexN7_Ac0_S9_pNP	7	7	14	0	9	C90H138N8O100S9	3422.663138	12
HS_HexA7_HexN7_Ac0_S9_pNP	7	7	14	0	9	C90H138N8O100S9	3439.689687	13
HS_HexA7_HexN7_Ac0_S9_pNP	7	7	14	0	9	C90H138N8O100S9	3456.716236	14
HS_HexA7_HexN7_Ac0_S9_pNP	7	7	14	0	9	C90H138N8O100S9	3473.742786	15
HS_HexA7_HexN7_Ac0_S9_pNP	7	7	14	0	9	C90H138N8O100S9	3490.769335	16
HS_HexA7_HexN7_Ac0_S10_pNP	7	7	14	0	10	C90H138N8O103S10	3298.301364	0
HS_HexA7_HexN7_Ac0_S10_pNP	7	7	14	0	10	C90H138N8O103S10	3315.327913	1
HS_HexA7_HexN7_Ac0_S10_pNP	7	7	14	0	10	C90H138N8O103S10	3332.354462	2
HS_HexA7_HexN7_Ac0_S10_pNP	7	7	14	0	10	C90H138N8O103S10	3349.381011	3
HS_HexA7_HexN7_Ac0_S10_pNP	7	7	14	0	10	C90H138N8O103S10	3366.407560	4
HS_HexA7_HexN7_Ac0_S10_pNP	7	7	14	0	10	C90H138N8O103S10	3383.434110	5
HS_HexA7_HexN7_Ac0_S10_pNP	7	7	14	0	10	C90H138N8O103S10	3400.460659	6
HS_HexA7_HexN7_Ac0_S10_pNP	7	7	14	0	10	C90H138N8O103S10	3417.487208	7
HS_HexA7_HexN7_Ac0_S10_pNP	7	7	14	0	10	C90H138N8O103S10	3434.513757	8
HS_HexA7_HexN7_Ac0_S10_pNP	7	7	14	0	10	C90H138N8O103S10	3451.540306	9
HS_HexA7_HexN7_Ac0_S10_pNP	7	7	14	0	10	C90H138N8O103S10	3468.566855	10
HS_HexA7_HexN7_Ac0_S10_pNP	7	7	14	0	10	C90H138N8O103S10	3485.593404	11
HS_HexA7_HexN7_Ac0_S10_pNP	7	7	14	0	10	C90H138N8O103S10	3502.619953	12
HS_HexA7_HexN7_Ac0_S10_pNP	7	7	14	0	10	C90H138N8O103S10	3519.646502	13
HS_HexA7_HexN7_Ac0_S10_pNP	7	7	14	0	10	C90H138N8O103S10	3536.673051	14
HS_HexA7_HexN7_Ac0_S10_pNP	7	7	14	0	10	C90H138N8O103S10	3553.699601	15
HS_HexA7_HexN7_Ac0_S10_pNP	7	7	14	0	10	C90H138N8O103S10	3570.726150	16
HS_HexA7_HexN7_Ac0_S10_pNP	7	7	14	0	10	C90H138N8O103S10	3587.752699	17
HS_HexA7_HexN7_Ac0_S11_pNP	7	7	14	0	11	C90H138N8O106S11	3378.258179	0
HS_HexA7_HexN7_Ac0_S11_pNP	7	7	14	0	11	C90H138N8O106S11	3395.284728	1
HS_HexA7_HexN7_Ac0_S11_pNP	7	7	14	0	11	C90H138N8O106S11	3412.311277	2
HS_HexA7_HexN7_Ac0_S11_pNP	7	7	14	0	11	C90H138N8O106S11	3429.337826	3
HS_HexA7_HexN7_Ac0_S11_pNP	7	7	14	0	11	C90H138N8O106S11	3446.364375	4
HS_HexA7_HexN7_Ac0_S11_pNP	7	7	14	0	11	C90H138N8O106S11	3463.390925	5
HS_HexA7_HexN7_Ac0_S11_pNP	7	7	14	0	11	C90H138N8O106S11	3480.417474	6
HS_HexA7_HexN7_Ac0_S11_pNP	7	7	14	0	11	C90H138N8O106S11	3497.444023	7
HS_HexA7_HexN7_Ac0_S11_pNP	7	7	14	0	11	C90H138N8O106S11	3514.470572	8
HS_HexA7_HexN7_Ac0_S11_pNP	7	7	14	0	11	C90H138N8O106S11	3531.497121	9
HS_HexA7_HexN7_Ac0_S11_pNP	7	7	14	0	11	C90H138N8O106S11	3548.523670	10
HS_HexA7_HexN7_Ac0_S11_pNP	7	7	14	0	11	C90H138N8O106S11	3565.550219	11
HS_HexA7_HexN7_Ac0_S11_pNP	7	7	14	0	11	C90H138N8O106S11	3582.576768	12
HS_HexA7_HexN7_Ac0_S11_pNP	7	7	14	0	11	C90H138N8O106S11	3599.603317	13
HS_HexA7_HexN7_Ac0_S11_pNP	7	7	14	0	11	C90H138N8O106S11	3616.629866	14
HS_HexA7_HexN7_Ac0_S11_pNP	7	7	14	0	11	C90H138N8O106S11	3633.656416	15
HS_HexA7_HexN7_Ac0_S11_pNP	7	7	14	0	11	C90H138N8O106S11	3650.682965	16
HS_HexA7_HexN7_Ac0_S11_pNP	7	7	14	0	11	C90H138N8O106S11	3667.709514	17
HS_HexA7_HexN7_Ac0_S11_pNP	7	7	14	0	11	C90H138N8O106S11	3684.736063	18
HS_HexA7_HexN7_Ac0_S12_pNP	7	7	14	0	12	C90H138N8O109S12	3458.214994	0
HS_HexA7_HexN7_Ac0_S12_pNP	7	7	14	0	12	C90H138N8O109S12	3475.241543	1
HS_HexA7_HexN7_Ac0_S12_pNP	7	7	14	0	12	C90H138N8O109S12	3492.268092	2
HS_HexA7_HexN7_Ac0_S12_pNP	7	7	14	0	12	C90H138N8O109S12	3509.294641	3
HS_HexA7_HexN7_Ac0_S12_pNP	7	7	14	0	12	C90H138N8O109S12	3526.321191	4
HS_HexA7_HexN7_Ac0_S12_pNP	7	7	14	0	12	C90H138N8O109S12	3543.347740	5
HS_HexA7_HexN7_Ac0_S12_pNP	7	7	14	0	12	C90H138N8O109S12	3560.374289	6
HS_HexA7_HexN7_Ac0_S12_pNP	7	7	14	0	12	C90H138N8O109S12	3577.400838	7
HS_HexA7_HexN7_Ac0_S12_pNP	7	7	14	0	12	C90H138N8O109S12	3594.427387	8
HS_HexA7_HexN7_Ac0_S12_pNP	7	7	14	0	12	C90H138N8O109S12	3611.453936	9
HS_HexA7_HexN7_Ac0_S12_pNP	7	7	14	0	12	C90H138N8O109S12	3628.480485	10
HS_HexA7_HexN7_Ac0_S12_pNP	7	7	14	0	12	C90H138N8O109S12	3645.507034	11
HS_HexA7_HexN7_Ac0_S12_pNP	7	7	14	0	12	C90H138N8O109S12	3662.533583	12
HS_HexA7_HexN7_Ac0_S12_pNP	7	7	14	0	12	C90H138N8O109S12	3679.560132	13
HS_HexA7_HexN7_Ac0_S12_pNP	7	7	14	0	12	C90H138N8O109S12	3696.586682	14
HS_HexA7_HexN7_Ac0_S12_pNP	7	7	14	0	12	C90H138N8O109S12	3713.613231	15
HS_HexA7_HexN7_Ac0_S12_pNP	7	7	14	0	12	C90H138N8O109S12	3730.639780	16
HS_HexA7_HexN7_Ac0_S12_pNP	7	7	14	0	12	C90H138N8O109S12	3747.666329	17
HS_HexA7_HexN7_Ac0_S12_pNP	7	7	14	0	12	C90H138N8O109S12	3764.692878	18
HS_HexA7_HexN7_Ac0_S12_pNP	7	7	14	0	12	C90H138N8O109S12	3781.719427	19
HS_HexA7_HexN7_Ac0_S13_pNP	7	7	14	0	13	C90H138N8O112S13	3538.171809	0
HS_HexA7_HexN7_Ac0_S13_pNP	7	7	14	0	13	C90H138N8O112S13	3555.198358	1
HS_HexA7_HexN7_Ac0_S13_pNP	7	7	14	0	13	C90H138N8O112S13	3572.224907	2
HS_HexA7_HexN7_Ac0_S13_pNP	7	7	14	0	13	C90H138N8O112S13	3589.251456	3
HS_HexA7_HexN7_Ac0_S13_pNP	7	7	14	0	13	C90H138N8O112S13	3606.278006	4
HS_HexA7_HexN7_Ac0_S13_pNP	7	7	14	0	13	C90H138N8O112S13	3623.304555	5
HS_HexA7_HexN7_Ac0_S13_pNP	7	7	14	0	13	C90H138N8O112S13	3640.331104	6
HS_HexA7_HexN7_Ac0_S13_pNP	7	7	14	0	13	C90H138N8O112S13	3657.357653	7
HS_HexA7_HexN7_Ac0_S13_pNP	7	7	14	0	13	C90H138N8O112S13	3674.384202	8
HS_HexA7_HexN7_Ac0_S13_pNP	7	7	14	0	13	C90H138N8O112S13	3691.410751	9
HS_HexA7_HexN7_Ac0_S13_pNP	7	7	14	0	13	C90H138N8O112S13	3708.437300	10
HS_HexA7_HexN7_Ac0_S13_pNP	7	7	14	0	13	C90H138N8O112S13	3725.463849	11
HS_HexA7_HexN7_Ac0_S13_pNP	7	7	14	0	13	C90H138N8O112S13	3742.490398	12
HS_HexA7_HexN7_Ac0_S13_pNP	7	7	14	0	13	C90H138N8O112S13	3759.516947	13
HS_HexA7_HexN7_Ac0_S13_pNP	7	7	14	0	13	C90H138N8O112S13	3776.543497	14
HS_HexA7_HexN7_Ac0_S13_pNP	7	7	14	0	13	C90H138N8O112S13	3793.570046	15
HS_HexA7_HexN7_Ac0_S13_pNP	7	7	14	0	13	C90H138N8O112S13	3810.596595	16
HS_HexA7_HexN7_Ac0_S13_pNP	7	7	14	0	13	C90H138N8O112S13	3827.623144	17
HS_HexA7_HexN7_Ac0_S13_pNP	7	7	14	0	13	C90H138N8O112S13	3844.649693	18
HS_HexA7_HexN7_Ac0_S13_pNP	7	7	14	0	13	C90H138N8O112S13	3861.676242	19
HS_HexA7_HexN7_Ac0_S13_pNP	7	7	14	0	13	C90H138N8O112S13	3878.702791	20
HS_HexA7_HexN7_Ac0_S14_pNP	7	7	14	0	14	C90H138N8O115S14	3618.128624	0
HS_HexA7_HexN7_Ac0_S14_pNP	7	7	14	0	14	C90H138N8O115S14	3635.155173	1
HS_HexA7_HexN7_Ac0_S14_pNP	7	7	14	0	14	C90H138N8O115S14	3652.181722	2
HS_HexA7_HexN7_Ac0_S14_pNP	7	7	14	0	14	C90H138N8O115S14	3669.208271	3
HS_HexA7_HexN7_Ac0_S14_pNP	7	7	14	0	14	C90H138N8O115S14	3686.234821	4
HS_HexA7_HexN7_Ac0_S14_pNP	7	7	14	0	14	C90H138N8O115S14	3703.261370	5
HS_HexA7_HexN7_Ac0_S14_pNP	7	7	14	0	14	C90H138N8O115S14	3720.287919	6
HS_HexA7_HexN7_Ac0_S14_pNP	7	7	14	0	14	C90H138N8O115S14	3737.314468	7
HS_HexA7_HexN7_Ac0_S14_pNP	7	7	14	0	14	C90H138N8O115S14	3754.341017	8
HS_HexA7_HexN7_Ac0_S14_pNP	7	7	14	0	14	C90H138N8O115S14	3771.367566	9
HS_HexA7_HexN7_Ac0_S14_pNP	7	7	14	0	14	C90H138N8O115S14	3788.394115	10
HS_HexA7_HexN7_Ac0_S14_pNP	7	7	14	0	14	C90H138N8O115S14	3805.420664	11
HS_HexA7_HexN7_Ac0_S14_pNP	7	7	14	0	14	C90H138N8O115S14	3822.447213	12
HS_HexA7_HexN7_Ac0_S14_pNP	7	7	14	0	14	C90H138N8O115S14	3839.473762	13
HS_HexA7_HexN7_Ac0_S14_pNP	7	7	14	0	14	C90H138N8O115S14	3856.500312	14
HS_HexA7_HexN7_Ac0_S14_pNP	7	7	14	0	14	C90H138N8O115S14	3873.526861	15
HS_HexA7_HexN7_Ac0_S14_pNP	7	7	14	0	14	C90H138N8O115S14	3890.553410	16
HS_HexA7_HexN7_Ac0_S14_pNP	7	7	14	0	14	C90H138N8O115S14	3907.579959	17
HS_HexA7_HexN7_Ac0_S14_pNP	7	7	14	0	14	C90H138N8O115S14	3924.606508	18
HS_HexA7_HexN7_Ac0_S14_pNP	7	7	14	0	14	C90H138N8O115S14	3941.633057	19
HS_HexA7_HexN7_Ac0_S14_pNP	7	7	14	0	14	C90H138N8O115S14	3958.659606	20
HS_HexA7_HexN7_Ac0_S14_pNP	7	7	14	0	14	C90H138N8O115S14	3975.686155	21
HS_HexA7_HexN7_Ac0_S15_pNP	7	7	14	0	15	C90H138N8O118S15	3698.085439	0
HS_HexA7_HexN7_Ac0_S15_pNP	7	7	14	0	15	C90H138N8O118S15	3715.111988	1
HS_HexA7_HexN7_Ac0_S15_pNP	7	7	14	0	15	C90H138N8O118S15	3732.138537	2
HS_HexA7_HexN7_Ac0_S15_pNP	7	7	14	0	15	C90H138N8O118S15	3749.165087	3
HS_HexA7_HexN7_Ac0_S15_pNP	7	7	14	0	15	C90H138N8O118S15	3766.191636	4
HS_HexA7_HexN7_Ac0_S15_pNP	7	7	14	0	15	C90H138N8O118S15	3783.218185	5
HS_HexA7_HexN7_Ac0_S15_pNP	7	7	14	0	15	C90H138N8O118S15	3800.244734	6
HS_HexA7_HexN7_Ac0_S15_pNP	7	7	14	0	15	C90H138N8O118S15	3817.271283	7
HS_HexA7_HexN7_Ac0_S15_pNP	7	7	14	0	15	C90H138N8O118S15	3834.297832	8
HS_HexA7_HexN7_Ac0_S15_pNP	7	7	14	0	15	C90H138N8O118S15	3851.324381	9
HS_HexA7_HexN7_Ac0_S15_pNP	7	7	14	0	15	C90H138N8O118S15	3868.350930	10
HS_HexA7_HexN7_Ac0_S15_pNP	7	7	14	0	15	C90H138N8O118S15	3885.377479	11
HS_HexA7_HexN7_Ac0_S15_pNP	7	7	14	0	15	C90H138N8O118S15	3902.404028	12
HS_HexA7_HexN7_Ac0_S15_pNP	7	7	14	0	15	C90H138N8O118S15	3919.430578	13
HS_HexA7_HexN7_Ac0_S15_pNP	7	7	14	0	15	C90H138N8O118S15	3936.457127	14
HS_HexA7_HexN7_Ac0_S15_pNP	7	7	14	0	15	C90H138N8O118S15	3953.483676	15
HS_HexA7_HexN7_Ac0_S15_pNP	7	7	14	0	15	C90H138N8O118S15	3970.510225	16
HS_HexA7_HexN7_Ac0_S15_pNP	7	7	14	0	15	C90H138N8O118S15	3987.536774	17
HS_HexA7_HexN7_Ac0_S15_pNP	7	7	14	0	15	C90H138N8O118S15	4004.563323	18
HS_HexA7_HexN7_Ac0_S15_pNP	7	7	14	0	15	C90H138N8O118S15	4021.589872	19
HS_HexA7_HexN7_Ac0_S15_pNP	7	7	14	0	15	C90H138N8O118S15	4038.616421	20
HS_HexA7_HexN7_Ac0_S15_pNP	7	7	14	0	15	C90H138N8O118S15	4055.642970	21
HS_HexA7_HexN7_Ac0_S15_pNP	7	7	14	0	15	C90H138N8O118S15	4072.669519	22
HS_HexA7_HexN7_Ac0_S16_pNP	7	7	14	0	16	C90H138N8O121S16	3778.042254	0
HS_HexA7_HexN7_Ac0_S16_pNP	7	7	14	0	16	C90H138N8O121S16	3795.068803	1
HS_HexA7_HexN7_Ac0_S16_pNP	7	7	14	0	16	C90H138N8O121S16	3812.095352	2
HS_HexA7_HexN7_Ac0_S16_pNP	7	7	14	0	16	C90H138N8O121S16	3829.121902	3
HS_HexA7_HexN7_Ac0_S16_pNP	7	7	14	0	16	C90H138N8O121S16	3846.148451	4
HS_HexA7_HexN7_Ac0_S16_pNP	7	7	14	0	16	C90H138N8O121S16	3863.175000	5
HS_HexA7_HexN7_Ac0_S16_pNP	7	7	14	0	16	C90H138N8O121S16	3880.201549	6
HS_HexA7_HexN7_Ac0_S16_pNP	7	7	14	0	16	C90H138N8O121S16	3897.228098	7
HS_HexA7_HexN7_Ac0_S16_pNP	7	7	14	0	16	C90H138N8O121S16	3914.254647	8
HS_HexA7_HexN7_Ac0_S16_pNP	7	7	14	0	16	C90H138N8O121S16	3931.281196	9
HS_HexA7_HexN7_Ac0_S16_pNP	7	7	14	0	16	C90H138N8O121S16	3948.307745	10
HS_HexA7_HexN7_Ac0_S16_pNP	7	7	14	0	16	C90H138N8O121S16	3965.334294	11
HS_HexA7_HexN7_Ac0_S16_pNP	7	7	14	0	16	C90H138N8O121S16	3982.360843	12
HS_HexA7_HexN7_Ac0_S16_pNP	7	7	14	0	16	C90H138N8O121S16	3999.387393	13
HS_HexA7_HexN7_Ac0_S16_pNP	7	7	14	0	16	C90H138N8O121S16	4016.413942	14
HS_HexA7_HexN7_Ac0_S16_pNP	7	7	14	0	16	C90H138N8O121S16	4033.440491	15
HS_HexA7_HexN7_Ac0_S16_pNP	7	7	14	0	16	C90H138N8O121S16	4050.467040	16
HS_HexA7_HexN7_Ac0_S16_pNP	7	7	14	0	16	C90H138N8O121S16	4067.493589	17
HS_HexA7_HexN7_Ac0_S16_pNP	7	7	14	0	16	C90H138N8O121S16	4084.520138	18
HS_HexA7_HexN7_Ac0_S16_pNP	7	7	14	0	16	C90H138N8O121S16	4101.546687	19
HS_HexA7_HexN7_Ac0_S16_pNP	7	7	14	0	16	C90H138N8O121S16	4118.573236	20
HS_HexA7_HexN7_Ac0_S16_pNP	7	7	14	0	16	C90H138N8O121S16	4135.599785	21
HS_HexA7_HexN7_Ac0_S16_pNP	7	7	14	0	16	C90H138N8O121S16	4152.626334	22
HS_HexA7_HexN7_Ac0_S16_pNP	7	7	14	0	16	C90H138N8O121S16	4169.652884	23
HS_HexA7_HexN7_Ac0_S17_pNP	7	7	14	0	17	C90H138N8O124S17	3857.999069	0
HS_HexA7_HexN7_Ac0_S17_pNP	7	7	14	0	17	C90H138N8O124S17	3875.025618	1
HS_HexA7_HexN7_Ac0_S17_pNP	7	7	14	0	17	C90H138N8O124S17	3892.052167	2
HS_HexA7_HexN7_Ac0_S17_pNP	7	7	14	0	17	C90H138N8O124S17	3909.078717	3
HS_HexA7_HexN7_Ac0_S17_pNP	7	7	14	0	17	C90H138N8O124S17	3926.105266	4
HS_HexA7_HexN7_Ac0_S17_pNP	7	7	14	0	17	C90H138N8O124S17	3943.131815	5
HS_HexA7_HexN7_Ac0_S17_pNP	7	7	14	0	17	C90H138N8O124S17	3960.158364	6
HS_HexA7_HexN7_Ac0_S17_pNP	7	7	14	0	17	C90H138N8O124S17	3977.184913	7
HS_HexA7_HexN7_Ac0_S17_pNP	7	7	14	0	17	C90H138N8O124S17	3994.211462	8
HS_HexA7_HexN7_Ac0_S17_pNP	7	7	14	0	17	C90H138N8O124S17	4011.238011	9
HS_HexA7_HexN7_Ac0_S17_pNP	7	7	14	0	17	C90H138N8O124S17	4028.264560	10
HS_HexA7_HexN7_Ac0_S17_pNP	7	7	14	0	17	C90H138N8O124S17	4045.291109	11
HS_HexA7_HexN7_Ac0_S17_pNP	7	7	14	0	17	C90H138N8O124S17	4062.317658	12
HS_HexA7_HexN7_Ac0_S17_pNP	7	7	14	0	17	C90H138N8O124S17	4079.344208	13
HS_HexA7_HexN7_Ac0_S17_pNP	7	7	14	0	17	C90H138N8O124S17	4096.370757	14
HS_HexA7_HexN7_Ac0_S17_pNP	7	7	14	0	17	C90H138N8O124S17	4113.397306	15
HS_HexA7_HexN7_Ac0_S17_pNP	7	7	14	0	17	C90H138N8O124S17	4130.423855	16
HS_HexA7_HexN7_Ac0_S17_pNP	7	7	14	0	17	C90H138N8O124S17	4147.450404	17
HS_HexA7_HexN7_Ac0_S17_pNP	7	7	14	0	17	C90H138N8O124S17	4164.476953	18
HS_HexA7_HexN7_Ac0_S17_pNP	7	7	14	0	17	C90H138N8O124S17	4181.503502	19
HS_HexA7_HexN7_Ac0_S17_pNP	7	7	14	0	17	C90H138N8O124S17	4198.530051	20
HS_HexA7_HexN7_Ac0_S17_pNP	7	7	14	0	17	C90H138N8O124S17	4215.556600	21
HS_HexA7_HexN7_Ac0_S17_pNP	7	7	14	0	17	C90H138N8O124S17	4232.583149	22
HS_HexA7_HexN7_Ac0_S17_pNP	7	7	14	0	17	C90H138N8O124S17	4249.609699	23
HS_HexA7_HexN7_Ac0_S17_pNP	7	7	14	0	17	C90H138N8O124S17	4266.636248	24
HS_HexA7_HexN7_Ac0_S18_pNP	7	7	14	0	18	C90H138N8O127S18	3937.955884	0
HS_HexA7_HexN7_Ac0_S18_pNP	7	7	14	0	18	C90H138N8O127S18	3954.982433	1
HS_HexA7_HexN7_Ac0_S18_pNP	7	7	14	0	18	C90H138N8O127S18	3972.008983	2
HS_HexA7_HexN7_Ac0_S18_pNP	7	7	14	0	18	C90H138N8O127S18	3989.035532	3
HS_HexA7_HexN7_Ac0_S18_pNP	7	7	14	0	18	C90H138N8O127S18	4006.062081	4
HS_HexA7_HexN7_Ac0_S18_pNP	7	7	14	0	18	C90H138N8O127S18	4023.088630	5
HS_HexA7_HexN7_Ac0_S18_pNP	7	7	14	0	18	C90H138N8O127S18	4040.115179	6
HS_HexA7_HexN7_Ac0_S18_pNP	7	7	14	0	18	C90H138N8O127S18	4057.141728	7
HS_HexA7_HexN7_Ac0_S18_pNP	7	7	14	0	18	C90H138N8O127S18	4074.168277	8
HS_HexA7_HexN7_Ac0_S18_pNP	7	7	14	0	18	C90H138N8O127S18	4091.194826	9
HS_HexA7_HexN7_Ac0_S18_pNP	7	7	14	0	18	C90H138N8O127S18	4108.221375	10
HS_HexA7_HexN7_Ac0_S18_pNP	7	7	14	0	18	C90H138N8O127S18	4125.247924	11
HS_HexA7_HexN7_Ac0_S18_pNP	7	7	14	0	18	C90H138N8O127S18	4142.274474	12
HS_HexA7_HexN7_Ac0_S18_pNP	7	7	14	0	18	C90H138N8O127S18	4159.301023	13
HS_HexA7_HexN7_Ac0_S18_pNP	7	7	14	0	18	C90H138N8O127S18	4176.327572	14
HS_HexA7_HexN7_Ac0_S18_pNP	7	7	14	0	18	C90H138N8O127S18	4193.354121	15
HS_HexA7_HexN7_Ac0_S18_pNP	7	7	14	0	18	C90H138N8O127S18	4210.380670	16
HS_HexA7_HexN7_Ac0_S18_pNP	7	7	14	0	18	C90H138N8O127S18	4227.407219	17
HS_HexA7_HexN7_Ac0_S18_pNP	7	7	14	0	18	C90H138N8O127S18	4244.433768	18
HS_HexA7_HexN7_Ac0_S18_pNP	7	7	14	0	18	C90H138N8O127S18	4261.460317	19
HS_HexA7_HexN7_Ac0_S18_pNP	7	7	14	0	18	C90H138N8O127S18	4278.486866	20
HS_HexA7_HexN7_Ac0_S18_pNP	7	7	14	0	18	C90H138N8O127S18	4295.513415	21
HS_HexA7_HexN7_Ac0_S18_pNP	7	7	14	0	18	C90H138N8O127S18	4312.539965	22
HS_HexA7_HexN7_Ac0_S18_pNP	7	7	14	0	18	C90H138N8O127S18	4329.566514	23
HS_HexA7_HexN7_Ac0_S18_pNP	7	7	14	0	18	C90H138N8O127S18	4346.593063	24
HS_HexA7_HexN7_Ac0_S18_pNP	7	7	14	0	18	C90H138N8O127S18	4363.619612	25
HS_HexA7_HexN7_Ac0_S19_pNP	7	7	14	0	19	C90H138N8O130S19	4017.912699	0
HS_HexA7_HexN7_Ac0_S19_pNP	7	7	14	0	19	C90H138N8O130S19	4034.939248	1
HS_HexA7_HexN7_Ac0_S19_pNP	7	7	14	0	19	C90H138N8O130S19	4051.965798	2
HS_HexA7_HexN7_Ac0_S19_pNP	7	7	14	0	19	C90H138N8O130S19	4068.992347	3
HS_HexA7_HexN7_Ac0_S19_pNP	7	7	14	0	19	C90H138N8O130S19	4086.018896	4
HS_HexA7_HexN7_Ac0_S19_pNP	7	7	14	0	19	C90H138N8O130S19	4103.045445	5
HS_HexA7_HexN7_Ac0_S19_pNP	7	7	14	0	19	C90H138N8O130S19	4120.071994	6
HS_HexA7_HexN7_Ac0_S19_pNP	7	7	14	0	19	C90H138N8O130S19	4137.098543	7
HS_HexA7_HexN7_Ac0_S19_pNP	7	7	14	0	19	C90H138N8O130S19	4154.125092	8
HS_HexA7_HexN7_Ac0_S19_pNP	7	7	14	0	19	C90H138N8O130S19	4171.151641	9
HS_HexA7_HexN7_Ac0_S19_pNP	7	7	14	0	19	C90H138N8O130S19	4188.178190	10
HS_HexA7_HexN7_Ac0_S19_pNP	7	7	14	0	19	C90H138N8O130S19	4205.204739	11
HS_HexA7_HexN7_Ac0_S19_pNP	7	7	14	0	19	C90H138N8O130S19	4222.231289	12
HS_HexA7_HexN7_Ac0_S19_pNP	7	7	14	0	19	C90H138N8O130S19	4239.257838	13
HS_HexA7_HexN7_Ac0_S19_pNP	7	7	14	0	19	C90H138N8O130S19	4256.284387	14
HS_HexA7_HexN7_Ac0_S19_pNP	7	7	14	0	19	C90H138N8O130S19	4273.310936	15
HS_HexA7_HexN7_Ac0_S19_pNP	7	7	14	0	19	C90H138N8O130S19	4290.337485	16
HS_HexA7_HexN7_Ac0_S19_pNP	7	7	14	0	19	C90H138N8O130S19	4307.364034	17
HS_HexA7_HexN7_Ac0_S19_pNP	7	7	14	0	19	C90H138N8O130S19	4324.390583	18
HS_HexA7_HexN7_Ac0_S19_pNP	7	7	14	0	19	C90H138N8O130S19	4341.417132	19
HS_HexA7_HexN7_Ac0_S19_pNP	7	7	14	0	19	C90H138N8O130S19	4358.443681	20
HS_HexA7_HexN7_Ac0_S19_pNP	7	7	14	0	19	C90H138N8O130S19	4375.470230	21
HS_HexA7_HexN7_Ac0_S19_pNP	7	7	14	0	19	C90H138N8O130S19	4392.496780	22
HS_HexA7_HexN7_Ac0_S19_pNP	7	7	14	0	19	C90H138N8O130S19	4409.523329	23
HS_HexA7_HexN7_Ac0_S19_pNP	7	7	14	0	19	C90H138N8O130S19	4426.549878	24
HS_HexA7_HexN7_Ac0_S19_pNP	7	7	14	0	19	C90H138N8O130S19	4443.576427	25
HS_HexA7_HexN7_Ac0_S19_pNP	7	7	14	0	19	C90H138N8O130S19	4460.602976	26
HS_HexA7_HexN7_Ac0_S20_pNP	7	7	14	0	20	C90H138N8O133S20	4097.869514	0
HS_HexA7_HexN7_Ac0_S20_pNP	7	7	14	0	20	C90H138N8O133S20	4114.896063	1
HS_HexA7_HexN7_Ac0_S20_pNP	7	7	14	0	20	C90H138N8O133S20	4131.922613	2
HS_HexA7_HexN7_Ac0_S20_pNP	7	7	14	0	20	C90H138N8O133S20	4148.949162	3
HS_HexA7_HexN7_Ac0_S20_pNP	7	7	14	0	20	C90H138N8O133S20	4165.975711	4
HS_HexA7_HexN7_Ac0_S20_pNP	7	7	14	0	20	C90H138N8O133S20	4183.002260	5
HS_HexA7_HexN7_Ac0_S20_pNP	7	7	14	0	20	C90H138N8O133S20	4200.028809	6
HS_HexA7_HexN7_Ac0_S20_pNP	7	7	14	0	20	C90H138N8O133S20	4217.055358	7
HS_HexA7_HexN7_Ac0_S20_pNP	7	7	14	0	20	C90H138N8O133S20	4234.081907	8
HS_HexA7_HexN7_Ac0_S20_pNP	7	7	14	0	20	C90H138N8O133S20	4251.108456	9
HS_HexA7_HexN7_Ac0_S20_pNP	7	7	14	0	20	C90H138N8O133S20	4268.135005	10
HS_HexA7_HexN7_Ac0_S20_pNP	7	7	14	0	20	C90H138N8O133S20	4285.161554	11
HS_HexA7_HexN7_Ac0_S20_pNP	7	7	14	0	20	C90H138N8O133S20	4302.188104	12
HS_HexA7_HexN7_Ac0_S20_pNP	7	7	14	0	20	C90H138N8O133S20	4319.214653	13
HS_HexA7_HexN7_Ac0_S20_pNP	7	7	14	0	20	C90H138N8O133S20	4336.241202	14
HS_HexA7_HexN7_Ac0_S20_pNP	7	7	14	0	20	C90H138N8O133S20	4353.267751	15
HS_HexA7_HexN7_Ac0_S20_pNP	7	7	14	0	20	C90H138N8O133S20	4370.294300	16
HS_HexA7_HexN7_Ac0_S20_pNP	7	7	14	0	20	C90H138N8O133S20	4387.320849	17
HS_HexA7_HexN7_Ac0_S20_pNP	7	7	14	0	20	C90H138N8O133S20	4404.347398	18
HS_HexA7_HexN7_Ac0_S20_pNP	7	7	14	0	20	C90H138N8O133S20	4421.373947	19
HS_HexA7_HexN7_Ac0_S20_pNP	7	7	14	0	20	C90H138N8O133S20	4438.400496	20
HS_HexA7_HexN7_Ac0_S20_pNP	7	7	14	0	20	C90H138N8O133S20	4455.427045	21
HS_HexA7_HexN7_Ac0_S20_pNP	7	7	14	0	20	C90H138N8O133S20	4472.453595	22
HS_HexA7_HexN7_Ac0_S20_pNP	7	7	14	0	20	C90H138N8O133S20	4489.480144	23
HS_HexA7_HexN7_Ac0_S20_pNP	7	7	14	0	20	C90H138N8O133S20	4506.506693	24
HS_HexA7_HexN7_Ac0_S20_pNP	7	7	14	0	20	C90H138N8O133S20	4523.533242	25
HS_HexA7_HexN7_Ac0_S20_pNP	7	7	14	0	20	C90H138N8O133S20	4540.559791	26
HS_HexA7_HexN7_Ac0_S20_pNP	7	7	14	0	20	C90H138N8O133S20	4557.586340	27
HS_HexA7_HexN7_Ac0_S21_pNP	7	7	14	0	21	C90H138N8O136S21	4177.826329	0
HS_HexA7_HexN7_Ac0_S21_pNP	7	7	14	0	21	C90H138N8O136S21	4194.852879	1
HS_HexA7_HexN7_Ac0_S21_pNP	7	7	14	0	21	C90H138N8O136S21	4211.879428	2
HS_HexA7_HexN7_Ac0_S21_pNP	7	7	14	0	21	C90H138N8O136S21	4228.905977	3
HS_HexA7_HexN7_Ac0_S21_pNP	7	7	14	0	21	C90H138N8O136S21	4245.932526	4
HS_HexA7_HexN7_Ac0_S21_pNP	7	7	14	0	21	C90H138N8O136S21	4262.959075	5
HS_HexA7_HexN7_Ac0_S21_pNP	7	7	14	0	21	C90H138N8O136S21	4279.985624	6
HS_HexA7_HexN7_Ac0_S21_pNP	7	7	14	0	21	C90H138N8O136S21	4297.012173	7
HS_HexA7_HexN7_Ac0_S21_pNP	7	7	14	0	21	C90H138N8O136S21	4314.038722	8
HS_HexA7_HexN7_Ac0_S21_pNP	7	7	14	0	21	C90H138N8O136S21	4331.065271	9
HS_HexA7_HexN7_Ac0_S21_pNP	7	7	14	0	21	C90H138N8O136S21	4348.091820	10
HS_HexA7_HexN7_Ac0_S21_pNP	7	7	14	0	21	C90H138N8O136S21	4365.118370	11
HS_HexA7_HexN7_Ac0_S21_pNP	7	7	14	0	21	C90H138N8O136S21	4382.144919	12
HS_HexA7_HexN7_Ac0_S21_pNP	7	7	14	0	21	C90H138N8O136S21	4399.171468	13
HS_HexA7_HexN7_Ac0_S21_pNP	7	7	14	0	21	C90H138N8O136S21	4416.198017	14
HS_HexA7_HexN7_Ac0_S21_pNP	7	7	14	0	21	C90H138N8O136S21	4433.224566	15
HS_HexA7_HexN7_Ac0_S21_pNP	7	7	14	0	21	C90H138N8O136S21	4450.251115	16
HS_HexA7_HexN7_Ac0_S21_pNP	7	7	14	0	21	C90H138N8O136S21	4467.277664	17
HS_HexA7_HexN7_Ac0_S21_pNP	7	7	14	0	21	C90H138N8O136S21	4484.304213	18
HS_HexA7_HexN7_Ac0_S21_pNP	7	7	14	0	21	C90H138N8O136S21	4501.330762	19
HS_HexA7_HexN7_Ac0_S21_pNP	7	7	14	0	21	C90H138N8O136S21	4518.357311	20
HS_HexA7_HexN7_Ac0_S21_pNP	7	7	14	0	21	C90H138N8O136S21	4535.383861	21
HS_HexA7_HexN7_Ac0_S21_pNP	7	7	14	0	21	C90H138N8O136S21	4552.410410	22
HS_HexA7_HexN7_Ac0_S21_pNP	7	7	14	0	21	C90H138N8O136S21	4569.436959	23
HS_HexA7_HexN7_Ac0_S21_pNP	7	7	14	0	21	C90H138N8O136S21	4586.463508	24
HS_HexA7_HexN7_Ac0_S21_pNP	7	7	14	0	21	C90H138N8O136S21	4603.490057	25
HS_HexA7_HexN7_Ac0_S21_pNP	7	7	14	0	21	C90H138N8O136S21	4620.516606	26
HS_HexA7_HexN7_Ac0_S21_pNP	7	7	14	0	21	C90H138N8O136S21	4637.543155	27
HS_HexA7_HexN7_Ac0_S21_pNP	7	7	14	0	21	C90H138N8O136S21	4654.569704	28
HS_HexA7_HexN7_Ac1_S0_pNP	7	7	14	1	0	C92H140N8O74	2540.743778	0
HS_HexA7_HexN7_Ac1_S0_pNP	7	7	14	1	0	C92H140N8O74	2557.770327	1
HS_HexA7_HexN7_Ac1_S0_pNP	7	7	14	1	0	C92H140N8O74	2574.796877	2
HS_HexA7_HexN7_Ac1_S0_pNP	7	7	14	1	0	C92H140N8O74	2591.823426	3
HS_HexA7_HexN7_Ac1_S0_pNP	7	7	14	1	0	C92H140N8O74	2608.849975	4
HS_HexA7_HexN7_Ac1_S0_pNP	7	7	14	1	0	C92H140N8O74	2625.876524	5
HS_HexA7_HexN7_Ac1_S0_pNP	7	7	14	1	0	C92H140N8O74	2642.903073	6
HS_HexA7_HexN7_Ac1_S0_pNP	7	7	14	1	0	C92H140N8O74	2659.929622	7
HS_HexA7_HexN7_Ac1_S1_pNP	7	7	14	1	1	C92H140N8O77S	2620.700593	0
HS_HexA7_HexN7_Ac1_S1_pNP	7	7	14	1	1	C92H140N8O77S	2637.727143	1
HS_HexA7_HexN7_Ac1_S1_pNP	7	7	14	1	1	C92H140N8O77S	2654.753692	2
HS_HexA7_HexN7_Ac1_S1_pNP	7	7	14	1	1	C92H140N8O77S	2671.780241	3
HS_HexA7_HexN7_Ac1_S1_pNP	7	7	14	1	1	C92H140N8O77S	2688.806790	4
HS_HexA7_HexN7_Ac1_S1_pNP	7	7	14	1	1	C92H140N8O77S	2705.833339	5
HS_HexA7_HexN7_Ac1_S1_pNP	7	7	14	1	1	C92H140N8O77S	2722.859888	6
HS_HexA7_HexN7_Ac1_S1_pNP	7	7	14	1	1	C92H140N8O77S	2739.886437	7
HS_HexA7_HexN7_Ac1_S1_pNP	7	7	14	1	1	C92H140N8O77S	2756.912986	8
HS_HexA7_HexN7_Ac1_S2_pNP	7	7	14	1	2	C92H140N8O80S2	2700.657408	0
HS_HexA7_HexN7_Ac1_S2_pNP	7	7	14	1	2	C92H140N8O80S2	2717.683958	1
HS_HexA7_HexN7_Ac1_S2_pNP	7	7	14	1	2	C92H140N8O80S2	2734.710507	2
HS_HexA7_HexN7_Ac1_S2_pNP	7	7	14	1	2	C92H140N8O80S2	2751.737056	3
HS_HexA7_HexN7_Ac1_S2_pNP	7	7	14	1	2	C92H140N8O80S2	2768.763605	4
HS_HexA7_HexN7_Ac1_S2_pNP	7	7	14	1	2	C92H140N8O80S2	2785.790154	5
HS_HexA7_HexN7_Ac1_S2_pNP	7	7	14	1	2	C92H140N8O80S2	2802.816703	6
HS_HexA7_HexN7_Ac1_S2_pNP	7	7	14	1	2	C92H140N8O80S2	2819.843252	7
HS_HexA7_HexN7_Ac1_S2_pNP	7	7	14	1	2	C92H140N8O80S2	2836.869801	8
HS_HexA7_HexN7_Ac1_S2_pNP	7	7	14	1	2	C92H140N8O80S2	2853.896350	9
HS_HexA7_HexN7_Ac1_S3_pNP	7	7	14	1	3	C92H140N8O83S3	2780.614223	0
HS_HexA7_HexN7_Ac1_S3_pNP	7	7	14	1	3	C92H140N8O83S3	2797.640773	1
HS_HexA7_HexN7_Ac1_S3_pNP	7	7	14	1	3	C92H140N8O83S3	2814.667322	2
HS_HexA7_HexN7_Ac1_S3_pNP	7	7	14	1	3	C92H140N8O83S3	2831.693871	3
HS_HexA7_HexN7_Ac1_S3_pNP	7	7	14	1	3	C92H140N8O83S3	2848.720420	4
HS_HexA7_HexN7_Ac1_S3_pNP	7	7	14	1	3	C92H140N8O83S3	2865.746969	5
HS_HexA7_HexN7_Ac1_S3_pNP	7	7	14	1	3	C92H140N8O83S3	2882.773518	6
HS_HexA7_HexN7_Ac1_S3_pNP	7	7	14	1	3	C92H140N8O83S3	2899.800067	7
HS_HexA7_HexN7_Ac1_S3_pNP	7	7	14	1	3	C92H140N8O83S3	2916.826616	8
HS_HexA7_HexN7_Ac1_S3_pNP	7	7	14	1	3	C92H140N8O83S3	2933.853165	9
HS_HexA7_HexN7_Ac1_S3_pNP	7	7	14	1	3	C92H140N8O83S3	2950.879715	10
HS_HexA7_HexN7_Ac1_S4_pNP	7	7	14	1	4	C92H140N8O86S4	2860.571039	0
HS_HexA7_HexN7_Ac1_S4_pNP	7	7	14	1	4	C92H140N8O86S4	2877.597588	1
HS_HexA7_HexN7_Ac1_S4_pNP	7	7	14	1	4	C92H140N8O86S4	2894.624137	2
HS_HexA7_HexN7_Ac1_S4_pNP	7	7	14	1	4	C92H140N8O86S4	2911.650686	3
HS_HexA7_HexN7_Ac1_S4_pNP	7	7	14	1	4	C92H140N8O86S4	2928.677235	4
HS_HexA7_HexN7_Ac1_S4_pNP	7	7	14	1	4	C92H140N8O86S4	2945.703784	5
HS_HexA7_HexN7_Ac1_S4_pNP	7	7	14	1	4	C92H140N8O86S4	2962.730333	6
HS_HexA7_HexN7_Ac1_S4_pNP	7	7	14	1	4	C92H140N8O86S4	2979.756882	7
HS_HexA7_HexN7_Ac1_S4_pNP	7	7	14	1	4	C92H140N8O86S4	2996.783431	8
HS_HexA7_HexN7_Ac1_S4_pNP	7	7	14	1	4	C92H140N8O86S4	3013.809980	9
HS_HexA7_HexN7_Ac1_S4_pNP	7	7	14	1	4	C92H140N8O86S4	3030.836530	10
HS_HexA7_HexN7_Ac1_S4_pNP	7	7	14	1	4	C92H140N8O86S4	3047.863079	11
HS_HexA7_HexN7_Ac1_S5_pNP	7	7	14	1	5	C92H140N8O89S5	2940.527854	0
HS_HexA7_HexN7_Ac1_S5_pNP	7	7	14	1	5	C92H140N8O89S5	2957.554403	1
HS_HexA7_HexN7_Ac1_S5_pNP	7	7	14	1	5	C92H140N8O89S5	2974.580952	2
HS_HexA7_HexN7_Ac1_S5_pNP	7	7	14	1	5	C92H140N8O89S5	2991.607501	3
HS_HexA7_HexN7_Ac1_S5_pNP	7	7	14	1	5	C92H140N8O89S5	3008.634050	4
HS_HexA7_HexN7_Ac1_S5_pNP	7	7	14	1	5	C92H140N8O89S5	3025.660599	5
HS_HexA7_HexN7_Ac1_S5_pNP	7	7	14	1	5	C92H140N8O89S5	3042.687148	6
HS_HexA7_HexN7_Ac1_S5_pNP	7	7	14	1	5	C92H140N8O89S5	3059.713697	7
HS_HexA7_HexN7_Ac1_S5_pNP	7	7	14	1	5	C92H140N8O89S5	3076.740246	8
HS_HexA7_HexN7_Ac1_S5_pNP	7	7	14	1	5	C92H140N8O89S5	3093.766795	9
HS_HexA7_HexN7_Ac1_S5_pNP	7	7	14	1	5	C92H140N8O89S5	3110.793345	10
HS_HexA7_HexN7_Ac1_S5_pNP	7	7	14	1	5	C92H140N8O89S5	3127.819894	11
HS_HexA7_HexN7_Ac1_S5_pNP	7	7	14	1	5	C92H140N8O89S5	3144.846443	12
HS_HexA7_HexN7_Ac1_S6_pNP	7	7	14	1	6	C92H140N8O92S6	3020.484669	0
HS_HexA7_HexN7_Ac1_S6_pNP	7	7	14	1	6	C92H140N8O92S6	3037.511218	1
HS_HexA7_HexN7_Ac1_S6_pNP	7	7	14	1	6	C92H140N8O92S6	3054.537767	2
HS_HexA7_HexN7_Ac1_S6_pNP	7	7	14	1	6	C92H140N8O92S6	3071.564316	3
HS_HexA7_HexN7_Ac1_S6_pNP	7	7	14	1	6	C92H140N8O92S6	3088.590865	4
HS_HexA7_HexN7_Ac1_S6_pNP	7	7	14	1	6	C92H140N8O92S6	3105.617414	5
HS_HexA7_HexN7_Ac1_S6_pNP	7	7	14	1	6	C92H140N8O92S6	3122.643963	6
HS_HexA7_HexN7_Ac1_S6_pNP	7	7	14	1	6	C92H140N8O92S6	3139.670512	7
HS_HexA7_HexN7_Ac1_S6_pNP	7	7	14	1	6	C92H140N8O92S6	3156.697061	8
HS_HexA7_HexN7_Ac1_S6_pNP	7	7	14	1	6	C92H140N8O92S6	3173.723611	9
HS_HexA7_HexN7_Ac1_S6_pNP	7	7	14	1	6	C92H140N8O92S6	3190.750160	10
HS_HexA7_HexN7_Ac1_S6_pNP	7	7	14	1	6	C92H140N8O92S6	3207.776709	11
HS_HexA7_HexN7_Ac1_S6_pNP	7	7	14	1	6	C92H140N8O92S6	3224.803258	12
HS_HexA7_HexN7_Ac1_S6_pNP	7	7	14	1	6	C92H140N8O92S6	3241.829807	13
HS_HexA7_HexN7_Ac1_S7_pNP	7	7	14	1	7	C92H140N8O95S7	3100.441484	0
HS_HexA7_HexN7_Ac1_S7_pNP	7	7	14	1	7	C92H140N8O95S7	3117.468033	1
HS_HexA7_HexN7_Ac1_S7_pNP	7	7	14	1	7	C92H140N8O95S7	3134.494582	2
HS_HexA7_HexN7_Ac1_S7_pNP	7	7	14	1	7	C92H140N8O95S7	3151.521131	3
HS_HexA7_HexN7_Ac1_S7_pNP	7	7	14	1	7	C92H140N8O95S7	3168.547680	4
HS_HexA7_HexN7_Ac1_S7_pNP	7	7	14	1	7	C92H140N8O95S7	3185.574229	5
HS_HexA7_HexN7_Ac1_S7_pNP	7	7	14	1	7	C92H140N8O95S7	3202.600778	6
HS_HexA7_HexN7_Ac1_S7_pNP	7	7	14	1	7	C92H140N8O95S7	3219.627327	7
HS_HexA7_HexN7_Ac1_S7_pNP	7	7	14	1	7	C92H140N8O95S7	3236.653876	8
HS_HexA7_HexN7_Ac1_S7_pNP	7	7	14	1	7	C92H140N8O95S7	3253.680426	9
HS_HexA7_HexN7_Ac1_S7_pNP	7	7	14	1	7	C92H140N8O95S7	3270.706975	10
HS_HexA7_HexN7_Ac1_S7_pNP	7	7	14	1	7	C92H140N8O95S7	3287.733524	11
HS_HexA7_HexN7_Ac1_S7_pNP	7	7	14	1	7	C92H140N8O95S7	3304.760073	12
HS_HexA7_HexN7_Ac1_S7_pNP	7	7	14	1	7	C92H140N8O95S7	3321.786622	13
HS_HexA7_HexN7_Ac1_S7_pNP	7	7	14	1	7	C92H140N8O95S7	3338.813171	14
HS_HexA7_HexN7_Ac1_S8_pNP	7	7	14	1	8	C92H140N8O98S8	3180.398299	0
HS_HexA7_HexN7_Ac1_S8_pNP	7	7	14	1	8	C92H140N8O98S8	3197.424848	1
HS_HexA7_HexN7_Ac1_S8_pNP	7	7	14	1	8	C92H140N8O98S8	3214.451397	2
HS_HexA7_HexN7_Ac1_S8_pNP	7	7	14	1	8	C92H140N8O98S8	3231.477946	3
HS_HexA7_HexN7_Ac1_S8_pNP	7	7	14	1	8	C92H140N8O98S8	3248.504495	4
HS_HexA7_HexN7_Ac1_S8_pNP	7	7	14	1	8	C92H140N8O98S8	3265.531044	5
HS_HexA7_HexN7_Ac1_S8_pNP	7	7	14	1	8	C92H140N8O98S8	3282.557593	6
HS_HexA7_HexN7_Ac1_S8_pNP	7	7	14	1	8	C92H140N8O98S8	3299.584142	7
HS_HexA7_HexN7_Ac1_S8_pNP	7	7	14	1	8	C92H140N8O98S8	3316.610691	8
HS_HexA7_HexN7_Ac1_S8_pNP	7	7	14	1	8	C92H140N8O98S8	3333.637241	9
HS_HexA7_HexN7_Ac1_S8_pNP	7	7	14	1	8	C92H140N8O98S8	3350.663790	10
HS_HexA7_HexN7_Ac1_S8_pNP	7	7	14	1	8	C92H140N8O98S8	3367.690339	11
HS_HexA7_HexN7_Ac1_S8_pNP	7	7	14	1	8	C92H140N8O98S8	3384.716888	12
HS_HexA7_HexN7_Ac1_S8_pNP	7	7	14	1	8	C92H140N8O98S8	3401.743437	13
HS_HexA7_HexN7_Ac1_S8_pNP	7	7	14	1	8	C92H140N8O98S8	3418.769986	14
HS_HexA7_HexN7_Ac1_S8_pNP	7	7	14	1	8	C92H140N8O98S8	3435.796535	15
HS_HexA7_HexN7_Ac1_S9_pNP	7	7	14	1	9	C92H140N8O101S9	3260.355114	0
HS_HexA7_HexN7_Ac1_S9_pNP	7	7	14	1	9	C92H140N8O101S9	3277.381663	1
HS_HexA7_HexN7_Ac1_S9_pNP	7	7	14	1	9	C92H140N8O101S9	3294.408212	2
HS_HexA7_HexN7_Ac1_S9_pNP	7	7	14	1	9	C92H140N8O101S9	3311.434761	3
HS_HexA7_HexN7_Ac1_S9_pNP	7	7	14	1	9	C92H140N8O101S9	3328.461310	4
HS_HexA7_HexN7_Ac1_S9_pNP	7	7	14	1	9	C92H140N8O101S9	3345.487859	5
HS_HexA7_HexN7_Ac1_S9_pNP	7	7	14	1	9	C92H140N8O101S9	3362.514408	6
HS_HexA7_HexN7_Ac1_S9_pNP	7	7	14	1	9	C92H140N8O101S9	3379.540957	7
HS_HexA7_HexN7_Ac1_S9_pNP	7	7	14	1	9	C92H140N8O101S9	3396.567507	8
HS_HexA7_HexN7_Ac1_S9_pNP	7	7	14	1	9	C92H140N8O101S9	3413.594056	9
HS_HexA7_HexN7_Ac1_S9_pNP	7	7	14	1	9	C92H140N8O101S9	3430.620605	10
HS_HexA7_HexN7_Ac1_S9_pNP	7	7	14	1	9	C92H140N8O101S9	3447.647154	11
HS_HexA7_HexN7_Ac1_S9_pNP	7	7	14	1	9	C92H140N8O101S9	3464.673703	12
HS_HexA7_HexN7_Ac1_S9_pNP	7	7	14	1	9	C92H140N8O101S9	3481.700252	13
HS_HexA7_HexN7_Ac1_S9_pNP	7	7	14	1	9	C92H140N8O101S9	3498.726801	14
HS_HexA7_HexN7_Ac1_S9_pNP	7	7	14	1	9	C92H140N8O101S9	3515.753350	15
HS_HexA7_HexN7_Ac1_S9_pNP	7	7	14	1	9	C92H140N8O101S9	3532.779899	16
HS_HexA7_HexN7_Ac1_S10_pNP	7	7	14	1	10	C92H140N8O104S10	3340.311929	0
HS_HexA7_HexN7_Ac1_S10_pNP	7	7	14	1	10	C92H140N8O104S10	3357.338478	1
HS_HexA7_HexN7_Ac1_S10_pNP	7	7	14	1	10	C92H140N8O104S10	3374.365027	2
HS_HexA7_HexN7_Ac1_S10_pNP	7	7	14	1	10	C92H140N8O104S10	3391.391576	3
HS_HexA7_HexN7_Ac1_S10_pNP	7	7	14	1	10	C92H140N8O104S10	3408.418125	4
HS_HexA7_HexN7_Ac1_S10_pNP	7	7	14	1	10	C92H140N8O104S10	3425.444674	5
HS_HexA7_HexN7_Ac1_S10_pNP	7	7	14	1	10	C92H140N8O104S10	3442.471223	6
HS_HexA7_HexN7_Ac1_S10_pNP	7	7	14	1	10	C92H140N8O104S10	3459.497772	7
HS_HexA7_HexN7_Ac1_S10_pNP	7	7	14	1	10	C92H140N8O104S10	3476.524322	8
HS_HexA7_HexN7_Ac1_S10_pNP	7	7	14	1	10	C92H140N8O104S10	3493.550871	9
HS_HexA7_HexN7_Ac1_S10_pNP	7	7	14	1	10	C92H140N8O104S10	3510.577420	10
HS_HexA7_HexN7_Ac1_S10_pNP	7	7	14	1	10	C92H140N8O104S10	3527.603969	11
HS_HexA7_HexN7_Ac1_S10_pNP	7	7	14	1	10	C92H140N8O104S10	3544.630518	12
HS_HexA7_HexN7_Ac1_S10_pNP	7	7	14	1	10	C92H140N8O104S10	3561.657067	13
HS_HexA7_HexN7_Ac1_S10_pNP	7	7	14	1	10	C92H140N8O104S10	3578.683616	14
HS_HexA7_HexN7_Ac1_S10_pNP	7	7	14	1	10	C92H140N8O104S10	3595.710165	15
HS_HexA7_HexN7_Ac1_S10_pNP	7	7	14	1	10	C92H140N8O104S10	3612.736714	16
HS_HexA7_HexN7_Ac1_S10_pNP	7	7	14	1	10	C92H140N8O104S10	3629.763263	17
HS_HexA7_HexN7_Ac1_S11_pNP	7	7	14	1	11	C92H140N8O107S11	3420.268744	0
HS_HexA7_HexN7_Ac1_S11_pNP	7	7	14	1	11	C92H140N8O107S11	3437.295293	1
HS_HexA7_HexN7_Ac1_S11_pNP	7	7	14	1	11	C92H140N8O107S11	3454.321842	2
HS_HexA7_HexN7_Ac1_S11_pNP	7	7	14	1	11	C92H140N8O107S11	3471.348391	3
HS_HexA7_HexN7_Ac1_S11_pNP	7	7	14	1	11	C92H140N8O107S11	3488.374940	4
HS_HexA7_HexN7_Ac1_S11_pNP	7	7	14	1	11	C92H140N8O107S11	3505.401489	5
HS_HexA7_HexN7_Ac1_S11_pNP	7	7	14	1	11	C92H140N8O107S11	3522.428038	6
HS_HexA7_HexN7_Ac1_S11_pNP	7	7	14	1	11	C92H140N8O107S11	3539.454587	7
HS_HexA7_HexN7_Ac1_S11_pNP	7	7	14	1	11	C92H140N8O107S11	3556.481137	8
HS_HexA7_HexN7_Ac1_S11_pNP	7	7	14	1	11	C92H140N8O107S11	3573.507686	9
HS_HexA7_HexN7_Ac1_S11_pNP	7	7	14	1	11	C92H140N8O107S11	3590.534235	10
HS_HexA7_HexN7_Ac1_S11_pNP	7	7	14	1	11	C92H140N8O107S11	3607.560784	11
HS_HexA7_HexN7_Ac1_S11_pNP	7	7	14	1	11	C92H140N8O107S11	3624.587333	12
HS_HexA7_HexN7_Ac1_S11_pNP	7	7	14	1	11	C92H140N8O107S11	3641.613882	13
HS_HexA7_HexN7_Ac1_S11_pNP	7	7	14	1	11	C92H140N8O107S11	3658.640431	14
HS_HexA7_HexN7_Ac1_S11_pNP	7	7	14	1	11	C92H140N8O107S11	3675.666980	15
HS_HexA7_HexN7_Ac1_S11_pNP	7	7	14	1	11	C92H140N8O107S11	3692.693529	16
HS_HexA7_HexN7_Ac1_S11_pNP	7	7	14	1	11	C92H140N8O107S11	3709.720078	17
HS_HexA7_HexN7_Ac1_S11_pNP	7	7	14	1	11	C92H140N8O107S11	3726.746628	18
HS_HexA7_HexN7_Ac1_S12_pNP	7	7	14	1	12	C92H140N8O110S12	3500.225559	0
HS_HexA7_HexN7_Ac1_S12_pNP	7	7	14	1	12	C92H140N8O110S12	3517.252108	1
HS_HexA7_HexN7_Ac1_S12_pNP	7	7	14	1	12	C92H140N8O110S12	3534.278657	2
HS_HexA7_HexN7_Ac1_S12_pNP	7	7	14	1	12	C92H140N8O110S12	3551.305206	3
HS_HexA7_HexN7_Ac1_S12_pNP	7	7	14	1	12	C92H140N8O110S12	3568.331755	4
HS_HexA7_HexN7_Ac1_S12_pNP	7	7	14	1	12	C92H140N8O110S12	3585.358304	5
HS_HexA7_HexN7_Ac1_S12_pNP	7	7	14	1	12	C92H140N8O110S12	3602.384853	6
HS_HexA7_HexN7_Ac1_S12_pNP	7	7	14	1	12	C92H140N8O110S12	3619.411403	7
HS_HexA7_HexN7_Ac1_S12_pNP	7	7	14	1	12	C92H140N8O110S12	3636.437952	8
HS_HexA7_HexN7_Ac1_S12_pNP	7	7	14	1	12	C92H140N8O110S12	3653.464501	9
HS_HexA7_HexN7_Ac1_S12_pNP	7	7	14	1	12	C92H140N8O110S12	3670.491050	10
HS_HexA7_HexN7_Ac1_S12_pNP	7	7	14	1	12	C92H140N8O110S12	3687.517599	11
HS_HexA7_HexN7_Ac1_S12_pNP	7	7	14	1	12	C92H140N8O110S12	3704.544148	12
HS_HexA7_HexN7_Ac1_S12_pNP	7	7	14	1	12	C92H140N8O110S12	3721.570697	13
HS_HexA7_HexN7_Ac1_S12_pNP	7	7	14	1	12	C92H140N8O110S12	3738.597246	14
HS_HexA7_HexN7_Ac1_S12_pNP	7	7	14	1	12	C92H140N8O110S12	3755.623795	15
HS_HexA7_HexN7_Ac1_S12_pNP	7	7	14	1	12	C92H140N8O110S12	3772.650344	16
HS_HexA7_HexN7_Ac1_S12_pNP	7	7	14	1	12	C92H140N8O110S12	3789.676894	17
HS_HexA7_HexN7_Ac1_S12_pNP	7	7	14	1	12	C92H140N8O110S12	3806.703443	18
HS_HexA7_HexN7_Ac1_S12_pNP	7	7	14	1	12	C92H140N8O110S12	3823.729992	19
HS_HexA7_HexN7_Ac1_S13_pNP	7	7	14	1	13	C92H140N8O113S13	3580.182374	0
HS_HexA7_HexN7_Ac1_S13_pNP	7	7	14	1	13	C92H140N8O113S13	3597.208923	1
HS_HexA7_HexN7_Ac1_S13_pNP	7	7	14	1	13	C92H140N8O113S13	3614.235472	2
HS_HexA7_HexN7_Ac1_S13_pNP	7	7	14	1	13	C92H140N8O113S13	3631.262021	3
HS_HexA7_HexN7_Ac1_S13_pNP	7	7	14	1	13	C92H140N8O113S13	3648.288570	4
HS_HexA7_HexN7_Ac1_S13_pNP	7	7	14	1	13	C92H140N8O113S13	3665.315119	5
HS_HexA7_HexN7_Ac1_S13_pNP	7	7	14	1	13	C92H140N8O113S13	3682.341668	6
HS_HexA7_HexN7_Ac1_S13_pNP	7	7	14	1	13	C92H140N8O113S13	3699.368218	7
HS_HexA7_HexN7_Ac1_S13_pNP	7	7	14	1	13	C92H140N8O113S13	3716.394767	8
HS_HexA7_HexN7_Ac1_S13_pNP	7	7	14	1	13	C92H140N8O113S13	3733.421316	9
HS_HexA7_HexN7_Ac1_S13_pNP	7	7	14	1	13	C92H140N8O113S13	3750.447865	10
HS_HexA7_HexN7_Ac1_S13_pNP	7	7	14	1	13	C92H140N8O113S13	3767.474414	11
HS_HexA7_HexN7_Ac1_S13_pNP	7	7	14	1	13	C92H140N8O113S13	3784.500963	12
HS_HexA7_HexN7_Ac1_S13_pNP	7	7	14	1	13	C92H140N8O113S13	3801.527512	13
HS_HexA7_HexN7_Ac1_S13_pNP	7	7	14	1	13	C92H140N8O113S13	3818.554061	14
HS_HexA7_HexN7_Ac1_S13_pNP	7	7	14	1	13	C92H140N8O113S13	3835.580610	15
HS_HexA7_HexN7_Ac1_S13_pNP	7	7	14	1	13	C92H140N8O113S13	3852.607159	16
HS_HexA7_HexN7_Ac1_S13_pNP	7	7	14	1	13	C92H140N8O113S13	3869.633709	17
HS_HexA7_HexN7_Ac1_S13_pNP	7	7	14	1	13	C92H140N8O113S13	3886.660258	18
HS_HexA7_HexN7_Ac1_S13_pNP	7	7	14	1	13	C92H140N8O113S13	3903.686807	19
HS_HexA7_HexN7_Ac1_S13_pNP	7	7	14	1	13	C92H140N8O113S13	3920.713356	20
HS_HexA7_HexN7_Ac1_S14_pNP	7	7	14	1	14	C92H140N8O116S14	3660.139189	0
HS_HexA7_HexN7_Ac1_S14_pNP	7	7	14	1	14	C92H140N8O116S14	3677.165738	1
HS_HexA7_HexN7_Ac1_S14_pNP	7	7	14	1	14	C92H140N8O116S14	3694.192287	2
HS_HexA7_HexN7_Ac1_S14_pNP	7	7	14	1	14	C92H140N8O116S14	3711.218836	3
HS_HexA7_HexN7_Ac1_S14_pNP	7	7	14	1	14	C92H140N8O116S14	3728.245385	4
HS_HexA7_HexN7_Ac1_S14_pNP	7	7	14	1	14	C92H140N8O116S14	3745.271934	5
HS_HexA7_HexN7_Ac1_S14_pNP	7	7	14	1	14	C92H140N8O116S14	3762.298483	6
HS_HexA7_HexN7_Ac1_S14_pNP	7	7	14	1	14	C92H140N8O116S14	3779.325033	7
HS_HexA7_HexN7_Ac1_S14_pNP	7	7	14	1	14	C92H140N8O116S14	3796.351582	8
HS_HexA7_HexN7_Ac1_S14_pNP	7	7	14	1	14	C92H140N8O116S14	3813.378131	9
HS_HexA7_HexN7_Ac1_S14_pNP	7	7	14	1	14	C92H140N8O116S14	3830.404680	10
HS_HexA7_HexN7_Ac1_S14_pNP	7	7	14	1	14	C92H140N8O116S14	3847.431229	11
HS_HexA7_HexN7_Ac1_S14_pNP	7	7	14	1	14	C92H140N8O116S14	3864.457778	12
HS_HexA7_HexN7_Ac1_S14_pNP	7	7	14	1	14	C92H140N8O116S14	3881.484327	13
HS_HexA7_HexN7_Ac1_S14_pNP	7	7	14	1	14	C92H140N8O116S14	3898.510876	14
HS_HexA7_HexN7_Ac1_S14_pNP	7	7	14	1	14	C92H140N8O116S14	3915.537425	15
HS_HexA7_HexN7_Ac1_S14_pNP	7	7	14	1	14	C92H140N8O116S14	3932.563974	16
HS_HexA7_HexN7_Ac1_S14_pNP	7	7	14	1	14	C92H140N8O116S14	3949.590524	17
HS_HexA7_HexN7_Ac1_S14_pNP	7	7	14	1	14	C92H140N8O116S14	3966.617073	18
HS_HexA7_HexN7_Ac1_S14_pNP	7	7	14	1	14	C92H140N8O116S14	3983.643622	19
HS_HexA7_HexN7_Ac1_S14_pNP	7	7	14	1	14	C92H140N8O116S14	4000.670171	20
HS_HexA7_HexN7_Ac1_S14_pNP	7	7	14	1	14	C92H140N8O116S14	4017.696720	21
HS_HexA7_HexN7_Ac1_S15_pNP	7	7	14	1	15	C92H140N8O119S15	3740.096004	0
HS_HexA7_HexN7_Ac1_S15_pNP	7	7	14	1	15	C92H140N8O119S15	3757.122553	1
HS_HexA7_HexN7_Ac1_S15_pNP	7	7	14	1	15	C92H140N8O119S15	3774.149102	2
HS_HexA7_HexN7_Ac1_S15_pNP	7	7	14	1	15	C92H140N8O119S15	3791.175651	3
HS_HexA7_HexN7_Ac1_S15_pNP	7	7	14	1	15	C92H140N8O119S15	3808.202200	4
HS_HexA7_HexN7_Ac1_S15_pNP	7	7	14	1	15	C92H140N8O119S15	3825.228749	5
HS_HexA7_HexN7_Ac1_S15_pNP	7	7	14	1	15	C92H140N8O119S15	3842.255298	6
HS_HexA7_HexN7_Ac1_S15_pNP	7	7	14	1	15	C92H140N8O119S15	3859.281848	7
HS_HexA7_HexN7_Ac1_S15_pNP	7	7	14	1	15	C92H140N8O119S15	3876.308397	8
HS_HexA7_HexN7_Ac1_S15_pNP	7	7	14	1	15	C92H140N8O119S15	3893.334946	9
HS_HexA7_HexN7_Ac1_S15_pNP	7	7	14	1	15	C92H140N8O119S15	3910.361495	10
HS_HexA7_HexN7_Ac1_S15_pNP	7	7	14	1	15	C92H140N8O119S15	3927.388044	11
HS_HexA7_HexN7_Ac1_S15_pNP	7	7	14	1	15	C92H140N8O119S15	3944.414593	12
HS_HexA7_HexN7_Ac1_S15_pNP	7	7	14	1	15	C92H140N8O119S15	3961.441142	13
HS_HexA7_HexN7_Ac1_S15_pNP	7	7	14	1	15	C92H140N8O119S15	3978.467691	14
HS_HexA7_HexN7_Ac1_S15_pNP	7	7	14	1	15	C92H140N8O119S15	3995.494240	15
HS_HexA7_HexN7_Ac1_S15_pNP	7	7	14	1	15	C92H140N8O119S15	4012.520790	16
HS_HexA7_HexN7_Ac1_S15_pNP	7	7	14	1	15	C92H140N8O119S15	4029.547339	17
HS_HexA7_HexN7_Ac1_S15_pNP	7	7	14	1	15	C92H140N8O119S15	4046.573888	18
HS_HexA7_HexN7_Ac1_S15_pNP	7	7	14	1	15	C92H140N8O119S15	4063.600437	19
HS_HexA7_HexN7_Ac1_S15_pNP	7	7	14	1	15	C92H140N8O119S15	4080.626986	20
HS_HexA7_HexN7_Ac1_S15_pNP	7	7	14	1	15	C92H140N8O119S15	4097.653535	21
HS_HexA7_HexN7_Ac1_S15_pNP	7	7	14	1	15	C92H140N8O119S15	4114.680084	22
HS_HexA7_HexN7_Ac1_S16_pNP	7	7	14	1	16	C92H140N8O122S16	3820.052819	0
HS_HexA7_HexN7_Ac1_S16_pNP	7	7	14	1	16	C92H140N8O122S16	3837.079368	1
HS_HexA7_HexN7_Ac1_S16_pNP	7	7	14	1	16	C92H140N8O122S16	3854.105917	2
HS_HexA7_HexN7_Ac1_S16_pNP	7	7	14	1	16	C92H140N8O122S16	3871.132466	3
HS_HexA7_HexN7_Ac1_S16_pNP	7	7	14	1	16	C92H140N8O122S16	3888.159015	4
HS_HexA7_HexN7_Ac1_S16_pNP	7	7	14	1	16	C92H140N8O122S16	3905.185564	5
HS_HexA7_HexN7_Ac1_S16_pNP	7	7	14	1	16	C92H140N8O122S16	3922.212114	6
HS_HexA7_HexN7_Ac1_S16_pNP	7	7	14	1	16	C92H140N8O122S16	3939.238663	7
HS_HexA7_HexN7_Ac1_S16_pNP	7	7	14	1	16	C92H140N8O122S16	3956.265212	8
HS_HexA7_HexN7_Ac1_S16_pNP	7	7	14	1	16	C92H140N8O122S16	3973.291761	9
HS_HexA7_HexN7_Ac1_S16_pNP	7	7	14	1	16	C92H140N8O122S16	3990.318310	10
HS_HexA7_HexN7_Ac1_S16_pNP	7	7	14	1	16	C92H140N8O122S16	4007.344859	11
HS_HexA7_HexN7_Ac1_S16_pNP	7	7	14	1	16	C92H140N8O122S16	4024.371408	12
HS_HexA7_HexN7_Ac1_S16_pNP	7	7	14	1	16	C92H140N8O122S16	4041.397957	13
HS_HexA7_HexN7_Ac1_S16_pNP	7	7	14	1	16	C92H140N8O122S16	4058.424506	14
HS_HexA7_HexN7_Ac1_S16_pNP	7	7	14	1	16	C92H140N8O122S16	4075.451055	15
HS_HexA7_HexN7_Ac1_S16_pNP	7	7	14	1	16	C92H140N8O122S16	4092.477605	16
HS_HexA7_HexN7_Ac1_S16_pNP	7	7	14	1	16	C92H140N8O122S16	4109.504154	17
HS_HexA7_HexN7_Ac1_S16_pNP	7	7	14	1	16	C92H140N8O122S16	4126.530703	18
HS_HexA7_HexN7_Ac1_S16_pNP	7	7	14	1	16	C92H140N8O122S16	4143.557252	19
HS_HexA7_HexN7_Ac1_S16_pNP	7	7	14	1	16	C92H140N8O122S16	4160.583801	20
HS_HexA7_HexN7_Ac1_S16_pNP	7	7	14	1	16	C92H140N8O122S16	4177.610350	21
HS_HexA7_HexN7_Ac1_S16_pNP	7	7	14	1	16	C92H140N8O122S16	4194.636899	22
HS_HexA7_HexN7_Ac1_S16_pNP	7	7	14	1	16	C92H140N8O122S16	4211.663448	23
HS_HexA7_HexN7_Ac1_S17_pNP	7	7	14	1	17	C92H140N8O125S17	3900.009634	0
HS_HexA7_HexN7_Ac1_S17_pNP	7	7	14	1	17	C92H140N8O125S17	3917.036183	1
HS_HexA7_HexN7_Ac1_S17_pNP	7	7	14	1	17	C92H140N8O125S17	3934.062732	2
HS_HexA7_HexN7_Ac1_S17_pNP	7	7	14	1	17	C92H140N8O125S17	3951.089281	3
HS_HexA7_HexN7_Ac1_S17_pNP	7	7	14	1	17	C92H140N8O125S17	3968.115830	4
HS_HexA7_HexN7_Ac1_S17_pNP	7	7	14	1	17	C92H140N8O125S17	3985.142379	5
HS_HexA7_HexN7_Ac1_S17_pNP	7	7	14	1	17	C92H140N8O125S17	4002.168929	6
HS_HexA7_HexN7_Ac1_S17_pNP	7	7	14	1	17	C92H140N8O125S17	4019.195478	7
HS_HexA7_HexN7_Ac1_S17_pNP	7	7	14	1	17	C92H140N8O125S17	4036.222027	8
HS_HexA7_HexN7_Ac1_S17_pNP	7	7	14	1	17	C92H140N8O125S17	4053.248576	9
HS_HexA7_HexN7_Ac1_S17_pNP	7	7	14	1	17	C92H140N8O125S17	4070.275125	10
HS_HexA7_HexN7_Ac1_S17_pNP	7	7	14	1	17	C92H140N8O125S17	4087.301674	11
HS_HexA7_HexN7_Ac1_S17_pNP	7	7	14	1	17	C92H140N8O125S17	4104.328223	12
HS_HexA7_HexN7_Ac1_S17_pNP	7	7	14	1	17	C92H140N8O125S17	4121.354772	13
HS_HexA7_HexN7_Ac1_S17_pNP	7	7	14	1	17	C92H140N8O125S17	4138.381321	14
HS_HexA7_HexN7_Ac1_S17_pNP	7	7	14	1	17	C92H140N8O125S17	4155.407870	15
HS_HexA7_HexN7_Ac1_S17_pNP	7	7	14	1	17	C92H140N8O125S17	4172.434420	16
HS_HexA7_HexN7_Ac1_S17_pNP	7	7	14	1	17	C92H140N8O125S17	4189.460969	17
HS_HexA7_HexN7_Ac1_S17_pNP	7	7	14	1	17	C92H140N8O125S17	4206.487518	18
HS_HexA7_HexN7_Ac1_S17_pNP	7	7	14	1	17	C92H140N8O125S17	4223.514067	19
HS_HexA7_HexN7_Ac1_S17_pNP	7	7	14	1	17	C92H140N8O125S17	4240.540616	20
HS_HexA7_HexN7_Ac1_S17_pNP	7	7	14	1	17	C92H140N8O125S17	4257.567165	21
HS_HexA7_HexN7_Ac1_S17_pNP	7	7	14	1	17	C92H140N8O125S17	4274.593714	22
HS_HexA7_HexN7_Ac1_S17_pNP	7	7	14	1	17	C92H140N8O125S17	4291.620263	23
HS_HexA7_HexN7_Ac1_S17_pNP	7	7	14	1	17	C92H140N8O125S17	4308.646812	24
HS_HexA7_HexN7_Ac1_S18_pNP	7	7	14	1	18	C92H140N8O128S18	3979.966449	0
HS_HexA7_HexN7_Ac1_S18_pNP	7	7	14	1	18	C92H140N8O128S18	3996.992998	1
HS_HexA7_HexN7_Ac1_S18_pNP	7	7	14	1	18	C92H140N8O128S18	4014.019547	2
HS_HexA7_HexN7_Ac1_S18_pNP	7	7	14	1	18	C92H140N8O128S18	4031.046096	3
HS_HexA7_HexN7_Ac1_S18_pNP	7	7	14	1	18	C92H140N8O128S18	4048.072645	4
HS_HexA7_HexN7_Ac1_S18_pNP	7	7	14	1	18	C92H140N8O128S18	4065.099194	5
HS_HexA7_HexN7_Ac1_S18_pNP	7	7	14	1	18	C92H140N8O128S18	4082.125744	6
HS_HexA7_HexN7_Ac1_S18_pNP	7	7	14	1	18	C92H140N8O128S18	4099.152293	7
HS_HexA7_HexN7_Ac1_S18_pNP	7	7	14	1	18	C92H140N8O128S18	4116.178842	8
HS_HexA7_HexN7_Ac1_S18_pNP	7	7	14	1	18	C92H140N8O128S18	4133.205391	9
HS_HexA7_HexN7_Ac1_S18_pNP	7	7	14	1	18	C92H140N8O128S18	4150.231940	10
HS_HexA7_HexN7_Ac1_S18_pNP	7	7	14	1	18	C92H140N8O128S18	4167.258489	11
HS_HexA7_HexN7_Ac1_S18_pNP	7	7	14	1	18	C92H140N8O128S18	4184.285038	12
HS_HexA7_HexN7_Ac1_S18_pNP	7	7	14	1	18	C92H140N8O128S18	4201.311587	13
HS_HexA7_HexN7_Ac1_S18_pNP	7	7	14	1	18	C92H140N8O128S18	4218.338136	14
HS_HexA7_HexN7_Ac1_S18_pNP	7	7	14	1	18	C92H140N8O128S18	4235.364686	15
HS_HexA7_HexN7_Ac1_S18_pNP	7	7	14	1	18	C92H140N8O128S18	4252.391235	16
HS_HexA7_HexN7_Ac1_S18_pNP	7	7	14	1	18	C92H140N8O128S18	4269.417784	17
HS_HexA7_HexN7_Ac1_S18_pNP	7	7	14	1	18	C92H140N8O128S18	4286.444333	18
HS_HexA7_HexN7_Ac1_S18_pNP	7	7	14	1	18	C92H140N8O128S18	4303.470882	19
HS_HexA7_HexN7_Ac1_S18_pNP	7	7	14	1	18	C92H140N8O128S18	4320.497431	20
HS_HexA7_HexN7_Ac1_S18_pNP	7	7	14	1	18	C92H140N8O128S18	4337.523980	21
HS_HexA7_HexN7_Ac1_S18_pNP	7	7	14	1	18	C92H140N8O128S18	4354.550529	22
HS_HexA7_HexN7_Ac1_S18_pNP	7	7	14	1	18	C92H140N8O128S18	4371.577078	23
HS_HexA7_HexN7_Ac1_S18_pNP	7	7	14	1	18	C92H140N8O128S18	4388.603627	24
HS_HexA7_HexN7_Ac1_S18_pNP	7	7	14	1	18	C92H140N8O128S18	4405.630177	25
HS_HexA7_HexN7_Ac1_S19_pNP	7	7	14	1	19	C92H140N8O131S19	4059.923264	0
HS_HexA7_HexN7_Ac1_S19_pNP	7	7	14	1	19	C92H140N8O131S19	4076.949813	1
HS_HexA7_HexN7_Ac1_S19_pNP	7	7	14	1	19	C92H140N8O131S19	4093.976362	2
HS_HexA7_HexN7_Ac1_S19_pNP	7	7	14	1	19	C92H140N8O131S19	4111.002911	3
HS_HexA7_HexN7_Ac1_S19_pNP	7	7	14	1	19	C92H140N8O131S19	4128.029460	4
HS_HexA7_HexN7_Ac1_S19_pNP	7	7	14	1	19	C92H140N8O131S19	4145.056010	5
HS_HexA7_HexN7_Ac1_S19_pNP	7	7	14	1	19	C92H140N8O131S19	4162.082559	6
HS_HexA7_HexN7_Ac1_S19_pNP	7	7	14	1	19	C92H140N8O131S19	4179.109108	7
HS_HexA7_HexN7_Ac1_S19_pNP	7	7	14	1	19	C92H140N8O131S19	4196.135657	8
HS_HexA7_HexN7_Ac1_S19_pNP	7	7	14	1	19	C92H140N8O131S19	4213.162206	9
HS_HexA7_HexN7_Ac1_S19_pNP	7	7	14	1	19	C92H140N8O131S19	4230.188755	10
HS_HexA7_HexN7_Ac1_S19_pNP	7	7	14	1	19	C92H140N8O131S19	4247.215304	11
HS_HexA7_HexN7_Ac1_S19_pNP	7	7	14	1	19	C92H140N8O131S19	4264.241853	12
HS_HexA7_HexN7_Ac1_S19_pNP	7	7	14	1	19	C92H140N8O131S19	4281.268402	13
HS_HexA7_HexN7_Ac1_S19_pNP	7	7	14	1	19	C92H140N8O131S19	4298.294951	14
HS_HexA7_HexN7_Ac1_S19_pNP	7	7	14	1	19	C92H140N8O131S19	4315.321501	15
HS_HexA7_HexN7_Ac1_S19_pNP	7	7	14	1	19	C92H140N8O131S19	4332.348050	16
HS_HexA7_HexN7_Ac1_S19_pNP	7	7	14	1	19	C92H140N8O131S19	4349.374599	17
HS_HexA7_HexN7_Ac1_S19_pNP	7	7	14	1	19	C92H140N8O131S19	4366.401148	18
HS_HexA7_HexN7_Ac1_S19_pNP	7	7	14	1	19	C92H140N8O131S19	4383.427697	19
HS_HexA7_HexN7_Ac1_S19_pNP	7	7	14	1	19	C92H140N8O131S19	4400.454246	20
HS_HexA7_HexN7_Ac1_S19_pNP	7	7	14	1	19	C92H140N8O131S19	4417.480795	21
HS_HexA7_HexN7_Ac1_S19_pNP	7	7	14	1	19	C92H140N8O131S19	4434.507344	22
HS_HexA7_HexN7_Ac1_S19_pNP	7	7	14	1	19	C92H140N8O131S19	4451.533893	23
HS_HexA7_HexN7_Ac1_S19_pNP	7	7	14	1	19	C92H140N8O131S19	4468.560442	24
HS_HexA7_HexN7_Ac1_S19_pNP	7	7	14	1	19	C92H140N8O131S19	4485.586992	25
HS_HexA7_HexN7_Ac1_S19_pNP	7	7	14	1	19	C92H140N8O131S19	4502.613541	26
HS_HexA7_HexN7_Ac1_S20_pNP	7	7	14	1	20	C92H140N8O134S20	4139.880079	0
HS_HexA7_HexN7_Ac1_S20_pNP	7	7	14	1	20	C92H140N8O134S20	4156.906628	1
HS_HexA7_HexN7_Ac1_S20_pNP	7	7	14	1	20	C92H140N8O134S20	4173.933177	2
HS_HexA7_HexN7_Ac1_S20_pNP	7	7	14	1	20	C92H140N8O134S20	4190.959726	3
HS_HexA7_HexN7_Ac1_S20_pNP	7	7	14	1	20	C92H140N8O134S20	4207.986275	4
HS_HexA7_HexN7_Ac1_S20_pNP	7	7	14	1	20	C92H140N8O134S20	4225.012825	5
HS_HexA7_HexN7_Ac1_S20_pNP	7	7	14	1	20	C92H140N8O134S20	4242.039374	6
HS_HexA7_HexN7_Ac1_S20_pNP	7	7	14	1	20	C92H140N8O134S20	4259.065923	7
HS_HexA7_HexN7_Ac1_S20_pNP	7	7	14	1	20	C92H140N8O134S20	4276.092472	8
HS_HexA7_HexN7_Ac1_S20_pNP	7	7	14	1	20	C92H140N8O134S20	4293.119021	9
HS_HexA7_HexN7_Ac1_S20_pNP	7	7	14	1	20	C92H140N8O134S20	4310.145570	10
HS_HexA7_HexN7_Ac1_S20_pNP	7	7	14	1	20	C92H140N8O134S20	4327.172119	11
HS_HexA7_HexN7_Ac1_S20_pNP	7	7	14	1	20	C92H140N8O134S20	4344.198668	12
HS_HexA7_HexN7_Ac1_S20_pNP	7	7	14	1	20	C92H140N8O134S20	4361.225217	13
HS_HexA7_HexN7_Ac1_S20_pNP	7	7	14	1	20	C92H140N8O134S20	4378.251766	14
HS_HexA7_HexN7_Ac1_S20_pNP	7	7	14	1	20	C92H140N8O134S20	4395.278316	15
HS_HexA7_HexN7_Ac1_S20_pNP	7	7	14	1	20	C92H140N8O134S20	4412.304865	16
HS_HexA7_HexN7_Ac1_S20_pNP	7	7	14	1	20	C92H140N8O134S20	4429.331414	17
HS_HexA7_HexN7_Ac1_S20_pNP	7	7	14	1	20	C92H140N8O134S20	4446.357963	18
HS_HexA7_HexN7_Ac1_S20_pNP	7	7	14	1	20	C92H140N8O134S20	4463.384512	19
HS_HexA7_HexN7_Ac1_S20_pNP	7	7	14	1	20	C92H140N8O134S20	4480.411061	20
HS_HexA7_HexN7_Ac1_S20_pNP	7	7	14	1	20	C92H140N8O134S20	4497.437610	21
HS_HexA7_HexN7_Ac1_S20_pNP	7	7	14	1	20	C92H140N8O134S20	4514.464159	22
HS_HexA7_HexN7_Ac1_S20_pNP	7	7	14	1	20	C92H140N8O134S20	4531.490708	23
HS_HexA7_HexN7_Ac1_S20_pNP	7	7	14	1	20	C92H140N8O134S20	4548.517257	24
HS_HexA7_HexN7_Ac1_S20_pNP	7	7	14	1	20	C92H140N8O134S20	4565.543807	25
HS_HexA7_HexN7_Ac1_S20_pNP	7	7	14	1	20	C92H140N8O134S20	4582.570356	26
HS_HexA7_HexN7_Ac1_S20_pNP	7	7	14	1	20	C92H140N8O134S20	4599.596905	27
HS_HexA7_HexN7_Ac1_S21_pNP	7	7	14	1	21	C92H140N8O137S21	4219.836894	0
HS_HexA7_HexN7_Ac1_S21_pNP	7	7	14	1	21	C92H140N8O137S21	4236.863443	1
HS_HexA7_HexN7_Ac1_S21_pNP	7	7	14	1	21	C92H140N8O137S21	4253.889992	2
HS_HexA7_HexN7_Ac1_S21_pNP	7	7	14	1	21	C92H140N8O137S21	4270.916541	3
HS_HexA7_HexN7_Ac1_S21_pNP	7	7	14	1	21	C92H140N8O137S21	4287.943090	4
HS_HexA7_HexN7_Ac1_S21_pNP	7	7	14	1	21	C92H140N8O137S21	4304.969640	5
HS_HexA7_HexN7_Ac1_S21_pNP	7	7	14	1	21	C92H140N8O137S21	4321.996189	6
HS_HexA7_HexN7_Ac1_S21_pNP	7	7	14	1	21	C92H140N8O137S21	4339.022738	7
HS_HexA7_HexN7_Ac1_S21_pNP	7	7	14	1	21	C92H140N8O137S21	4356.049287	8
HS_HexA7_HexN7_Ac1_S21_pNP	7	7	14	1	21	C92H140N8O137S21	4373.075836	9
HS_HexA7_HexN7_Ac1_S21_pNP	7	7	14	1	21	C92H140N8O137S21	4390.102385	10
HS_HexA7_HexN7_Ac1_S21_pNP	7	7	14	1	21	C92H140N8O137S21	4407.128934	11
HS_HexA7_HexN7_Ac1_S21_pNP	7	7	14	1	21	C92H140N8O137S21	4424.155483	12
HS_HexA7_HexN7_Ac1_S21_pNP	7	7	14	1	21	C92H140N8O137S21	4441.182032	13
HS_HexA7_HexN7_Ac1_S21_pNP	7	7	14	1	21	C92H140N8O137S21	4458.208582	14
HS_HexA7_HexN7_Ac1_S21_pNP	7	7	14	1	21	C92H140N8O137S21	4475.235131	15
HS_HexA7_HexN7_Ac1_S21_pNP	7	7	14	1	21	C92H140N8O137S21	4492.261680	16
HS_HexA7_HexN7_Ac1_S21_pNP	7	7	14	1	21	C92H140N8O137S21	4509.288229	17
HS_HexA7_HexN7_Ac1_S21_pNP	7	7	14	1	21	C92H140N8O137S21	4526.314778	18
HS_HexA7_HexN7_Ac1_S21_pNP	7	7	14	1	21	C92H140N8O137S21	4543.341327	19
HS_HexA7_HexN7_Ac1_S21_pNP	7	7	14	1	21	C92H140N8O137S21	4560.367876	20
HS_HexA7_HexN7_Ac1_S21_pNP	7	7	14	1	21	C92H140N8O137S21	4577.394425	21
HS_HexA7_HexN7_Ac1_S21_pNP	7	7	14	1	21	C92H140N8O137S21	4594.420974	22
HS_HexA7_HexN7_Ac1_S21_pNP	7	7	14	1	21	C92H140N8O137S21	4611.447523	23
HS_HexA7_HexN7_Ac1_S21_pNP	7	7	14	1	21	C92H140N8O137S21	4628.474073	24
HS_HexA7_HexN7_Ac1_S21_pNP	7	7	14	1	21	C92H140N8O137S21	4645.500622	25
HS_HexA7_HexN7_Ac1_S21_pNP	7	7	14	1	21	C92H140N8O137S21	4662.527171	26
HS_HexA7_HexN7_Ac1_S21_pNP	7	7	14	1	21	C92H140N8O137S21	4679.553720	27
HS_HexA7_HexN7_Ac1_S21_pNP	7	7	14	1	21	C92H140N8O137S21	4696.580269	28
HS_HexA7_HexN7_Ac2_S0_pNP	7	7	14	2	0	C94H142N8O75	2582.754343	0
HS_HexA7_HexN7_Ac2_S0_pNP	7	7	14	2	0	C94H142N8O75	2599.780892	1
HS_HexA7_HexN7_Ac2_S0_pNP	7	7	14	2	0	C94H142N8O75	2616.807441	2
HS_HexA7_HexN7_Ac2_S0_pNP	7	7	14	2	0	C94H142N8O75	2633.833990	3
HS_HexA7_HexN7_Ac2_S0_pNP	7	7	14	2	0	C94H142N8O75	2650.860539	4
HS_HexA7_HexN7_Ac2_S0_pNP	7	7	14	2	0	C94H142N8O75	2667.887089	5
HS_HexA7_HexN7_Ac2_S0_pNP	7	7	14	2	0	C94H142N8O75	2684.913638	6
HS_HexA7_HexN7_Ac2_S0_pNP	7	7	14	2	0	C94H142N8O75	2701.940187	7
HS_HexA7_HexN7_Ac2_S1_pNP	7	7	14	2	1	C94H142N8O78S	2662.711158	0
HS_HexA7_HexN7_Ac2_S1_pNP	7	7	14	2	1	C94H142N8O78S	2679.737707	1
HS_HexA7_HexN7_Ac2_S1_pNP	7	7	14	2	1	C94H142N8O78S	2696.764256	2
HS_HexA7_HexN7_Ac2_S1_pNP	7	7	14	2	1	C94H142N8O78S	2713.790805	3
HS_HexA7_HexN7_Ac2_S1_pNP	7	7	14	2	1	C94H142N8O78S	2730.817355	4
HS_HexA7_HexN7_Ac2_S1_pNP	7	7	14	2	1	C94H142N8O78S	2747.843904	5
HS_HexA7_HexN7_Ac2_S1_pNP	7	7	14	2	1	C94H142N8O78S	2764.870453	6
HS_HexA7_HexN7_Ac2_S1_pNP	7	7	14	2	1	C94H142N8O78S	2781.897002	7
HS_HexA7_HexN7_Ac2_S1_pNP	7	7	14	2	1	C94H142N8O78S	2798.923551	8
HS_HexA7_HexN7_Ac2_S2_pNP	7	7	14	2	2	C94H142N8O81S2	2742.667973	0
HS_HexA7_HexN7_Ac2_S2_pNP	7	7	14	2	2	C94H142N8O81S2	2759.694522	1
HS_HexA7_HexN7_Ac2_S2_pNP	7	7	14	2	2	C94H142N8O81S2	2776.721071	2
HS_HexA7_HexN7_Ac2_S2_pNP	7	7	14	2	2	C94H142N8O81S2	2793.747620	3
HS_HexA7_HexN7_Ac2_S2_pNP	7	7	14	2	2	C94H142N8O81S2	2810.774170	4
HS_HexA7_HexN7_Ac2_S2_pNP	7	7	14	2	2	C94H142N8O81S2	2827.800719	5
HS_HexA7_HexN7_Ac2_S2_pNP	7	7	14	2	2	C94H142N8O81S2	2844.827268	6
HS_HexA7_HexN7_Ac2_S2_pNP	7	7	14	2	2	C94H142N8O81S2	2861.853817	7
HS_HexA7_HexN7_Ac2_S2_pNP	7	7	14	2	2	C94H142N8O81S2	2878.880366	8
HS_HexA7_HexN7_Ac2_S2_pNP	7	7	14	2	2	C94H142N8O81S2	2895.906915	9
HS_HexA7_HexN7_Ac2_S3_pNP	7	7	14	2	3	C94H142N8O84S3	2822.624788	0
HS_HexA7_HexN7_Ac2_S3_pNP	7	7	14	2	3	C94H142N8O84S3	2839.651337	1
HS_HexA7_HexN7_Ac2_S3_pNP	7	7	14	2	3	C94H142N8O84S3	2856.677886	2
HS_HexA7_HexN7_Ac2_S3_pNP	7	7	14	2	3	C94H142N8O84S3	2873.704435	3
HS_HexA7_HexN7_Ac2_S3_pNP	7	7	14	2	3	C94H142N8O84S3	2890.730985	4
HS_HexA7_HexN7_Ac2_S3_pNP	7	7	14	2	3	C94H142N8O84S3	2907.757534	5
HS_HexA7_HexN7_Ac2_S3_pNP	7	7	14	2	3	C94H142N8O84S3	2924.784083	6
HS_HexA7_HexN7_Ac2_S3_pNP	7	7	14	2	3	C94H142N8O84S3	2941.810632	7
HS_HexA7_HexN7_Ac2_S3_pNP	7	7	14	2	3	C94H142N8O84S3	2958.837181	8
HS_HexA7_HexN7_Ac2_S3_pNP	7	7	14	2	3	C94H142N8O84S3	2975.863730	9
HS_HexA7_HexN7_Ac2_S3_pNP	7	7	14	2	3	C94H142N8O84S3	2992.890279	10
HS_HexA7_HexN7_Ac2_S4_pNP	7	7	14	2	4	C94H142N8O87S4	2902.581603	0
HS_HexA7_HexN7_Ac2_S4_pNP	7	7	14	2	4	C94H142N8O87S4	2919.608152	1
HS_HexA7_HexN7_Ac2_S4_pNP	7	7	14	2	4	C94H142N8O87S4	2936.634701	2
HS_HexA7_HexN7_Ac2_S4_pNP	7	7	14	2	4	C94H142N8O87S4	2953.661251	3
HS_HexA7_HexN7_Ac2_S4_pNP	7	7	14	2	4	C94H142N8O87S4	2970.687800	4
HS_HexA7_HexN7_Ac2_S4_pNP	7	7	14	2	4	C94H142N8O87S4	2987.714349	5
HS_HexA7_HexN7_Ac2_S4_pNP	7	7	14	2	4	C94H142N8O87S4	3004.740898	6
HS_HexA7_HexN7_Ac2_S4_pNP	7	7	14	2	4	C94H142N8O87S4	3021.767447	7
HS_HexA7_HexN7_Ac2_S4_pNP	7	7	14	2	4	C94H142N8O87S4	3038.793996	8
HS_HexA7_HexN7_Ac2_S4_pNP	7	7	14	2	4	C94H142N8O87S4	3055.820545	9
HS_HexA7_HexN7_Ac2_S4_pNP	7	7	14	2	4	C94H142N8O87S4	3072.847094	10
HS_HexA7_HexN7_Ac2_S4_pNP	7	7	14	2	4	C94H142N8O87S4	3089.873643	11
HS_HexA7_HexN7_Ac2_S5_pNP	7	7	14	2	5	C94H142N8O90S5	2982.538418	0
HS_HexA7_HexN7_Ac2_S5_pNP	7	7	14	2	5	C94H142N8O90S5	2999.564967	1
HS_HexA7_HexN7_Ac2_S5_pNP	7	7	14	2	5	C94H142N8O90S5	3016.591516	2
HS_HexA7_HexN7_Ac2_S5_pNP	7	7	14	2	5	C94H142N8O90S5	3033.618066	3
HS_HexA7_HexN7_Ac2_S5_pNP	7	7	14	2	5	C94H142N8O90S5	3050.644615	4
HS_HexA7_HexN7_Ac2_S5_pNP	7	7	14	2	5	C94H142N8O90S5	3067.671164	5
HS_HexA7_HexN7_Ac2_S5_pNP	7	7	14	2	5	C94H142N8O90S5	3084.697713	6
HS_HexA7_HexN7_Ac2_S5_pNP	7	7	14	2	5	C94H142N8O90S5	3101.724262	7
HS_HexA7_HexN7_Ac2_S5_pNP	7	7	14	2	5	C94H142N8O90S5	3118.750811	8
HS_HexA7_HexN7_Ac2_S5_pNP	7	7	14	2	5	C94H142N8O90S5	3135.777360	9
HS_HexA7_HexN7_Ac2_S5_pNP	7	7	14	2	5	C94H142N8O90S5	3152.803909	10
HS_HexA7_HexN7_Ac2_S5_pNP	7	7	14	2	5	C94H142N8O90S5	3169.830458	11
HS_HexA7_HexN7_Ac2_S5_pNP	7	7	14	2	5	C94H142N8O90S5	3186.857007	12
HS_HexA7_HexN7_Ac2_S6_pNP	7	7	14	2	6	C94H142N8O93S6	3062.495233	0
HS_HexA7_HexN7_Ac2_S6_pNP	7	7	14	2	6	C94H142N8O93S6	3079.521782	1
HS_HexA7_HexN7_Ac2_S6_pNP	7	7	14	2	6	C94H142N8O93S6	3096.548331	2
HS_HexA7_HexN7_Ac2_S6_pNP	7	7	14	2	6	C94H142N8O93S6	3113.574881	3
HS_HexA7_HexN7_Ac2_S6_pNP	7	7	14	2	6	C94H142N8O93S6	3130.601430	4
HS_HexA7_HexN7_Ac2_S6_pNP	7	7	14	2	6	C94H142N8O93S6	3147.627979	5
HS_HexA7_HexN7_Ac2_S6_pNP	7	7	14	2	6	C94H142N8O93S6	3164.654528	6
HS_HexA7_HexN7_Ac2_S6_pNP	7	7	14	2	6	C94H142N8O93S6	3181.681077	7
HS_HexA7_HexN7_Ac2_S6_pNP	7	7	14	2	6	C94H142N8O93S6	3198.707626	8
HS_HexA7_HexN7_Ac2_S6_pNP	7	7	14	2	6	C94H142N8O93S6	3215.734175	9
HS_HexA7_HexN7_Ac2_S6_pNP	7	7	14	2	6	C94H142N8O93S6	3232.760724	10
HS_HexA7_HexN7_Ac2_S6_pNP	7	7	14	2	6	C94H142N8O93S6	3249.787273	11
HS_HexA7_HexN7_Ac2_S6_pNP	7	7	14	2	6	C94H142N8O93S6	3266.813822	12
HS_HexA7_HexN7_Ac2_S6_pNP	7	7	14	2	6	C94H142N8O93S6	3283.840372	13
HS_HexA7_HexN7_Ac2_S7_pNP	7	7	14	2	7	C94H142N8O96S7	3142.452048	0
HS_HexA7_HexN7_Ac2_S7_pNP	7	7	14	2	7	C94H142N8O96S7	3159.478597	1
HS_HexA7_HexN7_Ac2_S7_pNP	7	7	14	2	7	C94H142N8O96S7	3176.505147	2
HS_HexA7_HexN7_Ac2_S7_pNP	7	7	14	2	7	C94H142N8O96S7	3193.531696	3
HS_HexA7_HexN7_Ac2_S7_pNP	7	7	14	2	7	C94H142N8O96S7	3210.558245	4
HS_HexA7_HexN7_Ac2_S7_pNP	7	7	14	2	7	C94H142N8O96S7	3227.584794	5
HS_HexA7_HexN7_Ac2_S7_pNP	7	7	14	2	7	C94H142N8O96S7	3244.611343	6
HS_HexA7_HexN7_Ac2_S7_pNP	7	7	14	2	7	C94H142N8O96S7	3261.637892	7
HS_HexA7_HexN7_Ac2_S7_pNP	7	7	14	2	7	C94H142N8O96S7	3278.664441	8
HS_HexA7_HexN7_Ac2_S7_pNP	7	7	14	2	7	C94H142N8O96S7	3295.690990	9
HS_HexA7_HexN7_Ac2_S7_pNP	7	7	14	2	7	C94H142N8O96S7	3312.717539	10
HS_HexA7_HexN7_Ac2_S7_pNP	7	7	14	2	7	C94H142N8O96S7	3329.744088	11
HS_HexA7_HexN7_Ac2_S7_pNP	7	7	14	2	7	C94H142N8O96S7	3346.770638	12
HS_HexA7_HexN7_Ac2_S7_pNP	7	7	14	2	7	C94H142N8O96S7	3363.797187	13
HS_HexA7_HexN7_Ac2_S7_pNP	7	7	14	2	7	C94H142N8O96S7	3380.823736	14
HS_HexA7_HexN7_Ac2_S8_pNP	7	7	14	2	8	C94H142N8O99S8	3222.408863	0
HS_HexA7_HexN7_Ac2_S8_pNP	7	7	14	2	8	C94H142N8O99S8	3239.435412	1
HS_HexA7_HexN7_Ac2_S8_pNP	7	7	14	2	8	C94H142N8O99S8	3256.461962	2
HS_HexA7_HexN7_Ac2_S8_pNP	7	7	14	2	8	C94H142N8O99S8	3273.488511	3
HS_HexA7_HexN7_Ac2_S8_pNP	7	7	14	2	8	C94H142N8O99S8	3290.515060	4
HS_HexA7_HexN7_Ac2_S8_pNP	7	7	14	2	8	C94H142N8O99S8	3307.541609	5
HS_HexA7_HexN7_Ac2_S8_pNP	7	7	14	2	8	C94H142N8O99S8	3324.568158	6
HS_HexA7_HexN7_Ac2_S8_pNP	7	7	14	2	8	C94H142N8O99S8	3341.594707	7
HS_HexA7_HexN7_Ac2_S8_pNP	7	7	14	2	8	C94H142N8O99S8	3358.621256	8
HS_HexA7_HexN7_Ac2_S8_pNP	7	7	14	2	8	C94H142N8O99S8	3375.647805	9
HS_HexA7_HexN7_Ac2_S8_pNP	7	7	14	2	8	C94H142N8O99S8	3392.674354	10
HS_HexA7_HexN7_Ac2_S8_pNP	7	7	14	2	8	C94H142N8O99S8	3409.700903	11
HS_HexA7_HexN7_Ac2_S8_pNP	7	7	14	2	8	C94H142N8O99S8	3426.727453	12
HS_HexA7_HexN7_Ac2_S8_pNP	7	7	14	2	8	C94H142N8O99S8	3443.754002	13
HS_HexA7_HexN7_Ac2_S8_pNP	7	7	14	2	8	C94H142N8O99S8	3460.780551	14
HS_HexA7_HexN7_Ac2_S8_pNP	7	7	14	2	8	C94H142N8O99S8	3477.807100	15
HS_HexA7_HexN7_Ac2_S9_pNP	7	7	14	2	9	C94H142N8O102S9	3302.365678	0
HS_HexA7_HexN7_Ac2_S9_pNP	7	7	14	2	9	C94H142N8O102S9	3319.392227	1
HS_HexA7_HexN7_Ac2_S9_pNP	7	7	14	2	9	C94H142N8O102S9	3336.418777	2
HS_HexA7_HexN7_Ac2_S9_pNP	7	7	14	2	9	C94H142N8O102S9	3353.445326	3
HS_HexA7_HexN7_Ac2_S9_pNP	7	7	14	2	9	C94H142N8O102S9	3370.471875	4
HS_HexA7_HexN7_Ac2_S9_pNP	7	7	14	2	9	C94H142N8O102S9	3387.498424	5
HS_HexA7_HexN7_Ac2_S9_pNP	7	7	14	2	9	C94H142N8O102S9	3404.524973	6
HS_HexA7_HexN7_Ac2_S9_pNP	7	7	14	2	9	C94H142N8O102S9	3421.551522	7
HS_HexA7_HexN7_Ac2_S9_pNP	7	7	14	2	9	C94H142N8O102S9	3438.578071	8
HS_HexA7_HexN7_Ac2_S9_pNP	7	7	14	2	9	C94H142N8O102S9	3455.604620	9
HS_HexA7_HexN7_Ac2_S9_pNP	7	7	14	2	9	C94H142N8O102S9	3472.631169	10
HS_HexA7_HexN7_Ac2_S9_pNP	7	7	14	2	9	C94H142N8O102S9	3489.657718	11
HS_HexA7_HexN7_Ac2_S9_pNP	7	7	14	2	9	C94H142N8O102S9	3506.684268	12
HS_HexA7_HexN7_Ac2_S9_pNP	7	7	14	2	9	C94H142N8O102S9	3523.710817	13
HS_HexA7_HexN7_Ac2_S9_pNP	7	7	14	2	9	C94H142N8O102S9	3540.737366	14
HS_HexA7_HexN7_Ac2_S9_pNP	7	7	14	2	9	C94H142N8O102S9	3557.763915	15
HS_HexA7_HexN7_Ac2_S9_pNP	7	7	14	2	9	C94H142N8O102S9	3574.790464	16
HS_HexA7_HexN7_Ac2_S10_pNP	7	7	14	2	10	C94H142N8O105S10	3382.322493	0
HS_HexA7_HexN7_Ac2_S10_pNP	7	7	14	2	10	C94H142N8O105S10	3399.349043	1
HS_HexA7_HexN7_Ac2_S10_pNP	7	7	14	2	10	C94H142N8O105S10	3416.375592	2
HS_HexA7_HexN7_Ac2_S10_pNP	7	7	14	2	10	C94H142N8O105S10	3433.402141	3
HS_HexA7_HexN7_Ac2_S10_pNP	7	7	14	2	10	C94H142N8O105S10	3450.428690	4
HS_HexA7_HexN7_Ac2_S10_pNP	7	7	14	2	10	C94H142N8O105S10	3467.455239	5
HS_HexA7_HexN7_Ac2_S10_pNP	7	7	14	2	10	C94H142N8O105S10	3484.481788	6
HS_HexA7_HexN7_Ac2_S10_pNP	7	7	14	2	10	C94H142N8O105S10	3501.508337	7
HS_HexA7_HexN7_Ac2_S10_pNP	7	7	14	2	10	C94H142N8O105S10	3518.534886	8
HS_HexA7_HexN7_Ac2_S10_pNP	7	7	14	2	10	C94H142N8O105S10	3535.561435	9
HS_HexA7_HexN7_Ac2_S10_pNP	7	7	14	2	10	C94H142N8O105S10	3552.587984	10
HS_HexA7_HexN7_Ac2_S10_pNP	7	7	14	2	10	C94H142N8O105S10	3569.614534	11
HS_HexA7_HexN7_Ac2_S10_pNP	7	7	14	2	10	C94H142N8O105S10	3586.641083	12
HS_HexA7_HexN7_Ac2_S10_pNP	7	7	14	2	10	C94H142N8O105S10	3603.667632	13
HS_HexA7_HexN7_Ac2_S10_pNP	7	7	14	2	10	C94H142N8O105S10	3620.694181	14
HS_HexA7_HexN7_Ac2_S10_pNP	7	7	14	2	10	C94H142N8O105S10	3637.720730	15
HS_HexA7_HexN7_Ac2_S10_pNP	7	7	14	2	10	C94H142N8O105S10	3654.747279	16
HS_HexA7_HexN7_Ac2_S10_pNP	7	7	14	2	10	C94H142N8O105S10	3671.773828	17
HS_HexA7_HexN7_Ac2_S11_pNP	7	7	14	2	11	C94H142N8O108S11	3462.279308	0
HS_HexA7_HexN7_Ac2_S11_pNP	7	7	14	2	11	C94H142N8O108S11	3479.305858	1
HS_HexA7_HexN7_Ac2_S11_pNP	7	7	14	2	11	C94H142N8O108S11	3496.332407	2
HS_HexA7_HexN7_Ac2_S11_pNP	7	7	14	2	11	C94H142N8O108S11	3513.358956	3
HS_HexA7_HexN7_Ac2_S11_pNP	7	7	14	2	11	C94H142N8O108S11	3530.385505	4
HS_HexA7_HexN7_Ac2_S11_pNP	7	7	14	2	11	C94H142N8O108S11	3547.412054	5
HS_HexA7_HexN7_Ac2_S11_pNP	7	7	14	2	11	C94H142N8O108S11	3564.438603	6
HS_HexA7_HexN7_Ac2_S11_pNP	7	7	14	2	11	C94H142N8O108S11	3581.465152	7
HS_HexA7_HexN7_Ac2_S11_pNP	7	7	14	2	11	C94H142N8O108S11	3598.491701	8
HS_HexA7_HexN7_Ac2_S11_pNP	7	7	14	2	11	C94H142N8O108S11	3615.518250	9
HS_HexA7_HexN7_Ac2_S11_pNP	7	7	14	2	11	C94H142N8O108S11	3632.544799	10
HS_HexA7_HexN7_Ac2_S11_pNP	7	7	14	2	11	C94H142N8O108S11	3649.571349	11
HS_HexA7_HexN7_Ac2_S11_pNP	7	7	14	2	11	C94H142N8O108S11	3666.597898	12
HS_HexA7_HexN7_Ac2_S11_pNP	7	7	14	2	11	C94H142N8O108S11	3683.624447	13
HS_HexA7_HexN7_Ac2_S11_pNP	7	7	14	2	11	C94H142N8O108S11	3700.650996	14
HS_HexA7_HexN7_Ac2_S11_pNP	7	7	14	2	11	C94H142N8O108S11	3717.677545	15
HS_HexA7_HexN7_Ac2_S11_pNP	7	7	14	2	11	C94H142N8O108S11	3734.704094	16
HS_HexA7_HexN7_Ac2_S11_pNP	7	7	14	2	11	C94H142N8O108S11	3751.730643	17
HS_HexA7_HexN7_Ac2_S11_pNP	7	7	14	2	11	C94H142N8O108S11	3768.757192	18
HS_HexA7_HexN7_Ac2_S12_pNP	7	7	14	2	12	C94H142N8O111S12	3542.236123	0
HS_HexA7_HexN7_Ac2_S12_pNP	7	7	14	2	12	C94H142N8O111S12	3559.262673	1
HS_HexA7_HexN7_Ac2_S12_pNP	7	7	14	2	12	C94H142N8O111S12	3576.289222	2
HS_HexA7_HexN7_Ac2_S12_pNP	7	7	14	2	12	C94H142N8O111S12	3593.315771	3
HS_HexA7_HexN7_Ac2_S12_pNP	7	7	14	2	12	C94H142N8O111S12	3610.342320	4
HS_HexA7_HexN7_Ac2_S12_pNP	7	7	14	2	12	C94H142N8O111S12	3627.368869	5
HS_HexA7_HexN7_Ac2_S12_pNP	7	7	14	2	12	C94H142N8O111S12	3644.395418	6
HS_HexA7_HexN7_Ac2_S12_pNP	7	7	14	2	12	C94H142N8O111S12	3661.421967	7
HS_HexA7_HexN7_Ac2_S12_pNP	7	7	14	2	12	C94H142N8O111S12	3678.448516	8
HS_HexA7_HexN7_Ac2_S12_pNP	7	7	14	2	12	C94H142N8O111S12	3695.475065	9
HS_HexA7_HexN7_Ac2_S12_pNP	7	7	14	2	12	C94H142N8O111S12	3712.501614	10
HS_HexA7_HexN7_Ac2_S12_pNP	7	7	14	2	12	C94H142N8O111S12	3729.528164	11
HS_HexA7_HexN7_Ac2_S12_pNP	7	7	14	2	12	C94H142N8O111S12	3746.554713	12
HS_HexA7_HexN7_Ac2_S12_pNP	7	7	14	2	12	C94H142N8O111S12	3763.581262	13
HS_HexA7_HexN7_Ac2_S12_pNP	7	7	14	2	12	C94H142N8O111S12	3780.607811	14
HS_HexA7_HexN7_Ac2_S12_pNP	7	7	14	2	12	C94H142N8O111S12	3797.634360	15
HS_HexA7_HexN7_Ac2_S12_pNP	7	7	14	2	12	C94H142N8O111S12	3814.660909	16
HS_HexA7_HexN7_Ac2_S12_pNP	7	7	14	2	12	C94H142N8O111S12	3831.687458	17
HS_HexA7_HexN7_Ac2_S12_pNP	7	7	14	2	12	C94H142N8O111S12	3848.714007	18
HS_HexA7_HexN7_Ac2_S12_pNP	7	7	14	2	12	C94H142N8O111S12	3865.740556	19
HS_HexA7_HexN7_Ac2_S13_pNP	7	7	14	2	13	C94H142N8O114S13	3622.192939	0
HS_HexA7_HexN7_Ac2_S13_pNP	7	7	14	2	13	C94H142N8O114S13	3639.219488	1
HS_HexA7_HexN7_Ac2_S13_pNP	7	7	14	2	13	C94H142N8O114S13	3656.246037	2
HS_HexA7_HexN7_Ac2_S13_pNP	7	7	14	2	13	C94H142N8O114S13	3673.272586	3
HS_HexA7_HexN7_Ac2_S13_pNP	7	7	14	2	13	C94H142N8O114S13	3690.299135	4
HS_HexA7_HexN7_Ac2_S13_pNP	7	7	14	2	13	C94H142N8O114S13	3707.325684	5
HS_HexA7_HexN7_Ac2_S13_pNP	7	7	14	2	13	C94H142N8O114S13	3724.352233	6
HS_HexA7_HexN7_Ac2_S13_pNP	7	7	14	2	13	C94H142N8O114S13	3741.378782	7
HS_HexA7_HexN7_Ac2_S13_pNP	7	7	14	2	13	C94H142N8O114S13	3758.405331	8
HS_HexA7_HexN7_Ac2_S13_pNP	7	7	14	2	13	C94H142N8O114S13	3775.431880	9
HS_HexA7_HexN7_Ac2_S13_pNP	7	7	14	2	13	C94H142N8O114S13	3792.458430	10
HS_HexA7_HexN7_Ac2_S13_pNP	7	7	14	2	13	C94H142N8O114S13	3809.484979	11
HS_HexA7_HexN7_Ac2_S13_pNP	7	7	14	2	13	C94H142N8O114S13	3826.511528	12
HS_HexA7_HexN7_Ac2_S13_pNP	7	7	14	2	13	C94H142N8O114S13	3843.538077	13
HS_HexA7_HexN7_Ac2_S13_pNP	7	7	14	2	13	C94H142N8O114S13	3860.564626	14
HS_HexA7_HexN7_Ac2_S13_pNP	7	7	14	2	13	C94H142N8O114S13	3877.591175	15
HS_HexA7_HexN7_Ac2_S13_pNP	7	7	14	2	13	C94H142N8O114S13	3894.617724	16
HS_HexA7_HexN7_Ac2_S13_pNP	7	7	14	2	13	C94H142N8O114S13	3911.644273	17
HS_HexA7_HexN7_Ac2_S13_pNP	7	7	14	2	13	C94H142N8O114S13	3928.670822	18
HS_HexA7_HexN7_Ac2_S13_pNP	7	7	14	2	13	C94H142N8O114S13	3945.697371	19
HS_HexA7_HexN7_Ac2_S13_pNP	7	7	14	2	13	C94H142N8O114S13	3962.723921	20
HS_HexA7_HexN7_Ac2_S14_pNP	7	7	14	2	14	C94H142N8O117S14	3702.149754	0
HS_HexA7_HexN7_Ac2_S14_pNP	7	7	14	2	14	C94H142N8O117S14	3719.176303	1
HS_HexA7_HexN7_Ac2_S14_pNP	7	7	14	2	14	C94H142N8O117S14	3736.202852	2
HS_HexA7_HexN7_Ac2_S14_pNP	7	7	14	2	14	C94H142N8O117S14	3753.229401	3
HS_HexA7_HexN7_Ac2_S14_pNP	7	7	14	2	14	C94H142N8O117S14	3770.255950	4
HS_HexA7_HexN7_Ac2_S14_pNP	7	7	14	2	14	C94H142N8O117S14	3787.282499	5
HS_HexA7_HexN7_Ac2_S14_pNP	7	7	14	2	14	C94H142N8O117S14	3804.309048	6
HS_HexA7_HexN7_Ac2_S14_pNP	7	7	14	2	14	C94H142N8O117S14	3821.335597	7
HS_HexA7_HexN7_Ac2_S14_pNP	7	7	14	2	14	C94H142N8O117S14	3838.362146	8
HS_HexA7_HexN7_Ac2_S14_pNP	7	7	14	2	14	C94H142N8O117S14	3855.388695	9
HS_HexA7_HexN7_Ac2_S14_pNP	7	7	14	2	14	C94H142N8O117S14	3872.415245	10
HS_HexA7_HexN7_Ac2_S14_pNP	7	7	14	2	14	C94H142N8O117S14	3889.441794	11
HS_HexA7_HexN7_Ac2_S14_pNP	7	7	14	2	14	C94H142N8O117S14	3906.468343	12
HS_HexA7_HexN7_Ac2_S14_pNP	7	7	14	2	14	C94H142N8O117S14	3923.494892	13
HS_HexA7_HexN7_Ac2_S14_pNP	7	7	14	2	14	C94H142N8O117S14	3940.521441	14
HS_HexA7_HexN7_Ac2_S14_pNP	7	7	14	2	14	C94H142N8O117S14	3957.547990	15
HS_HexA7_HexN7_Ac2_S14_pNP	7	7	14	2	14	C94H142N8O117S14	3974.574539	16
HS_HexA7_HexN7_Ac2_S14_pNP	7	7	14	2	14	C94H142N8O117S14	3991.601088	17
HS_HexA7_HexN7_Ac2_S14_pNP	7	7	14	2	14	C94H142N8O117S14	4008.627637	18
HS_HexA7_HexN7_Ac2_S14_pNP	7	7	14	2	14	C94H142N8O117S14	4025.654186	19
HS_HexA7_HexN7_Ac2_S14_pNP	7	7	14	2	14	C94H142N8O117S14	4042.680736	20
HS_HexA7_HexN7_Ac2_S14_pNP	7	7	14	2	14	C94H142N8O117S14	4059.707285	21
HS_HexA7_HexN7_Ac2_S15_pNP	7	7	14	2	15	C94H142N8O120S15	3782.106569	0
HS_HexA7_HexN7_Ac2_S15_pNP	7	7	14	2	15	C94H142N8O120S15	3799.133118	1
HS_HexA7_HexN7_Ac2_S15_pNP	7	7	14	2	15	C94H142N8O120S15	3816.159667	2
HS_HexA7_HexN7_Ac2_S15_pNP	7	7	14	2	15	C94H142N8O120S15	3833.186216	3
HS_HexA7_HexN7_Ac2_S15_pNP	7	7	14	2	15	C94H142N8O120S15	3850.212765	4
HS_HexA7_HexN7_Ac2_S15_pNP	7	7	14	2	15	C94H142N8O120S15	3867.239314	5
HS_HexA7_HexN7_Ac2_S15_pNP	7	7	14	2	15	C94H142N8O120S15	3884.265863	6
HS_HexA7_HexN7_Ac2_S15_pNP	7	7	14	2	15	C94H142N8O120S15	3901.292412	7
HS_HexA7_HexN7_Ac2_S15_pNP	7	7	14	2	15	C94H142N8O120S15	3918.318961	8
HS_HexA7_HexN7_Ac2_S15_pNP	7	7	14	2	15	C94H142N8O120S15	3935.345510	9
HS_HexA7_HexN7_Ac2_S15_pNP	7	7	14	2	15	C94H142N8O120S15	3952.372060	10
HS_HexA7_HexN7_Ac2_S15_pNP	7	7	14	2	15	C94H142N8O120S15	3969.398609	11
HS_HexA7_HexN7_Ac2_S15_pNP	7	7	14	2	15	C94H142N8O120S15	3986.425158	12
HS_HexA7_HexN7_Ac2_S15_pNP	7	7	14	2	15	C94H142N8O120S15	4003.451707	13
HS_HexA7_HexN7_Ac2_S15_pNP	7	7	14	2	15	C94H142N8O120S15	4020.478256	14
HS_HexA7_HexN7_Ac2_S15_pNP	7	7	14	2	15	C94H142N8O120S15	4037.504805	15
HS_HexA7_HexN7_Ac2_S15_pNP	7	7	14	2	15	C94H142N8O120S15	4054.531354	16
HS_HexA7_HexN7_Ac2_S15_pNP	7	7	14	2	15	C94H142N8O120S15	4071.557903	17
HS_HexA7_HexN7_Ac2_S15_pNP	7	7	14	2	15	C94H142N8O120S15	4088.584452	18
HS_HexA7_HexN7_Ac2_S15_pNP	7	7	14	2	15	C94H142N8O120S15	4105.611001	19
HS_HexA7_HexN7_Ac2_S15_pNP	7	7	14	2	15	C94H142N8O120S15	4122.637551	20
HS_HexA7_HexN7_Ac2_S15_pNP	7	7	14	2	15	C94H142N8O120S15	4139.664100	21
HS_HexA7_HexN7_Ac2_S15_pNP	7	7	14	2	15	C94H142N8O120S15	4156.690649	22
HS_HexA7_HexN7_Ac2_S16_pNP	7	7	14	2	16	C94H142N8O123S16	3862.063384	0
HS_HexA7_HexN7_Ac2_S16_pNP	7	7	14	2	16	C94H142N8O123S16	3879.089933	1
HS_HexA7_HexN7_Ac2_S16_pNP	7	7	14	2	16	C94H142N8O123S16	3896.116482	2
HS_HexA7_HexN7_Ac2_S16_pNP	7	7	14	2	16	C94H142N8O123S16	3913.143031	3
HS_HexA7_HexN7_Ac2_S16_pNP	7	7	14	2	16	C94H142N8O123S16	3930.169580	4
HS_HexA7_HexN7_Ac2_S16_pNP	7	7	14	2	16	C94H142N8O123S16	3947.196129	5
HS_HexA7_HexN7_Ac2_S16_pNP	7	7	14	2	16	C94H142N8O123S16	3964.222678	6
HS_HexA7_HexN7_Ac2_S16_pNP	7	7	14	2	16	C94H142N8O123S16	3981.249227	7
HS_HexA7_HexN7_Ac2_S16_pNP	7	7	14	2	16	C94H142N8O123S16	3998.275776	8
HS_HexA7_HexN7_Ac2_S16_pNP	7	7	14	2	16	C94H142N8O123S16	4015.302326	9
HS_HexA7_HexN7_Ac2_S16_pNP	7	7	14	2	16	C94H142N8O123S16	4032.328875	10
HS_HexA7_HexN7_Ac2_S16_pNP	7	7	14	2	16	C94H142N8O123S16	4049.355424	11
HS_HexA7_HexN7_Ac2_S16_pNP	7	7	14	2	16	C94H142N8O123S16	4066.381973	12
HS_HexA7_HexN7_Ac2_S16_pNP	7	7	14	2	16	C94H142N8O123S16	4083.408522	13
HS_HexA7_HexN7_Ac2_S16_pNP	7	7	14	2	16	C94H142N8O123S16	4100.435071	14
HS_HexA7_HexN7_Ac2_S16_pNP	7	7	14	2	16	C94H142N8O123S16	4117.461620	15
HS_HexA7_HexN7_Ac2_S16_pNP	7	7	14	2	16	C94H142N8O123S16	4134.488169	16
HS_HexA7_HexN7_Ac2_S16_pNP	7	7	14	2	16	C94H142N8O123S16	4151.514718	17
HS_HexA7_HexN7_Ac2_S16_pNP	7	7	14	2	16	C94H142N8O123S16	4168.541267	18
HS_HexA7_HexN7_Ac2_S16_pNP	7	7	14	2	16	C94H142N8O123S16	4185.567817	19
HS_HexA7_HexN7_Ac2_S16_pNP	7	7	14	2	16	C94H142N8O123S16	4202.594366	20
HS_HexA7_HexN7_Ac2_S16_pNP	7	7	14	2	16	C94H142N8O123S16	4219.620915	21
HS_HexA7_HexN7_Ac2_S16_pNP	7	7	14	2	16	C94H142N8O123S16	4236.647464	22
HS_HexA7_HexN7_Ac2_S16_pNP	7	7	14	2	16	C94H142N8O123S16	4253.674013	23
HS_HexA7_HexN7_Ac2_S17_pNP	7	7	14	2	17	C94H142N8O126S17	3942.020199	0
HS_HexA7_HexN7_Ac2_S17_pNP	7	7	14	2	17	C94H142N8O126S17	3959.046748	1
HS_HexA7_HexN7_Ac2_S17_pNP	7	7	14	2	17	C94H142N8O126S17	3976.073297	2
HS_HexA7_HexN7_Ac2_S17_pNP	7	7	14	2	17	C94H142N8O126S17	3993.099846	3
HS_HexA7_HexN7_Ac2_S17_pNP	7	7	14	2	17	C94H142N8O126S17	4010.126395	4
HS_HexA7_HexN7_Ac2_S17_pNP	7	7	14	2	17	C94H142N8O126S17	4027.152944	5
HS_HexA7_HexN7_Ac2_S17_pNP	7	7	14	2	17	C94H142N8O126S17	4044.179493	6
HS_HexA7_HexN7_Ac2_S17_pNP	7	7	14	2	17	C94H142N8O126S17	4061.206042	7
HS_HexA7_HexN7_Ac2_S17_pNP	7	7	14	2	17	C94H142N8O126S17	4078.232591	8
HS_HexA7_HexN7_Ac2_S17_pNP	7	7	14	2	17	C94H142N8O126S17	4095.259141	9
HS_HexA7_HexN7_Ac2_S17_pNP	7	7	14	2	17	C94H142N8O126S17	4112.285690	10
HS_HexA7_HexN7_Ac2_S17_pNP	7	7	14	2	17	C94H142N8O126S17	4129.312239	11
HS_HexA7_HexN7_Ac2_S17_pNP	7	7	14	2	17	C94H142N8O126S17	4146.338788	12
HS_HexA7_HexN7_Ac2_S17_pNP	7	7	14	2	17	C94H142N8O126S17	4163.365337	13
HS_HexA7_HexN7_Ac2_S17_pNP	7	7	14	2	17	C94H142N8O126S17	4180.391886	14
HS_HexA7_HexN7_Ac2_S17_pNP	7	7	14	2	17	C94H142N8O126S17	4197.418435	15
HS_HexA7_HexN7_Ac2_S17_pNP	7	7	14	2	17	C94H142N8O126S17	4214.444984	16
HS_HexA7_HexN7_Ac2_S17_pNP	7	7	14	2	17	C94H142N8O126S17	4231.471533	17
HS_HexA7_HexN7_Ac2_S17_pNP	7	7	14	2	17	C94H142N8O126S17	4248.498082	18
HS_HexA7_HexN7_Ac2_S17_pNP	7	7	14	2	17	C94H142N8O126S17	4265.524632	19
HS_HexA7_HexN7_Ac2_S17_pNP	7	7	14	2	17	C94H142N8O126S17	4282.551181	20
HS_HexA7_HexN7_Ac2_S17_pNP	7	7	14	2	17	C94H142N8O126S17	4299.577730	21
HS_HexA7_HexN7_Ac2_S17_pNP	7	7	14	2	17	C94H142N8O126S17	4316.604279	22
HS_HexA7_HexN7_Ac2_S17_pNP	7	7	14	2	17	C94H142N8O126S17	4333.630828	23
HS_HexA7_HexN7_Ac2_S17_pNP	7	7	14	2	17	C94H142N8O126S17	4350.657377	24
HS_HexA7_HexN7_Ac2_S18_pNP	7	7	14	2	18	C94H142N8O129S18	4021.977014	0
HS_HexA7_HexN7_Ac2_S18_pNP	7	7	14	2	18	C94H142N8O129S18	4039.003563	1
HS_HexA7_HexN7_Ac2_S18_pNP	7	7	14	2	18	C94H142N8O129S18	4056.030112	2
HS_HexA7_HexN7_Ac2_S18_pNP	7	7	14	2	18	C94H142N8O129S18	4073.056661	3
HS_HexA7_HexN7_Ac2_S18_pNP	7	7	14	2	18	C94H142N8O129S18	4090.083210	4
HS_HexA7_HexN7_Ac2_S18_pNP	7	7	14	2	18	C94H142N8O129S18	4107.109759	5
HS_HexA7_HexN7_Ac2_S18_pNP	7	7	14	2	18	C94H142N8O129S18	4124.136308	6
HS_HexA7_HexN7_Ac2_S18_pNP	7	7	14	2	18	C94H142N8O129S18	4141.162857	7
HS_HexA7_HexN7_Ac2_S18_pNP	7	7	14	2	18	C94H142N8O129S18	4158.189406	8
HS_HexA7_HexN7_Ac2_S18_pNP	7	7	14	2	18	C94H142N8O129S18	4175.215956	9
HS_HexA7_HexN7_Ac2_S18_pNP	7	7	14	2	18	C94H142N8O129S18	4192.242505	10
HS_HexA7_HexN7_Ac2_S18_pNP	7	7	14	2	18	C94H142N8O129S18	4209.269054	11
HS_HexA7_HexN7_Ac2_S18_pNP	7	7	14	2	18	C94H142N8O129S18	4226.295603	12
HS_HexA7_HexN7_Ac2_S18_pNP	7	7	14	2	18	C94H142N8O129S18	4243.322152	13
HS_HexA7_HexN7_Ac2_S18_pNP	7	7	14	2	18	C94H142N8O129S18	4260.348701	14
HS_HexA7_HexN7_Ac2_S18_pNP	7	7	14	2	18	C94H142N8O129S18	4277.375250	15
HS_HexA7_HexN7_Ac2_S18_pNP	7	7	14	2	18	C94H142N8O129S18	4294.401799	16
HS_HexA7_HexN7_Ac2_S18_pNP	7	7	14	2	18	C94H142N8O129S18	4311.428348	17
HS_HexA7_HexN7_Ac2_S18_pNP	7	7	14	2	18	C94H142N8O129S18	4328.454897	18
HS_HexA7_HexN7_Ac2_S18_pNP	7	7	14	2	18	C94H142N8O129S18	4345.481447	19
HS_HexA7_HexN7_Ac2_S18_pNP	7	7	14	2	18	C94H142N8O129S18	4362.507996	20
HS_HexA7_HexN7_Ac2_S18_pNP	7	7	14	2	18	C94H142N8O129S18	4379.534545	21
HS_HexA7_HexN7_Ac2_S18_pNP	7	7	14	2	18	C94H142N8O129S18	4396.561094	22
HS_HexA7_HexN7_Ac2_S18_pNP	7	7	14	2	18	C94H142N8O129S18	4413.587643	23
HS_HexA7_HexN7_Ac2_S18_pNP	7	7	14	2	18	C94H142N8O129S18	4430.614192	24
HS_HexA7_HexN7_Ac2_S18_pNP	7	7	14	2	18	C94H142N8O129S18	4447.640741	25
HS_HexA7_HexN7_Ac2_S19_pNP	7	7	14	2	19	C94H142N8O132S19	4101.933829	0
HS_HexA7_HexN7_Ac2_S19_pNP	7	7	14	2	19	C94H142N8O132S19	4118.960378	1
HS_HexA7_HexN7_Ac2_S19_pNP	7	7	14	2	19	C94H142N8O132S19	4135.986927	2
HS_HexA7_HexN7_Ac2_S19_pNP	7	7	14	2	19	C94H142N8O132S19	4153.013476	3
HS_HexA7_HexN7_Ac2_S19_pNP	7	7	14	2	19	C94H142N8O132S19	4170.040025	4
HS_HexA7_HexN7_Ac2_S19_pNP	7	7	14	2	19	C94H142N8O132S19	4187.066574	5
HS_HexA7_HexN7_Ac2_S19_pNP	7	7	14	2	19	C94H142N8O132S19	4204.093123	6
HS_HexA7_HexN7_Ac2_S19_pNP	7	7	14	2	19	C94H142N8O132S19	4221.119672	7
HS_HexA7_HexN7_Ac2_S19_pNP	7	7	14	2	19	C94H142N8O132S19	4238.146222	8
HS_HexA7_HexN7_Ac2_S19_pNP	7	7	14	2	19	C94H142N8O132S19	4255.172771	9
HS_HexA7_HexN7_Ac2_S19_pNP	7	7	14	2	19	C94H142N8O132S19	4272.199320	10
HS_HexA7_HexN7_Ac2_S19_pNP	7	7	14	2	19	C94H142N8O132S19	4289.225869	11
HS_HexA7_HexN7_Ac2_S19_pNP	7	7	14	2	19	C94H142N8O132S19	4306.252418	12
HS_HexA7_HexN7_Ac2_S19_pNP	7	7	14	2	19	C94H142N8O132S19	4323.278967	13
HS_HexA7_HexN7_Ac2_S19_pNP	7	7	14	2	19	C94H142N8O132S19	4340.305516	14
HS_HexA7_HexN7_Ac2_S19_pNP	7	7	14	2	19	C94H142N8O132S19	4357.332065	15
HS_HexA7_HexN7_Ac2_S19_pNP	7	7	14	2	19	C94H142N8O132S19	4374.358614	16
HS_HexA7_HexN7_Ac2_S19_pNP	7	7	14	2	19	C94H142N8O132S19	4391.385163	17
HS_HexA7_HexN7_Ac2_S19_pNP	7	7	14	2	19	C94H142N8O132S19	4408.411713	18
HS_HexA7_HexN7_Ac2_S19_pNP	7	7	14	2	19	C94H142N8O132S19	4425.438262	19
HS_HexA7_HexN7_Ac2_S19_pNP	7	7	14	2	19	C94H142N8O132S19	4442.464811	20
HS_HexA7_HexN7_Ac2_S19_pNP	7	7	14	2	19	C94H142N8O132S19	4459.491360	21
HS_HexA7_HexN7_Ac2_S19_pNP	7	7	14	2	19	C94H142N8O132S19	4476.517909	22
HS_HexA7_HexN7_Ac2_S19_pNP	7	7	14	2	19	C94H142N8O132S19	4493.544458	23
HS_HexA7_HexN7_Ac2_S19_pNP	7	7	14	2	19	C94H142N8O132S19	4510.571007	24
HS_HexA7_HexN7_Ac2_S19_pNP	7	7	14	2	19	C94H142N8O132S19	4527.597556	25
HS_HexA7_HexN7_Ac2_S19_pNP	7	7	14	2	19	C94H142N8O132S19	4544.624105	26
HS_HexA7_HexN7_Ac2_S20_pNP	7	7	14	2	20	C94H142N8O135S20	4181.890644	0
HS_HexA7_HexN7_Ac2_S20_pNP	7	7	14	2	20	C94H142N8O135S20	4198.917193	1
HS_HexA7_HexN7_Ac2_S20_pNP	7	7	14	2	20	C94H142N8O135S20	4215.943742	2
HS_HexA7_HexN7_Ac2_S20_pNP	7	7	14	2	20	C94H142N8O135S20	4232.970291	3
HS_HexA7_HexN7_Ac2_S20_pNP	7	7	14	2	20	C94H142N8O135S20	4249.996840	4
HS_HexA7_HexN7_Ac2_S20_pNP	7	7	14	2	20	C94H142N8O135S20	4267.023389	5
HS_HexA7_HexN7_Ac2_S20_pNP	7	7	14	2	20	C94H142N8O135S20	4284.049938	6
HS_HexA7_HexN7_Ac2_S20_pNP	7	7	14	2	20	C94H142N8O135S20	4301.076487	7
HS_HexA7_HexN7_Ac2_S20_pNP	7	7	14	2	20	C94H142N8O135S20	4318.103037	8
HS_HexA7_HexN7_Ac2_S20_pNP	7	7	14	2	20	C94H142N8O135S20	4335.129586	9
HS_HexA7_HexN7_Ac2_S20_pNP	7	7	14	2	20	C94H142N8O135S20	4352.156135	10
HS_HexA7_HexN7_Ac2_S20_pNP	7	7	14	2	20	C94H142N8O135S20	4369.182684	11
HS_HexA7_HexN7_Ac2_S20_pNP	7	7	14	2	20	C94H142N8O135S20	4386.209233	12
HS_HexA7_HexN7_Ac2_S20_pNP	7	7	14	2	20	C94H142N8O135S20	4403.235782	13
HS_HexA7_HexN7_Ac2_S20_pNP	7	7	14	2	20	C94H142N8O135S20	4420.262331	14
HS_HexA7_HexN7_Ac2_S20_pNP	7	7	14	2	20	C94H142N8O135S20	4437.288880	15
HS_HexA7_HexN7_Ac2_S20_pNP	7	7	14	2	20	C94H142N8O135S20	4454.315429	16
HS_HexA7_HexN7_Ac2_S20_pNP	7	7	14	2	20	C94H142N8O135S20	4471.341978	17
HS_HexA7_HexN7_Ac2_S20_pNP	7	7	14	2	20	C94H142N8O135S20	4488.368528	18
HS_HexA7_HexN7_Ac2_S20_pNP	7	7	14	2	20	C94H142N8O135S20	4505.395077	19
HS_HexA7_HexN7_Ac2_S20_pNP	7	7	14	2	20	C94H142N8O135S20	4522.421626	20
HS_HexA7_HexN7_Ac2_S20_pNP	7	7	14	2	20	C94H142N8O135S20	4539.448175	21
HS_HexA7_HexN7_Ac2_S20_pNP	7	7	14	2	20	C94H142N8O135S20	4556.474724	22
HS_HexA7_HexN7_Ac2_S20_pNP	7	7	14	2	20	C94H142N8O135S20	4573.501273	23
HS_HexA7_HexN7_Ac2_S20_pNP	7	7	14	2	20	C94H142N8O135S20	4590.527822	24
HS_HexA7_HexN7_Ac2_S20_pNP	7	7	14	2	20	C94H142N8O135S20	4607.554371	25
HS_HexA7_HexN7_Ac2_S20_pNP	7	7	14	2	20	C94H142N8O135S20	4624.580920	26
HS_HexA7_HexN7_Ac2_S20_pNP	7	7	14	2	20	C94H142N8O135S20	4641.607469	27
HS_HexA7_HexN7_Ac2_S21_pNP	7	7	14	2	21	C94H142N8O138S21	4261.847459	0
HS_HexA7_HexN7_Ac2_S21_pNP	7	7	14	2	21	C94H142N8O138S21	4278.874008	1
HS_HexA7_HexN7_Ac2_S21_pNP	7	7	14	2	21	C94H142N8O138S21	4295.900557	2
HS_HexA7_HexN7_Ac2_S21_pNP	7	7	14	2	21	C94H142N8O138S21	4312.927106	3
HS_HexA7_HexN7_Ac2_S21_pNP	7	7	14	2	21	C94H142N8O138S21	4329.953655	4
HS_HexA7_HexN7_Ac2_S21_pNP	7	7	14	2	21	C94H142N8O138S21	4346.980204	5
HS_HexA7_HexN7_Ac2_S21_pNP	7	7	14	2	21	C94H142N8O138S21	4364.006753	6
HS_HexA7_HexN7_Ac2_S21_pNP	7	7	14	2	21	C94H142N8O138S21	4381.033302	7
HS_HexA7_HexN7_Ac2_S21_pNP	7	7	14	2	21	C94H142N8O138S21	4398.059852	8
HS_HexA7_HexN7_Ac2_S21_pNP	7	7	14	2	21	C94H142N8O138S21	4415.086401	9
HS_HexA7_HexN7_Ac2_S21_pNP	7	7	14	2	21	C94H142N8O138S21	4432.112950	10
HS_HexA7_HexN7_Ac2_S21_pNP	7	7	14	2	21	C94H142N8O138S21	4449.139499	11
HS_HexA7_HexN7_Ac2_S21_pNP	7	7	14	2	21	C94H142N8O138S21	4466.166048	12
HS_HexA7_HexN7_Ac2_S21_pNP	7	7	14	2	21	C94H142N8O138S21	4483.192597	13
HS_HexA7_HexN7_Ac2_S21_pNP	7	7	14	2	21	C94H142N8O138S21	4500.219146	14
HS_HexA7_HexN7_Ac2_S21_pNP	7	7	14	2	21	C94H142N8O138S21	4517.245695	15
HS_HexA7_HexN7_Ac2_S21_pNP	7	7	14	2	21	C94H142N8O138S21	4534.272244	16
HS_HexA7_HexN7_Ac2_S21_pNP	7	7	14	2	21	C94H142N8O138S21	4551.298793	17
HS_HexA7_HexN7_Ac2_S21_pNP	7	7	14	2	21	C94H142N8O138S21	4568.325343	18
HS_HexA7_HexN7_Ac2_S21_pNP	7	7	14	2	21	C94H142N8O138S21	4585.351892	19
HS_HexA7_HexN7_Ac2_S21_pNP	7	7	14	2	21	C94H142N8O138S21	4602.378441	20
HS_HexA7_HexN7_Ac2_S21_pNP	7	7	14	2	21	C94H142N8O138S21	4619.404990	21
HS_HexA7_HexN7_Ac2_S21_pNP	7	7	14	2	21	C94H142N8O138S21	4636.431539	22
HS_HexA7_HexN7_Ac2_S21_pNP	7	7	14	2	21	C94H142N8O138S21	4653.458088	23
HS_HexA7_HexN7_Ac2_S21_pNP	7	7	14	2	21	C94H142N8O138S21	4670.484637	24
HS_HexA7_HexN7_Ac2_S21_pNP	7	7	14	2	21	C94H142N8O138S21	4687.511186	25
HS_HexA7_HexN7_Ac2_S21_pNP	7	7	14	2	21	C94H142N8O138S21	4704.537735	26
HS_HexA7_HexN7_Ac2_S21_pNP	7	7	14	2	21	C94H142N8O138S21	4721.564285	27
HS_HexA7_HexN7_Ac2_S21_pNP	7	7	14	2	21	C94H142N8O138S21	4738.590834	28
HS_HexA7_HexN7_Ac3_S0_pNP	7	7	14	3	0	C96H144N8O76	2624.764908	0
HS_HexA7_HexN7_Ac3_S0_pNP	7	7	14	3	0	C96H144N8O76	2641.791457	1
HS_HexA7_HexN7_Ac3_S0_pNP	7	7	14	3	0	C96H144N8O76	2658.818006	2
HS_HexA7_HexN7_Ac3_S0_pNP	7	7	14	3	0	C96H144N8O76	2675.844555	3
HS_HexA7_HexN7_Ac3_S0_pNP	7	7	14	3	0	C96H144N8O76	2692.871104	4
HS_HexA7_HexN7_Ac3_S0_pNP	7	7	14	3	0	C96H144N8O76	2709.897653	5
HS_HexA7_HexN7_Ac3_S0_pNP	7	7	14	3	0	C96H144N8O76	2726.924202	6
HS_HexA7_HexN7_Ac3_S0_pNP	7	7	14	3	0	C96H144N8O76	2743.950751	7
HS_HexA7_HexN7_Ac3_S1_pNP	7	7	14	3	1	C96H144N8O79S	2704.721723	0
HS_HexA7_HexN7_Ac3_S1_pNP	7	7	14	3	1	C96H144N8O79S	2721.748272	1
HS_HexA7_HexN7_Ac3_S1_pNP	7	7	14	3	1	C96H144N8O79S	2738.774821	2
HS_HexA7_HexN7_Ac3_S1_pNP	7	7	14	3	1	C96H144N8O79S	2755.801370	3
HS_HexA7_HexN7_Ac3_S1_pNP	7	7	14	3	1	C96H144N8O79S	2772.827919	4
HS_HexA7_HexN7_Ac3_S1_pNP	7	7	14	3	1	C96H144N8O79S	2789.854468	5
HS_HexA7_HexN7_Ac3_S1_pNP	7	7	14	3	1	C96H144N8O79S	2806.881017	6
HS_HexA7_HexN7_Ac3_S1_pNP	7	7	14	3	1	C96H144N8O79S	2823.907567	7
HS_HexA7_HexN7_Ac3_S1_pNP	7	7	14	3	1	C96H144N8O79S	2840.934116	8
HS_HexA7_HexN7_Ac3_S2_pNP	7	7	14	3	2	C96H144N8O82S2	2784.678538	0
HS_HexA7_HexN7_Ac3_S2_pNP	7	7	14	3	2	C96H144N8O82S2	2801.705087	1
HS_HexA7_HexN7_Ac3_S2_pNP	7	7	14	3	2	C96H144N8O82S2	2818.731636	2
HS_HexA7_HexN7_Ac3_S2_pNP	7	7	14	3	2	C96H144N8O82S2	2835.758185	3
HS_HexA7_HexN7_Ac3_S2_pNP	7	7	14	3	2	C96H144N8O82S2	2852.784734	4
HS_HexA7_HexN7_Ac3_S2_pNP	7	7	14	3	2	C96H144N8O82S2	2869.811283	5
HS_HexA7_HexN7_Ac3_S2_pNP	7	7	14	3	2	C96H144N8O82S2	2886.837832	6
HS_HexA7_HexN7_Ac3_S2_pNP	7	7	14	3	2	C96H144N8O82S2	2903.864382	7
HS_HexA7_HexN7_Ac3_S2_pNP	7	7	14	3	2	C96H144N8O82S2	2920.890931	8
HS_HexA7_HexN7_Ac3_S2_pNP	7	7	14	3	2	C96H144N8O82S2	2937.917480	9
HS_HexA7_HexN7_Ac3_S3_pNP	7	7	14	3	3	C96H144N8O85S3	2864.635353	0
HS_HexA7_HexN7_Ac3_S3_pNP	7	7	14	3	3	C96H144N8O85S3	2881.661902	1
HS_HexA7_HexN7_Ac3_S3_pNP	7	7	14	3	3	C96H144N8O85S3	2898.688451	2
HS_HexA7_HexN7_Ac3_S3_pNP	7	7	14	3	3	C96H144N8O85S3	2915.715000	3
HS_HexA7_HexN7_Ac3_S3_pNP	7	7	14	3	3	C96H144N8O85S3	2932.741549	4
HS_HexA7_HexN7_Ac3_S3_pNP	7	7	14	3	3	C96H144N8O85S3	2949.768098	5
HS_HexA7_HexN7_Ac3_S3_pNP	7	7	14	3	3	C96H144N8O85S3	2966.794647	6
HS_HexA7_HexN7_Ac3_S3_pNP	7	7	14	3	3	C96H144N8O85S3	2983.821197	7
HS_HexA7_HexN7_Ac3_S3_pNP	7	7	14	3	3	C96H144N8O85S3	3000.847746	8
HS_HexA7_HexN7_Ac3_S3_pNP	7	7	14	3	3	C96H144N8O85S3	3017.874295	9
HS_HexA7_HexN7_Ac3_S3_pNP	7	7	14	3	3	C96H144N8O85S3	3034.900844	10
HS_HexA7_HexN7_Ac3_S4_pNP	7	7	14	3	4	C96H144N8O88S4	2944.592168	0
HS_HexA7_HexN7_Ac3_S4_pNP	7	7	14	3	4	C96H144N8O88S4	2961.618717	1
HS_HexA7_HexN7_Ac3_S4_pNP	7	7	14	3	4	C96H144N8O88S4	2978.645266	2
HS_HexA7_HexN7_Ac3_S4_pNP	7	7	14	3	4	C96H144N8O88S4	2995.671815	3
HS_HexA7_HexN7_Ac3_S4_pNP	7	7	14	3	4	C96H144N8O88S4	3012.698364	4
HS_HexA7_HexN7_Ac3_S4_pNP	7	7	14	3	4	C96H144N8O88S4	3029.724913	5
HS_HexA7_HexN7_Ac3_S4_pNP	7	7	14	3	4	C96H144N8O88S4	3046.751463	6
HS_HexA7_HexN7_Ac3_S4_pNP	7	7	14	3	4	C96H144N8O88S4	3063.778012	7
HS_HexA7_HexN7_Ac3_S4_pNP	7	7	14	3	4	C96H144N8O88S4	3080.804561	8
HS_HexA7_HexN7_Ac3_S4_pNP	7	7	14	3	4	C96H144N8O88S4	3097.831110	9
HS_HexA7_HexN7_Ac3_S4_pNP	7	7	14	3	4	C96H144N8O88S4	3114.857659	10
HS_HexA7_HexN7_Ac3_S4_pNP	7	7	14	3	4	C96H144N8O88S4	3131.884208	11
HS_HexA7_HexN7_Ac3_S5_pNP	7	7	14	3	5	C96H144N8O91S5	3024.548983	0
HS_HexA7_HexN7_Ac3_S5_pNP	7	7	14	3	5	C96H144N8O91S5	3041.575532	1
HS_HexA7_HexN7_Ac3_S5_pNP	7	7	14	3	5	C96H144N8O91S5	3058.602081	2
HS_HexA7_HexN7_Ac3_S5_pNP	7	7	14	3	5	C96H144N8O91S5	3075.628630	3
HS_HexA7_HexN7_Ac3_S5_pNP	7	7	14	3	5	C96H144N8O91S5	3092.655179	4
HS_HexA7_HexN7_Ac3_S5_pNP	7	7	14	3	5	C96H144N8O91S5	3109.681728	5
HS_HexA7_HexN7_Ac3_S5_pNP	7	7	14	3	5	C96H144N8O91S5	3126.708278	6
HS_HexA7_HexN7_Ac3_S5_pNP	7	7	14	3	5	C96H144N8O91S5	3143.734827	7
HS_HexA7_HexN7_Ac3_S5_pNP	7	7	14	3	5	C96H144N8O91S5	3160.761376	8
HS_HexA7_HexN7_Ac3_S5_pNP	7	7	14	3	5	C96H144N8O91S5	3177.787925	9
HS_HexA7_HexN7_Ac3_S5_pNP	7	7	14	3	5	C96H144N8O91S5	3194.814474	10
HS_HexA7_HexN7_Ac3_S5_pNP	7	7	14	3	5	C96H144N8O91S5	3211.841023	11
HS_HexA7_HexN7_Ac3_S5_pNP	7	7	14	3	5	C96H144N8O91S5	3228.867572	12
HS_HexA7_HexN7_Ac3_S6_pNP	7	7	14	3	6	C96H144N8O94S6	3104.505798	0
HS_HexA7_HexN7_Ac3_S6_pNP	7	7	14	3	6	C96H144N8O94S6	3121.532347	1
HS_HexA7_HexN7_Ac3_S6_pNP	7	7	14	3	6	C96H144N8O94S6	3138.558896	2
HS_HexA7_HexN7_Ac3_S6_pNP	7	7	14	3	6	C96H144N8O94S6	3155.585445	3
HS_HexA7_HexN7_Ac3_S6_pNP	7	7	14	3	6	C96H144N8O94S6	3172.611994	4
HS_HexA7_HexN7_Ac3_S6_pNP	7	7	14	3	6	C96H144N8O94S6	3189.638543	5
HS_HexA7_HexN7_Ac3_S6_pNP	7	7	14	3	6	C96H144N8O94S6	3206.665093	6
HS_HexA7_HexN7_Ac3_S6_pNP	7	7	14	3	6	C96H144N8O94S6	3223.691642	7
HS_HexA7_HexN7_Ac3_S6_pNP	7	7	14	3	6	C96H144N8O94S6	3240.718191	8
HS_HexA7_HexN7_Ac3_S6_pNP	7	7	14	3	6	C96H144N8O94S6	3257.744740	9
HS_HexA7_HexN7_Ac3_S6_pNP	7	7	14	3	6	C96H144N8O94S6	3274.771289	10
HS_HexA7_HexN7_Ac3_S6_pNP	7	7	14	3	6	C96H144N8O94S6	3291.797838	11
HS_HexA7_HexN7_Ac3_S6_pNP	7	7	14	3	6	C96H144N8O94S6	3308.824387	12
HS_HexA7_HexN7_Ac3_S6_pNP	7	7	14	3	6	C96H144N8O94S6	3325.850936	13
HS_HexA7_HexN7_Ac3_S7_pNP	7	7	14	3	7	C96H144N8O97S7	3184.462613	0
HS_HexA7_HexN7_Ac3_S7_pNP	7	7	14	3	7	C96H144N8O97S7	3201.489162	1
HS_HexA7_HexN7_Ac3_S7_pNP	7	7	14	3	7	C96H144N8O97S7	3218.515711	2
HS_HexA7_HexN7_Ac3_S7_pNP	7	7	14	3	7	C96H144N8O97S7	3235.542260	3
HS_HexA7_HexN7_Ac3_S7_pNP	7	7	14	3	7	C96H144N8O97S7	3252.568809	4
HS_HexA7_HexN7_Ac3_S7_pNP	7	7	14	3	7	C96H144N8O97S7	3269.595359	5
HS_HexA7_HexN7_Ac3_S7_pNP	7	7	14	3	7	C96H144N8O97S7	3286.621908	6
HS_HexA7_HexN7_Ac3_S7_pNP	7	7	14	3	7	C96H144N8O97S7	3303.648457	7
HS_HexA7_HexN7_Ac3_S7_pNP	7	7	14	3	7	C96H144N8O97S7	3320.675006	8
HS_HexA7_HexN7_Ac3_S7_pNP	7	7	14	3	7	C96H144N8O97S7	3337.701555	9
HS_HexA7_HexN7_Ac3_S7_pNP	7	7	14	3	7	C96H144N8O97S7	3354.728104	10
HS_HexA7_HexN7_Ac3_S7_pNP	7	7	14	3	7	C96H144N8O97S7	3371.754653	11
HS_HexA7_HexN7_Ac3_S7_pNP	7	7	14	3	7	C96H144N8O97S7	3388.781202	12
HS_HexA7_HexN7_Ac3_S7_pNP	7	7	14	3	7	C96H144N8O97S7	3405.807751	13
HS_HexA7_HexN7_Ac3_S7_pNP	7	7	14	3	7	C96H144N8O97S7	3422.834300	14
HS_HexA7_HexN7_Ac3_S8_pNP	7	7	14	3	8	C96H144N8O100S8	3264.419428	0
HS_HexA7_HexN7_Ac3_S8_pNP	7	7	14	3	8	C96H144N8O100S8	3281.445977	1
HS_HexA7_HexN7_Ac3_S8_pNP	7	7	14	3	8	C96H144N8O100S8	3298.472526	2
HS_HexA7_HexN7_Ac3_S8_pNP	7	7	14	3	8	C96H144N8O100S8	3315.499075	3
HS_HexA7_HexN7_Ac3_S8_pNP	7	7	14	3	8	C96H144N8O100S8	3332.525624	4
HS_HexA7_HexN7_Ac3_S8_pNP	7	7	14	3	8	C96H144N8O100S8	3349.552174	5
HS_HexA7_HexN7_Ac3_S8_pNP	7	7	14	3	8	C96H144N8O100S8	3366.578723	6
HS_HexA7_HexN7_Ac3_S8_pNP	7	7	14	3	8	C96H144N8O100S8	3383.605272	7
HS_HexA7_HexN7_Ac3_S8_pNP	7	7	14	3	8	C96H144N8O100S8	3400.631821	8
HS_HexA7_HexN7_Ac3_S8_pNP	7	7	14	3	8	C96H144N8O100S8	3417.658370	9
HS_HexA7_HexN7_Ac3_S8_pNP	7	7	14	3	8	C96H144N8O100S8	3434.684919	10
HS_HexA7_HexN7_Ac3_S8_pNP	7	7	14	3	8	C96H144N8O100S8	3451.711468	11
HS_HexA7_HexN7_Ac3_S8_pNP	7	7	14	3	8	C96H144N8O100S8	3468.738017	12
HS_HexA7_HexN7_Ac3_S8_pNP	7	7	14	3	8	C96H144N8O100S8	3485.764566	13
HS_HexA7_HexN7_Ac3_S8_pNP	7	7	14	3	8	C96H144N8O100S8	3502.791115	14
HS_HexA7_HexN7_Ac3_S8_pNP	7	7	14	3	8	C96H144N8O100S8	3519.817665	15
HS_HexA7_HexN7_Ac3_S9_pNP	7	7	14	3	9	C96H144N8O103S9	3344.376243	0
HS_HexA7_HexN7_Ac3_S9_pNP	7	7	14	3	9	C96H144N8O103S9	3361.402792	1
HS_HexA7_HexN7_Ac3_S9_pNP	7	7	14	3	9	C96H144N8O103S9	3378.429341	2
HS_HexA7_HexN7_Ac3_S9_pNP	7	7	14	3	9	C96H144N8O103S9	3395.455890	3
HS_HexA7_HexN7_Ac3_S9_pNP	7	7	14	3	9	C96H144N8O103S9	3412.482439	4
HS_HexA7_HexN7_Ac3_S9_pNP	7	7	14	3	9	C96H144N8O103S9	3429.508989	5
HS_HexA7_HexN7_Ac3_S9_pNP	7	7	14	3	9	C96H144N8O103S9	3446.535538	6
HS_HexA7_HexN7_Ac3_S9_pNP	7	7	14	3	9	C96H144N8O103S9	3463.562087	7
HS_HexA7_HexN7_Ac3_S9_pNP	7	7	14	3	9	C96H144N8O103S9	3480.588636	8
HS_HexA7_HexN7_Ac3_S9_pNP	7	7	14	3	9	C96H144N8O103S9	3497.615185	9
HS_HexA7_HexN7_Ac3_S9_pNP	7	7	14	3	9	C96H144N8O103S9	3514.641734	10
HS_HexA7_HexN7_Ac3_S9_pNP	7	7	14	3	9	C96H144N8O103S9	3531.668283	11
HS_HexA7_HexN7_Ac3_S9_pNP	7	7	14	3	9	C96H144N8O103S9	3548.694832	12
HS_HexA7_HexN7_Ac3_S9_pNP	7	7	14	3	9	C96H144N8O103S9	3565.721381	13
HS_HexA7_HexN7_Ac3_S9_pNP	7	7	14	3	9	C96H144N8O103S9	3582.747930	14
HS_HexA7_HexN7_Ac3_S9_pNP	7	7	14	3	9	C96H144N8O103S9	3599.774480	15
HS_HexA7_HexN7_Ac3_S9_pNP	7	7	14	3	9	C96H144N8O103S9	3616.801029	16
HS_HexA7_HexN7_Ac3_S10_pNP	7	7	14	3	10	C96H144N8O106S10	3424.333058	0
HS_HexA7_HexN7_Ac3_S10_pNP	7	7	14	3	10	C96H144N8O106S10	3441.359607	1
HS_HexA7_HexN7_Ac3_S10_pNP	7	7	14	3	10	C96H144N8O106S10	3458.386156	2
HS_HexA7_HexN7_Ac3_S10_pNP	7	7	14	3	10	C96H144N8O106S10	3475.412705	3
HS_HexA7_HexN7_Ac3_S10_pNP	7	7	14	3	10	C96H144N8O106S10	3492.439254	4
HS_HexA7_HexN7_Ac3_S10_pNP	7	7	14	3	10	C96H144N8O106S10	3509.465804	5
HS_HexA7_HexN7_Ac3_S10_pNP	7	7	14	3	10	C96H144N8O106S10	3526.492353	6
HS_HexA7_HexN7_Ac3_S10_pNP	7	7	14	3	10	C96H144N8O106S10	3543.518902	7
HS_HexA7_HexN7_Ac3_S10_pNP	7	7	14	3	10	C96H144N8O106S10	3560.545451	8
HS_HexA7_HexN7_Ac3_S10_pNP	7	7	14	3	10	C96H144N8O106S10	3577.572000	9
HS_HexA7_HexN7_Ac3_S10_pNP	7	7	14	3	10	C96H144N8O106S10	3594.598549	10
HS_HexA7_HexN7_Ac3_S10_pNP	7	7	14	3	10	C96H144N8O106S10	3611.625098	11
HS_HexA7_HexN7_Ac3_S10_pNP	7	7	14	3	10	C96H144N8O106S10	3628.651647	12
HS_HexA7_HexN7_Ac3_S10_pNP	7	7	14	3	10	C96H144N8O106S10	3645.678196	13
HS_HexA7_HexN7_Ac3_S10_pNP	7	7	14	3	10	C96H144N8O106S10	3662.704746	14
HS_HexA7_HexN7_Ac3_S10_pNP	7	7	14	3	10	C96H144N8O106S10	3679.731295	15
HS_HexA7_HexN7_Ac3_S10_pNP	7	7	14	3	10	C96H144N8O106S10	3696.757844	16
HS_HexA7_HexN7_Ac3_S10_pNP	7	7	14	3	10	C96H144N8O106S10	3713.784393	17
HS_HexA7_HexN7_Ac3_S11_pNP	7	7	14	3	11	C96H144N8O109S11	3504.289873	0
HS_HexA7_HexN7_Ac3_S11_pNP	7	7	14	3	11	C96H144N8O109S11	3521.316422	1
HS_HexA7_HexN7_Ac3_S11_pNP	7	7	14	3	11	C96H144N8O109S11	3538.342971	2
HS_HexA7_HexN7_Ac3_S11_pNP	7	7	14	3	11	C96H144N8O109S11	3555.369520	3
HS_HexA7_HexN7_Ac3_S11_pNP	7	7	14	3	11	C96H144N8O109S11	3572.396070	4
HS_HexA7_HexN7_Ac3_S11_pNP	7	7	14	3	11	C96H144N8O109S11	3589.422619	5
HS_HexA7_HexN7_Ac3_S11_pNP	7	7	14	3	11	C96H144N8O109S11	3606.449168	6
HS_HexA7_HexN7_Ac3_S11_pNP	7	7	14	3	11	C96H144N8O109S11	3623.475717	7
HS_HexA7_HexN7_Ac3_S11_pNP	7	7	14	3	11	C96H144N8O109S11	3640.502266	8
HS_HexA7_HexN7_Ac3_S11_pNP	7	7	14	3	11	C96H144N8O109S11	3657.528815	9
HS_HexA7_HexN7_Ac3_S11_pNP	7	7	14	3	11	C96H144N8O109S11	3674.555364	10
HS_HexA7_HexN7_Ac3_S11_pNP	7	7	14	3	11	C96H144N8O109S11	3691.581913	11
HS_HexA7_HexN7_Ac3_S11_pNP	7	7	14	3	11	C96H144N8O109S11	3708.608462	12
HS_HexA7_HexN7_Ac3_S11_pNP	7	7	14	3	11	C96H144N8O109S11	3725.635011	13
HS_HexA7_HexN7_Ac3_S11_pNP	7	7	14	3	11	C96H144N8O109S11	3742.661561	14
HS_HexA7_HexN7_Ac3_S11_pNP	7	7	14	3	11	C96H144N8O109S11	3759.688110	15
HS_HexA7_HexN7_Ac3_S11_pNP	7	7	14	3	11	C96H144N8O109S11	3776.714659	16
HS_HexA7_HexN7_Ac3_S11_pNP	7	7	14	3	11	C96H144N8O109S11	3793.741208	17
HS_HexA7_HexN7_Ac3_S11_pNP	7	7	14	3	11	C96H144N8O109S11	3810.767757	18
HS_HexA7_HexN7_Ac3_S12_pNP	7	7	14	3	12	C96H144N8O112S12	3584.246688	0
HS_HexA7_HexN7_Ac3_S12_pNP	7	7	14	3	12	C96H144N8O112S12	3601.273237	1
HS_HexA7_HexN7_Ac3_S12_pNP	7	7	14	3	12	C96H144N8O112S12	3618.299786	2
HS_HexA7_HexN7_Ac3_S12_pNP	7	7	14	3	12	C96H144N8O112S12	3635.326335	3
HS_HexA7_HexN7_Ac3_S12_pNP	7	7	14	3	12	C96H144N8O112S12	3652.352885	4
HS_HexA7_HexN7_Ac3_S12_pNP	7	7	14	3	12	C96H144N8O112S12	3669.379434	5
HS_HexA7_HexN7_Ac3_S12_pNP	7	7	14	3	12	C96H144N8O112S12	3686.405983	6
HS_HexA7_HexN7_Ac3_S12_pNP	7	7	14	3	12	C96H144N8O112S12	3703.432532	7
HS_HexA7_HexN7_Ac3_S12_pNP	7	7	14	3	12	C96H144N8O112S12	3720.459081	8
HS_HexA7_HexN7_Ac3_S12_pNP	7	7	14	3	12	C96H144N8O112S12	3737.485630	9
HS_HexA7_HexN7_Ac3_S12_pNP	7	7	14	3	12	C96H144N8O112S12	3754.512179	10
HS_HexA7_HexN7_Ac3_S12_pNP	7	7	14	3	12	C96H144N8O112S12	3771.538728	11
HS_HexA7_HexN7_Ac3_S12_pNP	7	7	14	3	12	C96H144N8O112S12	3788.565277	12
HS_HexA7_HexN7_Ac3_S12_pNP	7	7	14	3	12	C96H144N8O112S12	3805.591826	13
HS_HexA7_HexN7_Ac3_S12_pNP	7	7	14	3	12	C96H144N8O112S12	3822.618376	14
HS_HexA7_HexN7_Ac3_S12_pNP	7	7	14	3	12	C96H144N8O112S12	3839.644925	15
HS_HexA7_HexN7_Ac3_S12_pNP	7	7	14	3	12	C96H144N8O112S12	3856.671474	16
HS_HexA7_HexN7_Ac3_S12_pNP	7	7	14	3	12	C96H144N8O112S12	3873.698023	17
HS_HexA7_HexN7_Ac3_S12_pNP	7	7	14	3	12	C96H144N8O112S12	3890.724572	18
HS_HexA7_HexN7_Ac3_S12_pNP	7	7	14	3	12	C96H144N8O112S12	3907.751121	19
HS_HexA7_HexN7_Ac3_S13_pNP	7	7	14	3	13	C96H144N8O115S13	3664.203503	0
HS_HexA7_HexN7_Ac3_S13_pNP	7	7	14	3	13	C96H144N8O115S13	3681.230052	1
HS_HexA7_HexN7_Ac3_S13_pNP	7	7	14	3	13	C96H144N8O115S13	3698.256601	2
HS_HexA7_HexN7_Ac3_S13_pNP	7	7	14	3	13	C96H144N8O115S13	3715.283150	3
HS_HexA7_HexN7_Ac3_S13_pNP	7	7	14	3	13	C96H144N8O115S13	3732.309700	4
HS_HexA7_HexN7_Ac3_S13_pNP	7	7	14	3	13	C96H144N8O115S13	3749.336249	5
HS_HexA7_HexN7_Ac3_S13_pNP	7	7	14	3	13	C96H144N8O115S13	3766.362798	6
HS_HexA7_HexN7_Ac3_S13_pNP	7	7	14	3	13	C96H144N8O115S13	3783.389347	7
HS_HexA7_HexN7_Ac3_S13_pNP	7	7	14	3	13	C96H144N8O115S13	3800.415896	8
HS_HexA7_HexN7_Ac3_S13_pNP	7	7	14	3	13	C96H144N8O115S13	3817.442445	9
HS_HexA7_HexN7_Ac3_S13_pNP	7	7	14	3	13	C96H144N8O115S13	3834.468994	10
HS_HexA7_HexN7_Ac3_S13_pNP	7	7	14	3	13	C96H144N8O115S13	3851.495543	11
HS_HexA7_HexN7_Ac3_S13_pNP	7	7	14	3	13	C96H144N8O115S13	3868.522092	12
HS_HexA7_HexN7_Ac3_S13_pNP	7	7	14	3	13	C96H144N8O115S13	3885.548642	13
HS_HexA7_HexN7_Ac3_S13_pNP	7	7	14	3	13	C96H144N8O115S13	3902.575191	14
HS_HexA7_HexN7_Ac3_S13_pNP	7	7	14	3	13	C96H144N8O115S13	3919.601740	15
HS_HexA7_HexN7_Ac3_S13_pNP	7	7	14	3	13	C96H144N8O115S13	3936.628289	16
HS_HexA7_HexN7_Ac3_S13_pNP	7	7	14	3	13	C96H144N8O115S13	3953.654838	17
HS_HexA7_HexN7_Ac3_S13_pNP	7	7	14	3	13	C96H144N8O115S13	3970.681387	18
HS_HexA7_HexN7_Ac3_S13_pNP	7	7	14	3	13	C96H144N8O115S13	3987.707936	19
HS_HexA7_HexN7_Ac3_S13_pNP	7	7	14	3	13	C96H144N8O115S13	4004.734485	20
HS_HexA7_HexN7_Ac3_S14_pNP	7	7	14	3	14	C96H144N8O118S14	3744.160318	0
HS_HexA7_HexN7_Ac3_S14_pNP	7	7	14	3	14	C96H144N8O118S14	3761.186867	1
HS_HexA7_HexN7_Ac3_S14_pNP	7	7	14	3	14	C96H144N8O118S14	3778.213416	2
HS_HexA7_HexN7_Ac3_S14_pNP	7	7	14	3	14	C96H144N8O118S14	3795.239966	3
HS_HexA7_HexN7_Ac3_S14_pNP	7	7	14	3	14	C96H144N8O118S14	3812.266515	4
HS_HexA7_HexN7_Ac3_S14_pNP	7	7	14	3	14	C96H144N8O118S14	3829.293064	5
HS_HexA7_HexN7_Ac3_S14_pNP	7	7	14	3	14	C96H144N8O118S14	3846.319613	6
HS_HexA7_HexN7_Ac3_S14_pNP	7	7	14	3	14	C96H144N8O118S14	3863.346162	7
HS_HexA7_HexN7_Ac3_S14_pNP	7	7	14	3	14	C96H144N8O118S14	3880.372711	8
HS_HexA7_HexN7_Ac3_S14_pNP	7	7	14	3	14	C96H144N8O118S14	3897.399260	9
HS_HexA7_HexN7_Ac3_S14_pNP	7	7	14	3	14	C96H144N8O118S14	3914.425809	10
HS_HexA7_HexN7_Ac3_S14_pNP	7	7	14	3	14	C96H144N8O118S14	3931.452358	11
HS_HexA7_HexN7_Ac3_S14_pNP	7	7	14	3	14	C96H144N8O118S14	3948.478907	12
HS_HexA7_HexN7_Ac3_S14_pNP	7	7	14	3	14	C96H144N8O118S14	3965.505457	13
HS_HexA7_HexN7_Ac3_S14_pNP	7	7	14	3	14	C96H144N8O118S14	3982.532006	14
HS_HexA7_HexN7_Ac3_S14_pNP	7	7	14	3	14	C96H144N8O118S14	3999.558555	15
HS_HexA7_HexN7_Ac3_S14_pNP	7	7	14	3	14	C96H144N8O118S14	4016.585104	16
HS_HexA7_HexN7_Ac3_S14_pNP	7	7	14	3	14	C96H144N8O118S14	4033.611653	17
HS_HexA7_HexN7_Ac3_S14_pNP	7	7	14	3	14	C96H144N8O118S14	4050.638202	18
HS_HexA7_HexN7_Ac3_S14_pNP	7	7	14	3	14	C96H144N8O118S14	4067.664751	19
HS_HexA7_HexN7_Ac3_S14_pNP	7	7	14	3	14	C96H144N8O118S14	4084.691300	20
HS_HexA7_HexN7_Ac3_S14_pNP	7	7	14	3	14	C96H144N8O118S14	4101.717849	21
HS_HexA7_HexN7_Ac3_S15_pNP	7	7	14	3	15	C96H144N8O121S15	3824.117133	0
HS_HexA7_HexN7_Ac3_S15_pNP	7	7	14	3	15	C96H144N8O121S15	3841.143682	1
HS_HexA7_HexN7_Ac3_S15_pNP	7	7	14	3	15	C96H144N8O121S15	3858.170231	2
HS_HexA7_HexN7_Ac3_S15_pNP	7	7	14	3	15	C96H144N8O121S15	3875.196781	3
HS_HexA7_HexN7_Ac3_S15_pNP	7	7	14	3	15	C96H144N8O121S15	3892.223330	4
HS_HexA7_HexN7_Ac3_S15_pNP	7	7	14	3	15	C96H144N8O121S15	3909.249879	5
HS_HexA7_HexN7_Ac3_S15_pNP	7	7	14	3	15	C96H144N8O121S15	3926.276428	6
HS_HexA7_HexN7_Ac3_S15_pNP	7	7	14	3	15	C96H144N8O121S15	3943.302977	7
HS_HexA7_HexN7_Ac3_S15_pNP	7	7	14	3	15	C96H144N8O121S15	3960.329526	8
HS_HexA7_HexN7_Ac3_S15_pNP	7	7	14	3	15	C96H144N8O121S15	3977.356075	9
HS_HexA7_HexN7_Ac3_S15_pNP	7	7	14	3	15	C96H144N8O121S15	3994.382624	10
HS_HexA7_HexN7_Ac3_S15_pNP	7	7	14	3	15	C96H144N8O121S15	4011.409173	11
HS_HexA7_HexN7_Ac3_S15_pNP	7	7	14	3	15	C96H144N8O121S15	4028.435722	12
HS_HexA7_HexN7_Ac3_S15_pNP	7	7	14	3	15	C96H144N8O121S15	4045.462272	13
HS_HexA7_HexN7_Ac3_S15_pNP	7	7	14	3	15	C96H144N8O121S15	4062.488821	14
HS_HexA7_HexN7_Ac3_S15_pNP	7	7	14	3	15	C96H144N8O121S15	4079.515370	15
HS_HexA7_HexN7_Ac3_S15_pNP	7	7	14	3	15	C96H144N8O121S15	4096.541919	16
HS_HexA7_HexN7_Ac3_S15_pNP	7	7	14	3	15	C96H144N8O121S15	4113.568468	17
HS_HexA7_HexN7_Ac3_S15_pNP	7	7	14	3	15	C96H144N8O121S15	4130.595017	18
HS_HexA7_HexN7_Ac3_S15_pNP	7	7	14	3	15	C96H144N8O121S15	4147.621566	19
HS_HexA7_HexN7_Ac3_S15_pNP	7	7	14	3	15	C96H144N8O121S15	4164.648115	20
HS_HexA7_HexN7_Ac3_S15_pNP	7	7	14	3	15	C96H144N8O121S15	4181.674664	21
HS_HexA7_HexN7_Ac3_S15_pNP	7	7	14	3	15	C96H144N8O121S15	4198.701213	22
HS_HexA7_HexN7_Ac3_S16_pNP	7	7	14	3	16	C96H144N8O124S16	3904.073948	0
HS_HexA7_HexN7_Ac3_S16_pNP	7	7	14	3	16	C96H144N8O124S16	3921.100497	1
HS_HexA7_HexN7_Ac3_S16_pNP	7	7	14	3	16	C96H144N8O124S16	3938.127046	2
HS_HexA7_HexN7_Ac3_S16_pNP	7	7	14	3	16	C96H144N8O124S16	3955.153596	3
HS_HexA7_HexN7_Ac3_S16_pNP	7	7	14	3	16	C96H144N8O124S16	3972.180145	4
HS_HexA7_HexN7_Ac3_S16_pNP	7	7	14	3	16	C96H144N8O124S16	3989.206694	5
HS_HexA7_HexN7_Ac3_S16_pNP	7	7	14	3	16	C96H144N8O124S16	4006.233243	6
HS_HexA7_HexN7_Ac3_S16_pNP	7	7	14	3	16	C96H144N8O124S16	4023.259792	7
HS_HexA7_HexN7_Ac3_S16_pNP	7	7	14	3	16	C96H144N8O124S16	4040.286341	8
HS_HexA7_HexN7_Ac3_S16_pNP	7	7	14	3	16	C96H144N8O124S16	4057.312890	9
HS_HexA7_HexN7_Ac3_S16_pNP	7	7	14	3	16	C96H144N8O124S16	4074.339439	10
HS_HexA7_HexN7_Ac3_S16_pNP	7	7	14	3	16	C96H144N8O124S16	4091.365988	11
HS_HexA7_HexN7_Ac3_S16_pNP	7	7	14	3	16	C96H144N8O124S16	4108.392538	12
HS_HexA7_HexN7_Ac3_S16_pNP	7	7	14	3	16	C96H144N8O124S16	4125.419087	13
HS_HexA7_HexN7_Ac3_S16_pNP	7	7	14	3	16	C96H144N8O124S16	4142.445636	14
HS_HexA7_HexN7_Ac3_S16_pNP	7	7	14	3	16	C96H144N8O124S16	4159.472185	15
HS_HexA7_HexN7_Ac3_S16_pNP	7	7	14	3	16	C96H144N8O124S16	4176.498734	16
HS_HexA7_HexN7_Ac3_S16_pNP	7	7	14	3	16	C96H144N8O124S16	4193.525283	17
HS_HexA7_HexN7_Ac3_S16_pNP	7	7	14	3	16	C96H144N8O124S16	4210.551832	18
HS_HexA7_HexN7_Ac3_S16_pNP	7	7	14	3	16	C96H144N8O124S16	4227.578381	19
HS_HexA7_HexN7_Ac3_S16_pNP	7	7	14	3	16	C96H144N8O124S16	4244.604930	20
HS_HexA7_HexN7_Ac3_S16_pNP	7	7	14	3	16	C96H144N8O124S16	4261.631479	21
HS_HexA7_HexN7_Ac3_S16_pNP	7	7	14	3	16	C96H144N8O124S16	4278.658029	22
HS_HexA7_HexN7_Ac3_S16_pNP	7	7	14	3	16	C96H144N8O124S16	4295.684578	23
HS_HexA7_HexN7_Ac3_S17_pNP	7	7	14	3	17	C96H144N8O127S17	3984.030763	0
HS_HexA7_HexN7_Ac3_S17_pNP	7	7	14	3	17	C96H144N8O127S17	4001.057312	1
HS_HexA7_HexN7_Ac3_S17_pNP	7	7	14	3	17	C96H144N8O127S17	4018.083862	2
HS_HexA7_HexN7_Ac3_S17_pNP	7	7	14	3	17	C96H144N8O127S17	4035.110411	3
HS_HexA7_HexN7_Ac3_S17_pNP	7	7	14	3	17	C96H144N8O127S17	4052.136960	4
HS_HexA7_HexN7_Ac3_S17_pNP	7	7	14	3	17	C96H144N8O127S17	4069.163509	5
HS_HexA7_HexN7_Ac3_S17_pNP	7	7	14	3	17	C96H144N8O127S17	4086.190058	6
HS_HexA7_HexN7_Ac3_S17_pNP	7	7	14	3	17	C96H144N8O127S17	4103.216607	7
HS_HexA7_HexN7_Ac3_S17_pNP	7	7	14	3	17	C96H144N8O127S17	4120.243156	8
HS_HexA7_HexN7_Ac3_S17_pNP	7	7	14	3	17	C96H144N8O127S17	4137.269705	9
HS_HexA7_HexN7_Ac3_S17_pNP	7	7	14	3	17	C96H144N8O127S17	4154.296254	10
HS_HexA7_HexN7_Ac3_S17_pNP	7	7	14	3	17	C96H144N8O127S17	4171.322803	11
HS_HexA7_HexN7_Ac3_S17_pNP	7	7	14	3	17	C96H144N8O127S17	4188.349353	12
HS_HexA7_HexN7_Ac3_S17_pNP	7	7	14	3	17	C96H144N8O127S17	4205.375902	13
HS_HexA7_HexN7_Ac3_S17_pNP	7	7	14	3	17	C96H144N8O127S17	4222.402451	14
HS_HexA7_HexN7_Ac3_S17_pNP	7	7	14	3	17	C96H144N8O127S17	4239.429000	15
HS_HexA7_HexN7_Ac3_S17_pNP	7	7	14	3	17	C96H144N8O127S17	4256.455549	16
HS_HexA7_HexN7_Ac3_S17_pNP	7	7	14	3	17	C96H144N8O127S17	4273.482098	17
HS_HexA7_HexN7_Ac3_S17_pNP	7	7	14	3	17	C96H144N8O127S17	4290.508647	18
HS_HexA7_HexN7_Ac3_S17_pNP	7	7	14	3	17	C96H144N8O127S17	4307.535196	19
HS_HexA7_HexN7_Ac3_S17_pNP	7	7	14	3	17	C96H144N8O127S17	4324.561745	20
HS_HexA7_HexN7_Ac3_S17_pNP	7	7	14	3	17	C96H144N8O127S17	4341.588294	21
HS_HexA7_HexN7_Ac3_S17_pNP	7	7	14	3	17	C96H144N8O127S17	4358.614844	22
HS_HexA7_HexN7_Ac3_S17_pNP	7	7	14	3	17	C96H144N8O127S17	4375.641393	23
HS_HexA7_HexN7_Ac3_S17_pNP	7	7	14	3	17	C96H144N8O127S17	4392.667942	24
HS_HexA7_HexN7_Ac3_S18_pNP	7	7	14	3	18	C96H144N8O130S18	4063.987578	0
HS_HexA7_HexN7_Ac3_S18_pNP	7	7	14	3	18	C96H144N8O130S18	4081.014127	1
HS_HexA7_HexN7_Ac3_S18_pNP	7	7	14	3	18	C96H144N8O130S18	4098.040677	2
HS_HexA7_HexN7_Ac3_S18_pNP	7	7	14	3	18	C96H144N8O130S18	4115.067226	3
HS_HexA7_HexN7_Ac3_S18_pNP	7	7	14	3	18	C96H144N8O130S18	4132.093775	4
HS_HexA7_HexN7_Ac3_S18_pNP	7	7	14	3	18	C96H144N8O130S18	4149.120324	5
HS_HexA7_HexN7_Ac3_S18_pNP	7	7	14	3	18	C96H144N8O130S18	4166.146873	6
HS_HexA7_HexN7_Ac3_S18_pNP	7	7	14	3	18	C96H144N8O130S18	4183.173422	7
HS_HexA7_HexN7_Ac3_S18_pNP	7	7	14	3	18	C96H144N8O130S18	4200.199971	8
HS_HexA7_HexN7_Ac3_S18_pNP	7	7	14	3	18	C96H144N8O130S18	4217.226520	9
HS_HexA7_HexN7_Ac3_S18_pNP	7	7	14	3	18	C96H144N8O130S18	4234.253069	10
HS_HexA7_HexN7_Ac3_S18_pNP	7	7	14	3	18	C96H144N8O130S18	4251.279618	11
HS_HexA7_HexN7_Ac3_S18_pNP	7	7	14	3	18	C96H144N8O130S18	4268.306168	12
HS_HexA7_HexN7_Ac3_S18_pNP	7	7	14	3	18	C96H144N8O130S18	4285.332717	13
HS_HexA7_HexN7_Ac3_S18_pNP	7	7	14	3	18	C96H144N8O130S18	4302.359266	14
HS_HexA7_HexN7_Ac3_S18_pNP	7	7	14	3	18	C96H144N8O130S18	4319.385815	15
HS_HexA7_HexN7_Ac3_S18_pNP	7	7	14	3	18	C96H144N8O130S18	4336.412364	16
HS_HexA7_HexN7_Ac3_S18_pNP	7	7	14	3	18	C96H144N8O130S18	4353.438913	17
HS_HexA7_HexN7_Ac3_S18_pNP	7	7	14	3	18	C96H144N8O130S18	4370.465462	18
HS_HexA7_HexN7_Ac3_S18_pNP	7	7	14	3	18	C96H144N8O130S18	4387.492011	19
HS_HexA7_HexN7_Ac3_S18_pNP	7	7	14	3	18	C96H144N8O130S18	4404.518560	20
HS_HexA7_HexN7_Ac3_S18_pNP	7	7	14	3	18	C96H144N8O130S18	4421.545109	21
HS_HexA7_HexN7_Ac3_S18_pNP	7	7	14	3	18	C96H144N8O130S18	4438.571659	22
HS_HexA7_HexN7_Ac3_S18_pNP	7	7	14	3	18	C96H144N8O130S18	4455.598208	23
HS_HexA7_HexN7_Ac3_S18_pNP	7	7	14	3	18	C96H144N8O130S18	4472.624757	24
HS_HexA7_HexN7_Ac3_S18_pNP	7	7	14	3	18	C96H144N8O130S18	4489.651306	25
HS_HexA7_HexN7_Ac3_S19_pNP	7	7	14	3	19	C96H144N8O133S19	4143.944393	0
HS_HexA7_HexN7_Ac3_S19_pNP	7	7	14	3	19	C96H144N8O133S19	4160.970942	1
HS_HexA7_HexN7_Ac3_S19_pNP	7	7	14	3	19	C96H144N8O133S19	4177.997492	2
HS_HexA7_HexN7_Ac3_S19_pNP	7	7	14	3	19	C96H144N8O133S19	4195.024041	3
HS_HexA7_HexN7_Ac3_S19_pNP	7	7	14	3	19	C96H144N8O133S19	4212.050590	4
HS_HexA7_HexN7_Ac3_S19_pNP	7	7	14	3	19	C96H144N8O133S19	4229.077139	5
HS_HexA7_HexN7_Ac3_S19_pNP	7	7	14	3	19	C96H144N8O133S19	4246.103688	6
HS_HexA7_HexN7_Ac3_S19_pNP	7	7	14	3	19	C96H144N8O133S19	4263.130237	7
HS_HexA7_HexN7_Ac3_S19_pNP	7	7	14	3	19	C96H144N8O133S19	4280.156786	8
HS_HexA7_HexN7_Ac3_S19_pNP	7	7	14	3	19	C96H144N8O133S19	4297.183335	9
HS_HexA7_HexN7_Ac3_S19_pNP	7	7	14	3	19	C96H144N8O133S19	4314.209884	10
HS_HexA7_HexN7_Ac3_S19_pNP	7	7	14	3	19	C96H144N8O133S19	4331.236434	11
HS_HexA7_HexN7_Ac3_S19_pNP	7	7	14	3	19	C96H144N8O133S19	4348.262983	12
HS_HexA7_HexN7_Ac3_S19_pNP	7	7	14	3	19	C96H144N8O133S19	4365.289532	13
HS_HexA7_HexN7_Ac3_S19_pNP	7	7	14	3	19	C96H144N8O133S19	4382.316081	14
HS_HexA7_HexN7_Ac3_S19_pNP	7	7	14	3	19	C96H144N8O133S19	4399.342630	15
HS_HexA7_HexN7_Ac3_S19_pNP	7	7	14	3	19	C96H144N8O133S19	4416.369179	16
HS_HexA7_HexN7_Ac3_S19_pNP	7	7	14	3	19	C96H144N8O133S19	4433.395728	17
HS_HexA7_HexN7_Ac3_S19_pNP	7	7	14	3	19	C96H144N8O133S19	4450.422277	18
HS_HexA7_HexN7_Ac3_S19_pNP	7	7	14	3	19	C96H144N8O133S19	4467.448826	19
HS_HexA7_HexN7_Ac3_S19_pNP	7	7	14	3	19	C96H144N8O133S19	4484.475375	20
HS_HexA7_HexN7_Ac3_S19_pNP	7	7	14	3	19	C96H144N8O133S19	4501.501925	21
HS_HexA7_HexN7_Ac3_S19_pNP	7	7	14	3	19	C96H144N8O133S19	4518.528474	22
HS_HexA7_HexN7_Ac3_S19_pNP	7	7	14	3	19	C96H144N8O133S19	4535.555023	23
HS_HexA7_HexN7_Ac3_S19_pNP	7	7	14	3	19	C96H144N8O133S19	4552.581572	24
HS_HexA7_HexN7_Ac3_S19_pNP	7	7	14	3	19	C96H144N8O133S19	4569.608121	25
HS_HexA7_HexN7_Ac3_S19_pNP	7	7	14	3	19	C96H144N8O133S19	4586.634670	26
HS_HexA7_HexN7_Ac3_S20_pNP	7	7	14	3	20	C96H144N8O136S20	4223.901208	0
HS_HexA7_HexN7_Ac3_S20_pNP	7	7	14	3	20	C96H144N8O136S20	4240.927758	1
HS_HexA7_HexN7_Ac3_S20_pNP	7	7	14	3	20	C96H144N8O136S20	4257.954307	2
HS_HexA7_HexN7_Ac3_S20_pNP	7	7	14	3	20	C96H144N8O136S20	4274.980856	3
HS_HexA7_HexN7_Ac3_S20_pNP	7	7	14	3	20	C96H144N8O136S20	4292.007405	4
HS_HexA7_HexN7_Ac3_S20_pNP	7	7	14	3	20	C96H144N8O136S20	4309.033954	5
HS_HexA7_HexN7_Ac3_S20_pNP	7	7	14	3	20	C96H144N8O136S20	4326.060503	6
HS_HexA7_HexN7_Ac3_S20_pNP	7	7	14	3	20	C96H144N8O136S20	4343.087052	7
HS_HexA7_HexN7_Ac3_S20_pNP	7	7	14	3	20	C96H144N8O136S20	4360.113601	8
HS_HexA7_HexN7_Ac3_S20_pNP	7	7	14	3	20	C96H144N8O136S20	4377.140150	9
HS_HexA7_HexN7_Ac3_S20_pNP	7	7	14	3	20	C96H144N8O136S20	4394.166699	10
HS_HexA7_HexN7_Ac3_S20_pNP	7	7	14	3	20	C96H144N8O136S20	4411.193249	11
HS_HexA7_HexN7_Ac3_S20_pNP	7	7	14	3	20	C96H144N8O136S20	4428.219798	12
HS_HexA7_HexN7_Ac3_S20_pNP	7	7	14	3	20	C96H144N8O136S20	4445.246347	13
HS_HexA7_HexN7_Ac3_S20_pNP	7	7	14	3	20	C96H144N8O136S20	4462.272896	14
HS_HexA7_HexN7_Ac3_S20_pNP	7	7	14	3	20	C96H144N8O136S20	4479.299445	15
HS_HexA7_HexN7_Ac3_S20_pNP	7	7	14	3	20	C96H144N8O136S20	4496.325994	16
HS_HexA7_HexN7_Ac3_S20_pNP	7	7	14	3	20	C96H144N8O136S20	4513.352543	17
HS_HexA7_HexN7_Ac3_S20_pNP	7	7	14	3	20	C96H144N8O136S20	4530.379092	18
HS_HexA7_HexN7_Ac3_S20_pNP	7	7	14	3	20	C96H144N8O136S20	4547.405641	19
HS_HexA7_HexN7_Ac3_S20_pNP	7	7	14	3	20	C96H144N8O136S20	4564.432190	20
HS_HexA7_HexN7_Ac3_S20_pNP	7	7	14	3	20	C96H144N8O136S20	4581.458740	21
HS_HexA7_HexN7_Ac3_S20_pNP	7	7	14	3	20	C96H144N8O136S20	4598.485289	22
HS_HexA7_HexN7_Ac3_S20_pNP	7	7	14	3	20	C96H144N8O136S20	4615.511838	23
HS_HexA7_HexN7_Ac3_S20_pNP	7	7	14	3	20	C96H144N8O136S20	4632.538387	24
HS_HexA7_HexN7_Ac3_S20_pNP	7	7	14	3	20	C96H144N8O136S20	4649.564936	25
HS_HexA7_HexN7_Ac3_S20_pNP	7	7	14	3	20	C96H144N8O136S20	4666.591485	26
HS_HexA7_HexN7_Ac3_S20_pNP	7	7	14	3	20	C96H144N8O136S20	4683.618034	27
HS_HexA7_HexN7_Ac3_S21_pNP	7	7	14	3	21	C96H144N8O139S21	4303.858023	0
HS_HexA7_HexN7_Ac3_S21_pNP	7	7	14	3	21	C96H144N8O139S21	4320.884573	1
HS_HexA7_HexN7_Ac3_S21_pNP	7	7	14	3	21	C96H144N8O139S21	4337.911122	2
HS_HexA7_HexN7_Ac3_S21_pNP	7	7	14	3	21	C96H144N8O139S21	4354.937671	3
HS_HexA7_HexN7_Ac3_S21_pNP	7	7	14	3	21	C96H144N8O139S21	4371.964220	4
HS_HexA7_HexN7_Ac3_S21_pNP	7	7	14	3	21	C96H144N8O139S21	4388.990769	5
HS_HexA7_HexN7_Ac3_S21_pNP	7	7	14	3	21	C96H144N8O139S21	4406.017318	6
HS_HexA7_HexN7_Ac3_S21_pNP	7	7	14	3	21	C96H144N8O139S21	4423.043867	7
HS_HexA7_HexN7_Ac3_S21_pNP	7	7	14	3	21	C96H144N8O139S21	4440.070416	8
HS_HexA7_HexN7_Ac3_S21_pNP	7	7	14	3	21	C96H144N8O139S21	4457.096965	9
HS_HexA7_HexN7_Ac3_S21_pNP	7	7	14	3	21	C96H144N8O139S21	4474.123514	10
HS_HexA7_HexN7_Ac3_S21_pNP	7	7	14	3	21	C96H144N8O139S21	4491.150064	11
HS_HexA7_HexN7_Ac3_S21_pNP	7	7	14	3	21	C96H144N8O139S21	4508.176613	12
HS_HexA7_HexN7_Ac3_S21_pNP	7	7	14	3	21	C96H144N8O139S21	4525.203162	13
HS_HexA7_HexN7_Ac3_S21_pNP	7	7	14	3	21	C96H144N8O139S21	4542.229711	14
HS_HexA7_HexN7_Ac3_S21_pNP	7	7	14	3	21	C96H144N8O139S21	4559.256260	15
HS_HexA7_HexN7_Ac3_S21_pNP	7	7	14	3	21	C96H144N8O139S21	4576.282809	16
HS_HexA7_HexN7_Ac3_S21_pNP	7	7	14	3	21	C96H144N8O139S21	4593.309358	17
HS_HexA7_HexN7_Ac3_S21_pNP	7	7	14	3	21	C96H144N8O139S21	4610.335907	18
HS_HexA7_HexN7_Ac3_S21_pNP	7	7	14	3	21	C96H144N8O139S21	4627.362456	19
HS_HexA7_HexN7_Ac3_S21_pNP	7	7	14	3	21	C96H144N8O139S21	4644.389005	20
HS_HexA7_HexN7_Ac3_S21_pNP	7	7	14	3	21	C96H144N8O139S21	4661.415555	21
HS_HexA7_HexN7_Ac3_S21_pNP	7	7	14	3	21	C96H144N8O139S21	4678.442104	22
HS_HexA7_HexN7_Ac3_S21_pNP	7	7	14	3	21	C96H144N8O139S21	4695.468653	23
HS_HexA7_HexN7_Ac3_S21_pNP	7	7	14	3	21	C96H144N8O139S21	4712.495202	24
HS_HexA7_HexN7_Ac3_S21_pNP	7	7	14	3	21	C96H144N8O139S21	4729.521751	25
HS_HexA7_HexN7_Ac3_S21_pNP	7	7	14	3	21	C96H144N8O139S21	4746.548300	26
HS_HexA7_HexN7_Ac3_S21_pNP	7	7	14	3	21	C96H144N8O139S21	4763.574849	27
HS_HexA7_HexN7_Ac3_S21_pNP	7	7	14	3	21	C96H144N8O139S21	4780.601398	28
HS_HexA7_HexN7_Ac4_S0_pNP	7	7	14	4	0	C98H146N8O77	2666.775472	0
HS_HexA7_HexN7_Ac4_S0_pNP	7	7	14	4	0	C98H146N8O77	2683.802022	1
HS_HexA7_HexN7_Ac4_S0_pNP	7	7	14	4	0	C98H146N8O77	2700.828571	2
HS_HexA7_HexN7_Ac4_S0_pNP	7	7	14	4	0	C98H146N8O77	2717.855120	3
HS_HexA7_HexN7_Ac4_S0_pNP	7	7	14	4	0	C98H146N8O77	2734.881669	4
HS_HexA7_HexN7_Ac4_S0_pNP	7	7	14	4	0	C98H146N8O77	2751.908218	5
HS_HexA7_HexN7_Ac4_S0_pNP	7	7	14	4	0	C98H146N8O77	2768.934767	6
HS_HexA7_HexN7_Ac4_S0_pNP	7	7	14	4	0	C98H146N8O77	2785.961316	7
HS_HexA7_HexN7_Ac4_S1_pNP	7	7	14	4	1	C98H146N8O80S	2746.732287	0
HS_HexA7_HexN7_Ac4_S1_pNP	7	7	14	4	1	C98H146N8O80S	2763.758837	1
HS_HexA7_HexN7_Ac4_S1_pNP	7	7	14	4	1	C98H146N8O80S	2780.785386	2
HS_HexA7_HexN7_Ac4_S1_pNP	7	7	14	4	1	C98H146N8O80S	2797.811935	3
HS_HexA7_HexN7_Ac4_S1_pNP	7	7	14	4	1	C98H146N8O80S	2814.838484	4
HS_HexA7_HexN7_Ac4_S1_pNP	7	7	14	4	1	C98H146N8O80S	2831.865033	5
HS_HexA7_HexN7_Ac4_S1_pNP	7	7	14	4	1	C98H146N8O80S	2848.891582	6
HS_HexA7_HexN7_Ac4_S1_pNP	7	7	14	4	1	C98H146N8O80S	2865.918131	7
HS_HexA7_HexN7_Ac4_S1_pNP	7	7	14	4	1	C98H146N8O80S	2882.944680	8
HS_HexA7_HexN7_Ac4_S2_pNP	7	7	14	4	2	C98H146N8O83S2	2826.689103	0
HS_HexA7_HexN7_Ac4_S2_pNP	7	7	14	4	2	C98H146N8O83S2	2843.715652	1
HS_HexA7_HexN7_Ac4_S2_pNP	7	7	14	4	2	C98H146N8O83S2	2860.742201	2
HS_HexA7_HexN7_Ac4_S2_pNP	7	7	14	4	2	C98H146N8O83S2	2877.768750	3
HS_HexA7_HexN7_Ac4_S2_pNP	7	7	14	4	2	C98H146N8O83S2	2894.795299	4
HS_HexA7_HexN7_Ac4_S2_pNP	7	7	14	4	2	C98H146N8O83S2	2911.821848	5
HS_HexA7_HexN7_Ac4_S2_pNP	7	7	14	4	2	C98H146N8O83S2	2928.848397	6
HS_HexA7_HexN7_Ac4_S2_pNP	7	7	14	4	2	C98H146N8O83S2	2945.874946	7
HS_HexA7_HexN7_Ac4_S2_pNP	7	7	14	4	2	C98H146N8O83S2	2962.901495	8
HS_HexA7_HexN7_Ac4_S2_pNP	7	7	14	4	2	C98H146N8O83S2	2979.928044	9
HS_HexA7_HexN7_Ac4_S3_pNP	7	7	14	4	3	C98H146N8O86S3	2906.645918	0
HS_HexA7_HexN7_Ac4_S3_pNP	7	7	14	4	3	C98H146N8O86S3	2923.672467	1
HS_HexA7_HexN7_Ac4_S3_pNP	7	7	14	4	3	C98H146N8O86S3	2940.699016	2
HS_HexA7_HexN7_Ac4_S3_pNP	7	7	14	4	3	C98H146N8O86S3	2957.725565	3
HS_HexA7_HexN7_Ac4_S3_pNP	7	7	14	4	3	C98H146N8O86S3	2974.752114	4
HS_HexA7_HexN7_Ac4_S3_pNP	7	7	14	4	3	C98H146N8O86S3	2991.778663	5
HS_HexA7_HexN7_Ac4_S3_pNP	7	7	14	4	3	C98H146N8O86S3	3008.805212	6
HS_HexA7_HexN7_Ac4_S3_pNP	7	7	14	4	3	C98H146N8O86S3	3025.831761	7
HS_HexA7_HexN7_Ac4_S3_pNP	7	7	14	4	3	C98H146N8O86S3	3042.858310	8
HS_HexA7_HexN7_Ac4_S3_pNP	7	7	14	4	3	C98H146N8O86S3	3059.884859	9
HS_HexA7_HexN7_Ac4_S3_pNP	7	7	14	4	3	C98H146N8O86S3	3076.911409	10
HS_HexA7_HexN7_Ac4_S4_pNP	7	7	14	4	4	C98H146N8O89S4	2986.602733	0
HS_HexA7_HexN7_Ac4_S4_pNP	7	7	14	4	4	C98H146N8O89S4	3003.629282	1
HS_HexA7_HexN7_Ac4_S4_pNP	7	7	14	4	4	C98H146N8O89S4	3020.655831	2
HS_HexA7_HexN7_Ac4_S4_pNP	7	7	14	4	4	C98H146N8O89S4	3037.682380	3
HS_HexA7_HexN7_Ac4_S4_pNP	7	7	14	4	4	C98H146N8O89S4	3054.708929	4
HS_HexA7_HexN7_Ac4_S4_pNP	7	7	14	4	4	C98H146N8O89S4	3071.735478	5
HS_HexA7_HexN7_Ac4_S4_pNP	7	7	14	4	4	C98H146N8O89S4	3088.762027	6
HS_HexA7_HexN7_Ac4_S4_pNP	7	7	14	4	4	C98H146N8O89S4	3105.788576	7
HS_HexA7_HexN7_Ac4_S4_pNP	7	7	14	4	4	C98H146N8O89S4	3122.815125	8
HS_HexA7_HexN7_Ac4_S4_pNP	7	7	14	4	4	C98H146N8O89S4	3139.841674	9
HS_HexA7_HexN7_Ac4_S4_pNP	7	7	14	4	4	C98H146N8O89S4	3156.868224	10
HS_HexA7_HexN7_Ac4_S4_pNP	7	7	14	4	4	C98H146N8O89S4	3173.894773	11
HS_HexA7_HexN7_Ac4_S5_pNP	7	7	14	4	5	C98H146N8O92S5	3066.559548	0
HS_HexA7_HexN7_Ac4_S5_pNP	7	7	14	4	5	C98H146N8O92S5	3083.586097	1
HS_HexA7_HexN7_Ac4_S5_pNP	7	7	14	4	5	C98H146N8O92S5	3100.612646	2
HS_HexA7_HexN7_Ac4_S5_pNP	7	7	14	4	5	C98H146N8O92S5	3117.639195	3
HS_HexA7_HexN7_Ac4_S5_pNP	7	7	14	4	5	C98H146N8O92S5	3134.665744	4
HS_HexA7_HexN7_Ac4_S5_pNP	7	7	14	4	5	C98H146N8O92S5	3151.692293	5
HS_HexA7_HexN7_Ac4_S5_pNP	7	7	14	4	5	C98H146N8O92S5	3168.718842	6
HS_HexA7_HexN7_Ac4_S5_pNP	7	7	14	4	5	C98H146N8O92S5	3185.745391	7
HS_HexA7_HexN7_Ac4_S5_pNP	7	7	14	4	5	C98H146N8O92S5	3202.771940	8
HS_HexA7_HexN7_Ac4_S5_pNP	7	7	14	4	5	C98H146N8O92S5	3219.798490	9
HS_HexA7_HexN7_Ac4_S5_pNP	7	7	14	4	5	C98H146N8O92S5	3236.825039	10
HS_HexA7_HexN7_Ac4_S5_pNP	7	7	14	4	5	C98H146N8O92S5	3253.851588	11
HS_HexA7_HexN7_Ac4_S5_pNP	7	7	14	4	5	C98H146N8O92S5	3270.878137	12
HS_HexA7_HexN7_Ac4_S6_pNP	7	7	14	4	6	C98H146N8O95S6	3146.516363	0
HS_HexA7_HexN7_Ac4_S6_pNP	7	7	14	4	6	C98H146N8O95S6	3163.542912	1
HS_HexA7_HexN7_Ac4_S6_pNP	7	7	14	4	6	C98H146N8O95S6	3180.569461	2
HS_HexA7_HexN7_Ac4_S6_pNP	7	7	14	4	6	C98H146N8O95S6	3197.596010	3
HS_HexA7_HexN7_Ac4_S6_pNP	7	7	14	4	6	C98H146N8O95S6	3214.622559	4
HS_HexA7_HexN7_Ac4_S6_pNP	7	7	14	4	6	C98H146N8O95S6	3231.649108	5
HS_HexA7_HexN7_Ac4_S6_pNP	7	7	14	4	6	C98H146N8O95S6	3248.675657	6
HS_HexA7_HexN7_Ac4_S6_pNP	7	7	14	4	6	C98H146N8O95S6	3265.702206	7
HS_HexA7_HexN7_Ac4_S6_pNP	7	7	14	4	6	C98H146N8O95S6	3282.728755	8
HS_HexA7_HexN7_Ac4_S6_pNP	7	7	14	4	6	C98H146N8O95S6	3299.755305	9
HS_HexA7_HexN7_Ac4_S6_pNP	7	7	14	4	6	C98H146N8O95S6	3316.781854	10
HS_HexA7_HexN7_Ac4_S6_pNP	7	7	14	4	6	C98H146N8O95S6	3333.808403	11
HS_HexA7_HexN7_Ac4_S6_pNP	7	7	14	4	6	C98H146N8O95S6	3350.834952	12
HS_HexA7_HexN7_Ac4_S6_pNP	7	7	14	4	6	C98H146N8O95S6	3367.861501	13
HS_HexA7_HexN7_Ac4_S7_pNP	7	7	14	4	7	C98H146N8O98S7	3226.473178	0
HS_HexA7_HexN7_Ac4_S7_pNP	7	7	14	4	7	C98H146N8O98S7	3243.499727	1
HS_HexA7_HexN7_Ac4_S7_pNP	7	7	14	4	7	C98H146N8O98S7	3260.526276	2
HS_HexA7_HexN7_Ac4_S7_pNP	7	7	14	4	7	C98H146N8O98S7	3277.552825	3
HS_HexA7_HexN7_Ac4_S7_pNP	7	7	14	4	7	C98H146N8O98S7	3294.579374	4
HS_HexA7_HexN7_Ac4_S7_pNP	7	7	14	4	7	C98H146N8O98S7	3311.605923	5
HS_HexA7_HexN7_Ac4_S7_pNP	7	7	14	4	7	C98H146N8O98S7	3328.632472	6
HS_HexA7_HexN7_Ac4_S7_pNP	7	7	14	4	7	C98H146N8O98S7	3345.659021	7
HS_HexA7_HexN7_Ac4_S7_pNP	7	7	14	4	7	C98H146N8O98S7	3362.685570	8
HS_HexA7_HexN7_Ac4_S7_pNP	7	7	14	4	7	C98H146N8O98S7	3379.712120	9
HS_HexA7_HexN7_Ac4_S7_pNP	7	7	14	4	7	C98H146N8O98S7	3396.738669	10
HS_HexA7_HexN7_Ac4_S7_pNP	7	7	14	4	7	C98H146N8O98S7	3413.765218	11
HS_HexA7_HexN7_Ac4_S7_pNP	7	7	14	4	7	C98H146N8O98S7	3430.791767	12
HS_HexA7_HexN7_Ac4_S7_pNP	7	7	14	4	7	C98H146N8O98S7	3447.818316	13
HS_HexA7_HexN7_Ac4_S7_pNP	7	7	14	4	7	C98H146N8O98S7	3464.844865	14
HS_HexA7_HexN7_Ac4_S8_pNP	7	7	14	4	8	C98H146N8O101S8	3306.429993	0
HS_HexA7_HexN7_Ac4_S8_pNP	7	7	14	4	8	C98H146N8O101S8	3323.456542	1
HS_HexA7_HexN7_Ac4_S8_pNP	7	7	14	4	8	C98H146N8O101S8	3340.483091	2
HS_HexA7_HexN7_Ac4_S8_pNP	7	7	14	4	8	C98H146N8O101S8	3357.509640	3
HS_HexA7_HexN7_Ac4_S8_pNP	7	7	14	4	8	C98H146N8O101S8	3374.536189	4
HS_HexA7_HexN7_Ac4_S8_pNP	7	7	14	4	8	C98H146N8O101S8	3391.562738	5
HS_HexA7_HexN7_Ac4_S8_pNP	7	7	14	4	8	C98H146N8O101S8	3408.589287	6
HS_HexA7_HexN7_Ac4_S8_pNP	7	7	14	4	8	C98H146N8O101S8	3425.615836	7
HS_HexA7_HexN7_Ac4_S8_pNP	7	7	14	4	8	C98H146N8O101S8	3442.642386	8
HS_HexA7_HexN7_Ac4_S8_pNP	7	7	14	4	8	C98H146N8O101S8	3459.668935	9
HS_HexA7_HexN7_Ac4_S8_pNP	7	7	14	4	8	C98H146N8O101S8	3476.695484	10
HS_HexA7_HexN7_Ac4_S8_pNP	7	7	14	4	8	C98H146N8O101S8	3493.722033	11
HS_HexA7_HexN7_Ac4_S8_pNP	7	7	14	4	8	C98H146N8O101S8	3510.748582	12
HS_HexA7_HexN7_Ac4_S8_pNP	7	7	14	4	8	C98H146N8O101S8	3527.775131	13
HS_HexA7_HexN7_Ac4_S8_pNP	7	7	14	4	8	C98H146N8O101S8	3544.801680	14
HS_HexA7_HexN7_Ac4_S8_pNP	7	7	14	4	8	C98H146N8O101S8	3561.828229	15
HS_HexA7_HexN7_Ac4_S9_pNP	7	7	14	4	9	C98H146N8O104S9	3386.386808	0
HS_HexA7_HexN7_Ac4_S9_pNP	7	7	14	4	9	C98H146N8O104S9	3403.413357	1
HS_HexA7_HexN7_Ac4_S9_pNP	7	7	14	4	9	C98H146N8O104S9	3420.439906	2
HS_HexA7_HexN7_Ac4_S9_pNP	7	7	14	4	9	C98H146N8O104S9	3437.466455	3
HS_HexA7_HexN7_Ac4_S9_pNP	7	7	14	4	9	C98H146N8O104S9	3454.493004	4
HS_HexA7_HexN7_Ac4_S9_pNP	7	7	14	4	9	C98H146N8O104S9	3471.519553	5
HS_HexA7_HexN7_Ac4_S9_pNP	7	7	14	4	9	C98H146N8O104S9	3488.546102	6
HS_HexA7_HexN7_Ac4_S9_pNP	7	7	14	4	9	C98H146N8O104S9	3505.572651	7
HS_HexA7_HexN7_Ac4_S9_pNP	7	7	14	4	9	C98H146N8O104S9	3522.599201	8
HS_HexA7_HexN7_Ac4_S9_pNP	7	7	14	4	9	C98H146N8O104S9	3539.625750	9
HS_HexA7_HexN7_Ac4_S9_pNP	7	7	14	4	9	C98H146N8O104S9	3556.652299	10
HS_HexA7_HexN7_Ac4_S9_pNP	7	7	14	4	9	C98H146N8O104S9	3573.678848	11
HS_HexA7_HexN7_Ac4_S9_pNP	7	7	14	4	9	C98H146N8O104S9	3590.705397	12
HS_HexA7_HexN7_Ac4_S9_pNP	7	7	14	4	9	C98H146N8O104S9	3607.731946	13
HS_HexA7_HexN7_Ac4_S9_pNP	7	7	14	4	9	C98H146N8O104S9	3624.758495	14
HS_HexA7_HexN7_Ac4_S9_pNP	7	7	14	4	9	C98H146N8O104S9	3641.785044	15
HS_HexA7_HexN7_Ac4_S9_pNP	7	7	14	4	9	C98H146N8O104S9	3658.811593	16
HS_HexA7_HexN7_Ac4_S10_pNP	7	7	14	4	10	C98H146N8O107S10	3466.343623	0
HS_HexA7_HexN7_Ac4_S10_pNP	7	7	14	4	10	C98H146N8O107S10	3483.370172	1
HS_HexA7_HexN7_Ac4_S10_pNP	7	7	14	4	10	C98H146N8O107S10	3500.396721	2
HS_HexA7_HexN7_Ac4_S10_pNP	7	7	14	4	10	C98H146N8O107S10	3517.423270	3
HS_HexA7_HexN7_Ac4_S10_pNP	7	7	14	4	10	C98H146N8O107S10	3534.449819	4
HS_HexA7_HexN7_Ac4_S10_pNP	7	7	14	4	10	C98H146N8O107S10	3551.476368	5
HS_HexA7_HexN7_Ac4_S10_pNP	7	7	14	4	10	C98H146N8O107S10	3568.502917	6
HS_HexA7_HexN7_Ac4_S10_pNP	7	7	14	4	10	C98H146N8O107S10	3585.529466	7
HS_HexA7_HexN7_Ac4_S10_pNP	7	7	14	4	10	C98H146N8O107S10	3602.556016	8
HS_HexA7_HexN7_Ac4_S10_pNP	7	7	14	4	10	C98H146N8O107S10	3619.582565	9
HS_HexA7_HexN7_Ac4_S10_pNP	7	7	14	4	10	C98H146N8O107S10	3636.609114	10
HS_HexA7_HexN7_Ac4_S10_pNP	7	7	14	4	10	C98H146N8O107S10	3653.635663	11
HS_HexA7_HexN7_Ac4_S10_pNP	7	7	14	4	10	C98H146N8O107S10	3670.662212	12
HS_HexA7_HexN7_Ac4_S10_pNP	7	7	14	4	10	C98H146N8O107S10	3687.688761	13
HS_HexA7_HexN7_Ac4_S10_pNP	7	7	14	4	10	C98H146N8O107S10	3704.715310	14
HS_HexA7_HexN7_Ac4_S10_pNP	7	7	14	4	10	C98H146N8O107S10	3721.741859	15
HS_HexA7_HexN7_Ac4_S10_pNP	7	7	14	4	10	C98H146N8O107S10	3738.768408	16
HS_HexA7_HexN7_Ac4_S10_pNP	7	7	14	4	10	C98H146N8O107S10	3755.794957	17
HS_HexA7_HexN7_Ac4_S11_pNP	7	7	14	4	11	C98H146N8O110S11	3546.300438	0
HS_HexA7_HexN7_Ac4_S11_pNP	7	7	14	4	11	C98H146N8O110S11	3563.326987	1
HS_HexA7_HexN7_Ac4_S11_pNP	7	7	14	4	11	C98H146N8O110S11	3580.353536	2
HS_HexA7_HexN7_Ac4_S11_pNP	7	7	14	4	11	C98H146N8O110S11	3597.380085	3
HS_HexA7_HexN7_Ac4_S11_pNP	7	7	14	4	11	C98H146N8O110S11	3614.406634	4
HS_HexA7_HexN7_Ac4_S11_pNP	7	7	14	4	11	C98H146N8O110S11	3631.433183	5
HS_HexA7_HexN7_Ac4_S11_pNP	7	7	14	4	11	C98H146N8O110S11	3648.459732	6
HS_HexA7_HexN7_Ac4_S11_pNP	7	7	14	4	11	C98H146N8O110S11	3665.486282	7
HS_HexA7_HexN7_Ac4_S11_pNP	7	7	14	4	11	C98H146N8O110S11	3682.512831	8
HS_HexA7_HexN7_Ac4_S11_pNP	7	7	14	4	11	C98H146N8O110S11	3699.539380	9
HS_HexA7_HexN7_Ac4_S11_pNP	7	7	14	4	11	C98H146N8O110S11	3716.565929	10
HS_HexA7_HexN7_Ac4_S11_pNP	7	7	14	4	11	C98H146N8O110S11	3733.592478	11
HS_HexA7_HexN7_Ac4_S11_pNP	7	7	14	4	11	C98H146N8O110S11	3750.619027	12
HS_HexA7_HexN7_Ac4_S11_pNP	7	7	14	4	11	C98H146N8O110S11	3767.645576	13
HS_HexA7_HexN7_Ac4_S11_pNP	7	7	14	4	11	C98H146N8O110S11	3784.672125	14
HS_HexA7_HexN7_Ac4_S11_pNP	7	7	14	4	11	C98H146N8O110S11	3801.698674	15
HS_HexA7_HexN7_Ac4_S11_pNP	7	7	14	4	11	C98H146N8O110S11	3818.725223	16
HS_HexA7_HexN7_Ac4_S11_pNP	7	7	14	4	11	C98H146N8O110S11	3835.751773	17
HS_HexA7_HexN7_Ac4_S11_pNP	7	7	14	4	11	C98H146N8O110S11	3852.778322	18
HS_HexA7_HexN7_Ac4_S12_pNP	7	7	14	4	12	C98H146N8O113S12	3626.257253	0
HS_HexA7_HexN7_Ac4_S12_pNP	7	7	14	4	12	C98H146N8O113S12	3643.283802	1
HS_HexA7_HexN7_Ac4_S12_pNP	7	7	14	4	12	C98H146N8O113S12	3660.310351	2
HS_HexA7_HexN7_Ac4_S12_pNP	7	7	14	4	12	C98H146N8O113S12	3677.336900	3
HS_HexA7_HexN7_Ac4_S12_pNP	7	7	14	4	12	C98H146N8O113S12	3694.363449	4
HS_HexA7_HexN7_Ac4_S12_pNP	7	7	14	4	12	C98H146N8O113S12	3711.389998	5
HS_HexA7_HexN7_Ac4_S12_pNP	7	7	14	4	12	C98H146N8O113S12	3728.416547	6
HS_HexA7_HexN7_Ac4_S12_pNP	7	7	14	4	12	C98H146N8O113S12	3745.443097	7
HS_HexA7_HexN7_Ac4_S12_pNP	7	7	14	4	12	C98H146N8O113S12	3762.469646	8
HS_HexA7_HexN7_Ac4_S12_pNP	7	7	14	4	12	C98H146N8O113S12	3779.496195	9
HS_HexA7_HexN7_Ac4_S12_pNP	7	7	14	4	12	C98H146N8O113S12	3796.522744	10
HS_HexA7_HexN7_Ac4_S12_pNP	7	7	14	4	12	C98H146N8O113S12	3813.549293	11
HS_HexA7_HexN7_Ac4_S12_pNP	7	7	14	4	12	C98H146N8O113S12	3830.575842	12
HS_HexA7_HexN7_Ac4_S12_pNP	7	7	14	4	12	C98H146N8O113S12	3847.602391	13
HS_HexA7_HexN7_Ac4_S12_pNP	7	7	14	4	12	C98H146N8O113S12	3864.628940	14
HS_HexA7_HexN7_Ac4_S12_pNP	7	7	14	4	12	C98H146N8O113S12	3881.655489	15
HS_HexA7_HexN7_Ac4_S12_pNP	7	7	14	4	12	C98H146N8O113S12	3898.682038	16
HS_HexA7_HexN7_Ac4_S12_pNP	7	7	14	4	12	C98H146N8O113S12	3915.708588	17
HS_HexA7_HexN7_Ac4_S12_pNP	7	7	14	4	12	C98H146N8O113S12	3932.735137	18
HS_HexA7_HexN7_Ac4_S12_pNP	7	7	14	4	12	C98H146N8O113S12	3949.761686	19
HS_HexA7_HexN7_Ac4_S13_pNP	7	7	14	4	13	C98H146N8O116S13	3706.214068	0
HS_HexA7_HexN7_Ac4_S13_pNP	7	7	14	4	13	C98H146N8O116S13	3723.240617	1
HS_HexA7_HexN7_Ac4_S13_pNP	7	7	14	4	13	C98H146N8O116S13	3740.267166	2
HS_HexA7_HexN7_Ac4_S13_pNP	7	7	14	4	13	C98H146N8O116S13	3757.293715	3
HS_HexA7_HexN7_Ac4_S13_pNP	7	7	14	4	13	C98H146N8O116S13	3774.320264	4
HS_HexA7_HexN7_Ac4_S13_pNP	7	7	14	4	13	C98H146N8O116S13	3791.346813	5
HS_HexA7_HexN7_Ac4_S13_pNP	7	7	14	4	13	C98H146N8O116S13	3808.373362	6
HS_HexA7_HexN7_Ac4_S13_pNP	7	7	14	4	13	C98H146N8O116S13	3825.399912	7
HS_HexA7_HexN7_Ac4_S13_pNP	7	7	14	4	13	C98H146N8O116S13	3842.426461	8
HS_HexA7_HexN7_Ac4_S13_pNP	7	7	14	4	13	C98H146N8O116S13	3859.453010	9
HS_HexA7_HexN7_Ac4_S13_pNP	7	7	14	4	13	C98H146N8O116S13	3876.479559	10
HS_HexA7_HexN7_Ac4_S13_pNP	7	7	14	4	13	C98H146N8O116S13	3893.506108	11
HS_HexA7_HexN7_Ac4_S13_pNP	7	7	14	4	13	C98H146N8O116S13	3910.532657	12
HS_HexA7_HexN7_Ac4_S13_pNP	7	7	14	4	13	C98H146N8O116S13	3927.559206	13
HS_HexA7_HexN7_Ac4_S13_pNP	7	7	14	4	13	C98H146N8O116S13	3944.585755	14
HS_HexA7_HexN7_Ac4_S13_pNP	7	7	14	4	13	C98H146N8O116S13	3961.612304	15
HS_HexA7_HexN7_Ac4_S13_pNP	7	7	14	4	13	C98H146N8O116S13	3978.638853	16
HS_HexA7_HexN7_Ac4_S13_pNP	7	7	14	4	13	C98H146N8O116S13	3995.665403	17
HS_HexA7_HexN7_Ac4_S13_pNP	7	7	14	4	13	C98H146N8O116S13	4012.691952	18
HS_HexA7_HexN7_Ac4_S13_pNP	7	7	14	4	13	C98H146N8O116S13	4029.718501	19
HS_HexA7_HexN7_Ac4_S13_pNP	7	7	14	4	13	C98H146N8O116S13	4046.745050	20
HS_HexA7_HexN7_Ac4_S14_pNP	7	7	14	4	14	C98H146N8O119S14	3786.170883	0
HS_HexA7_HexN7_Ac4_S14_pNP	7	7	14	4	14	C98H146N8O119S14	3803.197432	1
HS_HexA7_HexN7_Ac4_S14_pNP	7	7	14	4	14	C98H146N8O119S14	3820.223981	2
HS_HexA7_HexN7_Ac4_S14_pNP	7	7	14	4	14	C98H146N8O119S14	3837.250530	3
HS_HexA7_HexN7_Ac4_S14_pNP	7	7	14	4	14	C98H146N8O119S14	3854.277079	4
HS_HexA7_HexN7_Ac4_S14_pNP	7	7	14	4	14	C98H146N8O119S14	3871.303628	5
HS_HexA7_HexN7_Ac4_S14_pNP	7	7	14	4	14	C98H146N8O119S14	3888.330178	6
HS_HexA7_HexN7_Ac4_S14_pNP	7	7	14	4	14	C98H146N8O119S14	3905.356727	7
HS_HexA7_HexN7_Ac4_S14_pNP	7	7	14	4	14	C98H146N8O119S14	3922.383276	8
HS_HexA7_HexN7_Ac4_S14_pNP	7	7	14	4	14	C98H146N8O119S14	3939.409825	9
HS_HexA7_HexN7_Ac4_S14_pNP	7	7	14	4	14	C98H146N8O119S14	3956.436374	10
HS_HexA7_HexN7_Ac4_S14_pNP	7	7	14	4	14	C98H146N8O119S14	3973.462923	11
HS_HexA7_HexN7_Ac4_S14_pNP	7	7	14	4	14	C98H146N8O119S14	3990.489472	12
HS_HexA7_HexN7_Ac4_S14_pNP	7	7	14	4	14	C98H146N8O119S14	4007.516021	13
HS_HexA7_HexN7_Ac4_S14_pNP	7	7	14	4	14	C98H146N8O119S14	4024.542570	14
HS_HexA7_HexN7_Ac4_S14_pNP	7	7	14	4	14	C98H146N8O119S14	4041.569119	15
HS_HexA7_HexN7_Ac4_S14_pNP	7	7	14	4	14	C98H146N8O119S14	4058.595669	16
HS_HexA7_HexN7_Ac4_S14_pNP	7	7	14	4	14	C98H146N8O119S14	4075.622218	17
HS_HexA7_HexN7_Ac4_S14_pNP	7	7	14	4	14	C98H146N8O119S14	4092.648767	18
HS_HexA7_HexN7_Ac4_S14_pNP	7	7	14	4	14	C98H146N8O119S14	4109.675316	19
HS_HexA7_HexN7_Ac4_S14_pNP	7	7	14	4	14	C98H146N8O119S14	4126.701865	20
HS_HexA7_HexN7_Ac4_S14_pNP	7	7	14	4	14	C98H146N8O119S14	4143.728414	21
HS_HexA7_HexN7_Ac4_S15_pNP	7	7	14	4	15	C98H146N8O122S15	3866.127698	0
HS_HexA7_HexN7_Ac4_S15_pNP	7	7	14	4	15	C98H146N8O122S15	3883.154247	1
HS_HexA7_HexN7_Ac4_S15_pNP	7	7	14	4	15	C98H146N8O122S15	3900.180796	2
HS_HexA7_HexN7_Ac4_S15_pNP	7	7	14	4	15	C98H146N8O122S15	3917.207345	3
HS_HexA7_HexN7_Ac4_S15_pNP	7	7	14	4	15	C98H146N8O122S15	3934.233894	4
HS_HexA7_HexN7_Ac4_S15_pNP	7	7	14	4	15	C98H146N8O122S15	3951.260443	5
HS_HexA7_HexN7_Ac4_S15_pNP	7	7	14	4	15	C98H146N8O122S15	3968.286993	6
HS_HexA7_HexN7_Ac4_S15_pNP	7	7	14	4	15	C98H146N8O122S15	3985.313542	7
HS_HexA7_HexN7_Ac4_S15_pNP	7	7	14	4	15	C98H146N8O122S15	4002.340091	8
HS_HexA7_HexN7_Ac4_S15_pNP	7	7	14	4	15	C98H146N8O122S15	4019.366640	9
HS_HexA7_HexN7_Ac4_S15_pNP	7	7	14	4	15	C98H146N8O122S15	4036.393189	10
HS_HexA7_HexN7_Ac4_S15_pNP	7	7	14	4	15	C98H146N8O122S15	4053.419738	11
HS_HexA7_HexN7_Ac4_S15_pNP	7	7	14	4	15	C98H146N8O122S15	4070.446287	12
HS_HexA7_HexN7_Ac4_S15_pNP	7	7	14	4	15	C98H146N8O122S15	4087.472836	13
HS_HexA7_HexN7_Ac4_S15_pNP	7	7	14	4	15	C98H146N8O122S15	4104.499385	14
HS_HexA7_HexN7_Ac4_S15_pNP	7	7	14	4	15	C98H146N8O122S15	4121.525934	15
HS_HexA7_HexN7_Ac4_S15_pNP	7	7	14	4	15	C98H146N8O122S15	4138.552484	16
HS_HexA7_HexN7_Ac4_S15_pNP	7	7	14	4	15	C98H146N8O122S15	4155.579033	17
HS_HexA7_HexN7_Ac4_S15_pNP	7	7	14	4	15	C98H146N8O122S15	4172.605582	18
HS_HexA7_HexN7_Ac4_S15_pNP	7	7	14	4	15	C98H146N8O122S15	4189.632131	19
HS_HexA7_HexN7_Ac4_S15_pNP	7	7	14	4	15	C98H146N8O122S15	4206.658680	20
HS_HexA7_HexN7_Ac4_S15_pNP	7	7	14	4	15	C98H146N8O122S15	4223.685229	21
HS_HexA7_HexN7_Ac4_S15_pNP	7	7	14	4	15	C98H146N8O122S15	4240.711778	22
HS_HexA7_HexN7_Ac4_S16_pNP	7	7	14	4	16	C98H146N8O125S16	3946.084513	0
HS_HexA7_HexN7_Ac4_S16_pNP	7	7	14	4	16	C98H146N8O125S16	3963.111062	1
HS_HexA7_HexN7_Ac4_S16_pNP	7	7	14	4	16	C98H146N8O125S16	3980.137611	2
HS_HexA7_HexN7_Ac4_S16_pNP	7	7	14	4	16	C98H146N8O125S16	3997.164160	3
HS_HexA7_HexN7_Ac4_S16_pNP	7	7	14	4	16	C98H146N8O125S16	4014.190709	4
HS_HexA7_HexN7_Ac4_S16_pNP	7	7	14	4	16	C98H146N8O125S16	4031.217258	5
HS_HexA7_HexN7_Ac4_S16_pNP	7	7	14	4	16	C98H146N8O125S16	4048.243808	6
HS_HexA7_HexN7_Ac4_S16_pNP	7	7	14	4	16	C98H146N8O125S16	4065.270357	7
HS_HexA7_HexN7_Ac4_S16_pNP	7	7	14	4	16	C98H146N8O125S16	4082.296906	8
HS_HexA7_HexN7_Ac4_S16_pNP	7	7	14	4	16	C98H146N8O125S16	4099.323455	9
HS_HexA7_HexN7_Ac4_S16_pNP	7	7	14	4	16	C98H146N8O125S16	4116.350004	10
HS_HexA7_HexN7_Ac4_S16_pNP	7	7	14	4	16	C98H146N8O125S16	4133.376553	11
HS_HexA7_HexN7_Ac4_S16_pNP	7	7	14	4	16	C98H146N8O125S16	4150.403102	12
HS_HexA7_HexN7_Ac4_S16_pNP	7	7	14	4	16	C98H146N8O125S16	4167.429651	13
HS_HexA7_HexN7_Ac4_S16_pNP	7	7	14	4	16	C98H146N8O125S16	4184.456200	14
HS_HexA7_HexN7_Ac4_S16_pNP	7	7	14	4	16	C98H146N8O125S16	4201.482749	15
HS_HexA7_HexN7_Ac4_S16_pNP	7	7	14	4	16	C98H146N8O125S16	4218.509299	16
HS_HexA7_HexN7_Ac4_S16_pNP	7	7	14	4	16	C98H146N8O125S16	4235.535848	17
HS_HexA7_HexN7_Ac4_S16_pNP	7	7	14	4	16	C98H146N8O125S16	4252.562397	18
HS_HexA7_HexN7_Ac4_S16_pNP	7	7	14	4	16	C98H146N8O125S16	4269.588946	19
HS_HexA7_HexN7_Ac4_S16_pNP	7	7	14	4	16	C98H146N8O125S16	4286.615495	20
HS_HexA7_HexN7_Ac4_S16_pNP	7	7	14	4	16	C98H146N8O125S16	4303.642044	21
HS_HexA7_HexN7_Ac4_S16_pNP	7	7	14	4	16	C98H146N8O125S16	4320.668593	22
HS_HexA7_HexN7_Ac4_S16_pNP	7	7	14	4	16	C98H146N8O125S16	4337.695142	23
HS_HexA7_HexN7_Ac4_S17_pNP	7	7	14	4	17	C98H146N8O128S17	4026.041328	0
HS_HexA7_HexN7_Ac4_S17_pNP	7	7	14	4	17	C98H146N8O128S17	4043.067877	1
HS_HexA7_HexN7_Ac4_S17_pNP	7	7	14	4	17	C98H146N8O128S17	4060.094426	2
HS_HexA7_HexN7_Ac4_S17_pNP	7	7	14	4	17	C98H146N8O128S17	4077.120975	3
HS_HexA7_HexN7_Ac4_S17_pNP	7	7	14	4	17	C98H146N8O128S17	4094.147524	4
HS_HexA7_HexN7_Ac4_S17_pNP	7	7	14	4	17	C98H146N8O128S17	4111.174074	5
HS_HexA7_HexN7_Ac4_S17_pNP	7	7	14	4	17	C98H146N8O128S17	4128.200623	6
HS_HexA7_HexN7_Ac4_S17_pNP	7	7	14	4	17	C98H146N8O128S17	4145.227172	7
HS_HexA7_HexN7_Ac4_S17_pNP	7	7	14	4	17	C98H146N8O128S17	4162.253721	8
HS_HexA7_HexN7_Ac4_S17_pNP	7	7	14	4	17	C98H146N8O128S17	4179.280270	9
HS_HexA7_HexN7_Ac4_S17_pNP	7	7	14	4	17	C98H146N8O128S17	4196.306819	10
HS_HexA7_HexN7_Ac4_S17_pNP	7	7	14	4	17	C98H146N8O128S17	4213.333368	11
HS_HexA7_HexN7_Ac4_S17_pNP	7	7	14	4	17	C98H146N8O128S17	4230.359917	12
HS_HexA7_HexN7_Ac4_S17_pNP	7	7	14	4	17	C98H146N8O128S17	4247.386466	13
HS_HexA7_HexN7_Ac4_S17_pNP	7	7	14	4	17	C98H146N8O128S17	4264.413015	14
HS_HexA7_HexN7_Ac4_S17_pNP	7	7	14	4	17	C98H146N8O128S17	4281.439565	15
HS_HexA7_HexN7_Ac4_S17_pNP	7	7	14	4	17	C98H146N8O128S17	4298.466114	16
HS_HexA7_HexN7_Ac4_S17_pNP	7	7	14	4	17	C98H146N8O128S17	4315.492663	17
HS_HexA7_HexN7_Ac4_S17_pNP	7	7	14	4	17	C98H146N8O128S17	4332.519212	18
HS_HexA7_HexN7_Ac4_S17_pNP	7	7	14	4	17	C98H146N8O128S17	4349.545761	19
HS_HexA7_HexN7_Ac4_S17_pNP	7	7	14	4	17	C98H146N8O128S17	4366.572310	20
HS_HexA7_HexN7_Ac4_S17_pNP	7	7	14	4	17	C98H146N8O128S17	4383.598859	21
HS_HexA7_HexN7_Ac4_S17_pNP	7	7	14	4	17	C98H146N8O128S17	4400.625408	22
HS_HexA7_HexN7_Ac4_S17_pNP	7	7	14	4	17	C98H146N8O128S17	4417.651957	23
HS_HexA7_HexN7_Ac4_S17_pNP	7	7	14	4	17	C98H146N8O128S17	4434.678506	24
HS_HexA7_HexN7_Ac4_S18_pNP	7	7	14	4	18	C98H146N8O131S18	4105.998143	0
HS_HexA7_HexN7_Ac4_S18_pNP	7	7	14	4	18	C98H146N8O131S18	4123.024692	1
HS_HexA7_HexN7_Ac4_S18_pNP	7	7	14	4	18	C98H146N8O131S18	4140.051241	2
HS_HexA7_HexN7_Ac4_S18_pNP	7	7	14	4	18	C98H146N8O131S18	4157.077790	3
HS_HexA7_HexN7_Ac4_S18_pNP	7	7	14	4	18	C98H146N8O131S18	4174.104339	4
HS_HexA7_HexN7_Ac4_S18_pNP	7	7	14	4	18	C98H146N8O131S18	4191.130889	5
HS_HexA7_HexN7_Ac4_S18_pNP	7	7	14	4	18	C98H146N8O131S18	4208.157438	6
HS_HexA7_HexN7_Ac4_S18_pNP	7	7	14	4	18	C98H146N8O131S18	4225.183987	7
HS_HexA7_HexN7_Ac4_S18_pNP	7	7	14	4	18	C98H146N8O131S18	4242.210536	8
HS_HexA7_HexN7_Ac4_S18_pNP	7	7	14	4	18	C98H146N8O131S18	4259.237085	9
HS_HexA7_HexN7_Ac4_S18_pNP	7	7	14	4	18	C98H146N8O131S18	4276.263634	10
HS_HexA7_HexN7_Ac4_S18_pNP	7	7	14	4	18	C98H146N8O131S18	4293.290183	11
HS_HexA7_HexN7_Ac4_S18_pNP	7	7	14	4	18	C98H146N8O131S18	4310.316732	12
HS_HexA7_HexN7_Ac4_S18_pNP	7	7	14	4	18	C98H146N8O131S18	4327.343281	13
HS_HexA7_HexN7_Ac4_S18_pNP	7	7	14	4	18	C98H146N8O131S18	4344.369830	14
HS_HexA7_HexN7_Ac4_S18_pNP	7	7	14	4	18	C98H146N8O131S18	4361.396380	15
HS_HexA7_HexN7_Ac4_S18_pNP	7	7	14	4	18	C98H146N8O131S18	4378.422929	16
HS_HexA7_HexN7_Ac4_S18_pNP	7	7	14	4	18	C98H146N8O131S18	4395.449478	17
HS_HexA7_HexN7_Ac4_S18_pNP	7	7	14	4	18	C98H146N8O131S18	4412.476027	18
HS_HexA7_HexN7_Ac4_S18_pNP	7	7	14	4	18	C98H146N8O131S18	4429.502576	19
HS_HexA7_HexN7_Ac4_S18_pNP	7	7	14	4	18	C98H146N8O131S18	4446.529125	20
HS_HexA7_HexN7_Ac4_S18_pNP	7	7	14	4	18	C98H146N8O131S18	4463.555674	21
HS_HexA7_HexN7_Ac4_S18_pNP	7	7	14	4	18	C98H146N8O131S18	4480.582223	22
HS_HexA7_HexN7_Ac4_S18_pNP	7	7	14	4	18	C98H146N8O131S18	4497.608772	23
HS_HexA7_HexN7_Ac4_S18_pNP	7	7	14	4	18	C98H146N8O131S18	4514.635321	24
HS_HexA7_HexN7_Ac4_S18_pNP	7	7	14	4	18	C98H146N8O131S18	4531.661871	25
HS_HexA7_HexN7_Ac4_S19_pNP	7	7	14	4	19	C98H146N8O134S19	4185.954958	0
HS_HexA7_HexN7_Ac4_S19_pNP	7	7	14	4	19	C98H146N8O134S19	4202.981507	1
HS_HexA7_HexN7_Ac4_S19_pNP	7	7	14	4	19	C98H146N8O134S19	4220.008056	2
HS_HexA7_HexN7_Ac4_S19_pNP	7	7	14	4	19	C98H146N8O134S19	4237.034605	3
HS_HexA7_HexN7_Ac4_S19_pNP	7	7	14	4	19	C98H146N8O134S19	4254.061154	4
HS_HexA7_HexN7_Ac4_S19_pNP	7	7	14	4	19	C98H146N8O134S19	4271.087704	5
HS_HexA7_HexN7_Ac4_S19_pNP	7	7	14	4	19	C98H146N8O134S19	4288.114253	6
HS_HexA7_HexN7_Ac4_S19_pNP	7	7	14	4	19	C98H146N8O134S19	4305.140802	7
HS_HexA7_HexN7_Ac4_S19_pNP	7	7	14	4	19	C98H146N8O134S19	4322.167351	8
HS_HexA7_HexN7_Ac4_S19_pNP	7	7	14	4	19	C98H146N8O134S19	4339.193900	9
HS_HexA7_HexN7_Ac4_S19_pNP	7	7	14	4	19	C98H146N8O134S19	4356.220449	10
HS_HexA7_HexN7_Ac4_S19_pNP	7	7	14	4	19	C98H146N8O134S19	4373.246998	11
HS_HexA7_HexN7_Ac4_S19_pNP	7	7	14	4	19	C98H146N8O134S19	4390.273547	12
HS_HexA7_HexN7_Ac4_S19_pNP	7	7	14	4	19	C98H146N8O134S19	4407.300096	13
HS_HexA7_HexN7_Ac4_S19_pNP	7	7	14	4	19	C98H146N8O134S19	4424.326645	14
HS_HexA7_HexN7_Ac4_S19_pNP	7	7	14	4	19	C98H146N8O134S19	4441.353195	15
HS_HexA7_HexN7_Ac4_S19_pNP	7	7	14	4	19	C98H146N8O134S19	4458.379744	16
HS_HexA7_HexN7_Ac4_S19_pNP	7	7	14	4	19	C98H146N8O134S19	4475.406293	17
HS_HexA7_HexN7_Ac4_S19_pNP	7	7	14	4	19	C98H146N8O134S19	4492.432842	18
HS_HexA7_HexN7_Ac4_S19_pNP	7	7	14	4	19	C98H146N8O134S19	4509.459391	19
HS_HexA7_HexN7_Ac4_S19_pNP	7	7	14	4	19	C98H146N8O134S19	4526.485940	20
HS_HexA7_HexN7_Ac4_S19_pNP	7	7	14	4	19	C98H146N8O134S19	4543.512489	21
HS_HexA7_HexN7_Ac4_S19_pNP	7	7	14	4	19	C98H146N8O134S19	4560.539038	22
HS_HexA7_HexN7_Ac4_S19_pNP	7	7	14	4	19	C98H146N8O134S19	4577.565587	23
HS_HexA7_HexN7_Ac4_S19_pNP	7	7	14	4	19	C98H146N8O134S19	4594.592137	24
HS_HexA7_HexN7_Ac4_S19_pNP	7	7	14	4	19	C98H146N8O134S19	4611.618686	25
HS_HexA7_HexN7_Ac4_S19_pNP	7	7	14	4	19	C98H146N8O134S19	4628.645235	26
HS_HexA7_HexN7_Ac4_S20_pNP	7	7	14	4	20	C98H146N8O137S20	4265.911773	0
HS_HexA7_HexN7_Ac4_S20_pNP	7	7	14	4	20	C98H146N8O137S20	4282.938322	1
HS_HexA7_HexN7_Ac4_S20_pNP	7	7	14	4	20	C98H146N8O137S20	4299.964871	2
HS_HexA7_HexN7_Ac4_S20_pNP	7	7	14	4	20	C98H146N8O137S20	4316.991420	3
HS_HexA7_HexN7_Ac4_S20_pNP	7	7	14	4	20	C98H146N8O137S20	4334.017970	4
HS_HexA7_HexN7_Ac4_S20_pNP	7	7	14	4	20	C98H146N8O137S20	4351.044519	5
HS_HexA7_HexN7_Ac4_S20_pNP	7	7	14	4	20	C98H146N8O137S20	4368.071068	6
HS_HexA7_HexN7_Ac4_S20_pNP	7	7	14	4	20	C98H146N8O137S20	4385.097617	7
HS_HexA7_HexN7_Ac4_S20_pNP	7	7	14	4	20	C98H146N8O137S20	4402.124166	8
HS_HexA7_HexN7_Ac4_S20_pNP	7	7	14	4	20	C98H146N8O137S20	4419.150715	9
HS_HexA7_HexN7_Ac4_S20_pNP	7	7	14	4	20	C98H146N8O137S20	4436.177264	10
HS_HexA7_HexN7_Ac4_S20_pNP	7	7	14	4	20	C98H146N8O137S20	4453.203813	11
HS_HexA7_HexN7_Ac4_S20_pNP	7	7	14	4	20	C98H146N8O137S20	4470.230362	12
HS_HexA7_HexN7_Ac4_S20_pNP	7	7	14	4	20	C98H146N8O137S20	4487.256911	13
HS_HexA7_HexN7_Ac4_S20_pNP	7	7	14	4	20	C98H146N8O137S20	4504.283461	14
HS_HexA7_HexN7_Ac4_S20_pNP	7	7	14	4	20	C98H146N8O137S20	4521.310010	15
HS_HexA7_HexN7_Ac4_S20_pNP	7	7	14	4	20	C98H146N8O137S20	4538.336559	16
HS_HexA7_HexN7_Ac4_S20_pNP	7	7	14	4	20	C98H146N8O137S20	4555.363108	17
HS_HexA7_HexN7_Ac4_S20_pNP	7	7	14	4	20	C98H146N8O137S20	4572.389657	18
HS_HexA7_HexN7_Ac4_S20_pNP	7	7	14	4	20	C98H146N8O137S20	4589.416206	19
HS_HexA7_HexN7_Ac4_S20_pNP	7	7	14	4	20	C98H146N8O137S20	4606.442755	20
HS_HexA7_HexN7_Ac4_S20_pNP	7	7	14	4	20	C98H146N8O137S20	4623.469304	21
HS_HexA7_HexN7_Ac4_S20_pNP	7	7	14	4	20	C98H146N8O137S20	4640.495853	22
HS_HexA7_HexN7_Ac4_S20_pNP	7	7	14	4	20	C98H146N8O137S20	4657.522402	23
HS_HexA7_HexN7_Ac4_S20_pNP	7	7	14	4	20	C98H146N8O137S20	4674.548952	24
HS_HexA7_HexN7_Ac4_S20_pNP	7	7	14	4	20	C98H146N8O137S20	4691.575501	25
HS_HexA7_HexN7_Ac4_S20_pNP	7	7	14	4	20	C98H146N8O137S20	4708.602050	26
HS_HexA7_HexN7_Ac4_S20_pNP	7	7	14	4	20	C98H146N8O137S20	4725.628599	27
HS_HexA7_HexN7_Ac4_S21_pNP	7	7	14	4	21	C98H146N8O140S21	4345.868588	0
HS_HexA7_HexN7_Ac4_S21_pNP	7	7	14	4	21	C98H146N8O140S21	4362.895137	1
HS_HexA7_HexN7_Ac4_S21_pNP	7	7	14	4	21	C98H146N8O140S21	4379.921686	2
HS_HexA7_HexN7_Ac4_S21_pNP	7	7	14	4	21	C98H146N8O140S21	4396.948235	3
HS_HexA7_HexN7_Ac4_S21_pNP	7	7	14	4	21	C98H146N8O140S21	4413.974785	4
HS_HexA7_HexN7_Ac4_S21_pNP	7	7	14	4	21	C98H146N8O140S21	4431.001334	5
HS_HexA7_HexN7_Ac4_S21_pNP	7	7	14	4	21	C98H146N8O140S21	4448.027883	6
HS_HexA7_HexN7_Ac4_S21_pNP	7	7	14	4	21	C98H146N8O140S21	4465.054432	7
HS_HexA7_HexN7_Ac4_S21_pNP	7	7	14	4	21	C98H146N8O140S21	4482.080981	8
HS_HexA7_HexN7_Ac4_S21_pNP	7	7	14	4	21	C98H146N8O140S21	4499.107530	9
HS_HexA7_HexN7_Ac4_S21_pNP	7	7	14	4	21	C98H146N8O140S21	4516.134079	10
HS_HexA7_HexN7_Ac4_S21_pNP	7	7	14	4	21	C98H146N8O140S21	4533.160628	11
HS_HexA7_HexN7_Ac4_S21_pNP	7	7	14	4	21	C98H146N8O140S21	4550.187177	12
HS_HexA7_HexN7_Ac4_S21_pNP	7	7	14	4	21	C98H146N8O140S21	4567.213726	13
HS_HexA7_HexN7_Ac4_S21_pNP	7	7	14	4	21	C98H146N8O140S21	4584.240276	14
HS_HexA7_HexN7_Ac4_S21_pNP	7	7	14	4	21	C98H146N8O140S21	4601.266825	15
HS_HexA7_HexN7_Ac4_S21_pNP	7	7	14	4	21	C98H146N8O140S21	4618.293374	16
HS_HexA7_HexN7_Ac4_S21_pNP	7	7	14	4	21	C98H146N8O140S21	4635.319923	17
HS_HexA7_HexN7_Ac4_S21_pNP	7	7	14	4	21	C98H146N8O140S21	4652.346472	18
HS_HexA7_HexN7_Ac4_S21_pNP	7	7	14	4	21	C98H146N8O140S21	4669.373021	19
HS_HexA7_HexN7_Ac4_S21_pNP	7	7	14	4	21	C98H146N8O140S21	4686.399570	20
HS_HexA7_HexN7_Ac4_S21_pNP	7	7	14	4	21	C98H146N8O140S21	4703.426119	21
HS_HexA7_HexN7_Ac4_S21_pNP	7	7	14	4	21	C98H146N8O140S21	4720.452668	22
HS_HexA7_HexN7_Ac4_S21_pNP	7	7	14	4	21	C98H146N8O140S21	4737.479217	23
HS_HexA7_HexN7_Ac4_S21_pNP	7	7	14	4	21	C98H146N8O140S21	4754.505767	24
HS_HexA7_HexN7_Ac4_S21_pNP	7	7	14	4	21	C98H146N8O140S21	4771.532316	25
HS_HexA7_HexN7_Ac4_S21_pNP	7	7	14	4	21	C98H146N8O140S21	4788.558865	26
HS_HexA7_HexN7_Ac4_S21_pNP	7	7	14	4	21	C98H146N8O140S21	4805.585414	27
HS_HexA7_HexN7_Ac4_S21_pNP	7	7	14	4	21	C98H146N8O140S21	4822.611963	28
HS_HexA7_HexN7_Ac5_S0_pNP	7	7	14	5	0	C100H148N8O78	2708.786037	0
HS_HexA7_HexN7_Ac5_S0_pNP	7	7	14	5	0	C100H148N8O78	2725.812586	1
HS_HexA7_HexN7_Ac5_S0_pNP	7	7	14	5	0	C100H148N8O78	2742.839135	2
HS_HexA7_HexN7_Ac5_S0_pNP	7	7	14	5	0	C100H148N8O78	2759.865684	3
HS_HexA7_HexN7_Ac5_S0_pNP	7	7	14	5	0	C100H148N8O78	2776.892234	4
HS_HexA7_HexN7_Ac5_S0_pNP	7	7	14	5	0	C100H148N8O78	2793.918783	5
HS_HexA7_HexN7_Ac5_S0_pNP	7	7	14	5	0	C100H148N8O78	2810.945332	6
HS_HexA7_HexN7_Ac5_S0_pNP	7	7	14	5	0	C100H148N8O78	2827.971881	7
HS_HexA7_HexN7_Ac5_S1_pNP	7	7	14	5	1	C100H148N8O81S	2788.742852	0
HS_HexA7_HexN7_Ac5_S1_pNP	7	7	14	5	1	C100H148N8O81S	2805.769401	1
HS_HexA7_HexN7_Ac5_S1_pNP	7	7	14	5	1	C100H148N8O81S	2822.795950	2
HS_HexA7_HexN7_Ac5_S1_pNP	7	7	14	5	1	C100H148N8O81S	2839.822499	3
HS_HexA7_HexN7_Ac5_S1_pNP	7	7	14	5	1	C100H148N8O81S	2856.849049	4
HS_HexA7_HexN7_Ac5_S1_pNP	7	7	14	5	1	C100H148N8O81S	2873.875598	5
HS_HexA7_HexN7_Ac5_S1_pNP	7	7	14	5	1	C100H148N8O81S	2890.902147	6
HS_HexA7_HexN7_Ac5_S1_pNP	7	7	14	5	1	C100H148N8O81S	2907.928696	7
HS_HexA7_HexN7_Ac5_S1_pNP	7	7	14	5	1	C100H148N8O81S	2924.955245	8
HS_HexA7_HexN7_Ac5_S2_pNP	7	7	14	5	2	C100H148N8O84S2	2868.699667	0
HS_HexA7_HexN7_Ac5_S2_pNP	7	7	14	5	2	C100H148N8O84S2	2885.726216	1
HS_HexA7_HexN7_Ac5_S2_pNP	7	7	14	5	2	C100H148N8O84S2	2902.752765	2
HS_HexA7_HexN7_Ac5_S2_pNP	7	7	14	5	2	C100H148N8O84S2	2919.779315	3
HS_HexA7_HexN7_Ac5_S2_pNP	7	7	14	5	2	C100H148N8O84S2	2936.805864	4
HS_HexA7_HexN7_Ac5_S2_pNP	7	7	14	5	2	C100H148N8O84S2	2953.832413	5
HS_HexA7_HexN7_Ac5_S2_pNP	7	7	14	5	2	C100H148N8O84S2	2970.858962	6
HS_HexA7_HexN7_Ac5_S2_pNP	7	7	14	5	2	C100H148N8O84S2	2987.885511	7
HS_HexA7_HexN7_Ac5_S2_pNP	7	7	14	5	2	C100H148N8O84S2	3004.912060	8
HS_HexA7_HexN7_Ac5_S2_pNP	7	7	14	5	2	C100H148N8O84S2	3021.938609	9
HS_HexA7_HexN7_Ac5_S3_pNP	7	7	14	5	3	C100H148N8O87S3	2948.656482	0
HS_HexA7_HexN7_Ac5_S3_pNP	7	7	14	5	3	C100H148N8O87S3	2965.683031	1
HS_HexA7_HexN7_Ac5_S3_pNP	7	7	14	5	3	C100H148N8O87S3	2982.709580	2
HS_HexA7_HexN7_Ac5_S3_pNP	7	7	14	5	3	C100H148N8O87S3	2999.736130	3
HS_HexA7_HexN7_Ac5_S3_pNP	7	7	14	5	3	C100H148N8O87S3	3016.762679	4
HS_HexA7_HexN7_Ac5_S3_pNP	7	7	14	5	3	C100H148N8O87S3	3033.789228	5
HS_HexA7_HexN7_Ac5_S3_pNP	7	7	14	5	3	C100H148N8O87S3	3050.815777	6
HS_HexA7_HexN7_Ac5_S3_pNP	7	7	14	5	3	C100H148N8O87S3	3067.842326	7
HS_HexA7_HexN7_Ac5_S3_pNP	7	7	14	5	3	C100H148N8O87S3	3084.868875	8
HS_HexA7_HexN7_Ac5_S3_pNP	7	7	14	5	3	C100H148N8O87S3	3101.895424	9
HS_HexA7_HexN7_Ac5_S3_pNP	7	7	14	5	3	C100H148N8O87S3	3118.921973	10
HS_HexA7_HexN7_Ac5_S4_pNP	7	7	14	5	4	C100H148N8O90S4	3028.613297	0
HS_HexA7_HexN7_Ac5_S4_pNP	7	7	14	5	4	C100H148N8O90S4	3045.639846	1
HS_HexA7_HexN7_Ac5_S4_pNP	7	7	14	5	4	C100H148N8O90S4	3062.666395	2
HS_HexA7_HexN7_Ac5_S4_pNP	7	7	14	5	4	C100H148N8O90S4	3079.692945	3
HS_HexA7_HexN7_Ac5_S4_pNP	7	7	14	5	4	C100H148N8O90S4	3096.719494	4
HS_HexA7_HexN7_Ac5_S4_pNP	7	7	14	5	4	C100H148N8O90S4	3113.746043	5
HS_HexA7_HexN7_Ac5_S4_pNP	7	7	14	5	4	C100H148N8O90S4	3130.772592	6
HS_HexA7_HexN7_Ac5_S4_pNP	7	7	14	5	4	C100H148N8O90S4	3147.799141	7
HS_HexA7_HexN7_Ac5_S4_pNP	7	7	14	5	4	C100H148N8O90S4	3164.825690	8
HS_HexA7_HexN7_Ac5_S4_pNP	7	7	14	5	4	C100H148N8O90S4	3181.852239	9
HS_HexA7_HexN7_Ac5_S4_pNP	7	7	14	5	4	C100H148N8O90S4	3198.878788	10
HS_HexA7_HexN7_Ac5_S4_pNP	7	7	14	5	4	C100H148N8O90S4	3215.905337	11
HS_HexA7_HexN7_Ac5_S5_pNP	7	7	14	5	5	C100H148N8O93S5	3108.570112	0
HS_HexA7_HexN7_Ac5_S5_pNP	7	7	14	5	5	C100H148N8O93S5	3125.596661	1
HS_HexA7_HexN7_Ac5_S5_pNP	7	7	14	5	5	C100H148N8O93S5	3142.623210	2
HS_HexA7_HexN7_Ac5_S5_pNP	7	7	14	5	5	C100H148N8O93S5	3159.649760	3
HS_HexA7_HexN7_Ac5_S5_pNP	7	7	14	5	5	C100H148N8O93S5	3176.676309	4
HS_HexA7_HexN7_Ac5_S5_pNP	7	7	14	5	5	C100H148N8O93S5	3193.702858	5
HS_HexA7_HexN7_Ac5_S5_pNP	7	7	14	5	5	C100H148N8O93S5	3210.729407	6
HS_HexA7_HexN7_Ac5_S5_pNP	7	7	14	5	5	C100H148N8O93S5	3227.755956	7
HS_HexA7_HexN7_Ac5_S5_pNP	7	7	14	5	5	C100H148N8O93S5	3244.782505	8
HS_HexA7_HexN7_Ac5_S5_pNP	7	7	14	5	5	C100H148N8O93S5	3261.809054	9
HS_HexA7_HexN7_Ac5_S5_pNP	7	7	14	5	5	C100H148N8O93S5	3278.835603	10
HS_HexA7_HexN7_Ac5_S5_pNP	7	7	14	5	5	C100H148N8O93S5	3295.862152	11
HS_HexA7_HexN7_Ac5_S5_pNP	7	7	14	5	5	C100H148N8O93S5	3312.888702	12
HS_HexA7_HexN7_Ac5_S6_pNP	7	7	14	5	6	C100H148N8O96S6	3188.526927	0
HS_HexA7_HexN7_Ac5_S6_pNP	7	7	14	5	6	C100H148N8O96S6	3205.553476	1
HS_HexA7_HexN7_Ac5_S6_pNP	7	7	14	5	6	C100H148N8O96S6	3222.580026	2
HS_HexA7_HexN7_Ac5_S6_pNP	7	7	14	5	6	C100H148N8O96S6	3239.606575	3
HS_HexA7_HexN7_Ac5_S6_pNP	7	7	14	5	6	C100H148N8O96S6	3256.633124	4
HS_HexA7_HexN7_Ac5_S6_pNP	7	7	14	5	6	C100H148N8O96S6	3273.659673	5
HS_HexA7_HexN7_Ac5_S6_pNP	7	7	14	5	6	C100H148N8O96S6	3290.686222	6
HS_HexA7_HexN7_Ac5_S6_pNP	7	7	14	5	6	C100H148N8O96S6	3307.712771	7
HS_HexA7_HexN7_Ac5_S6_pNP	7	7	14	5	6	C100H148N8O96S6	3324.739320	8
HS_HexA7_HexN7_Ac5_S6_pNP	7	7	14	5	6	C100H148N8O96S6	3341.765869	9
HS_HexA7_HexN7_Ac5_S6_pNP	7	7	14	5	6	C100H148N8O96S6	3358.792418	10
HS_HexA7_HexN7_Ac5_S6_pNP	7	7	14	5	6	C100H148N8O96S6	3375.818967	11
HS_HexA7_HexN7_Ac5_S6_pNP	7	7	14	5	6	C100H148N8O96S6	3392.845517	12
HS_HexA7_HexN7_Ac5_S6_pNP	7	7	14	5	6	C100H148N8O96S6	3409.872066	13
HS_HexA7_HexN7_Ac5_S7_pNP	7	7	14	5	7	C100H148N8O99S7	3268.483742	0
HS_HexA7_HexN7_Ac5_S7_pNP	7	7	14	5	7	C100H148N8O99S7	3285.510291	1
HS_HexA7_HexN7_Ac5_S7_pNP	7	7	14	5	7	C100H148N8O99S7	3302.536841	2
HS_HexA7_HexN7_Ac5_S7_pNP	7	7	14	5	7	C100H148N8O99S7	3319.563390	3
HS_HexA7_HexN7_Ac5_S7_pNP	7	7	14	5	7	C100H148N8O99S7	3336.589939	4
HS_HexA7_HexN7_Ac5_S7_pNP	7	7	14	5	7	C100H148N8O99S7	3353.616488	5
HS_HexA7_HexN7_Ac5_S7_pNP	7	7	14	5	7	C100H148N8O99S7	3370.643037	6
HS_HexA7_HexN7_Ac5_S7_pNP	7	7	14	5	7	C100H148N8O99S7	3387.669586	7
HS_HexA7_HexN7_Ac5_S7_pNP	7	7	14	5	7	C100H148N8O99S7	3404.696135	8
HS_HexA7_HexN7_Ac5_S7_pNP	7	7	14	5	7	C100H148N8O99S7	3421.722684	9
HS_HexA7_HexN7_Ac5_S7_pNP	7	7	14	5	7	C100H148N8O99S7	3438.749233	10
HS_HexA7_HexN7_Ac5_S7_pNP	7	7	14	5	7	C100H148N8O99S7	3455.775782	11
HS_HexA7_HexN7_Ac5_S7_pNP	7	7	14	5	7	C100H148N8O99S7	3472.802332	12
HS_HexA7_HexN7_Ac5_S7_pNP	7	7	14	5	7	C100H148N8O99S7	3489.828881	13
HS_HexA7_HexN7_Ac5_S7_pNP	7	7	14	5	7	C100H148N8O99S7	3506.855430	14
HS_HexA7_HexN7_Ac5_S8_pNP	7	7	14	5	8	C100H148N8O102S8	3348.440557	0
HS_HexA7_HexN7_Ac5_S8_pNP	7	7	14	5	8	C100H148N8O102S8	3365.467106	1
HS_HexA7_HexN7_Ac5_S8_pNP	7	7	14	5	8	C100H148N8O102S8	3382.493656	2
HS_HexA7_HexN7_Ac5_S8_pNP	7	7	14	5	8	C100H148N8O102S8	3399.520205	3
HS_HexA7_HexN7_Ac5_S8_pNP	7	7	14	5	8	C100H148N8O102S8	3416.546754	4
HS_HexA7_HexN7_Ac5_S8_pNP	7	7	14	5	8	C100H148N8O102S8	3433.573303	5
HS_HexA7_HexN7_Ac5_S8_pNP	7	7	14	5	8	C100H148N8O102S8	3450.599852	6
HS_HexA7_HexN7_Ac5_S8_pNP	7	7	14	5	8	C100H148N8O102S8	3467.626401	7
HS_HexA7_HexN7_Ac5_S8_pNP	7	7	14	5	8	C100H148N8O102S8	3484.652950	8
HS_HexA7_HexN7_Ac5_S8_pNP	7	7	14	5	8	C100H148N8O102S8	3501.679499	9
HS_HexA7_HexN7_Ac5_S8_pNP	7	7	14	5	8	C100H148N8O102S8	3518.706048	10
HS_HexA7_HexN7_Ac5_S8_pNP	7	7	14	5	8	C100H148N8O102S8	3535.732598	11
HS_HexA7_HexN7_Ac5_S8_pNP	7	7	14	5	8	C100H148N8O102S8	3552.759147	12
HS_HexA7_HexN7_Ac5_S8_pNP	7	7	14	5	8	C100H148N8O102S8	3569.785696	13
HS_HexA7_HexN7_Ac5_S8_pNP	7	7	14	5	8	C100H148N8O102S8	3586.812245	14
HS_HexA7_HexN7_Ac5_S8_pNP	7	7	14	5	8	C100H148N8O102S8	3603.838794	15
HS_HexA7_HexN7_Ac5_S9_pNP	7	7	14	5	9	C100H148N8O105S9	3428.397372	0
HS_HexA7_HexN7_Ac5_S9_pNP	7	7	14	5	9	C100H148N8O105S9	3445.423922	1
HS_HexA7_HexN7_Ac5_S9_pNP	7	7	14	5	9	C100H148N8O105S9	3462.450471	2
HS_HexA7_HexN7_Ac5_S9_pNP	7	7	14	5	9	C100H148N8O105S9	3479.477020	3
HS_HexA7_HexN7_Ac5_S9_pNP	7	7	14	5	9	C100H148N8O105S9	3496.503569	4
HS_HexA7_HexN7_Ac5_S9_pNP	7	7	14	5	9	C100H148N8O105S9	3513.530118	5
HS_HexA7_HexN7_Ac5_S9_pNP	7	7	14	5	9	C100H148N8O105S9	3530.556667	6
HS_HexA7_HexN7_Ac5_S9_pNP	7	7	14	5	9	C100H148N8O105S9	3547.583216	7
HS_HexA7_HexN7_Ac5_S9_pNP	7	7	14	5	9	C100H148N8O105S9	3564.609765	8
HS_HexA7_HexN7_Ac5_S9_pNP	7	7	14	5	9	C100H148N8O105S9	3581.636314	9
HS_HexA7_HexN7_Ac5_S9_pNP	7	7	14	5	9	C100H148N8O105S9	3598.662863	10
HS_HexA7_HexN7_Ac5_S9_pNP	7	7	14	5	9	C100H148N8O105S9	3615.689413	11
HS_HexA7_HexN7_Ac5_S9_pNP	7	7	14	5	9	C100H148N8O105S9	3632.715962	12
HS_HexA7_HexN7_Ac5_S9_pNP	7	7	14	5	9	C100H148N8O105S9	3649.742511	13
HS_HexA7_HexN7_Ac5_S9_pNP	7	7	14	5	9	C100H148N8O105S9	3666.769060	14
HS_HexA7_HexN7_Ac5_S9_pNP	7	7	14	5	9	C100H148N8O105S9	3683.795609	15
HS_HexA7_HexN7_Ac5_S9_pNP	7	7	14	5	9	C100H148N8O105S9	3700.822158	16
HS_HexA7_HexN7_Ac5_S10_pNP	7	7	14	5	10	C100H148N8O108S10	3508.354187	0
HS_HexA7_HexN7_Ac5_S10_pNP	7	7	14	5	10	C100H148N8O108S10	3525.380737	1
HS_HexA7_HexN7_Ac5_S10_pNP	7	7	14	5	10	C100H148N8O108S10	3542.407286	2
HS_HexA7_HexN7_Ac5_S10_pNP	7	7	14	5	10	C100H148N8O108S10	3559.433835	3
HS_HexA7_HexN7_Ac5_S10_pNP	7	7	14	5	10	C100H148N8O108S10	3576.460384	4
HS_HexA7_HexN7_Ac5_S10_pNP	7	7	14	5	10	C100H148N8O108S10	3593.486933	5
HS_HexA7_HexN7_Ac5_S10_pNP	7	7	14	5	10	C100H148N8O108S10	3610.513482	6
HS_HexA7_HexN7_Ac5_S10_pNP	7	7	14	5	10	C100H148N8O108S10	3627.540031	7
HS_HexA7_HexN7_Ac5_S10_pNP	7	7	14	5	10	C100H148N8O108S10	3644.566580	8
HS_HexA7_HexN7_Ac5_S10_pNP	7	7	14	5	10	C100H148N8O108S10	3661.593129	9
HS_HexA7_HexN7_Ac5_S10_pNP	7	7	14	5	10	C100H148N8O108S10	3678.619678	10
HS_HexA7_HexN7_Ac5_S10_pNP	7	7	14	5	10	C100H148N8O108S10	3695.646228	11
HS_HexA7_HexN7_Ac5_S10_pNP	7	7	14	5	10	C100H148N8O108S10	3712.672777	12
HS_HexA7_HexN7_Ac5_S10_pNP	7	7	14	5	10	C100H148N8O108S10	3729.699326	13
HS_HexA7_HexN7_Ac5_S10_pNP	7	7	14	5	10	C100H148N8O108S10	3746.725875	14
HS_HexA7_HexN7_Ac5_S10_pNP	7	7	14	5	10	C100H148N8O108S10	3763.752424	15
HS_HexA7_HexN7_Ac5_S10_pNP	7	7	14	5	10	C100H148N8O108S10	3780.778973	16
HS_HexA7_HexN7_Ac5_S10_pNP	7	7	14	5	10	C100H148N8O108S10	3797.805522	17
HS_HexA7_HexN7_Ac5_S11_pNP	7	7	14	5	11	C100H148N8O111S11	3588.311002	0
HS_HexA7_HexN7_Ac5_S11_pNP	7	7	14	5	11	C100H148N8O111S11	3605.337552	1
HS_HexA7_HexN7_Ac5_S11_pNP	7	7	14	5	11	C100H148N8O111S11	3622.364101	2
HS_HexA7_HexN7_Ac5_S11_pNP	7	7	14	5	11	C100H148N8O111S11	3639.390650	3
HS_HexA7_HexN7_Ac5_S11_pNP	7	7	14	5	11	C100H148N8O111S11	3656.417199	4
HS_HexA7_HexN7_Ac5_S11_pNP	7	7	14	5	11	C100H148N8O111S11	3673.443748	5
HS_HexA7_HexN7_Ac5_S11_pNP	7	7	14	5	11	C100H148N8O111S11	3690.470297	6
HS_HexA7_HexN7_Ac5_S11_pNP	7	7	14	5	11	C100H148N8O111S11	3707.496846	7
HS_HexA7_HexN7_Ac5_S11_pNP	7	7	14	5	11	C100H148N8O111S11	3724.523395	8
HS_HexA7_HexN7_Ac5_S11_pNP	7	7	14	5	11	C100H148N8O111S11	3741.549944	9
HS_HexA7_HexN7_Ac5_S11_pNP	7	7	14	5	11	C100H148N8O111S11	3758.576494	10
HS_HexA7_HexN7_Ac5_S11_pNP	7	7	14	5	11	C100H148N8O111S11	3775.603043	11
HS_HexA7_HexN7_Ac5_S11_pNP	7	7	14	5	11	C100H148N8O111S11	3792.629592	12
HS_HexA7_HexN7_Ac5_S11_pNP	7	7	14	5	11	C100H148N8O111S11	3809.656141	13
HS_HexA7_HexN7_Ac5_S11_pNP	7	7	14	5	11	C100H148N8O111S11	3826.682690	14
HS_HexA7_HexN7_Ac5_S11_pNP	7	7	14	5	11	C100H148N8O111S11	3843.709239	15
HS_HexA7_HexN7_Ac5_S11_pNP	7	7	14	5	11	C100H148N8O111S11	3860.735788	16
HS_HexA7_HexN7_Ac5_S11_pNP	7	7	14	5	11	C100H148N8O111S11	3877.762337	17
HS_HexA7_HexN7_Ac5_S11_pNP	7	7	14	5	11	C100H148N8O111S11	3894.788886	18
HS_HexA7_HexN7_Ac5_S12_pNP	7	7	14	5	12	C100H148N8O114S12	3668.267818	0
HS_HexA7_HexN7_Ac5_S12_pNP	7	7	14	5	12	C100H148N8O114S12	3685.294367	1
HS_HexA7_HexN7_Ac5_S12_pNP	7	7	14	5	12	C100H148N8O114S12	3702.320916	2
HS_HexA7_HexN7_Ac5_S12_pNP	7	7	14	5	12	C100H148N8O114S12	3719.347465	3
HS_HexA7_HexN7_Ac5_S12_pNP	7	7	14	5	12	C100H148N8O114S12	3736.374014	4
HS_HexA7_HexN7_Ac5_S12_pNP	7	7	14	5	12	C100H148N8O114S12	3753.400563	5
HS_HexA7_HexN7_Ac5_S12_pNP	7	7	14	5	12	C100H148N8O114S12	3770.427112	6
HS_HexA7_HexN7_Ac5_S12_pNP	7	7	14	5	12	C100H148N8O114S12	3787.453661	7
HS_HexA7_HexN7_Ac5_S12_pNP	7	7	14	5	12	C100H148N8O114S12	3804.480210	8
HS_HexA7_HexN7_Ac5_S12_pNP	7	7	14	5	12	C100H148N8O114S12	3821.506759	9
HS_HexA7_HexN7_Ac5_S12_pNP	7	7	14	5	12	C100H148N8O114S12	3838.533309	10
HS_HexA7_HexN7_Ac5_S12_pNP	7	7	14	5	12	C100H148N8O114S12	3855.559858	11
HS_HexA7_HexN7_Ac5_S12_pNP	7	7	14	5	12	C100H148N8O114S12	3872.586407	12
HS_HexA7_HexN7_Ac5_S12_pNP	7	7	14	5	12	C100H148N8O114S12	3889.612956	13
HS_HexA7_HexN7_Ac5_S12_pNP	7	7	14	5	12	C100H148N8O114S12	3906.639505	14
HS_HexA7_HexN7_Ac5_S12_pNP	7	7	14	5	12	C100H148N8O114S12	3923.666054	15
HS_HexA7_HexN7_Ac5_S12_pNP	7	7	14	5	12	C100H148N8O114S12	3940.692603	16
HS_HexA7_HexN7_Ac5_S12_pNP	7	7	14	5	12	C100H148N8O114S12	3957.719152	17
HS_HexA7_HexN7_Ac5_S12_pNP	7	7	14	5	12	C100H148N8O114S12	3974.745701	18
HS_HexA7_HexN7_Ac5_S12_pNP	7	7	14	5	12	C100H148N8O114S12	3991.772250	19
HS_HexA7_HexN7_Ac5_S13_pNP	7	7	14	5	13	C100H148N8O117S13	3748.224633	0
HS_HexA7_HexN7_Ac5_S13_pNP	7	7	14	5	13	C100H148N8O117S13	3765.251182	1
HS_HexA7_HexN7_Ac5_S13_pNP	7	7	14	5	13	C100H148N8O117S13	3782.277731	2
HS_HexA7_HexN7_Ac5_S13_pNP	7	7	14	5	13	C100H148N8O117S13	3799.304280	3
HS_HexA7_HexN7_Ac5_S13_pNP	7	7	14	5	13	C100H148N8O117S13	3816.330829	4
HS_HexA7_HexN7_Ac5_S13_pNP	7	7	14	5	13	C100H148N8O117S13	3833.357378	5
HS_HexA7_HexN7_Ac5_S13_pNP	7	7	14	5	13	C100H148N8O117S13	3850.383927	6
HS_HexA7_HexN7_Ac5_S13_pNP	7	7	14	5	13	C100H148N8O117S13	3867.410476	7
HS_HexA7_HexN7_Ac5_S13_pNP	7	7	14	5	13	C100H148N8O117S13	3884.437025	8
HS_HexA7_HexN7_Ac5_S13_pNP	7	7	14	5	13	C100H148N8O117S13	3901.463574	9
HS_HexA7_HexN7_Ac5_S13_pNP	7	7	14	5	13	C100H148N8O117S13	3918.490124	10
HS_HexA7_HexN7_Ac5_S13_pNP	7	7	14	5	13	C100H148N8O117S13	3935.516673	11
HS_HexA7_HexN7_Ac5_S13_pNP	7	7	14	5	13	C100H148N8O117S13	3952.543222	12
HS_HexA7_HexN7_Ac5_S13_pNP	7	7	14	5	13	C100H148N8O117S13	3969.569771	13
HS_HexA7_HexN7_Ac5_S13_pNP	7	7	14	5	13	C100H148N8O117S13	3986.596320	14
HS_HexA7_HexN7_Ac5_S13_pNP	7	7	14	5	13	C100H148N8O117S13	4003.622869	15
HS_HexA7_HexN7_Ac5_S13_pNP	7	7	14	5	13	C100H148N8O117S13	4020.649418	16
HS_HexA7_HexN7_Ac5_S13_pNP	7	7	14	5	13	C100H148N8O117S13	4037.675967	17
HS_HexA7_HexN7_Ac5_S13_pNP	7	7	14	5	13	C100H148N8O117S13	4054.702516	18
HS_HexA7_HexN7_Ac5_S13_pNP	7	7	14	5	13	C100H148N8O117S13	4071.729065	19
HS_HexA7_HexN7_Ac5_S13_pNP	7	7	14	5	13	C100H148N8O117S13	4088.755615	20
HS_HexA7_HexN7_Ac5_S14_pNP	7	7	14	5	14	C100H148N8O120S14	3828.181448	0
HS_HexA7_HexN7_Ac5_S14_pNP	7	7	14	5	14	C100H148N8O120S14	3845.207997	1
HS_HexA7_HexN7_Ac5_S14_pNP	7	7	14	5	14	C100H148N8O120S14	3862.234546	2
HS_HexA7_HexN7_Ac5_S14_pNP	7	7	14	5	14	C100H148N8O120S14	3879.261095	3
HS_HexA7_HexN7_Ac5_S14_pNP	7	7	14	5	14	C100H148N8O120S14	3896.287644	4
HS_HexA7_HexN7_Ac5_S14_pNP	7	7	14	5	14	C100H148N8O120S14	3913.314193	5
HS_HexA7_HexN7_Ac5_S14_pNP	7	7	14	5	14	C100H148N8O120S14	3930.340742	6
HS_HexA7_HexN7_Ac5_S14_pNP	7	7	14	5	14	C100H148N8O120S14	3947.367291	7
HS_HexA7_HexN7_Ac5_S14_pNP	7	7	14	5	14	C100H148N8O120S14	3964.393840	8
HS_HexA7_HexN7_Ac5_S14_pNP	7	7	14	5	14	C100H148N8O120S14	3981.420390	9
HS_HexA7_HexN7_Ac5_S14_pNP	7	7	14	5	14	C100H148N8O120S14	3998.446939	10
HS_HexA7_HexN7_Ac5_S14_pNP	7	7	14	5	14	C100H148N8O120S14	4015.473488	11
HS_HexA7_HexN7_Ac5_S14_pNP	7	7	14	5	14	C100H148N8O120S14	4032.500037	12
HS_HexA7_HexN7_Ac5_S14_pNP	7	7	14	5	14	C100H148N8O120S14	4049.526586	13
HS_HexA7_HexN7_Ac5_S14_pNP	7	7	14	5	14	C100H148N8O120S14	4066.553135	14
HS_HexA7_HexN7_Ac5_S14_pNP	7	7	14	5	14	C100H148N8O120S14	4083.579684	15
HS_HexA7_HexN7_Ac5_S14_pNP	7	7	14	5	14	C100H148N8O120S14	4100.606233	16
HS_HexA7_HexN7_Ac5_S14_pNP	7	7	14	5	14	C100H148N8O120S14	4117.632782	17
HS_HexA7_HexN7_Ac5_S14_pNP	7	7	14	5	14	C100H148N8O120S14	4134.659331	18
HS_HexA7_HexN7_Ac5_S14_pNP	7	7	14	5	14	C100H148N8O120S14	4151.685881	19
HS_HexA7_HexN7_Ac5_S14_pNP	7	7	14	5	14	C100H148N8O120S14	4168.712430	20
HS_HexA7_HexN7_Ac5_S14_pNP	7	7	14	5	14	C100H148N8O120S14	4185.738979	21
HS_HexA7_HexN7_Ac5_S15_pNP	7	7	14	5	15	C100H148N8O123S15	3908.138263	0
HS_HexA7_HexN7_Ac5_S15_pNP	7	7	14	5	15	C100H148N8O123S15	3925.164812	1
HS_HexA7_HexN7_Ac5_S15_pNP	7	7	14	5	15	C100H148N8O123S15	3942.191361	2
HS_HexA7_HexN7_Ac5_S15_pNP	7	7	14	5	15	C100H148N8O123S15	3959.217910	3
HS_HexA7_HexN7_Ac5_S15_pNP	7	7	14	5	15	C100H148N8O123S15	3976.244459	4
HS_HexA7_HexN7_Ac5_S15_pNP	7	7	14	5	15	C100H148N8O123S15	3993.271008	5
HS_HexA7_HexN7_Ac5_S15_pNP	7	7	14	5	15	C100H148N8O123S15	4010.297557	6
HS_HexA7_HexN7_Ac5_S15_pNP	7	7	14	5	15	C100H148N8O123S15	4027.324106	7
HS_HexA7_HexN7_Ac5_S15_pNP	7	7	14	5	15	C100H148N8O123S15	4044.350655	8
HS_HexA7_HexN7_Ac5_S15_pNP	7	7	14	5	15	C100H148N8O123S15	4061.377205	9
HS_HexA7_HexN7_Ac5_S15_pNP	7	7	14	5	15	C100H148N8O123S15	4078.403754	10
HS_HexA7_HexN7_Ac5_S15_pNP	7	7	14	5	15	C100H148N8O123S15	4095.430303	11
HS_HexA7_HexN7_Ac5_S15_pNP	7	7	14	5	15	C100H148N8O123S15	4112.456852	12
HS_HexA7_HexN7_Ac5_S15_pNP	7	7	14	5	15	C100H148N8O123S15	4129.483401	13
HS_HexA7_HexN7_Ac5_S15_pNP	7	7	14	5	15	C100H148N8O123S15	4146.509950	14
HS_HexA7_HexN7_Ac5_S15_pNP	7	7	14	5	15	C100H148N8O123S15	4163.536499	15
HS_HexA7_HexN7_Ac5_S15_pNP	7	7	14	5	15	C100H148N8O123S15	4180.563048	16
HS_HexA7_HexN7_Ac5_S15_pNP	7	7	14	5	15	C100H148N8O123S15	4197.589597	17
HS_HexA7_HexN7_Ac5_S15_pNP	7	7	14	5	15	C100H148N8O123S15	4214.616146	18
HS_HexA7_HexN7_Ac5_S15_pNP	7	7	14	5	15	C100H148N8O123S15	4231.642696	19
HS_HexA7_HexN7_Ac5_S15_pNP	7	7	14	5	15	C100H148N8O123S15	4248.669245	20
HS_HexA7_HexN7_Ac5_S15_pNP	7	7	14	5	15	C100H148N8O123S15	4265.695794	21
HS_HexA7_HexN7_Ac5_S15_pNP	7	7	14	5	15	C100H148N8O123S15	4282.722343	22
HS_HexA7_HexN7_Ac5_S16_pNP	7	7	14	5	16	C100H148N8O126S16	3988.095078	0
HS_HexA7_HexN7_Ac5_S16_pNP	7	7	14	5	16	C100H148N8O126S16	4005.121627	1
HS_HexA7_HexN7_Ac5_S16_pNP	7	7	14	5	16	C100H148N8O126S16	4022.148176	2
HS_HexA7_HexN7_Ac5_S16_pNP	7	7	14	5	16	C100H148N8O126S16	4039.174725	3
HS_HexA7_HexN7_Ac5_S16_pNP	7	7	14	5	16	C100H148N8O126S16	4056.201274	4
HS_HexA7_HexN7_Ac5_S16_pNP	7	7	14	5	16	C100H148N8O126S16	4073.227823	5
HS_HexA7_HexN7_Ac5_S16_pNP	7	7	14	5	16	C100H148N8O126S16	4090.254372	6
HS_HexA7_HexN7_Ac5_S16_pNP	7	7	14	5	16	C100H148N8O126S16	4107.280921	7
HS_HexA7_HexN7_Ac5_S16_pNP	7	7	14	5	16	C100H148N8O126S16	4124.307470	8
HS_HexA7_HexN7_Ac5_S16_pNP	7	7	14	5	16	C100H148N8O126S16	4141.334020	9
HS_HexA7_HexN7_Ac5_S16_pNP	7	7	14	5	16	C100H148N8O126S16	4158.360569	10
HS_HexA7_HexN7_Ac5_S16_pNP	7	7	14	5	16	C100H148N8O126S16	4175.387118	11
HS_HexA7_HexN7_Ac5_S16_pNP	7	7	14	5	16	C100H148N8O126S16	4192.413667	12
HS_HexA7_HexN7_Ac5_S16_pNP	7	7	14	5	16	C100H148N8O126S16	4209.440216	13
HS_HexA7_HexN7_Ac5_S16_pNP	7	7	14	5	16	C100H148N8O126S16	4226.466765	14
HS_HexA7_HexN7_Ac5_S16_pNP	7	7	14	5	16	C100H148N8O126S16	4243.493314	15
HS_HexA7_HexN7_Ac5_S16_pNP	7	7	14	5	16	C100H148N8O126S16	4260.519863	16
HS_HexA7_HexN7_Ac5_S16_pNP	7	7	14	5	16	C100H148N8O126S16	4277.546412	17
HS_HexA7_HexN7_Ac5_S16_pNP	7	7	14	5	16	C100H148N8O126S16	4294.572961	18
HS_HexA7_HexN7_Ac5_S16_pNP	7	7	14	5	16	C100H148N8O126S16	4311.599511	19
HS_HexA7_HexN7_Ac5_S16_pNP	7	7	14	5	16	C100H148N8O126S16	4328.626060	20
HS_HexA7_HexN7_Ac5_S16_pNP	7	7	14	5	16	C100H148N8O126S16	4345.652609	21
HS_HexA7_HexN7_Ac5_S16_pNP	7	7	14	5	16	C100H148N8O126S16	4362.679158	22
HS_HexA7_HexN7_Ac5_S16_pNP	7	7	14	5	16	C100H148N8O126S16	4379.705707	23
HS_HexA7_HexN7_Ac5_S17_pNP	7	7	14	5	17	C100H148N8O129S17	4068.051893	0
HS_HexA7_HexN7_Ac5_S17_pNP	7	7	14	5	17	C100H148N8O129S17	4085.078442	1
HS_HexA7_HexN7_Ac5_S17_pNP	7	7	14	5	17	C100H148N8O129S17	4102.104991	2
HS_HexA7_HexN7_Ac5_S17_pNP	7	7	14	5	17	C100H148N8O129S17	4119.131540	3
HS_HexA7_HexN7_Ac5_S17_pNP	7	7	14	5	17	C100H148N8O129S17	4136.158089	4
HS_HexA7_HexN7_Ac5_S17_pNP	7	7	14	5	17	C100H148N8O129S17	4153.184638	5
HS_HexA7_HexN7_Ac5_S17_pNP	7	7	14	5	17	C100H148N8O129S17	4170.211187	6
HS_HexA7_HexN7_Ac5_S17_pNP	7	7	14	5	17	C100H148N8O129S17	4187.237736	7
HS_HexA7_HexN7_Ac5_S17_pNP	7	7	14	5	17	C100H148N8O129S17	4204.264286	8
HS_HexA7_HexN7_Ac5_S17_pNP	7	7	14	5	17	C100H148N8O129S17	4221.290835	9
HS_HexA7_HexN7_Ac5_S17_pNP	7	7	14	5	17	C100H148N8O129S17	4238.317384	10
HS_HexA7_HexN7_Ac5_S17_pNP	7	7	14	5	17	C100H148N8O129S17	4255.343933	11
HS_HexA7_HexN7_Ac5_S17_pNP	7	7	14	5	17	C100H148N8O129S17	4272.370482	12
HS_HexA7_HexN7_Ac5_S17_pNP	7	7	14	5	17	C100H148N8O129S17	4289.397031	13
HS_HexA7_HexN7_Ac5_S17_pNP	7	7	14	5	17	C100H148N8O129S17	4306.423580	14
HS_HexA7_HexN7_Ac5_S17_pNP	7	7	14	5	17	C100H148N8O129S17	4323.450129	15
HS_HexA7_HexN7_Ac5_S17_pNP	7	7	14	5	17	C100H148N8O129S17	4340.476678	16
HS_HexA7_HexN7_Ac5_S17_pNP	7	7	14	5	17	C100H148N8O129S17	4357.503227	17
HS_HexA7_HexN7_Ac5_S17_pNP	7	7	14	5	17	C100H148N8O129S17	4374.529777	18
HS_HexA7_HexN7_Ac5_S17_pNP	7	7	14	5	17	C100H148N8O129S17	4391.556326	19
HS_HexA7_HexN7_Ac5_S17_pNP	7	7	14	5	17	C100H148N8O129S17	4408.582875	20
HS_HexA7_HexN7_Ac5_S17_pNP	7	7	14	5	17	C100H148N8O129S17	4425.609424	21
HS_HexA7_HexN7_Ac5_S17_pNP	7	7	14	5	17	C100H148N8O129S17	4442.635973	22
HS_HexA7_HexN7_Ac5_S17_pNP	7	7	14	5	17	C100H148N8O129S17	4459.662522	23
HS_HexA7_HexN7_Ac5_S17_pNP	7	7	14	5	17	C100H148N8O129S17	4476.689071	24
HS_HexA7_HexN7_Ac5_S18_pNP	7	7	14	5	18	C100H148N8O132S18	4148.008708	0
HS_HexA7_HexN7_Ac5_S18_pNP	7	7	14	5	18	C100H148N8O132S18	4165.035257	1
HS_HexA7_HexN7_Ac5_S18_pNP	7	7	14	5	18	C100H148N8O132S18	4182.061806	2
HS_HexA7_HexN7_Ac5_S18_pNP	7	7	14	5	18	C100H148N8O132S18	4199.088355	3
HS_HexA7_HexN7_Ac5_S18_pNP	7	7	14	5	18	C100H148N8O132S18	4216.114904	4
HS_HexA7_HexN7_Ac5_S18_pNP	7	7	14	5	18	C100H148N8O132S18	4233.141453	5
HS_HexA7_HexN7_Ac5_S18_pNP	7	7	14	5	18	C100H148N8O132S18	4250.168002	6
HS_HexA7_HexN7_Ac5_S18_pNP	7	7	14	5	18	C100H148N8O132S18	4267.194551	7
HS_HexA7_HexN7_Ac5_S18_pNP	7	7	14	5	18	C100H148N8O132S18	4284.221101	8
HS_HexA7_HexN7_Ac5_S18_pNP	7	7	14	5	18	C100H148N8O132S18	4301.247650	9
HS_HexA7_HexN7_Ac5_S18_pNP	7	7	14	5	18	C100H148N8O132S18	4318.274199	10
HS_HexA7_HexN7_Ac5_S18_pNP	7	7	14	5	18	C100H148N8O132S18	4335.300748	11
HS_HexA7_HexN7_Ac5_S18_pNP	7	7	14	5	18	C100H148N8O132S18	4352.327297	12
HS_HexA7_HexN7_Ac5_S18_pNP	7	7	14	5	18	C100H148N8O132S18	4369.353846	13
HS_HexA7_HexN7_Ac5_S18_pNP	7	7	14	5	18	C100H148N8O132S18	4386.380395	14
HS_HexA7_HexN7_Ac5_S18_pNP	7	7	14	5	18	C100H148N8O132S18	4403.406944	15
HS_HexA7_HexN7_Ac5_S18_pNP	7	7	14	5	18	C100H148N8O132S18	4420.433493	16
HS_HexA7_HexN7_Ac5_S18_pNP	7	7	14	5	18	C100H148N8O132S18	4437.460042	17
HS_HexA7_HexN7_Ac5_S18_pNP	7	7	14	5	18	C100H148N8O132S18	4454.486592	18
HS_HexA7_HexN7_Ac5_S18_pNP	7	7	14	5	18	C100H148N8O132S18	4471.513141	19
HS_HexA7_HexN7_Ac5_S18_pNP	7	7	14	5	18	C100H148N8O132S18	4488.539690	20
HS_HexA7_HexN7_Ac5_S18_pNP	7	7	14	5	18	C100H148N8O132S18	4505.566239	21
HS_HexA7_HexN7_Ac5_S18_pNP	7	7	14	5	18	C100H148N8O132S18	4522.592788	22
HS_HexA7_HexN7_Ac5_S18_pNP	7	7	14	5	18	C100H148N8O132S18	4539.619337	23
HS_HexA7_HexN7_Ac5_S18_pNP	7	7	14	5	18	C100H148N8O132S18	4556.645886	24
HS_HexA7_HexN7_Ac5_S18_pNP	7	7	14	5	18	C100H148N8O132S18	4573.672435	25
HS_HexA7_HexN7_Ac5_S19_pNP	7	7	14	5	19	C100H148N8O135S19	4227.965523	0
HS_HexA7_HexN7_Ac5_S19_pNP	7	7	14	5	19	C100H148N8O135S19	4244.992072	1
HS_HexA7_HexN7_Ac5_S19_pNP	7	7	14	5	19	C100H148N8O135S19	4262.018621	2
HS_HexA7_HexN7_Ac5_S19_pNP	7	7	14	5	19	C100H148N8O135S19	4279.045170	3
HS_HexA7_HexN7_Ac5_S19_pNP	7	7	14	5	19	C100H148N8O135S19	4296.071719	4
HS_HexA7_HexN7_Ac5_S19_pNP	7	7	14	5	19	C100H148N8O135S19	4313.098268	5
HS_HexA7_HexN7_Ac5_S19_pNP	7	7	14	5	19	C100H148N8O135S19	4330.124817	6
HS_HexA7_HexN7_Ac5_S19_pNP	7	7	14	5	19	C100H148N8O135S19	4347.151366	7
HS_HexA7_HexN7_Ac5_S19_pNP	7	7	14	5	19	C100H148N8O135S19	4364.177916	8
HS_HexA7_HexN7_Ac5_S19_pNP	7	7	14	5	19	C100H148N8O135S19	4381.204465	9
HS_HexA7_HexN7_Ac5_S19_pNP	7	7	14	5	19	C100H148N8O135S19	4398.231014	10
HS_HexA7_HexN7_Ac5_S19_pNP	7	7	14	5	19	C100H148N8O135S19	4415.257563	11
HS_HexA7_HexN7_Ac5_S19_pNP	7	7	14	5	19	C100H148N8O135S19	4432.284112	12
HS_HexA7_HexN7_Ac5_S19_pNP	7	7	14	5	19	C100H148N8O135S19	4449.310661	13
HS_HexA7_HexN7_Ac5_S19_pNP	7	7	14	5	19	C100H148N8O135S19	4466.337210	14
HS_HexA7_HexN7_Ac5_S19_pNP	7	7	14	5	19	C100H148N8O135S19	4483.363759	15
HS_HexA7_HexN7_Ac5_S19_pNP	7	7	14	5	19	C100H148N8O135S19	4500.390308	16
HS_HexA7_HexN7_Ac5_S19_pNP	7	7	14	5	19	C100H148N8O135S19	4517.416857	17
HS_HexA7_HexN7_Ac5_S19_pNP	7	7	14	5	19	C100H148N8O135S19	4534.443407	18
HS_HexA7_HexN7_Ac5_S19_pNP	7	7	14	5	19	C100H148N8O135S19	4551.469956	19
HS_HexA7_HexN7_Ac5_S19_pNP	7	7	14	5	19	C100H148N8O135S19	4568.496505	20
HS_HexA7_HexN7_Ac5_S19_pNP	7	7	14	5	19	C100H148N8O135S19	4585.523054	21
HS_HexA7_HexN7_Ac5_S19_pNP	7	7	14	5	19	C100H148N8O135S19	4602.549603	22
HS_HexA7_HexN7_Ac5_S19_pNP	7	7	14	5	19	C100H148N8O135S19	4619.576152	23
HS_HexA7_HexN7_Ac5_S19_pNP	7	7	14	5	19	C100H148N8O135S19	4636.602701	24
HS_HexA7_HexN7_Ac5_S19_pNP	7	7	14	5	19	C100H148N8O135S19	4653.629250	25
HS_HexA7_HexN7_Ac5_S19_pNP	7	7	14	5	19	C100H148N8O135S19	4670.655799	26
HS_HexA7_HexN7_Ac5_S20_pNP	7	7	14	5	20	C100H148N8O138S20	4307.922338	0
HS_HexA7_HexN7_Ac5_S20_pNP	7	7	14	5	20	C100H148N8O138S20	4324.948887	1
HS_HexA7_HexN7_Ac5_S20_pNP	7	7	14	5	20	C100H148N8O138S20	4341.975436	2
HS_HexA7_HexN7_Ac5_S20_pNP	7	7	14	5	20	C100H148N8O138S20	4359.001985	3
HS_HexA7_HexN7_Ac5_S20_pNP	7	7	14	5	20	C100H148N8O138S20	4376.028534	4
HS_HexA7_HexN7_Ac5_S20_pNP	7	7	14	5	20	C100H148N8O138S20	4393.055083	5
HS_HexA7_HexN7_Ac5_S20_pNP	7	7	14	5	20	C100H148N8O138S20	4410.081632	6
HS_HexA7_HexN7_Ac5_S20_pNP	7	7	14	5	20	C100H148N8O138S20	4427.108182	7
HS_HexA7_HexN7_Ac5_S20_pNP	7	7	14	5	20	C100H148N8O138S20	4444.134731	8
HS_HexA7_HexN7_Ac5_S20_pNP	7	7	14	5	20	C100H148N8O138S20	4461.161280	9
HS_HexA7_HexN7_Ac5_S20_pNP	7	7	14	5	20	C100H148N8O138S20	4478.187829	10
HS_HexA7_HexN7_Ac5_S20_pNP	7	7	14	5	20	C100H148N8O138S20	4495.214378	11
HS_HexA7_HexN7_Ac5_S20_pNP	7	7	14	5	20	C100H148N8O138S20	4512.240927	12
HS_HexA7_HexN7_Ac5_S20_pNP	7	7	14	5	20	C100H148N8O138S20	4529.267476	13
HS_HexA7_HexN7_Ac5_S20_pNP	7	7	14	5	20	C100H148N8O138S20	4546.294025	14
HS_HexA7_HexN7_Ac5_S20_pNP	7	7	14	5	20	C100H148N8O138S20	4563.320574	15
HS_HexA7_HexN7_Ac5_S20_pNP	7	7	14	5	20	C100H148N8O138S20	4580.347123	16
HS_HexA7_HexN7_Ac5_S20_pNP	7	7	14	5	20	C100H148N8O138S20	4597.373673	17
HS_HexA7_HexN7_Ac5_S20_pNP	7	7	14	5	20	C100H148N8O138S20	4614.400222	18
HS_HexA7_HexN7_Ac5_S20_pNP	7	7	14	5	20	C100H148N8O138S20	4631.426771	19
HS_HexA7_HexN7_Ac5_S20_pNP	7	7	14	5	20	C100H148N8O138S20	4648.453320	20
HS_HexA7_HexN7_Ac5_S20_pNP	7	7	14	5	20	C100H148N8O138S20	4665.479869	21
HS_HexA7_HexN7_Ac5_S20_pNP	7	7	14	5	20	C100H148N8O138S20	4682.506418	22
HS_HexA7_HexN7_Ac5_S20_pNP	7	7	14	5	20	C100H148N8O138S20	4699.532967	23
HS_HexA7_HexN7_Ac5_S20_pNP	7	7	14	5	20	C100H148N8O138S20	4716.559516	24
HS_HexA7_HexN7_Ac5_S20_pNP	7	7	14	5	20	C100H148N8O138S20	4733.586065	25
HS_HexA7_HexN7_Ac5_S20_pNP	7	7	14	5	20	C100H148N8O138S20	4750.612614	26
HS_HexA7_HexN7_Ac5_S20_pNP	7	7	14	5	20	C100H148N8O138S20	4767.639164	27
HS_HexA7_HexN7_Ac5_S21_pNP	7	7	14	5	21	C100H148N8O141S21	4387.879153	0
HS_HexA7_HexN7_Ac5_S21_pNP	7	7	14	5	21	C100H148N8O141S21	4404.905702	1
HS_HexA7_HexN7_Ac5_S21_pNP	7	7	14	5	21	C100H148N8O141S21	4421.932251	2
HS_HexA7_HexN7_Ac5_S21_pNP	7	7	14	5	21	C100H148N8O141S21	4438.958800	3
HS_HexA7_HexN7_Ac5_S21_pNP	7	7	14	5	21	C100H148N8O141S21	4455.985349	4
HS_HexA7_HexN7_Ac5_S21_pNP	7	7	14	5	21	C100H148N8O141S21	4473.011898	5
HS_HexA7_HexN7_Ac5_S21_pNP	7	7	14	5	21	C100H148N8O141S21	4490.038447	6
HS_HexA7_HexN7_Ac5_S21_pNP	7	7	14	5	21	C100H148N8O141S21	4507.064997	7
HS_HexA7_HexN7_Ac5_S21_pNP	7	7	14	5	21	C100H148N8O141S21	4524.091546	8
HS_HexA7_HexN7_Ac5_S21_pNP	7	7	14	5	21	C100H148N8O141S21	4541.118095	9
HS_HexA7_HexN7_Ac5_S21_pNP	7	7	14	5	21	C100H148N8O141S21	4558.144644	10
HS_HexA7_HexN7_Ac5_S21_pNP	7	7	14	5	21	C100H148N8O141S21	4575.171193	11
HS_HexA7_HexN7_Ac5_S21_pNP	7	7	14	5	21	C100H148N8O141S21	4592.197742	12
HS_HexA7_HexN7_Ac5_S21_pNP	7	7	14	5	21	C100H148N8O141S21	4609.224291	13
HS_HexA7_HexN7_Ac5_S21_pNP	7	7	14	5	21	C100H148N8O141S21	4626.250840	14
HS_HexA7_HexN7_Ac5_S21_pNP	7	7	14	5	21	C100H148N8O141S21	4643.277389	15
HS_HexA7_HexN7_Ac5_S21_pNP	7	7	14	5	21	C100H148N8O141S21	4660.303938	16
HS_HexA7_HexN7_Ac5_S21_pNP	7	7	14	5	21	C100H148N8O141S21	4677.330488	17
HS_HexA7_HexN7_Ac5_S21_pNP	7	7	14	5	21	C100H148N8O141S21	4694.357037	18
HS_HexA7_HexN7_Ac5_S21_pNP	7	7	14	5	21	C100H148N8O141S21	4711.383586	19
HS_HexA7_HexN7_Ac5_S21_pNP	7	7	14	5	21	C100H148N8O141S21	4728.410135	20
HS_HexA7_HexN7_Ac5_S21_pNP	7	7	14	5	21	C100H148N8O141S21	4745.436684	21
HS_HexA7_HexN7_Ac5_S21_pNP	7	7	14	5	21	C100H148N8O141S21	4762.463233	22
HS_HexA7_HexN7_Ac5_S21_pNP	7	7	14	5	21	C100H148N8O141S21	4779.489782	23
HS_HexA7_HexN7_Ac5_S21_pNP	7	7	14	5	21	C100H148N8O141S21	4796.516331	24
HS_HexA7_HexN7_Ac5_S21_pNP	7	7	14	5	21	C100H148N8O141S21	4813.542880	25
HS_HexA7_HexN7_Ac5_S21_pNP	7	7	14	5	21	C100H148N8O141S21	4830.569429	26
HS_HexA7_HexN7_Ac5_S21_pNP	7	7	14	5	21	C100H148N8O141S21	4847.595979	27
HS_HexA7_HexN7_Ac5_S21_pNP	7	7	14	5	21	C100H148N8O141S21	4864.622528	28
HS_HexA7_HexN7_Ac6_S0_pNP	7	7	14	6	0	C102H150N8O79	2750.796602	0
HS_HexA7_HexN7_Ac6_S0_pNP	7	7	14	6	0	C102H150N8O79	2767.823151	1
HS_HexA7_HexN7_Ac6_S0_pNP	7	7	14	6	0	C102H150N8O79	2784.849700	2
HS_HexA7_HexN7_Ac6_S0_pNP	7	7	14	6	0	C102H150N8O79	2801.876249	3
HS_HexA7_HexN7_Ac6_S0_pNP	7	7	14	6	0	C102H150N8O79	2818.902798	4
HS_HexA7_HexN7_Ac6_S0_pNP	7	7	14	6	0	C102H150N8O79	2835.929347	5
HS_HexA7_HexN7_Ac6_S0_pNP	7	7	14	6	0	C102H150N8O79	2852.955896	6
HS_HexA7_HexN7_Ac6_S0_pNP	7	7	14	6	0	C102H150N8O79	2869.982446	7
HS_HexA7_HexN7_Ac6_S1_pNP	7	7	14	6	1	C102H150N8O82S	2830.753417	0
HS_HexA7_HexN7_Ac6_S1_pNP	7	7	14	6	1	C102H150N8O82S	2847.779966	1
HS_HexA7_HexN7_Ac6_S1_pNP	7	7	14	6	1	C102H150N8O82S	2864.806515	2
HS_HexA7_HexN7_Ac6_S1_pNP	7	7	14	6	1	C102H150N8O82S	2881.833064	3
HS_HexA7_HexN7_Ac6_S1_pNP	7	7	14	6	1	C102H150N8O82S	2898.859613	4
HS_HexA7_HexN7_Ac6_S1_pNP	7	7	14	6	1	C102H150N8O82S	2915.886162	5
HS_HexA7_HexN7_Ac6_S1_pNP	7	7	14	6	1	C102H150N8O82S	2932.912711	6
HS_HexA7_HexN7_Ac6_S1_pNP	7	7	14	6	1	C102H150N8O82S	2949.939261	7
HS_HexA7_HexN7_Ac6_S1_pNP	7	7	14	6	1	C102H150N8O82S	2966.965810	8
HS_HexA7_HexN7_Ac6_S2_pNP	7	7	14	6	2	C102H150N8O85S2	2910.710232	0
HS_HexA7_HexN7_Ac6_S2_pNP	7	7	14	6	2	C102H150N8O85S2	2927.736781	1
HS_HexA7_HexN7_Ac6_S2_pNP	7	7	14	6	2	C102H150N8O85S2	2944.763330	2
HS_HexA7_HexN7_Ac6_S2_pNP	7	7	14	6	2	C102H150N8O85S2	2961.789879	3
HS_HexA7_HexN7_Ac6_S2_pNP	7	7	14	6	2	C102H150N8O85S2	2978.816428	4
HS_HexA7_HexN7_Ac6_S2_pNP	7	7	14	6	2	C102H150N8O85S2	2995.842977	5
HS_HexA7_HexN7_Ac6_S2_pNP	7	7	14	6	2	C102H150N8O85S2	3012.869526	6
HS_HexA7_HexN7_Ac6_S2_pNP	7	7	14	6	2	C102H150N8O85S2	3029.896076	7
HS_HexA7_HexN7_Ac6_S2_pNP	7	7	14	6	2	C102H150N8O85S2	3046.922625	8
HS_HexA7_HexN7_Ac6_S2_pNP	7	7	14	6	2	C102H150N8O85S2	3063.949174	9
HS_HexA7_HexN7_Ac6_S3_pNP	7	7	14	6	3	C102H150N8O88S3	2990.667047	0
HS_HexA7_HexN7_Ac6_S3_pNP	7	7	14	6	3	C102H150N8O88S3	3007.693596	1
HS_HexA7_HexN7_Ac6_S3_pNP	7	7	14	6	3	C102H150N8O88S3	3024.720145	2
HS_HexA7_HexN7_Ac6_S3_pNP	7	7	14	6	3	C102H150N8O88S3	3041.746694	3
HS_HexA7_HexN7_Ac6_S3_pNP	7	7	14	6	3	C102H150N8O88S3	3058.773243	4
HS_HexA7_HexN7_Ac6_S3_pNP	7	7	14	6	3	C102H150N8O88S3	3075.799792	5
HS_HexA7_HexN7_Ac6_S3_pNP	7	7	14	6	3	C102H150N8O88S3	3092.826342	6
HS_HexA7_HexN7_Ac6_S3_pNP	7	7	14	6	3	C102H150N8O88S3	3109.852891	7
HS_HexA7_HexN7_Ac6_S3_pNP	7	7	14	6	3	C102H150N8O88S3	3126.879440	8
HS_HexA7_HexN7_Ac6_S3_pNP	7	7	14	6	3	C102H150N8O88S3	3143.905989	9
HS_HexA7_HexN7_Ac6_S3_pNP	7	7	14	6	3	C102H150N8O88S3	3160.932538	10
HS_HexA7_HexN7_Ac6_S4_pNP	7	7	14	6	4	C102H150N8O91S4	3070.623862	0
HS_HexA7_HexN7_Ac6_S4_pNP	7	7	14	6	4	C102H150N8O91S4	3087.650411	1
HS_HexA7_HexN7_Ac6_S4_pNP	7	7	14	6	4	C102H150N8O91S4	3104.676960	2
HS_HexA7_HexN7_Ac6_S4_pNP	7	7	14	6	4	C102H150N8O91S4	3121.703509	3
HS_HexA7_HexN7_Ac6_S4_pNP	7	7	14	6	4	C102H150N8O91S4	3138.730058	4
HS_HexA7_HexN7_Ac6_S4_pNP	7	7	14	6	4	C102H150N8O91S4	3155.756607	5
HS_HexA7_HexN7_Ac6_S4_pNP	7	7	14	6	4	C102H150N8O91S4	3172.783157	6
HS_HexA7_HexN7_Ac6_S4_pNP	7	7	14	6	4	C102H150N8O91S4	3189.809706	7
HS_HexA7_HexN7_Ac6_S4_pNP	7	7	14	6	4	C102H150N8O91S4	3206.836255	8
HS_HexA7_HexN7_Ac6_S4_pNP	7	7	14	6	4	C102H150N8O91S4	3223.862804	9
HS_HexA7_HexN7_Ac6_S4_pNP	7	7	14	6	4	C102H150N8O91S4	3240.889353	10
HS_HexA7_HexN7_Ac6_S4_pNP	7	7	14	6	4	C102H150N8O91S4	3257.915902	11
HS_HexA7_HexN7_Ac6_S5_pNP	7	7	14	6	5	C102H150N8O94S5	3150.580677	0
HS_HexA7_HexN7_Ac6_S5_pNP	7	7	14	6	5	C102H150N8O94S5	3167.607226	1
HS_HexA7_HexN7_Ac6_S5_pNP	7	7	14	6	5	C102H150N8O94S5	3184.633775	2
HS_HexA7_HexN7_Ac6_S5_pNP	7	7	14	6	5	C102H150N8O94S5	3201.660324	3
HS_HexA7_HexN7_Ac6_S5_pNP	7	7	14	6	5	C102H150N8O94S5	3218.686873	4
HS_HexA7_HexN7_Ac6_S5_pNP	7	7	14	6	5	C102H150N8O94S5	3235.713422	5
HS_HexA7_HexN7_Ac6_S5_pNP	7	7	14	6	5	C102H150N8O94S5	3252.739972	6
HS_HexA7_HexN7_Ac6_S5_pNP	7	7	14	6	5	C102H150N8O94S5	3269.766521	7
HS_HexA7_HexN7_Ac6_S5_pNP	7	7	14	6	5	C102H150N8O94S5	3286.793070	8
HS_HexA7_HexN7_Ac6_S5_pNP	7	7	14	6	5	C102H150N8O94S5	3303.819619	9
HS_HexA7_HexN7_Ac6_S5_pNP	7	7	14	6	5	C102H150N8O94S5	3320.846168	10
HS_HexA7_HexN7_Ac6_S5_pNP	7	7	14	6	5	C102H150N8O94S5	3337.872717	11
HS_HexA7_HexN7_Ac6_S5_pNP	7	7	14	6	5	C102H150N8O94S5	3354.899266	12
HS_HexA7_HexN7_Ac6_S6_pNP	7	7	14	6	6	C102H150N8O97S6	3230.537492	0
HS_HexA7_HexN7_Ac6_S6_pNP	7	7	14	6	6	C102H150N8O97S6	3247.564041	1
HS_HexA7_HexN7_Ac6_S6_pNP	7	7	14	6	6	C102H150N8O97S6	3264.590590	2
HS_HexA7_HexN7_Ac6_S6_pNP	7	7	14	6	6	C102H150N8O97S6	3281.617139	3
HS_HexA7_HexN7_Ac6_S6_pNP	7	7	14	6	6	C102H150N8O97S6	3298.643688	4
HS_HexA7_HexN7_Ac6_S6_pNP	7	7	14	6	6	C102H150N8O97S6	3315.670238	5
HS_HexA7_HexN7_Ac6_S6_pNP	7	7	14	6	6	C102H150N8O97S6	3332.696787	6
HS_HexA7_HexN7_Ac6_S6_pNP	7	7	14	6	6	C102H150N8O97S6	3349.723336	7
HS_HexA7_HexN7_Ac6_S6_pNP	7	7	14	6	6	C102H150N8O97S6	3366.749885	8
HS_HexA7_HexN7_Ac6_S6_pNP	7	7	14	6	6	C102H150N8O97S6	3383.776434	9
HS_HexA7_HexN7_Ac6_S6_pNP	7	7	14	6	6	C102H150N8O97S6	3400.802983	10
HS_HexA7_HexN7_Ac6_S6_pNP	7	7	14	6	6	C102H150N8O97S6	3417.829532	11
HS_HexA7_HexN7_Ac6_S6_pNP	7	7	14	6	6	C102H150N8O97S6	3434.856081	12
HS_HexA7_HexN7_Ac6_S6_pNP	7	7	14	6	6	C102H150N8O97S6	3451.882630	13
HS_HexA7_HexN7_Ac6_S7_pNP	7	7	14	6	7	C102H150N8O100S7	3310.494307	0
HS_HexA7_HexN7_Ac6_S7_pNP	7	7	14	6	7	C102H150N8O100S7	3327.520856	1
HS_HexA7_HexN7_Ac6_S7_pNP	7	7	14	6	7	C102H150N8O100S7	3344.547405	2
HS_HexA7_HexN7_Ac6_S7_pNP	7	7	14	6	7	C102H150N8O100S7	3361.573954	3
HS_HexA7_HexN7_Ac6_S7_pNP	7	7	14	6	7	C102H150N8O100S7	3378.600503	4
HS_HexA7_HexN7_Ac6_S7_pNP	7	7	14	6	7	C102H150N8O100S7	3395.627053	5
HS_HexA7_HexN7_Ac6_S7_pNP	7	7	14	6	7	C102H150N8O100S7	3412.653602	6
HS_HexA7_HexN7_Ac6_S7_pNP	7	7	14	6	7	C102H150N8O100S7	3429.680151	7
HS_HexA7_HexN7_Ac6_S7_pNP	7	7	14	6	7	C102H150N8O100S7	3446.706700	8
HS_HexA7_HexN7_Ac6_S7_pNP	7	7	14	6	7	C102H150N8O100S7	3463.733249	9
HS_HexA7_HexN7_Ac6_S7_pNP	7	7	14	6	7	C102H150N8O100S7	3480.759798	10
HS_HexA7_HexN7_Ac6_S7_pNP	7	7	14	6	7	C102H150N8O100S7	3497.786347	11
HS_HexA7_HexN7_Ac6_S7_pNP	7	7	14	6	7	C102H150N8O100S7	3514.812896	12
HS_HexA7_HexN7_Ac6_S7_pNP	7	7	14	6	7	C102H150N8O100S7	3531.839445	13
HS_HexA7_HexN7_Ac6_S7_pNP	7	7	14	6	7	C102H150N8O100S7	3548.865994	14
HS_HexA7_HexN7_Ac6_S8_pNP	7	7	14	6	8	C102H150N8O103S8	3390.451122	0
HS_HexA7_HexN7_Ac6_S8_pNP	7	7	14	6	8	C102H150N8O103S8	3407.477671	1
HS_HexA7_HexN7_Ac6_S8_pNP	7	7	14	6	8	C102H150N8O103S8	3424.504220	2
HS_HexA7_HexN7_Ac6_S8_pNP	7	7	14	6	8	C102H150N8O103S8	3441.530769	3
HS_HexA7_HexN7_Ac6_S8_pNP	7	7	14	6	8	C102H150N8O103S8	3458.557318	4
HS_HexA7_HexN7_Ac6_S8_pNP	7	7	14	6	8	C102H150N8O103S8	3475.583868	5
HS_HexA7_HexN7_Ac6_S8_pNP	7	7	14	6	8	C102H150N8O103S8	3492.610417	6
HS_HexA7_HexN7_Ac6_S8_pNP	7	7	14	6	8	C102H150N8O103S8	3509.636966	7
HS_HexA7_HexN7_Ac6_S8_pNP	7	7	14	6	8	C102H150N8O103S8	3526.663515	8
HS_HexA7_HexN7_Ac6_S8_pNP	7	7	14	6	8	C102H150N8O103S8	3543.690064	9
HS_HexA7_HexN7_Ac6_S8_pNP	7	7	14	6	8	C102H150N8O103S8	3560.716613	10
HS_HexA7_HexN7_Ac6_S8_pNP	7	7	14	6	8	C102H150N8O103S8	3577.743162	11
HS_HexA7_HexN7_Ac6_S8_pNP	7	7	14	6	8	C102H150N8O103S8	3594.769711	12
HS_HexA7_HexN7_Ac6_S8_pNP	7	7	14	6	8	C102H150N8O103S8	3611.796260	13
HS_HexA7_HexN7_Ac6_S8_pNP	7	7	14	6	8	C102H150N8O103S8	3628.822809	14
HS_HexA7_HexN7_Ac6_S8_pNP	7	7	14	6	8	C102H150N8O103S8	3645.849359	15
HS_HexA7_HexN7_Ac6_S9_pNP	7	7	14	6	9	C102H150N8O106S9	3470.407937	0
HS_HexA7_HexN7_Ac6_S9_pNP	7	7	14	6	9	C102H150N8O106S9	3487.434486	1
HS_HexA7_HexN7_Ac6_S9_pNP	7	7	14	6	9	C102H150N8O106S9	3504.461035	2
HS_HexA7_HexN7_Ac6_S9_pNP	7	7	14	6	9	C102H150N8O106S9	3521.487584	3
HS_HexA7_HexN7_Ac6_S9_pNP	7	7	14	6	9	C102H150N8O106S9	3538.514134	4
HS_HexA7_HexN7_Ac6_S9_pNP	7	7	14	6	9	C102H150N8O106S9	3555.540683	5
HS_HexA7_HexN7_Ac6_S9_pNP	7	7	14	6	9	C102H150N8O106S9	3572.567232	6
HS_HexA7_HexN7_Ac6_S9_pNP	7	7	14	6	9	C102H150N8O106S9	3589.593781	7
HS_HexA7_HexN7_Ac6_S9_pNP	7	7	14	6	9	C102H150N8O106S9	3606.620330	8
HS_HexA7_HexN7_Ac6_S9_pNP	7	7	14	6	9	C102H150N8O106S9	3623.646879	9
HS_HexA7_HexN7_Ac6_S9_pNP	7	7	14	6	9	C102H150N8O106S9	3640.673428	10
HS_HexA7_HexN7_Ac6_S9_pNP	7	7	14	6	9	C102H150N8O106S9	3657.699977	11
HS_HexA7_HexN7_Ac6_S9_pNP	7	7	14	6	9	C102H150N8O106S9	3674.726526	12
HS_HexA7_HexN7_Ac6_S9_pNP	7	7	14	6	9	C102H150N8O106S9	3691.753075	13
HS_HexA7_HexN7_Ac6_S9_pNP	7	7	14	6	9	C102H150N8O106S9	3708.779625	14
HS_HexA7_HexN7_Ac6_S9_pNP	7	7	14	6	9	C102H150N8O106S9	3725.806174	15
HS_HexA7_HexN7_Ac6_S9_pNP	7	7	14	6	9	C102H150N8O106S9	3742.832723	16
HS_HexA7_HexN7_Ac6_S10_pNP	7	7	14	6	10	C102H150N8O109S10	3550.364752	0
HS_HexA7_HexN7_Ac6_S10_pNP	7	7	14	6	10	C102H150N8O109S10	3567.391301	1
HS_HexA7_HexN7_Ac6_S10_pNP	7	7	14	6	10	C102H150N8O109S10	3584.417850	2
HS_HexA7_HexN7_Ac6_S10_pNP	7	7	14	6	10	C102H150N8O109S10	3601.444399	3
HS_HexA7_HexN7_Ac6_S10_pNP	7	7	14	6	10	C102H150N8O109S10	3618.470949	4
HS_HexA7_HexN7_Ac6_S10_pNP	7	7	14	6	10	C102H150N8O109S10	3635.497498	5
HS_HexA7_HexN7_Ac6_S10_pNP	7	7	14	6	10	C102H150N8O109S10	3652.524047	6
HS_HexA7_HexN7_Ac6_S10_pNP	7	7	14	6	10	C102H150N8O109S10	3669.550596	7
HS_HexA7_HexN7_Ac6_S10_pNP	7	7	14	6	10	C102H150N8O109S10	3686.577145	8
HS_HexA7_HexN7_Ac6_S10_pNP	7	7	14	6	10	C102H150N8O109S10	3703.603694	9
HS_HexA7_HexN7_Ac6_S10_pNP	7	7	14	6	10	C102H150N8O109S10	3720.630243	10
HS_HexA7_HexN7_Ac6_S10_pNP	7	7	14	6	10	C102H150N8O109S10	3737.656792	11
HS_HexA7_HexN7_Ac6_S10_pNP	7	7	14	6	10	C102H150N8O109S10	3754.683341	12
HS_HexA7_HexN7_Ac6_S10_pNP	7	7	14	6	10	C102H150N8O109S10	3771.709890	13
HS_HexA7_HexN7_Ac6_S10_pNP	7	7	14	6	10	C102H150N8O109S10	3788.736440	14
HS_HexA7_HexN7_Ac6_S10_pNP	7	7	14	6	10	C102H150N8O109S10	3805.762989	15
HS_HexA7_HexN7_Ac6_S10_pNP	7	7	14	6	10	C102H150N8O109S10	3822.789538	16
HS_HexA7_HexN7_Ac6_S10_pNP	7	7	14	6	10	C102H150N8O109S10	3839.816087	17
HS_HexA7_HexN7_Ac6_S11_pNP	7	7	14	6	11	C102H150N8O112S11	3630.321567	0
HS_HexA7_HexN7_Ac6_S11_pNP	7	7	14	6	11	C102H150N8O112S11	3647.348116	1
HS_HexA7_HexN7_Ac6_S11_pNP	7	7	14	6	11	C102H150N8O112S11	3664.374665	2
HS_HexA7_HexN7_Ac6_S11_pNP	7	7	14	6	11	C102H150N8O112S11	3681.401214	3
HS_HexA7_HexN7_Ac6_S11_pNP	7	7	14	6	11	C102H150N8O112S11	3698.427764	4
HS_HexA7_HexN7_Ac6_S11_pNP	7	7	14	6	11	C102H150N8O112S11	3715.454313	5
HS_HexA7_HexN7_Ac6_S11_pNP	7	7	14	6	11	C102H150N8O112S11	3732.480862	6
HS_HexA7_HexN7_Ac6_S11_pNP	7	7	14	6	11	C102H150N8O112S11	3749.507411	7
HS_HexA7_HexN7_Ac6_S11_pNP	7	7	14	6	11	C102H150N8O112S11	3766.533960	8
HS_HexA7_HexN7_Ac6_S11_pNP	7	7	14	6	11	C102H150N8O112S11	3783.560509	9
HS_HexA7_HexN7_Ac6_S11_pNP	7	7	14	6	11	C102H150N8O112S11	3800.587058	10
HS_HexA7_HexN7_Ac6_S11_pNP	7	7	14	6	11	C102H150N8O112S11	3817.613607	11
HS_HexA7_HexN7_Ac6_S11_pNP	7	7	14	6	11	C102H150N8O112S11	3834.640156	12
HS_HexA7_HexN7_Ac6_S11_pNP	7	7	14	6	11	C102H150N8O112S11	3851.666705	13
HS_HexA7_HexN7_Ac6_S11_pNP	7	7	14	6	11	C102H150N8O112S11	3868.693255	14
HS_HexA7_HexN7_Ac6_S11_pNP	7	7	14	6	11	C102H150N8O112S11	3885.719804	15
HS_HexA7_HexN7_Ac6_S11_pNP	7	7	14	6	11	C102H150N8O112S11	3902.746353	16
HS_HexA7_HexN7_Ac6_S11_pNP	7	7	14	6	11	C102H150N8O112S11	3919.772902	17
HS_HexA7_HexN7_Ac6_S11_pNP	7	7	14	6	11	C102H150N8O112S11	3936.799451	18
HS_HexA7_HexN7_Ac6_S12_pNP	7	7	14	6	12	C102H150N8O115S12	3710.278382	0
HS_HexA7_HexN7_Ac6_S12_pNP	7	7	14	6	12	C102H150N8O115S12	3727.304931	1
HS_HexA7_HexN7_Ac6_S12_pNP	7	7	14	6	12	C102H150N8O115S12	3744.331480	2
HS_HexA7_HexN7_Ac6_S12_pNP	7	7	14	6	12	C102H150N8O115S12	3761.358030	3
HS_HexA7_HexN7_Ac6_S12_pNP	7	7	14	6	12	C102H150N8O115S12	3778.384579	4
HS_HexA7_HexN7_Ac6_S12_pNP	7	7	14	6	12	C102H150N8O115S12	3795.411128	5
HS_HexA7_HexN7_Ac6_S12_pNP	7	7	14	6	12	C102H150N8O115S12	3812.437677	6
HS_HexA7_HexN7_Ac6_S12_pNP	7	7	14	6	12	C102H150N8O115S12	3829.464226	7
HS_HexA7_HexN7_Ac6_S12_pNP	7	7	14	6	12	C102H150N8O115S12	3846.490775	8
HS_HexA7_HexN7_Ac6_S12_pNP	7	7	14	6	12	C102H150N8O115S12	3863.517324	9
HS_HexA7_HexN7_Ac6_S12_pNP	7	7	14	6	12	C102H150N8O115S12	3880.543873	10
HS_HexA7_HexN7_Ac6_S12_pNP	7	7	14	6	12	C102H150N8O115S12	3897.570422	11
HS_HexA7_HexN7_Ac6_S12_pNP	7	7	14	6	12	C102H150N8O115S12	3914.596971	12
HS_HexA7_HexN7_Ac6_S12_pNP	7	7	14	6	12	C102H150N8O115S12	3931.623521	13
HS_HexA7_HexN7_Ac6_S12_pNP	7	7	14	6	12	C102H150N8O115S12	3948.650070	14
HS_HexA7_HexN7_Ac6_S12_pNP	7	7	14	6	12	C102H150N8O115S12	3965.676619	15
HS_HexA7_HexN7_Ac6_S12_pNP	7	7	14	6	12	C102H150N8O115S12	3982.703168	16
HS_HexA7_HexN7_Ac6_S12_pNP	7	7	14	6	12	C102H150N8O115S12	3999.729717	17
HS_HexA7_HexN7_Ac6_S12_pNP	7	7	14	6	12	C102H150N8O115S12	4016.756266	18
HS_HexA7_HexN7_Ac6_S12_pNP	7	7	14	6	12	C102H150N8O115S12	4033.782815	19
HS_HexA7_HexN7_Ac6_S13_pNP	7	7	14	6	13	C102H150N8O118S13	3790.235197	0
HS_HexA7_HexN7_Ac6_S13_pNP	7	7	14	6	13	C102H150N8O118S13	3807.261746	1
HS_HexA7_HexN7_Ac6_S13_pNP	7	7	14	6	13	C102H150N8O118S13	3824.288295	2
HS_HexA7_HexN7_Ac6_S13_pNP	7	7	14	6	13	C102H150N8O118S13	3841.314845	3
HS_HexA7_HexN7_Ac6_S13_pNP	7	7	14	6	13	C102H150N8O118S13	3858.341394	4
HS_HexA7_HexN7_Ac6_S13_pNP	7	7	14	6	13	C102H150N8O118S13	3875.367943	5
HS_HexA7_HexN7_Ac6_S13_pNP	7	7	14	6	13	C102H150N8O118S13	3892.394492	6
HS_HexA7_HexN7_Ac6_S13_pNP	7	7	14	6	13	C102H150N8O118S13	3909.421041	7
HS_HexA7_HexN7_Ac6_S13_pNP	7	7	14	6	13	C102H150N8O118S13	3926.447590	8
HS_HexA7_HexN7_Ac6_S13_pNP	7	7	14	6	13	C102H150N8O118S13	3943.474139	9
HS_HexA7_HexN7_Ac6_S13_pNP	7	7	14	6	13	C102H150N8O118S13	3960.500688	10
HS_HexA7_HexN7_Ac6_S13_pNP	7	7	14	6	13	C102H150N8O118S13	3977.527237	11
HS_HexA7_HexN7_Ac6_S13_pNP	7	7	14	6	13	C102H150N8O118S13	3994.553786	12
HS_HexA7_HexN7_Ac6_S13_pNP	7	7	14	6	13	C102H150N8O118S13	4011.580336	13
HS_HexA7_HexN7_Ac6_S13_pNP	7	7	14	6	13	C102H150N8O118S13	4028.606885	14
HS_HexA7_HexN7_Ac6_S13_pNP	7	7	14	6	13	C102H150N8O118S13	4045.633434	15
HS_HexA7_HexN7_Ac6_S13_pNP	7	7	14	6	13	C102H150N8O118S13	4062.659983	16
HS_HexA7_HexN7_Ac6_S13_pNP	7	7	14	6	13	C102H150N8O118S13	4079.686532	17
HS_HexA7_HexN7_Ac6_S13_pNP	7	7	14	6	13	C102H150N8O118S13	4096.713081	18
HS_HexA7_HexN7_Ac6_S13_pNP	7	7	14	6	13	C102H150N8O118S13	4113.739630	19
HS_HexA7_HexN7_Ac6_S13_pNP	7	7	14	6	13	C102H150N8O118S13	4130.766179	20
HS_HexA7_HexN7_Ac6_S14_pNP	7	7	14	6	14	C102H150N8O121S14	3870.192012	0
HS_HexA7_HexN7_Ac6_S14_pNP	7	7	14	6	14	C102H150N8O121S14	3887.218561	1
HS_HexA7_HexN7_Ac6_S14_pNP	7	7	14	6	14	C102H150N8O121S14	3904.245110	2
HS_HexA7_HexN7_Ac6_S14_pNP	7	7	14	6	14	C102H150N8O121S14	3921.271660	3
HS_HexA7_HexN7_Ac6_S14_pNP	7	7	14	6	14	C102H150N8O121S14	3938.298209	4
HS_HexA7_HexN7_Ac6_S14_pNP	7	7	14	6	14	C102H150N8O121S14	3955.324758	5
HS_HexA7_HexN7_Ac6_S14_pNP	7	7	14	6	14	C102H150N8O121S14	3972.351307	6
HS_HexA7_HexN7_Ac6_S14_pNP	7	7	14	6	14	C102H150N8O121S14	3989.377856	7
HS_HexA7_HexN7_Ac6_S14_pNP	7	7	14	6	14	C102H150N8O121S14	4006.404405	8
HS_HexA7_HexN7_Ac6_S14_pNP	7	7	14	6	14	C102H150N8O121S14	4023.430954	9
HS_HexA7_HexN7_Ac6_S14_pNP	7	7	14	6	14	C102H150N8O121S14	4040.457503	10
HS_HexA7_HexN7_Ac6_S14_pNP	7	7	14	6	14	C102H150N8O121S14	4057.484052	11
HS_HexA7_HexN7_Ac6_S14_pNP	7	7	14	6	14	C102H150N8O121S14	4074.510601	12
HS_HexA7_HexN7_Ac6_S14_pNP	7	7	14	6	14	C102H150N8O121S14	4091.537151	13
HS_HexA7_HexN7_Ac6_S14_pNP	7	7	14	6	14	C102H150N8O121S14	4108.563700	14
HS_HexA7_HexN7_Ac6_S14_pNP	7	7	14	6	14	C102H150N8O121S14	4125.590249	15
HS_HexA7_HexN7_Ac6_S14_pNP	7	7	14	6	14	C102H150N8O121S14	4142.616798	16
HS_HexA7_HexN7_Ac6_S14_pNP	7	7	14	6	14	C102H150N8O121S14	4159.643347	17
HS_HexA7_HexN7_Ac6_S14_pNP	7	7	14	6	14	C102H150N8O121S14	4176.669896	18
HS_HexA7_HexN7_Ac6_S14_pNP	7	7	14	6	14	C102H150N8O121S14	4193.696445	19
HS_HexA7_HexN7_Ac6_S14_pNP	7	7	14	6	14	C102H150N8O121S14	4210.722994	20
HS_HexA7_HexN7_Ac6_S14_pNP	7	7	14	6	14	C102H150N8O121S14	4227.749543	21
HS_HexA7_HexN7_Ac6_S15_pNP	7	7	14	6	15	C102H150N8O124S15	3950.148827	0
HS_HexA7_HexN7_Ac6_S15_pNP	7	7	14	6	15	C102H150N8O124S15	3967.175376	1
HS_HexA7_HexN7_Ac6_S15_pNP	7	7	14	6	15	C102H150N8O124S15	3984.201926	2
HS_HexA7_HexN7_Ac6_S15_pNP	7	7	14	6	15	C102H150N8O124S15	4001.228475	3
HS_HexA7_HexN7_Ac6_S15_pNP	7	7	14	6	15	C102H150N8O124S15	4018.255024	4
HS_HexA7_HexN7_Ac6_S15_pNP	7	7	14	6	15	C102H150N8O124S15	4035.281573	5
HS_HexA7_HexN7_Ac6_S15_pNP	7	7	14	6	15	C102H150N8O124S15	4052.308122	6
HS_HexA7_HexN7_Ac6_S15_pNP	7	7	14	6	15	C102H150N8O124S15	4069.334671	7
HS_HexA7_HexN7_Ac6_S15_pNP	7	7	14	6	15	C102H150N8O124S15	4086.361220	8
HS_HexA7_HexN7_Ac6_S15_pNP	7	7	14	6	15	C102H150N8O124S15	4103.387769	9
HS_HexA7_HexN7_Ac6_S15_pNP	7	7	14	6	15	C102H150N8O124S15	4120.414318	10
HS_HexA7_HexN7_Ac6_S15_pNP	7	7	14	6	15	C102H150N8O124S15	4137.440867	11
HS_HexA7_HexN7_Ac6_S15_pNP	7	7	14	6	15	C102H150N8O124S15	4154.467417	12
HS_HexA7_HexN7_Ac6_S15_pNP	7	7	14	6	15	C102H150N8O124S15	4171.493966	13
HS_HexA7_HexN7_Ac6_S15_pNP	7	7	14	6	15	C102H150N8O124S15	4188.520515	14
HS_HexA7_HexN7_Ac6_S15_pNP	7	7	14	6	15	C102H150N8O124S15	4205.547064	15
HS_HexA7_HexN7_Ac6_S15_pNP	7	7	14	6	15	C102H150N8O124S15	4222.573613	16
HS_HexA7_HexN7_Ac6_S15_pNP	7	7	14	6	15	C102H150N8O124S15	4239.600162	17
HS_HexA7_HexN7_Ac6_S15_pNP	7	7	14	6	15	C102H150N8O124S15	4256.626711	18
HS_HexA7_HexN7_Ac6_S15_pNP	7	7	14	6	15	C102H150N8O124S15	4273.653260	19
HS_HexA7_HexN7_Ac6_S15_pNP	7	7	14	6	15	C102H150N8O124S15	4290.679809	20
HS_HexA7_HexN7_Ac6_S15_pNP	7	7	14	6	15	C102H150N8O124S15	4307.706358	21
HS_HexA7_HexN7_Ac6_S15_pNP	7	7	14	6	15	C102H150N8O124S15	4324.732908	22
HS_HexA7_HexN7_Ac6_S16_pNP	7	7	14	6	16	C102H150N8O127S16	4030.105642	0
HS_HexA7_HexN7_Ac6_S16_pNP	7	7	14	6	16	C102H150N8O127S16	4047.132191	1
HS_HexA7_HexN7_Ac6_S16_pNP	7	7	14	6	16	C102H150N8O127S16	4064.158741	2
HS_HexA7_HexN7_Ac6_S16_pNP	7	7	14	6	16	C102H150N8O127S16	4081.185290	3
HS_HexA7_HexN7_Ac6_S16_pNP	7	7	14	6	16	C102H150N8O127S16	4098.211839	4
HS_HexA7_HexN7_Ac6_S16_pNP	7	7	14	6	16	C102H150N8O127S16	4115.238388	5
HS_HexA7_HexN7_Ac6_S16_pNP	7	7	14	6	16	C102H150N8O127S16	4132.264937	6
HS_HexA7_HexN7_Ac6_S16_pNP	7	7	14	6	16	C102H150N8O127S16	4149.291486	7
HS_HexA7_HexN7_Ac6_S16_pNP	7	7	14	6	16	C102H150N8O127S16	4166.318035	8
HS_HexA7_HexN7_Ac6_S16_pNP	7	7	14	6	16	C102H150N8O127S16	4183.344584	9
HS_HexA7_HexN7_Ac6_S16_pNP	7	7	14	6	16	C102H150N8O127S16	4200.371133	10
HS_HexA7_HexN7_Ac6_S16_pNP	7	7	14	6	16	C102H150N8O127S16	4217.397682	11
HS_HexA7_HexN7_Ac6_S16_pNP	7	7	14	6	16	C102H150N8O127S16	4234.424232	12
HS_HexA7_HexN7_Ac6_S16_pNP	7	7	14	6	16	C102H150N8O127S16	4251.450781	13
HS_HexA7_HexN7_Ac6_S16_pNP	7	7	14	6	16	C102H150N8O127S16	4268.477330	14
HS_HexA7_HexN7_Ac6_S16_pNP	7	7	14	6	16	C102H150N8O127S16	4285.503879	15
HS_HexA7_HexN7_Ac6_S16_pNP	7	7	14	6	16	C102H150N8O127S16	4302.530428	16
HS_HexA7_HexN7_Ac6_S16_pNP	7	7	14	6	16	C102H150N8O127S16	4319.556977	17
HS_HexA7_HexN7_Ac6_S16_pNP	7	7	14	6	16	C102H150N8O127S16	4336.583526	18
HS_HexA7_HexN7_Ac6_S16_pNP	7	7	14	6	16	C102H150N8O127S16	4353.610075	19
HS_HexA7_HexN7_Ac6_S16_pNP	7	7	14	6	16	C102H150N8O127S16	4370.636624	20
HS_HexA7_HexN7_Ac6_S16_pNP	7	7	14	6	16	C102H150N8O127S16	4387.663173	21
HS_HexA7_HexN7_Ac6_S16_pNP	7	7	14	6	16	C102H150N8O127S16	4404.689723	22
HS_HexA7_HexN7_Ac6_S16_pNP	7	7	14	6	16	C102H150N8O127S16	4421.716272	23
HS_HexA7_HexN7_Ac6_S17_pNP	7	7	14	6	17	C102H150N8O130S17	4110.062457	0
HS_HexA7_HexN7_Ac6_S17_pNP	7	7	14	6	17	C102H150N8O130S17	4127.089006	1
HS_HexA7_HexN7_Ac6_S17_pNP	7	7	14	6	17	C102H150N8O130S17	4144.115556	2
HS_HexA7_HexN7_Ac6_S17_pNP	7	7	14	6	17	C102H150N8O130S17	4161.142105	3
HS_HexA7_HexN7_Ac6_S17_pNP	7	7	14	6	17	C102H150N8O130S17	4178.168654	4
HS_HexA7_HexN7_Ac6_S17_pNP	7	7	14	6	17	C102H150N8O130S17	4195.195203	5
HS_HexA7_HexN7_Ac6_S17_pNP	7	7	14	6	17	C102H150N8O130S17	4212.221752	6
HS_HexA7_HexN7_Ac6_S17_pNP	7	7	14	6	17	C102H150N8O130S17	4229.248301	7
HS_HexA7_HexN7_Ac6_S17_pNP	7	7	14	6	17	C102H150N8O130S17	4246.274850	8
HS_HexA7_HexN7_Ac6_S17_pNP	7	7	14	6	17	C102H150N8O130S17	4263.301399	9
HS_HexA7_HexN7_Ac6_S17_pNP	7	7	14	6	17	C102H150N8O130S17	4280.327948	10
HS_HexA7_HexN7_Ac6_S17_pNP	7	7	14	6	17	C102H150N8O130S17	4297.354497	11
HS_HexA7_HexN7_Ac6_S17_pNP	7	7	14	6	17	C102H150N8O130S17	4314.381047	12
HS_HexA7_HexN7_Ac6_S17_pNP	7	7	14	6	17	C102H150N8O130S17	4331.407596	13
HS_HexA7_HexN7_Ac6_S17_pNP	7	7	14	6	17	C102H150N8O130S17	4348.434145	14
HS_HexA7_HexN7_Ac6_S17_pNP	7	7	14	6	17	C102H150N8O130S17	4365.460694	15
HS_HexA7_HexN7_Ac6_S17_pNP	7	7	14	6	17	C102H150N8O130S17	4382.487243	16
HS_HexA7_HexN7_Ac6_S17_pNP	7	7	14	6	17	C102H150N8O130S17	4399.513792	17
HS_HexA7_HexN7_Ac6_S17_pNP	7	7	14	6	17	C102H150N8O130S17	4416.540341	18
HS_HexA7_HexN7_Ac6_S17_pNP	7	7	14	6	17	C102H150N8O130S17	4433.566890	19
HS_HexA7_HexN7_Ac6_S17_pNP	7	7	14	6	17	C102H150N8O130S17	4450.593439	20
HS_HexA7_HexN7_Ac6_S17_pNP	7	7	14	6	17	C102H150N8O130S17	4467.619989	21
HS_HexA7_HexN7_Ac6_S17_pNP	7	7	14	6	17	C102H150N8O130S17	4484.646538	22
HS_HexA7_HexN7_Ac6_S17_pNP	7	7	14	6	17	C102H150N8O130S17	4501.673087	23
HS_HexA7_HexN7_Ac6_S17_pNP	7	7	14	6	17	C102H150N8O130S17	4518.699636	24
HS_HexA7_HexN7_Ac6_S18_pNP	7	7	14	6	18	C102H150N8O133S18	4190.019272	0
HS_HexA7_HexN7_Ac6_S18_pNP	7	7	14	6	18	C102H150N8O133S18	4207.045822	1
HS_HexA7_HexN7_Ac6_S18_pNP	7	7	14	6	18	C102H150N8O133S18	4224.072371	2
HS_HexA7_HexN7_Ac6_S18_pNP	7	7	14	6	18	C102H150N8O133S18	4241.098920	3
HS_HexA7_HexN7_Ac6_S18_pNP	7	7	14	6	18	C102H150N8O133S18	4258.125469	4
HS_HexA7_HexN7_Ac6_S18_pNP	7	7	14	6	18	C102H150N8O133S18	4275.152018	5
HS_HexA7_HexN7_Ac6_S18_pNP	7	7	14	6	18	C102H150N8O133S18	4292.178567	6
HS_HexA7_HexN7_Ac6_S18_pNP	7	7	14	6	18	C102H150N8O133S18	4309.205116	7
HS_HexA7_HexN7_Ac6_S18_pNP	7	7	14	6	18	C102H150N8O133S18	4326.231665	8
HS_HexA7_HexN7_Ac6_S18_pNP	7	7	14	6	18	C102H150N8O133S18	4343.258214	9
HS_HexA7_HexN7_Ac6_S18_pNP	7	7	14	6	18	C102H150N8O133S18	4360.284763	10
HS_HexA7_HexN7_Ac6_S18_pNP	7	7	14	6	18	C102H150N8O133S18	4377.311313	11
HS_HexA7_HexN7_Ac6_S18_pNP	7	7	14	6	18	C102H150N8O133S18	4394.337862	12
HS_HexA7_HexN7_Ac6_S18_pNP	7	7	14	6	18	C102H150N8O133S18	4411.364411	13
HS_HexA7_HexN7_Ac6_S18_pNP	7	7	14	6	18	C102H150N8O133S18	4428.390960	14
HS_HexA7_HexN7_Ac6_S18_pNP	7	7	14	6	18	C102H150N8O133S18	4445.417509	15
HS_HexA7_HexN7_Ac6_S18_pNP	7	7	14	6	18	C102H150N8O133S18	4462.444058	16
HS_HexA7_HexN7_Ac6_S18_pNP	7	7	14	6	18	C102H150N8O133S18	4479.470607	17
HS_HexA7_HexN7_Ac6_S18_pNP	7	7	14	6	18	C102H150N8O133S18	4496.497156	18
HS_HexA7_HexN7_Ac6_S18_pNP	7	7	14	6	18	C102H150N8O133S18	4513.523705	19
HS_HexA7_HexN7_Ac6_S18_pNP	7	7	14	6	18	C102H150N8O133S18	4530.550254	20
HS_HexA7_HexN7_Ac6_S18_pNP	7	7	14	6	18	C102H150N8O133S18	4547.576804	21
HS_HexA7_HexN7_Ac6_S18_pNP	7	7	14	6	18	C102H150N8O133S18	4564.603353	22
HS_HexA7_HexN7_Ac6_S18_pNP	7	7	14	6	18	C102H150N8O133S18	4581.629902	23
HS_HexA7_HexN7_Ac6_S18_pNP	7	7	14	6	18	C102H150N8O133S18	4598.656451	24
HS_HexA7_HexN7_Ac6_S18_pNP	7	7	14	6	18	C102H150N8O133S18	4615.683000	25
HS_HexA7_HexN7_Ac6_S19_pNP	7	7	14	6	19	C102H150N8O136S19	4269.976087	0
HS_HexA7_HexN7_Ac6_S19_pNP	7	7	14	6	19	C102H150N8O136S19	4287.002637	1
HS_HexA7_HexN7_Ac6_S19_pNP	7	7	14	6	19	C102H150N8O136S19	4304.029186	2
HS_HexA7_HexN7_Ac6_S19_pNP	7	7	14	6	19	C102H150N8O136S19	4321.055735	3
HS_HexA7_HexN7_Ac6_S19_pNP	7	7	14	6	19	C102H150N8O136S19	4338.082284	4
HS_HexA7_HexN7_Ac6_S19_pNP	7	7	14	6	19	C102H150N8O136S19	4355.108833	5
HS_HexA7_HexN7_Ac6_S19_pNP	7	7	14	6	19	C102H150N8O136S19	4372.135382	6
HS_HexA7_HexN7_Ac6_S19_pNP	7	7	14	6	19	C102H150N8O136S19	4389.161931	7
HS_HexA7_HexN7_Ac6_S19_pNP	7	7	14	6	19	C102H150N8O136S19	4406.188480	8
HS_HexA7_HexN7_Ac6_S19_pNP	7	7	14	6	19	C102H150N8O136S19	4423.215029	9
HS_HexA7_HexN7_Ac6_S19_pNP	7	7	14	6	19	C102H150N8O136S19	4440.241578	10
HS_HexA7_HexN7_Ac6_S19_pNP	7	7	14	6	19	C102H150N8O136S19	4457.268128	11
HS_HexA7_HexN7_Ac6_S19_pNP	7	7	14	6	19	C102H150N8O136S19	4474.294677	12
HS_HexA7_HexN7_Ac6_S19_pNP	7	7	14	6	19	C102H150N8O136S19	4491.321226	13
HS_HexA7_HexN7_Ac6_S19_pNP	7	7	14	6	19	C102H150N8O136S19	4508.347775	14
HS_HexA7_HexN7_Ac6_S19_pNP	7	7	14	6	19	C102H150N8O136S19	4525.374324	15
HS_HexA7_HexN7_Ac6_S19_pNP	7	7	14	6	19	C102H150N8O136S19	4542.400873	16
HS_HexA7_HexN7_Ac6_S19_pNP	7	7	14	6	19	C102H150N8O136S19	4559.427422	17
HS_HexA7_HexN7_Ac6_S19_pNP	7	7	14	6	19	C102H150N8O136S19	4576.453971	18
HS_HexA7_HexN7_Ac6_S19_pNP	7	7	14	6	19	C102H150N8O136S19	4593.480520	19
HS_HexA7_HexN7_Ac6_S19_pNP	7	7	14	6	19	C102H150N8O136S19	4610.507069	20
HS_HexA7_HexN7_Ac6_S19_pNP	7	7	14	6	19	C102H150N8O136S19	4627.533619	21
HS_HexA7_HexN7_Ac6_S19_pNP	7	7	14	6	19	C102H150N8O136S19	4644.560168	22
HS_HexA7_HexN7_Ac6_S19_pNP	7	7	14	6	19	C102H150N8O136S19	4661.586717	23
HS_HexA7_HexN7_Ac6_S19_pNP	7	7	14	6	19	C102H150N8O136S19	4678.613266	24
HS_HexA7_HexN7_Ac6_S19_pNP	7	7	14	6	19	C102H150N8O136S19	4695.639815	25
HS_HexA7_HexN7_Ac6_S19_pNP	7	7	14	6	19	C102H150N8O136S19	4712.666364	26
HS_HexA7_HexN7_Ac6_S20_pNP	7	7	14	6	20	C102H150N8O139S20	4349.932902	0
HS_HexA7_HexN7_Ac6_S20_pNP	7	7	14	6	20	C102H150N8O139S20	4366.959452	1
HS_HexA7_HexN7_Ac6_S20_pNP	7	7	14	6	20	C102H150N8O139S20	4383.986001	2
HS_HexA7_HexN7_Ac6_S20_pNP	7	7	14	6	20	C102H150N8O139S20	4401.012550	3
HS_HexA7_HexN7_Ac6_S20_pNP	7	7	14	6	20	C102H150N8O139S20	4418.039099	4
HS_HexA7_HexN7_Ac6_S20_pNP	7	7	14	6	20	C102H150N8O139S20	4435.065648	5
HS_HexA7_HexN7_Ac6_S20_pNP	7	7	14	6	20	C102H150N8O139S20	4452.092197	6
HS_HexA7_HexN7_Ac6_S20_pNP	7	7	14	6	20	C102H150N8O139S20	4469.118746	7
HS_HexA7_HexN7_Ac6_S20_pNP	7	7	14	6	20	C102H150N8O139S20	4486.145295	8
HS_HexA7_HexN7_Ac6_S20_pNP	7	7	14	6	20	C102H150N8O139S20	4503.171844	9
HS_HexA7_HexN7_Ac6_S20_pNP	7	7	14	6	20	C102H150N8O139S20	4520.198393	10
HS_HexA7_HexN7_Ac6_S20_pNP	7	7	14	6	20	C102H150N8O139S20	4537.224943	11
HS_HexA7_HexN7_Ac6_S20_pNP	7	7	14	6	20	C102H150N8O139S20	4554.251492	12
HS_HexA7_HexN7_Ac6_S20_pNP	7	7	14	6	20	C102H150N8O139S20	4571.278041	13
HS_HexA7_HexN7_Ac6_S20_pNP	7	7	14	6	20	C102H150N8O139S20	4588.304590	14
HS_HexA7_HexN7_Ac6_S20_pNP	7	7	14	6	20	C102H150N8O139S20	4605.331139	15
HS_HexA7_HexN7_Ac6_S20_pNP	7	7	14	6	20	C102H150N8O139S20	4622.357688	16
HS_HexA7_HexN7_Ac6_S20_pNP	7	7	14	6	20	C102H150N8O139S20	4639.384237	17
HS_HexA7_HexN7_Ac6_S20_pNP	7	7	14	6	20	C102H150N8O139S20	4656.410786	18
HS_HexA7_HexN7_Ac6_S20_pNP	7	7	14	6	20	C102H150N8O139S20	4673.437335	19
HS_HexA7_HexN7_Ac6_S20_pNP	7	7	14	6	20	C102H150N8O139S20	4690.463885	20
HS_HexA7_HexN7_Ac6_S20_pNP	7	7	14	6	20	C102H150N8O139S20	4707.490434	21
HS_HexA7_HexN7_Ac6_S20_pNP	7	7	14	6	20	C102H150N8O139S20	4724.516983	22
HS_HexA7_HexN7_Ac6_S20_pNP	7	7	14	6	20	C102H150N8O139S20	4741.543532	23
HS_HexA7_HexN7_Ac6_S20_pNP	7	7	14	6	20	C102H150N8O139S20	4758.570081	24
HS_HexA7_HexN7_Ac6_S20_pNP	7	7	14	6	20	C102H150N8O139S20	4775.596630	25
HS_HexA7_HexN7_Ac6_S20_pNP	7	7	14	6	20	C102H150N8O139S20	4792.623179	26
HS_HexA7_HexN7_Ac6_S20_pNP	7	7	14	6	20	C102H150N8O139S20	4809.649728	27
HS_HexA7_HexN7_Ac6_S21_pNP	7	7	14	6	21	C102H150N8O142S21	4429.889718	0
HS_HexA7_HexN7_Ac6_S21_pNP	7	7	14	6	21	C102H150N8O142S21	4446.916267	1
HS_HexA7_HexN7_Ac6_S21_pNP	7	7	14	6	21	C102H150N8O142S21	4463.942816	2
HS_HexA7_HexN7_Ac6_S21_pNP	7	7	14	6	21	C102H150N8O142S21	4480.969365	3
HS_HexA7_HexN7_Ac6_S21_pNP	7	7	14	6	21	C102H150N8O142S21	4497.995914	4
HS_HexA7_HexN7_Ac6_S21_pNP	7	7	14	6	21	C102H150N8O142S21	4515.022463	5
HS_HexA7_HexN7_Ac6_S21_pNP	7	7	14	6	21	C102H150N8O142S21	4532.049012	6
HS_HexA7_HexN7_Ac6_S21_pNP	7	7	14	6	21	C102H150N8O142S21	4549.075561	7
HS_HexA7_HexN7_Ac6_S21_pNP	7	7	14	6	21	C102H150N8O142S21	4566.102110	8
HS_HexA7_HexN7_Ac6_S21_pNP	7	7	14	6	21	C102H150N8O142S21	4583.128659	9
HS_HexA7_HexN7_Ac6_S21_pNP	7	7	14	6	21	C102H150N8O142S21	4600.155209	10
HS_HexA7_HexN7_Ac6_S21_pNP	7	7	14	6	21	C102H150N8O142S21	4617.181758	11
HS_HexA7_HexN7_Ac6_S21_pNP	7	7	14	6	21	C102H150N8O142S21	4634.208307	12
HS_HexA7_HexN7_Ac6_S21_pNP	7	7	14	6	21	C102H150N8O142S21	4651.234856	13
HS_HexA7_HexN7_Ac6_S21_pNP	7	7	14	6	21	C102H150N8O142S21	4668.261405	14
HS_HexA7_HexN7_Ac6_S21_pNP	7	7	14	6	21	C102H150N8O142S21	4685.287954	15
HS_HexA7_HexN7_Ac6_S21_pNP	7	7	14	6	21	C102H150N8O142S21	4702.314503	16
HS_HexA7_HexN7_Ac6_S21_pNP	7	7	14	6	21	C102H150N8O142S21	4719.341052	17
HS_HexA7_HexN7_Ac6_S21_pNP	7	7	14	6	21	C102H150N8O142S21	4736.367601	18
HS_HexA7_HexN7_Ac6_S21_pNP	7	7	14	6	21	C102H150N8O142S21	4753.394150	19
HS_HexA7_HexN7_Ac6_S21_pNP	7	7	14	6	21	C102H150N8O142S21	4770.420700	20
HS_HexA7_HexN7_Ac6_S21_pNP	7	7	14	6	21	C102H150N8O142S21	4787.447249	21
HS_HexA7_HexN7_Ac6_S21_pNP	7	7	14	6	21	C102H150N8O142S21	4804.473798	22
HS_HexA7_HexN7_Ac6_S21_pNP	7	7	14	6	21	C102H150N8O142S21	4821.500347	23
HS_HexA7_HexN7_Ac6_S21_pNP	7	7	14	6	21	C102H150N8O142S21	4838.526896	24
HS_HexA7_HexN7_Ac6_S21_pNP	7	7	14	6	21	C102H150N8O142S21	4855.553445	25
HS_HexA7_HexN7_Ac6_S21_pNP	7	7	14	6	21	C102H150N8O142S21	4872.579994	26
HS_HexA7_HexN7_Ac6_S21_pNP	7	7	14	6	21	C102H150N8O142S21	4889.606543	27
HS_HexA7_HexN7_Ac6_S21_pNP	7	7	14	6	21	C102H150N8O142S21	4906.633092	28
HS_HexA7_HexN7_Ac7_S0_pNP	7	7	14	7	0	C104H152N8O80	2792.807166	0
HS_HexA7_HexN7_Ac7_S0_pNP	7	7	14	7	0	C104H152N8O80	2809.833716	1
HS_HexA7_HexN7_Ac7_S0_pNP	7	7	14	7	0	C104H152N8O80	2826.860265	2
HS_HexA7_HexN7_Ac7_S0_pNP	7	7	14	7	0	C104H152N8O80	2843.886814	3
HS_HexA7_HexN7_Ac7_S0_pNP	7	7	14	7	0	C104H152N8O80	2860.913363	4
HS_HexA7_HexN7_Ac7_S0_pNP	7	7	14	7	0	C104H152N8O80	2877.939912	5
HS_HexA7_HexN7_Ac7_S0_pNP	7	7	14	7	0	C104H152N8O80	2894.966461	6
HS_HexA7_HexN7_Ac7_S0_pNP	7	7	14	7	0	C104H152N8O80	2911.993010	7
HS_HexA7_HexN7_Ac7_S1_pNP	7	7	14	7	1	C104H152N8O83S	2872.763982	0
HS_HexA7_HexN7_Ac7_S1_pNP	7	7	14	7	1	C104H152N8O83S	2889.790531	1
HS_HexA7_HexN7_Ac7_S1_pNP	7	7	14	7	1	C104H152N8O83S	2906.817080	2
HS_HexA7_HexN7_Ac7_S1_pNP	7	7	14	7	1	C104H152N8O83S	2923.843629	3
HS_HexA7_HexN7_Ac7_S1_pNP	7	7	14	7	1	C104H152N8O83S	2940.870178	4
HS_HexA7_HexN7_Ac7_S1_pNP	7	7	14	7	1	C104H152N8O83S	2957.896727	5
HS_HexA7_HexN7_Ac7_S1_pNP	7	7	14	7	1	C104H152N8O83S	2974.923276	6
HS_HexA7_HexN7_Ac7_S1_pNP	7	7	14	7	1	C104H152N8O83S	2991.949825	7
HS_HexA7_HexN7_Ac7_S1_pNP	7	7	14	7	1	C104H152N8O83S	3008.976374	8
HS_HexA7_HexN7_Ac7_S2_pNP	7	7	14	7	2	C104H152N8O86S2	2952.720797	0
HS_HexA7_HexN7_Ac7_S2_pNP	7	7	14	7	2	C104H152N8O86S2	2969.747346	1
HS_HexA7_HexN7_Ac7_S2_pNP	7	7	14	7	2	C104H152N8O86S2	2986.773895	2
HS_HexA7_HexN7_Ac7_S2_pNP	7	7	14	7	2	C104H152N8O86S2	3003.800444	3
HS_HexA7_HexN7_Ac7_S2_pNP	7	7	14	7	2	C104H152N8O86S2	3020.826993	4
HS_HexA7_HexN7_Ac7_S2_pNP	7	7	14	7	2	C104H152N8O86S2	3037.853542	5
HS_HexA7_HexN7_Ac7_S2_pNP	7	7	14	7	2	C104H152N8O86S2	3054.880091	6
HS_HexA7_HexN7_Ac7_S2_pNP	7	7	14	7	2	C104H152N8O86S2	3071.906640	7
HS_HexA7_HexN7_Ac7_S2_pNP	7	7	14	7	2	C104H152N8O86S2	3088.933189	8
HS_HexA7_HexN7_Ac7_S2_pNP	7	7	14	7	2	C104H152N8O86S2	3105.959738	9
HS_HexA7_HexN7_Ac7_S3_pNP	7	7	14	7	3	C104H152N8O89S3	3032.677612	0
HS_HexA7_HexN7_Ac7_S3_pNP	7	7	14	7	3	C104H152N8O89S3	3049.704161	1
HS_HexA7_HexN7_Ac7_S3_pNP	7	7	14	7	3	C104H152N8O89S3	3066.730710	2
HS_HexA7_HexN7_Ac7_S3_pNP	7	7	14	7	3	C104H152N8O89S3	3083.757259	3
HS_HexA7_HexN7_Ac7_S3_pNP	7	7	14	7	3	C104H152N8O89S3	3100.783808	4
HS_HexA7_HexN7_Ac7_S3_pNP	7	7	14	7	3	C104H152N8O89S3	3117.810357	5
HS_HexA7_HexN7_Ac7_S3_pNP	7	7	14	7	3	C104H152N8O89S3	3134.836906	6
HS_HexA7_HexN7_Ac7_S3_pNP	7	7	14	7	3	C104H152N8O89S3	3151.863455	7
HS_HexA7_HexN7_Ac7_S3_pNP	7	7	14	7	3	C104H152N8O89S3	3168.890004	8
HS_HexA7_HexN7_Ac7_S3_pNP	7	7	14	7	3	C104H152N8O89S3	3185.916554	9
HS_HexA7_HexN7_Ac7_S3_pNP	7	7	14	7	3	C104H152N8O89S3	3202.943103	10
HS_HexA7_HexN7_Ac7_S4_pNP	7	7	14	7	4	C104H152N8O92S4	3112.634427	0
HS_HexA7_HexN7_Ac7_S4_pNP	7	7	14	7	4	C104H152N8O92S4	3129.660976	1
HS_HexA7_HexN7_Ac7_S4_pNP	7	7	14	7	4	C104H152N8O92S4	3146.687525	2
HS_HexA7_HexN7_Ac7_S4_pNP	7	7	14	7	4	C104H152N8O92S4	3163.714074	3
HS_HexA7_HexN7_Ac7_S4_pNP	7	7	14	7	4	C104H152N8O92S4	3180.740623	4
HS_HexA7_HexN7_Ac7_S4_pNP	7	7	14	7	4	C104H152N8O92S4	3197.767172	5
HS_HexA7_HexN7_Ac7_S4_pNP	7	7	14	7	4	C104H152N8O92S4	3214.793721	6
HS_HexA7_HexN7_Ac7_S4_pNP	7	7	14	7	4	C104H152N8O92S4	3231.820270	7
HS_HexA7_HexN7_Ac7_S4_pNP	7	7	14	7	4	C104H152N8O92S4	3248.846819	8
HS_HexA7_HexN7_Ac7_S4_pNP	7	7	14	7	4	C104H152N8O92S4	3265.873369	9
HS_HexA7_HexN7_Ac7_S4_pNP	7	7	14	7	4	C104H152N8O92S4	3282.899918	10
HS_HexA7_HexN7_Ac7_S4_pNP	7	7	14	7	4	C104H152N8O92S4	3299.926467	11
HS_HexA7_HexN7_Ac7_S5_pNP	7	7	14	7	5	C104H152N8O95S5	3192.591242	0
HS_HexA7_HexN7_Ac7_S5_pNP	7	7	14	7	5	C104H152N8O95S5	3209.617791	1
HS_HexA7_HexN7_Ac7_S5_pNP	7	7	14	7	5	C104H152N8O95S5	3226.644340	2
HS_HexA7_HexN7_Ac7_S5_pNP	7	7	14	7	5	C104H152N8O95S5	3243.670889	3
HS_HexA7_HexN7_Ac7_S5_pNP	7	7	14	7	5	C104H152N8O95S5	3260.697438	4
HS_HexA7_HexN7_Ac7_S5_pNP	7	7	14	7	5	C104H152N8O95S5	3277.723987	5
HS_HexA7_HexN7_Ac7_S5_pNP	7	7	14	7	5	C104H152N8O95S5	3294.750536	6
HS_HexA7_HexN7_Ac7_S5_pNP	7	7	14	7	5	C104H152N8O95S5	3311.777085	7
HS_HexA7_HexN7_Ac7_S5_pNP	7	7	14	7	5	C104H152N8O95S5	3328.803634	8
HS_HexA7_HexN7_Ac7_S5_pNP	7	7	14	7	5	C104H152N8O95S5	3345.830184	9
HS_HexA7_HexN7_Ac7_S5_pNP	7	7	14	7	5	C104H152N8O95S5	3362.856733	10
HS_HexA7_HexN7_Ac7_S5_pNP	7	7	14	7	5	C104H152N8O95S5	3379.883282	11
HS_HexA7_HexN7_Ac7_S5_pNP	7	7	14	7	5	C104H152N8O95S5	3396.909831	12
HS_HexA7_HexN7_Ac7_S6_pNP	7	7	14	7	6	C104H152N8O98S6	3272.548057	0
HS_HexA7_HexN7_Ac7_S6_pNP	7	7	14	7	6	C104H152N8O98S6	3289.574606	1
HS_HexA7_HexN7_Ac7_S6_pNP	7	7	14	7	6	C104H152N8O98S6	3306.601155	2
HS_HexA7_HexN7_Ac7_S6_pNP	7	7	14	7	6	C104H152N8O98S6	3323.627704	3
HS_HexA7_HexN7_Ac7_S6_pNP	7	7	14	7	6	C104H152N8O98S6	3340.654253	4
HS_HexA7_HexN7_Ac7_S6_pNP	7	7	14	7	6	C104H152N8O98S6	3357.680802	5
HS_HexA7_HexN7_Ac7_S6_pNP	7	7	14	7	6	C104H152N8O98S6	3374.707351	6
HS_HexA7_HexN7_Ac7_S6_pNP	7	7	14	7	6	C104H152N8O98S6	3391.733900	7
HS_HexA7_HexN7_Ac7_S6_pNP	7	7	14	7	6	C104H152N8O98S6	3408.760450	8
HS_HexA7_HexN7_Ac7_S6_pNP	7	7	14	7	6	C104H152N8O98S6	3425.786999	9
HS_HexA7_HexN7_Ac7_S6_pNP	7	7	14	7	6	C104H152N8O98S6	3442.813548	10
HS_HexA7_HexN7_Ac7_S6_pNP	7	7	14	7	6	C104H152N8O98S6	3459.840097	11
HS_HexA7_HexN7_Ac7_S6_pNP	7	7	14	7	6	C104H152N8O98S6	3476.866646	12
HS_HexA7_HexN7_Ac7_S6_pNP	7	7	14	7	6	C104H152N8O98S6	3493.893195	13
HS_HexA7_HexN7_Ac7_S7_pNP	7	7	14	7	7	C104H152N8O101S7	3352.504872	0
HS_HexA7_HexN7_Ac7_S7_pNP	7	7	14	7	7	C104H152N8O101S7	3369.531421	1
HS_HexA7_HexN7_Ac7_S7_pNP	7	7	14	7	7	C104H152N8O101S7	3386.557970	2
HS_HexA7_HexN7_Ac7_S7_pNP	7	7	14	7	7	C104H152N8O101S7	3403.584519	3
HS_HexA7_HexN7_Ac7_S7_pNP	7	7	14	7	7	C104H152N8O101S7	3420.611068	4
HS_HexA7_HexN7_Ac7_S7_pNP	7	7	14	7	7	C104H152N8O101S7	3437.637617	5
HS_HexA7_HexN7_Ac7_S7_pNP	7	7	14	7	7	C104H152N8O101S7	3454.664166	6
HS_HexA7_HexN7_Ac7_S7_pNP	7	7	14	7	7	C104H152N8O101S7	3471.690715	7
HS_HexA7_HexN7_Ac7_S7_pNP	7	7	14	7	7	C104H152N8O101S7	3488.717265	8
HS_HexA7_HexN7_Ac7_S7_pNP	7	7	14	7	7	C104H152N8O101S7	3505.743814	9
HS_HexA7_HexN7_Ac7_S7_pNP	7	7	14	7	7	C104H152N8O101S7	3522.770363	10
HS_HexA7_HexN7_Ac7_S7_pNP	7	7	14	7	7	C104H152N8O101S7	3539.796912	11
HS_HexA7_HexN7_Ac7_S7_pNP	7	7	14	7	7	C104H152N8O101S7	3556.823461	12
HS_HexA7_HexN7_Ac7_S7_pNP	7	7	14	7	7	C104H152N8O101S7	3573.850010	13
HS_HexA7_HexN7_Ac7_S7_pNP	7	7	14	7	7	C104H152N8O101S7	3590.876559	14
HS_HexA7_HexN7_Ac7_S8_pNP	7	7	14	7	8	C104H152N8O104S8	3432.461687	0
HS_HexA7_HexN7_Ac7_S8_pNP	7	7	14	7	8	C104H152N8O104S8	3449.488236	1
HS_HexA7_HexN7_Ac7_S8_pNP	7	7	14	7	8	C104H152N8O104S8	3466.514785	2
HS_HexA7_HexN7_Ac7_S8_pNP	7	7	14	7	8	C104H152N8O104S8	3483.541334	3
HS_HexA7_HexN7_Ac7_S8_pNP	7	7	14	7	8	C104H152N8O104S8	3500.567883	4
HS_HexA7_HexN7_Ac7_S8_pNP	7	7	14	7	8	C104H152N8O104S8	3517.594432	5
HS_HexA7_HexN7_Ac7_S8_pNP	7	7	14	7	8	C104H152N8O104S8	3534.620981	6
HS_HexA7_HexN7_Ac7_S8_pNP	7	7	14	7	8	C104H152N8O104S8	3551.647530	7
HS_HexA7_HexN7_Ac7_S8_pNP	7	7	14	7	8	C104H152N8O104S8	3568.674080	8
HS_HexA7_HexN7_Ac7_S8_pNP	7	7	14	7	8	C104H152N8O104S8	3585.700629	9
HS_HexA7_HexN7_Ac7_S8_pNP	7	7	14	7	8	C104H152N8O104S8	3602.727178	10
HS_HexA7_HexN7_Ac7_S8_pNP	7	7	14	7	8	C104H152N8O104S8	3619.753727	11
HS_HexA7_HexN7_Ac7_S8_pNP	7	7	14	7	8	C104H152N8O104S8	3636.780276	12
HS_HexA7_HexN7_Ac7_S8_pNP	7	7	14	7	8	C104H152N8O104S8	3653.806825	13
HS_HexA7_HexN7_Ac7_S8_pNP	7	7	14	7	8	C104H152N8O104S8	3670.833374	14
HS_HexA7_HexN7_Ac7_S8_pNP	7	7	14	7	8	C104H152N8O104S8	3687.859923	15
HS_HexA7_HexN7_Ac7_S9_pNP	7	7	14	7	9	C104H152N8O107S9	3512.418502	0
HS_HexA7_HexN7_Ac7_S9_pNP	7	7	14	7	9	C104H152N8O107S9	3529.445051	1
HS_HexA7_HexN7_Ac7_S9_pNP	7	7	14	7	9	C104H152N8O107S9	3546.471600	2
HS_HexA7_HexN7_Ac7_S9_pNP	7	7	14	7	9	C104H152N8O107S9	3563.498149	3
HS_HexA7_HexN7_Ac7_S9_pNP	7	7	14	7	9	C104H152N8O107S9	3580.524698	4
HS_HexA7_HexN7_Ac7_S9_pNP	7	7	14	7	9	C104H152N8O107S9	3597.551247	5
HS_HexA7_HexN7_Ac7_S9_pNP	7	7	14	7	9	C104H152N8O107S9	3614.577796	6
HS_HexA7_HexN7_Ac7_S9_pNP	7	7	14	7	9	C104H152N8O107S9	3631.604346	7
HS_HexA7_HexN7_Ac7_S9_pNP	7	7	14	7	9	C104H152N8O107S9	3648.630895	8
HS_HexA7_HexN7_Ac7_S9_pNP	7	7	14	7	9	C104H152N8O107S9	3665.657444	9
HS_HexA7_HexN7_Ac7_S9_pNP	7	7	14	7	9	C104H152N8O107S9	3682.683993	10
HS_HexA7_HexN7_Ac7_S9_pNP	7	7	14	7	9	C104H152N8O107S9	3699.710542	11
HS_HexA7_HexN7_Ac7_S9_pNP	7	7	14	7	9	C104H152N8O107S9	3716.737091	12
HS_HexA7_HexN7_Ac7_S9_pNP	7	7	14	7	9	C104H152N8O107S9	3733.763640	13
HS_HexA7_HexN7_Ac7_S9_pNP	7	7	14	7	9	C104H152N8O107S9	3750.790189	14
HS_HexA7_HexN7_Ac7_S9_pNP	7	7	14	7	9	C104H152N8O107S9	3767.816738	15
HS_HexA7_HexN7_Ac7_S9_pNP	7	7	14	7	9	C104H152N8O107S9	3784.843287	16
HS_HexA7_HexN7_Ac7_S10_pNP	7	7	14	7	10	C104H152N8O110S10	3592.375317	0
HS_HexA7_HexN7_Ac7_S10_pNP	7	7	14	7	10	C104H152N8O110S10	3609.401866	1
HS_HexA7_HexN7_Ac7_S10_pNP	7	7	14	7	10	C104H152N8O110S10	3626.428415	2
HS_HexA7_HexN7_Ac7_S10_pNP	7	7	14	7	10	C104H152N8O110S10	3643.454964	3
HS_HexA7_HexN7_Ac7_S10_pNP	7	7	14	7	10	C104H152N8O110S10	3660.481513	4
HS_HexA7_HexN7_Ac7_S10_pNP	7	7	14	7	10	C104H152N8O110S10	3677.508062	5
HS_HexA7_HexN7_Ac7_S10_pNP	7	7	14	7	10	C104H152N8O110S10	3694.534611	6
HS_HexA7_HexN7_Ac7_S10_pNP	7	7	14	7	10	C104H152N8O110S10	3711.561161	7
HS_HexA7_HexN7_Ac7_S10_pNP	7	7	14	7	10	C104H152N8O110S10	3728.587710	8
HS_HexA7_HexN7_Ac7_S10_pNP	7	7	14	7	10	C104H152N8O110S10	3745.614259	9
HS_HexA7_HexN7_Ac7_S10_pNP	7	7	14	7	10	C104H152N8O110S10	3762.640808	10
HS_HexA7_HexN7_Ac7_S10_pNP	7	7	14	7	10	C104H152N8O110S10	3779.667357	11
HS_HexA7_HexN7_Ac7_S10_pNP	7	7	14	7	10	C104H152N8O110S10	3796.693906	12
HS_HexA7_HexN7_Ac7_S10_pNP	7	7	14	7	10	C104H152N8O110S10	3813.720455	13
HS_HexA7_HexN7_Ac7_S10_pNP	7	7	14	7	10	C104H152N8O110S10	3830.747004	14
HS_HexA7_HexN7_Ac7_S10_pNP	7	7	14	7	10	C104H152N8O110S10	3847.773553	15
HS_HexA7_HexN7_Ac7_S10_pNP	7	7	14	7	10	C104H152N8O110S10	3864.800102	16
HS_HexA7_HexN7_Ac7_S10_pNP	7	7	14	7	10	C104H152N8O110S10	3881.826652	17
HS_HexA7_HexN7_Ac7_S11_pNP	7	7	14	7	11	C104H152N8O113S11	3672.332132	0
HS_HexA7_HexN7_Ac7_S11_pNP	7	7	14	7	11	C104H152N8O113S11	3689.358681	1
HS_HexA7_HexN7_Ac7_S11_pNP	7	7	14	7	11	C104H152N8O113S11	3706.385230	2
HS_HexA7_HexN7_Ac7_S11_pNP	7	7	14	7	11	C104H152N8O113S11	3723.411779	3
HS_HexA7_HexN7_Ac7_S11_pNP	7	7	14	7	11	C104H152N8O113S11	3740.438328	4
HS_HexA7_HexN7_Ac7_S11_pNP	7	7	14	7	11	C104H152N8O113S11	3757.464877	5
HS_HexA7_HexN7_Ac7_S11_pNP	7	7	14	7	11	C104H152N8O113S11	3774.491426	6
HS_HexA7_HexN7_Ac7_S11_pNP	7	7	14	7	11	C104H152N8O113S11	3791.517976	7
HS_HexA7_HexN7_Ac7_S11_pNP	7	7	14	7	11	C104H152N8O113S11	3808.544525	8
HS_HexA7_HexN7_Ac7_S11_pNP	7	7	14	7	11	C104H152N8O113S11	3825.571074	9
HS_HexA7_HexN7_Ac7_S11_pNP	7	7	14	7	11	C104H152N8O113S11	3842.597623	10
HS_HexA7_HexN7_Ac7_S11_pNP	7	7	14	7	11	C104H152N8O113S11	3859.624172	11
HS_HexA7_HexN7_Ac7_S11_pNP	7	7	14	7	11	C104H152N8O113S11	3876.650721	12
HS_HexA7_HexN7_Ac7_S11_pNP	7	7	14	7	11	C104H152N8O113S11	3893.677270	13
HS_HexA7_HexN7_Ac7_S11_pNP	7	7	14	7	11	C104H152N8O113S11	3910.703819	14
HS_HexA7_HexN7_Ac7_S11_pNP	7	7	14	7	11	C104H152N8O113S11	3927.730368	15
HS_HexA7_HexN7_Ac7_S11_pNP	7	7	14	7	11	C104H152N8O113S11	3944.756917	16
HS_HexA7_HexN7_Ac7_S11_pNP	7	7	14	7	11	C104H152N8O113S11	3961.783467	17
HS_HexA7_HexN7_Ac7_S11_pNP	7	7	14	7	11	C104H152N8O113S11	3978.810016	18
HS_HexA7_HexN7_Ac7_S12_pNP	7	7	14	7	12	C104H152N8O116S12	3752.288947	0
HS_HexA7_HexN7_Ac7_S12_pNP	7	7	14	7	12	C104H152N8O116S12	3769.315496	1
HS_HexA7_HexN7_Ac7_S12_pNP	7	7	14	7	12	C104H152N8O116S12	3786.342045	2
HS_HexA7_HexN7_Ac7_S12_pNP	7	7	14	7	12	C104H152N8O116S12	3803.368594	3
HS_HexA7_HexN7_Ac7_S12_pNP	7	7	14	7	12	C104H152N8O116S12	3820.395143	4
HS_HexA7_HexN7_Ac7_S12_pNP	7	7	14	7	12	C104H152N8O116S12	3837.421692	5
HS_HexA7_HexN7_Ac7_S12_pNP	7	7	14	7	12	C104H152N8O116S12	3854.448242	6
HS_HexA7_HexN7_Ac7_S12_pNP	7	7	14	7	12	C104H152N8O116S12	3871.474791	7
HS_HexA7_HexN7_Ac7_S12_pNP	7	7	14	7	12	C104H152N8O116S12	3888.501340	8
HS_HexA7_HexN7_Ac7_S12_pNP	7	7	14	7	12	C104H152N8O116S12	3905.527889	9
HS_HexA7_HexN7_Ac7_S12_pNP	7	7	14	7	12	C104H152N8O116S12	3922.554438	10
HS_HexA7_HexN7_Ac7_S12_pNP	7	7	14	7	12	C104H152N8O116S12	3939.580987	11
HS_HexA7_HexN7_Ac7_S12_pNP	7	7	14	7	12	C104H152N8O116S12	3956.607536	12
HS_HexA7_HexN7_Ac7_S12_pNP	7	7	14	7	12	C104H152N8O116S12	3973.634085	13
HS_HexA7_HexN7_Ac7_S12_pNP	7	7	14	7	12	C104H152N8O116S12	3990.660634	14
HS_HexA7_HexN7_Ac7_S12_pNP	7	7	14	7	12	C104H152N8O116S12	4007.687183	15
HS_HexA7_HexN7_Ac7_S12_pNP	7	7	14	7	12	C104H152N8O116S12	4024.713733	16
HS_HexA7_HexN7_Ac7_S12_pNP	7	7	14	7	12	C104H152N8O116S12	4041.740282	17
HS_HexA7_HexN7_Ac7_S12_pNP	7	7	14	7	12	C104H152N8O116S12	4058.766831	18
HS_HexA7_HexN7_Ac7_S12_pNP	7	7	14	7	12	C104H152N8O116S12	4075.793380	19
HS_HexA7_HexN7_Ac7_S13_pNP	7	7	14	7	13	C104H152N8O119S13	3832.245762	0
HS_HexA7_HexN7_Ac7_S13_pNP	7	7	14	7	13	C104H152N8O119S13	3849.272311	1
HS_HexA7_HexN7_Ac7_S13_pNP	7	7	14	7	13	C104H152N8O119S13	3866.298860	2
HS_HexA7_HexN7_Ac7_S13_pNP	7	7	14	7	13	C104H152N8O119S13	3883.325409	3
HS_HexA7_HexN7_Ac7_S13_pNP	7	7	14	7	13	C104H152N8O119S13	3900.351958	4
HS_HexA7_HexN7_Ac7_S13_pNP	7	7	14	7	13	C104H152N8O119S13	3917.378507	5
HS_HexA7_HexN7_Ac7_S13_pNP	7	7	14	7	13	C104H152N8O119S13	3934.405057	6
HS_HexA7_HexN7_Ac7_S13_pNP	7	7	14	7	13	C104H152N8O119S13	3951.431606	7
HS_HexA7_HexN7_Ac7_S13_pNP	7	7	14	7	13	C104H152N8O119S13	3968.458155	8
HS_HexA7_HexN7_Ac7_S13_pNP	7	7	14	7	13	C104H152N8O119S13	3985.484704	9
HS_HexA7_HexN7_Ac7_S13_pNP	7	7	14	7	13	C104H152N8O119S13	4002.511253	10
HS_HexA7_HexN7_Ac7_S13_pNP	7	7	14	7	13	C104H152N8O119S13	4019.537802	11
HS_HexA7_HexN7_Ac7_S13_pNP	7	7	14	7	13	C104H152N8O119S13	4036.564351	12
HS_HexA7_HexN7_Ac7_S13_pNP	7	7	14	7	13	C104H152N8O119S13	4053.590900	13
HS_HexA7_HexN7_Ac7_S13_pNP	7	7	14	7	13	C104H152N8O119S13	4070.617449	14
HS_HexA7_HexN7_Ac7_S13_pNP	7	7	14	7	13	C104H152N8O119S13	4087.643998	15
HS_HexA7_HexN7_Ac7_S13_pNP	7	7	14	7	13	C104H152N8O119S13	4104.670548	16
HS_HexA7_HexN7_Ac7_S13_pNP	7	7	14	7	13	C104H152N8O119S13	4121.697097	17
HS_HexA7_HexN7_Ac7_S13_pNP	7	7	14	7	13	C104H152N8O119S13	4138.723646	18
HS_HexA7_HexN7_Ac7_S13_pNP	7	7	14	7	13	C104H152N8O119S13	4155.750195	19
HS_HexA7_HexN7_Ac7_S13_pNP	7	7	14	7	13	C104H152N8O119S13	4172.776744	20
HS_HexA7_HexN7_Ac7_S14_pNP	7	7	14	7	14	C104H152N8O122S14	3912.202577	0
HS_HexA7_HexN7_Ac7_S14_pNP	7	7	14	7	14	C104H152N8O122S14	3929.229126	1
HS_HexA7_HexN7_Ac7_S14_pNP	7	7	14	7	14	C104H152N8O122S14	3946.255675	2
HS_HexA7_HexN7_Ac7_S14_pNP	7	7	14	7	14	C104H152N8O122S14	3963.282224	3
HS_HexA7_HexN7_Ac7_S14_pNP	7	7	14	7	14	C104H152N8O122S14	3980.308773	4
HS_HexA7_HexN7_Ac7_S14_pNP	7	7	14	7	14	C104H152N8O122S14	3997.335322	5
HS_HexA7_HexN7_Ac7_S14_pNP	7	7	14	7	14	C104H152N8O122S14	4014.361872	6
HS_HexA7_HexN7_Ac7_S14_pNP	7	7	14	7	14	C104H152N8O122S14	4031.388421	7
HS_HexA7_HexN7_Ac7_S14_pNP	7	7	14	7	14	C104H152N8O122S14	4048.414970	8
HS_HexA7_HexN7_Ac7_S14_pNP	7	7	14	7	14	C104H152N8O122S14	4065.441519	9
HS_HexA7_HexN7_Ac7_S14_pNP	7	7	14	7	14	C104H152N8O122S14	4082.468068	10
HS_HexA7_HexN7_Ac7_S14_pNP	7	7	14	7	14	C104H152N8O122S14	4099.494617	11
HS_HexA7_HexN7_Ac7_S14_pNP	7	7	14	7	14	C104H152N8O122S14	4116.521166	12
HS_HexA7_HexN7_Ac7_S14_pNP	7	7	14	7	14	C104H152N8O122S14	4133.547715	13
HS_HexA7_HexN7_Ac7_S14_pNP	7	7	14	7	14	C104H152N8O122S14	4150.574264	14
HS_HexA7_HexN7_Ac7_S14_pNP	7	7	14	7	14	C104H152N8O122S14	4167.600813	15
HS_HexA7_HexN7_Ac7_S14_pNP	7	7	14	7	14	C104H152N8O122S14	4184.627363	16
HS_HexA7_HexN7_Ac7_S14_pNP	7	7	14	7	14	C104H152N8O122S14	4201.653912	17
HS_HexA7_HexN7_Ac7_S14_pNP	7	7	14	7	14	C104H152N8O122S14	4218.680461	18
HS_HexA7_HexN7_Ac7_S14_pNP	7	7	14	7	14	C104H152N8O122S14	4235.707010	19
HS_HexA7_HexN7_Ac7_S14_pNP	7	7	14	7	14	C104H152N8O122S14	4252.733559	20
HS_HexA7_HexN7_Ac7_S14_pNP	7	7	14	7	14	C104H152N8O122S14	4269.760108	21
HS_HexA7_HexN7_Ac7_S15_pNP	7	7	14	7	15	C104H152N8O125S15	3992.159392	0
HS_HexA7_HexN7_Ac7_S15_pNP	7	7	14	7	15	C104H152N8O125S15	4009.185941	1
HS_HexA7_HexN7_Ac7_S15_pNP	7	7	14	7	15	C104H152N8O125S15	4026.212490	2
HS_HexA7_HexN7_Ac7_S15_pNP	7	7	14	7	15	C104H152N8O125S15	4043.239039	3
HS_HexA7_HexN7_Ac7_S15_pNP	7	7	14	7	15	C104H152N8O125S15	4060.265588	4
HS_HexA7_HexN7_Ac7_S15_pNP	7	7	14	7	15	C104H152N8O125S15	4077.292138	5
HS_HexA7_HexN7_Ac7_S15_pNP	7	7	14	7	15	C104H152N8O125S15	4094.318687	6
HS_HexA7_HexN7_Ac7_S15_pNP	7	7	14	7	15	C104H152N8O125S15	4111.345236	7
HS_HexA7_HexN7_Ac7_S15_pNP	7	7	14	7	15	C104H152N8O125S15	4128.371785	8
HS_HexA7_HexN7_Ac7_S15_pNP	7	7	14	7	15	C104H152N8O125S15	4145.398334	9
HS_HexA7_HexN7_Ac7_S15_pNP	7	7	14	7	15	C104H152N8O125S15	4162.424883	10
HS_HexA7_HexN7_Ac7_S15_pNP	7	7	14	7	15	C104H152N8O125S15	4179.451432	11
HS_HexA7_HexN7_Ac7_S15_pNP	7	7	14	7	15	C104H152N8O125S15	4196.477981	12
HS_HexA7_HexN7_Ac7_S15_pNP	7	7	14	7	15	C104H152N8O125S15	4213.504530	13
HS_HexA7_HexN7_Ac7_S15_pNP	7	7	14	7	15	C104H152N8O125S15	4230.531079	14
HS_HexA7_HexN7_Ac7_S15_pNP	7	7	14	7	15	C104H152N8O125S15	4247.557629	15
HS_HexA7_HexN7_Ac7_S15_pNP	7	7	14	7	15	C104H152N8O125S15	4264.584178	16
HS_HexA7_HexN7_Ac7_S15_pNP	7	7	14	7	15	C104H152N8O125S15	4281.610727	17
HS_HexA7_HexN7_Ac7_S15_pNP	7	7	14	7	15	C104H152N8O125S15	4298.637276	18
HS_HexA7_HexN7_Ac7_S15_pNP	7	7	14	7	15	C104H152N8O125S15	4315.663825	19
HS_HexA7_HexN7_Ac7_S15_pNP	7	7	14	7	15	C104H152N8O125S15	4332.690374	20
HS_HexA7_HexN7_Ac7_S15_pNP	7	7	14	7	15	C104H152N8O125S15	4349.716923	21
HS_HexA7_HexN7_Ac7_S15_pNP	7	7	14	7	15	C104H152N8O125S15	4366.743472	22
HS_HexA7_HexN7_Ac7_S16_pNP	7	7	14	7	16	C104H152N8O128S16	4072.116207	0
HS_HexA7_HexN7_Ac7_S16_pNP	7	7	14	7	16	C104H152N8O128S16	4089.142756	1
HS_HexA7_HexN7_Ac7_S16_pNP	7	7	14	7	16	C104H152N8O128S16	4106.169305	2
HS_HexA7_HexN7_Ac7_S16_pNP	7	7	14	7	16	C104H152N8O128S16	4123.195854	3
HS_HexA7_HexN7_Ac7_S16_pNP	7	7	14	7	16	C104H152N8O128S16	4140.222403	4
HS_HexA7_HexN7_Ac7_S16_pNP	7	7	14	7	16	C104H152N8O128S16	4157.248953	5
HS_HexA7_HexN7_Ac7_S16_pNP	7	7	14	7	16	C104H152N8O128S16	4174.275502	6
HS_HexA7_HexN7_Ac7_S16_pNP	7	7	14	7	16	C104H152N8O128S16	4191.302051	7
HS_HexA7_HexN7_Ac7_S16_pNP	7	7	14	7	16	C104H152N8O128S16	4208.328600	8
HS_HexA7_HexN7_Ac7_S16_pNP	7	7	14	7	16	C104H152N8O128S16	4225.355149	9
HS_HexA7_HexN7_Ac7_S16_pNP	7	7	14	7	16	C104H152N8O128S16	4242.381698	10
HS_HexA7_HexN7_Ac7_S16_pNP	7	7	14	7	16	C104H152N8O128S16	4259.408247	11
HS_HexA7_HexN7_Ac7_S16_pNP	7	7	14	7	16	C104H152N8O128S16	4276.434796	12
HS_HexA7_HexN7_Ac7_S16_pNP	7	7	14	7	16	C104H152N8O128S16	4293.461345	13
HS_HexA7_HexN7_Ac7_S16_pNP	7	7	14	7	16	C104H152N8O128S16	4310.487894	14
HS_HexA7_HexN7_Ac7_S16_pNP	7	7	14	7	16	C104H152N8O128S16	4327.514444	15
HS_HexA7_HexN7_Ac7_S16_pNP	7	7	14	7	16	C104H152N8O128S16	4344.540993	16
HS_HexA7_HexN7_Ac7_S16_pNP	7	7	14	7	16	C104H152N8O128S16	4361.567542	17
HS_HexA7_HexN7_Ac7_S16_pNP	7	7	14	7	16	C104H152N8O128S16	4378.594091	18
HS_HexA7_HexN7_Ac7_S16_pNP	7	7	14	7	16	C104H152N8O128S16	4395.620640	19
HS_HexA7_HexN7_Ac7_S16_pNP	7	7	14	7	16	C104H152N8O128S16	4412.647189	20
HS_HexA7_HexN7_Ac7_S16_pNP	7	7	14	7	16	C104H152N8O128S16	4429.673738	21
HS_HexA7_HexN7_Ac7_S16_pNP	7	7	14	7	16	C104H152N8O128S16	4446.700287	22
HS_HexA7_HexN7_Ac7_S16_pNP	7	7	14	7	16	C104H152N8O128S16	4463.726836	23
HS_HexA7_HexN7_Ac7_S17_pNP	7	7	14	7	17	C104H152N8O131S17	4152.073022	0
HS_HexA7_HexN7_Ac7_S17_pNP	7	7	14	7	17	C104H152N8O131S17	4169.099571	1
HS_HexA7_HexN7_Ac7_S17_pNP	7	7	14	7	17	C104H152N8O131S17	4186.126120	2
HS_HexA7_HexN7_Ac7_S17_pNP	7	7	14	7	17	C104H152N8O131S17	4203.152669	3
HS_HexA7_HexN7_Ac7_S17_pNP	7	7	14	7	17	C104H152N8O131S17	4220.179218	4
HS_HexA7_HexN7_Ac7_S17_pNP	7	7	14	7	17	C104H152N8O131S17	4237.205768	5
HS_HexA7_HexN7_Ac7_S17_pNP	7	7	14	7	17	C104H152N8O131S17	4254.232317	6
HS_HexA7_HexN7_Ac7_S17_pNP	7	7	14	7	17	C104H152N8O131S17	4271.258866	7
HS_HexA7_HexN7_Ac7_S17_pNP	7	7	14	7	17	C104H152N8O131S17	4288.285415	8
HS_HexA7_HexN7_Ac7_S17_pNP	7	7	14	7	17	C104H152N8O131S17	4305.311964	9
HS_HexA7_HexN7_Ac7_S17_pNP	7	7	14	7	17	C104H152N8O131S17	4322.338513	10
HS_HexA7_HexN7_Ac7_S17_pNP	7	7	14	7	17	C104H152N8O131S17	4339.365062	11
HS_HexA7_HexN7_Ac7_S17_pNP	7	7	14	7	17	C104H152N8O131S17	4356.391611	12
HS_HexA7_HexN7_Ac7_S17_pNP	7	7	14	7	17	C104H152N8O131S17	4373.418160	13
HS_HexA7_HexN7_Ac7_S17_pNP	7	7	14	7	17	C104H152N8O131S17	4390.444709	14
HS_HexA7_HexN7_Ac7_S17_pNP	7	7	14	7	17	C104H152N8O131S17	4407.471259	15
HS_HexA7_HexN7_Ac7_S17_pNP	7	7	14	7	17	C104H152N8O131S17	4424.497808	16
HS_HexA7_HexN7_Ac7_S17_pNP	7	7	14	7	17	C104H152N8O131S17	4441.524357	17
HS_HexA7_HexN7_Ac7_S17_pNP	7	7	14	7	17	C104H152N8O131S17	4458.550906	18
HS_HexA7_HexN7_Ac7_S17_pNP	7	7	14	7	17	C104H152N8O131S17	4475.577455	19
HS_HexA7_HexN7_Ac7_S17_pNP	7	7	14	7	17	C104H152N8O131S17	4492.604004	20
HS_HexA7_HexN7_Ac7_S17_pNP	7	7	14	7	17	C104H152N8O131S17	4509.630553	21
HS_HexA7_HexN7_Ac7_S17_pNP	7	7	14	7	17	C104H152N8O131S17	4526.657102	22
HS_HexA7_HexN7_Ac7_S17_pNP	7	7	14	7	17	C104H152N8O131S17	4543.683651	23
HS_HexA7_HexN7_Ac7_S17_pNP	7	7	14	7	17	C104H152N8O131S17	4560.710200	24
HS_HexA7_HexN7_Ac7_S18_pNP	7	7	14	7	18	C104H152N8O134S18	4232.029837	0
HS_HexA7_HexN7_Ac7_S18_pNP	7	7	14	7	18	C104H152N8O134S18	4249.056386	1
HS_HexA7_HexN7_Ac7_S18_pNP	7	7	14	7	18	C104H152N8O134S18	4266.082935	2
HS_HexA7_HexN7_Ac7_S18_pNP	7	7	14	7	18	C104H152N8O134S18	4283.109484	3
HS_HexA7_HexN7_Ac7_S18_pNP	7	7	14	7	18	C104H152N8O134S18	4300.136034	4
HS_HexA7_HexN7_Ac7_S18_pNP	7	7	14	7	18	C104H152N8O134S18	4317.162583	5
HS_HexA7_HexN7_Ac7_S18_pNP	7	7	14	7	18	C104H152N8O134S18	4334.189132	6
HS_HexA7_HexN7_Ac7_S18_pNP	7	7	14	7	18	C104H152N8O134S18	4351.215681	7
HS_HexA7_HexN7_Ac7_S18_pNP	7	7	14	7	18	C104H152N8O134S18	4368.242230	8
HS_HexA7_HexN7_Ac7_S18_pNP	7	7	14	7	18	C104H152N8O134S18	4385.268779	9
HS_HexA7_HexN7_Ac7_S18_pNP	7	7	14	7	18	C104H152N8O134S18	4402.295328	10
HS_HexA7_HexN7_Ac7_S18_pNP	7	7	14	7	18	C104H152N8O134S18	4419.321877	11
HS_HexA7_HexN7_Ac7_S18_pNP	7	7	14	7	18	C104H152N8O134S18	4436.348426	12
HS_HexA7_HexN7_Ac7_S18_pNP	7	7	14	7	18	C104H152N8O134S18	4453.374975	13
HS_HexA7_HexN7_Ac7_S18_pNP	7	7	14	7	18	C104H152N8O134S18	4470.401525	14
HS_HexA7_HexN7_Ac7_S18_pNP	7	7	14	7	18	C104H152N8O134S18	4487.428074	15
HS_HexA7_HexN7_Ac7_S18_pNP	7	7	14	7	18	C104H152N8O134S18	4504.454623	16
HS_HexA7_HexN7_Ac7_S18_pNP	7	7	14	7	18	C104H152N8O134S18	4521.481172	17
HS_HexA7_HexN7_Ac7_S18_pNP	7	7	14	7	18	C104H152N8O134S18	4538.507721	18
HS_HexA7_HexN7_Ac7_S18_pNP	7	7	14	7	18	C104H152N8O134S18	4555.534270	19
HS_HexA7_HexN7_Ac7_S18_pNP	7	7	14	7	18	C104H152N8O134S18	4572.560819	20
HS_HexA7_HexN7_Ac7_S18_pNP	7	7	14	7	18	C104H152N8O134S18	4589.587368	21
HS_HexA7_HexN7_Ac7_S18_pNP	7	7	14	7	18	C104H152N8O134S18	4606.613917	22
HS_HexA7_HexN7_Ac7_S18_pNP	7	7	14	7	18	C104H152N8O134S18	4623.640466	23
HS_HexA7_HexN7_Ac7_S18_pNP	7	7	14	7	18	C104H152N8O134S18	4640.667016	24
HS_HexA7_HexN7_Ac7_S18_pNP	7	7	14	7	18	C104H152N8O134S18	4657.693565	25
HS_HexA7_HexN7_Ac7_S19_pNP	7	7	14	7	19	C104H152N8O137S19	4311.986652	0
HS_HexA7_HexN7_Ac7_S19_pNP	7	7	14	7	19	C104H152N8O137S19	4329.013201	1
HS_HexA7_HexN7_Ac7_S19_pNP	7	7	14	7	19	C104H152N8O137S19	4346.039750	2
HS_HexA7_HexN7_Ac7_S19_pNP	7	7	14	7	19	C104H152N8O137S19	4363.066299	3
HS_HexA7_HexN7_Ac7_S19_pNP	7	7	14	7	19	C104H152N8O137S19	4380.092849	4
HS_HexA7_HexN7_Ac7_S19_pNP	7	7	14	7	19	C104H152N8O137S19	4397.119398	5
HS_HexA7_HexN7_Ac7_S19_pNP	7	7	14	7	19	C104H152N8O137S19	4414.145947	6
HS_HexA7_HexN7_Ac7_S19_pNP	7	7	14	7	19	C104H152N8O137S19	4431.172496	7
HS_HexA7_HexN7_Ac7_S19_pNP	7	7	14	7	19	C104H152N8O137S19	4448.199045	8
HS_HexA7_HexN7_Ac7_S19_pNP	7	7	14	7	19	C104H152N8O137S19	4465.225594	9
HS_HexA7_HexN7_Ac7_S19_pNP	7	7	14	7	19	C104H152N8O137S19	4482.252143	10
HS_HexA7_HexN7_Ac7_S19_pNP	7	7	14	7	19	C104H152N8O137S19	4499.278692	11
HS_HexA7_HexN7_Ac7_S19_pNP	7	7	14	7	19	C104H152N8O137S19	4516.305241	12
HS_HexA7_HexN7_Ac7_S19_pNP	7	7	14	7	19	C104H152N8O137S19	4533.331790	13
HS_HexA7_HexN7_Ac7_S19_pNP	7	7	14	7	19	C104H152N8O137S19	4550.358340	14
HS_HexA7_HexN7_Ac7_S19_pNP	7	7	14	7	19	C104H152N8O137S19	4567.384889	15
HS_HexA7_HexN7_Ac7_S19_pNP	7	7	14	7	19	C104H152N8O137S19	4584.411438	16
HS_HexA7_HexN7_Ac7_S19_pNP	7	7	14	7	19	C104H152N8O137S19	4601.437987	17
HS_HexA7_HexN7_Ac7_S19_pNP	7	7	14	7	19	C104H152N8O137S19	4618.464536	18
HS_HexA7_HexN7_Ac7_S19_pNP	7	7	14	7	19	C104H152N8O137S19	4635.491085	19
HS_HexA7_HexN7_Ac7_S19_pNP	7	7	14	7	19	C104H152N8O137S19	4652.517634	20
HS_HexA7_HexN7_Ac7_S19_pNP	7	7	14	7	19	C104H152N8O137S19	4669.544183	21
HS_HexA7_HexN7_Ac7_S19_pNP	7	7	14	7	19	C104H152N8O137S19	4686.570732	22
HS_HexA7_HexN7_Ac7_S19_pNP	7	7	14	7	19	C104H152N8O137S19	4703.597281	23
HS_HexA7_HexN7_Ac7_S19_pNP	7	7	14	7	19	C104H152N8O137S19	4720.623831	24
HS_HexA7_HexN7_Ac7_S19_pNP	7	7	14	7	19	C104H152N8O137S19	4737.650380	25
HS_HexA7_HexN7_Ac7_S19_pNP	7	7	14	7	19	C104H152N8O137S19	4754.676929	26
HS_HexA7_HexN7_Ac7_S20_pNP	7	7	14	7	20	C104H152N8O140S20	4391.943467	0
HS_HexA7_HexN7_Ac7_S20_pNP	7	7	14	7	20	C104H152N8O140S20	4408.970016	1
HS_HexA7_HexN7_Ac7_S20_pNP	7	7	14	7	20	C104H152N8O140S20	4425.996565	2
HS_HexA7_HexN7_Ac7_S20_pNP	7	7	14	7	20	C104H152N8O140S20	4443.023114	3
HS_HexA7_HexN7_Ac7_S20_pNP	7	7	14	7	20	C104H152N8O140S20	4460.049664	4
HS_HexA7_HexN7_Ac7_S20_pNP	7	7	14	7	20	C104H152N8O140S20	4477.076213	5
HS_HexA7_HexN7_Ac7_S20_pNP	7	7	14	7	20	C104H152N8O140S20	4494.102762	6
HS_HexA7_HexN7_Ac7_S20_pNP	7	7	14	7	20	C104H152N8O140S20	4511.129311	7
HS_HexA7_HexN7_Ac7_S20_pNP	7	7	14	7	20	C104H152N8O140S20	4528.155860	8
HS_HexA7_HexN7_Ac7_S20_pNP	7	7	14	7	20	C104H152N8O140S20	4545.182409	9
HS_HexA7_HexN7_Ac7_S20_pNP	7	7	14	7	20	C104H152N8O140S20	4562.208958	10
HS_HexA7_HexN7_Ac7_S20_pNP	7	7	14	7	20	C104H152N8O140S20	4579.235507	11
HS_HexA7_HexN7_Ac7_S20_pNP	7	7	14	7	20	C104H152N8O140S20	4596.262056	12
HS_HexA7_HexN7_Ac7_S20_pNP	7	7	14	7	20	C104H152N8O140S20	4613.288605	13
HS_HexA7_HexN7_Ac7_S20_pNP	7	7	14	7	20	C104H152N8O140S20	4630.315155	14
HS_HexA7_HexN7_Ac7_S20_pNP	7	7	14	7	20	C104H152N8O140S20	4647.341704	15
HS_HexA7_HexN7_Ac7_S20_pNP	7	7	14	7	20	C104H152N8O140S20	4664.368253	16
HS_HexA7_HexN7_Ac7_S20_pNP	7	7	14	7	20	C104H152N8O140S20	4681.394802	17
HS_HexA7_HexN7_Ac7_S20_pNP	7	7	14	7	20	C104H152N8O140S20	4698.421351	18
HS_HexA7_HexN7_Ac7_S20_pNP	7	7	14	7	20	C104H152N8O140S20	4715.447900	19
HS_HexA7_HexN7_Ac7_S20_pNP	7	7	14	7	20	C104H152N8O140S20	4732.474449	20
HS_HexA7_HexN7_Ac7_S20_pNP	7	7	14	7	20	C104H152N8O140S20	4749.500998	21
HS_HexA7_HexN7_Ac7_S20_pNP	7	7	14	7	20	C104H152N8O140S20	4766.527547	22
HS_HexA7_HexN7_Ac7_S20_pNP	7	7	14	7	20	C104H152N8O140S20	4783.554096	23
HS_HexA7_HexN7_Ac7_S20_pNP	7	7	14	7	20	C104H152N8O140S20	4800.580646	24
HS_HexA7_HexN7_Ac7_S20_pNP	7	7	14	7	20	C104H152N8O140S20	4817.607195	25
HS_HexA7_HexN7_Ac7_S20_pNP	7	7	14	7	20	C104H152N8O140S20	4834.633744	26
HS_HexA7_HexN7_Ac7_S20_pNP	7	7	14	7	20	C104H152N8O140S20	4851.660293	27
HS_HexA7_HexN7_Ac7_S21_pNP	7	7	14	7	21	C104H152N8O143S21	4471.900282	0
HS_HexA7_HexN7_Ac7_S21_pNP	7	7	14	7	21	C104H152N8O143S21	4488.926831	1
HS_HexA7_HexN7_Ac7_S21_pNP	7	7	14	7	21	C104H152N8O143S21	4505.953380	2
HS_HexA7_HexN7_Ac7_S21_pNP	7	7	14	7	21	C104H152N8O143S21	4522.979929	3
HS_HexA7_HexN7_Ac7_S21_pNP	7	7	14	7	21	C104H152N8O143S21	4540.006479	4
HS_HexA7_HexN7_Ac7_S21_pNP	7	7	14	7	21	C104H152N8O143S21	4557.033028	5
HS_HexA7_HexN7_Ac7_S21_pNP	7	7	14	7	21	C104H152N8O143S21	4574.059577	6
HS_HexA7_HexN7_Ac7_S21_pNP	7	7	14	7	21	C104H152N8O143S21	4591.086126	7
HS_HexA7_HexN7_Ac7_S21_pNP	7	7	14	7	21	C104H152N8O143S21	4608.112675	8
HS_HexA7_HexN7_Ac7_S21_pNP	7	7	14	7	21	C104H152N8O143S21	4625.139224	9
HS_HexA7_HexN7_Ac7_S21_pNP	7	7	14	7	21	C104H152N8O143S21	4642.165773	10
HS_HexA7_HexN7_Ac7_S21_pNP	7	7	14	7	21	C104H152N8O143S21	4659.192322	11
HS_HexA7_HexN7_Ac7_S21_pNP	7	7	14	7	21	C104H152N8O143S21	4676.218871	12
HS_HexA7_HexN7_Ac7_S21_pNP	7	7	14	7	21	C104H152N8O143S21	4693.245421	13
HS_HexA7_HexN7_Ac7_S21_pNP	7	7	14	7	21	C104H152N8O143S21	4710.271970	14
HS_HexA7_HexN7_Ac7_S21_pNP	7	7	14	7	21	C104H152N8O143S21	4727.298519	15
HS_HexA7_HexN7_Ac7_S21_pNP	7	7	14	7	21	C104H152N8O143S21	4744.325068	16
HS_HexA7_HexN7_Ac7_S21_pNP	7	7	14	7	21	C104H152N8O143S21	4761.351617	17
HS_HexA7_HexN7_Ac7_S21_pNP	7	7	14	7	21	C104H152N8O143S21	4778.378166	18
HS_HexA7_HexN7_Ac7_S21_pNP	7	7	14	7	21	C104H152N8O143S21	4795.404715	19
HS_HexA7_HexN7_Ac7_S21_pNP	7	7	14	7	21	C104H152N8O143S21	4812.431264	20
HS_HexA7_HexN7_Ac7_S21_pNP	7	7	14	7	21	C104H152N8O143S21	4829.457813	21
HS_HexA7_HexN7_Ac7_S21_pNP	7	7	14	7	21	C104H152N8O143S21	4846.484362	22
HS_HexA7_HexN7_Ac7_S21_pNP	7	7	14	7	21	C104H152N8O143S21	4863.510912	23
HS_HexA7_HexN7_Ac7_S21_pNP	7	7	14	7	21	C104H152N8O143S21	4880.537461	24
HS_HexA7_HexN7_Ac7_S21_pNP	7	7	14	7	21	C104H152N8O143S21	4897.564010	25
HS_HexA7_HexN7_Ac7_S21_pNP	7	7	14	7	21	C104H152N8O143S21	4914.590559	26
HS_HexA7_HexN7_Ac7_S21_pNP	7	7	14	7	21	C104H152N8O143S21	4931.617108	27
HS_HexA7_HexN7_Ac7_S21_pNP	7	7	14	7	21	C104H152N8O143S21	4948.643657	28
