name	HexA	HexN	DP	Ac	S	formula	neutral_mass
HS_HexA2_HexN2_Ac0_S0_pNP	2	2	4	0	0	C30H43N3O23	813.228735
HS_HexA2_HexN2_Ac0_S1_pNP	2	2	4	0	1	C30H43N3O26S	893.185550
HS_HexA2_HexN2_Ac0_S2_pNP	2	2	4	0	2	C30H43N3O29S2	973.142365
HS_HexA2_HexN2_Ac0_S3_pNP	2	2	4	0	3	C30H43N3O32S3	1053.099180
HS_HexA2_HexN2_Ac0_S4_pNP	2	2	4	0	4	C30H43N3O35S4	1133.055995
HS_HexA2_HexN2_Ac0_S5_pNP	2	2	4	0	5	C30H43N3O38S5	1213.012810
HS_HexA2_HexN2_Ac0_S6_pNP	2	2	4	0	6	C30H43N3O41S6	1292.969625
HS_HexA2_HexN2_Ac1_S0_pNP	2	2	4	1	0	C32H45N3O24	855.239299
HS_HexA2_HexN2_Ac1_S1_pNP	2	2	4	1	1	C32H45N3O27S	935.196114
HS_HexA2_HexN2_Ac1_S2_pNP	2	2	4	1	2	C32H45N3O30S2	1015.152929
HS_HexA2_HexN2_Ac1_S3_pNP	2	2	4	1	3	C32H45N3O33S3	1095.109744
HS_HexA2_HexN2_Ac1_S4_pNP	2	2	4	1	4	C32H45N3O36S4	1175.066559
HS_HexA2_HexN2_Ac1_S5_pNP	2	2	4	1	5	C32H45N3O39S5	1255.023374
HS_HexA2_HexN2_Ac1_S6_pNP	2	2	4	1	6	C32H45N3O42S6	1334.980190
HS_HexA2_HexN2_Ac2_S0_pNP	2	2	4	2	0	C34H47N3O25	897.249864
HS_HexA2_HexN2_Ac2_S1_pNP	2	2	4	2	1	C34H47N3O28S	977.206679
HS_HexA2_HexN2_Ac2_S2_pNP	2	2	4	2	2	C34H47N3O31S2	1057.163494
HS_HexA2_HexN2_Ac2_S3_pNP	2	2	4	2	3	C34H47N3O34S3	1137.120309
HS_HexA2_HexN2_Ac2_S4_pNP	2	2	4	2	4	C34H47N3O37S4	1217.077124
HS_HexA2_HexN2_Ac2_S5_pNP	2	2	4	2	5	C34H47N3O40S5	1297.033939
HS_HexA2_HexN2_Ac2_S6_pNP	2	2	4	2	6	C34H47N3O43S6	1376.990754
HS_HexA3_HexN2_Ac0_S0_pNP	3	2	5	0	0	C36H51N3O29	989.260823
HS_HexA3_HexN2_Ac0_S1_pNP	3	2	5	0	1	C36H51N3O32S	1069.217638
HS_HexA3_HexN2_Ac0_S2_pNP	3	2	5	0	2	C36H51N3O35S2	1149.174453
HS_HexA3_HexN2_Ac0_S3_pNP	3	2	5	0	3	C36H51N3O38S3	1229.131268
HS_HexA3_HexN2_Ac0_S4_pNP	3	2	5	0	4	C36H51N3O41S4	1309.088083
HS_HexA3_HexN2_Ac0_S5_pNP	3	2	5	0	5	C36H51N3O44S5	1389.044898
HS_HexA3_HexN2_Ac0_S6_pNP	3	2	5	0	6	C36H51N3O47S6	1469.001713
HS_HexA3_HexN2_Ac1_S0_pNP	3	2	5	1	0	C38H53N3O30	1031.271387
HS_HexA3_HexN2_Ac1_S1_pNP	3	2	5	1	1	C38H53N3O33S	1111.228202
HS_HexA3_HexN2_Ac1_S2_pNP	3	2	5	1	2	C38H53N3O36S2	1191.185017
HS_HexA3_HexN2_Ac1_S3_pNP	3	2	5	1	3	C38H53N3O39S3	1271.141832
HS_HexA3_HexN2_Ac1_S4_pNP	3	2	5	1	4	C38H53N3O42S4	1351.098647
HS_HexA3_HexN2_Ac1_S5_pNP	3	2	5	1	5	C38H53N3O45S5	1431.055462
HS_HexA3_HexN2_Ac1_S6_pNP	3	2	5	1	6	C38H53N3O48S6	1511.012278
HS_HexA3_HexN2_Ac2_S0_pNP	3	2	5	2	0	C40H55N3O31	1073.281952
HS_HexA3_HexN2_Ac2_S1_pNP	3	2	5	2	1	C40H55N3O34S	1153.238767
HS_HexA3_HexN2_Ac2_S2_pNP	3	2	5	2	2	C40H55N3O37S2	1233.195582
HS_HexA3_HexN2_Ac2_S3_pNP	3	2	5	2	3	C40H55N3O40S3	1313.152397
HS_HexA3_HexN2_Ac2_S4_pNP	3	2	5	2	4	C40H55N3O43S4	1393.109212
HS_HexA3_HexN2_Ac2_S5_pNP	3	2	5	2	5	C40H55N3O46S5	1473.066027
HS_HexA3_HexN2_Ac2_S6_pNP	3	2	5	2	6	C40H55N3O49S6	1553.022842
HS_HexA3_HexN3_Ac0_S0_pNP	3	3	6	0	0	C42H62N4O33	1150.329630
HS_HexA3_HexN3_Ac0_S1_pNP	3	3	6	0	1	C42H62N4O36S	1230.286445
HS_HexA3_HexN3_Ac0_S2_pNP	3	3	6	0	2	C42H62N4O39S2	1310.243261
HS_HexA3_HexN3_Ac0_S3_pNP	3	3	6	0	3	C42H62N4O42S3	1390.200076
HS_HexA3_HexN3_Ac0_S4_pNP	3	3	6	0	4	C42H62N4O45S4	1470.156891
HS_HexA3_HexN3_Ac0_S5_pNP	3	3	6	0	5	C42H62N4O48S5	1550.113706
HS_HexA3_HexN3_Ac0_S6_pNP	3	3	6	0	6	C42H62N4O51S6	1630.070521
HS_HexA3_HexN3_Ac0_S7_pNP	3	3	6	0	7	C42H62N4O54S7	1710.027336
HS_HexA3_HexN3_Ac0_S8_pNP	3	3	6	0	8	C42H62N4O57S8	1789.984151
HS_HexA3_HexN3_Ac0_S9_pNP	3	3	6	0	9	C42H62N4O60S9	1869.940966
HS_HexA3_HexN3_Ac1_S0_pNP	3	3	6	1	0	C44H64N4O34	1192.340195
HS_HexA3_HexN3_Ac1_S1_pNP	3	3	6	1	1	C44H64N4O37S	1272.297010
HS_HexA3_HexN3_Ac1_S2_pNP	3	3	6	1	2	C44H64N4O40S2	1352.253825
HS_HexA3_HexN3_Ac1_S3_pNP	3	3	6	1	3	C44H64N4O43S3	1432.210640
HS_HexA3_HexN3_Ac1_S4_pNP	3	3	6	1	4	C44H64N4O46S4	1512.167455
HS_HexA3_HexN3_Ac1_S5_pNP	3	3	6	1	5	C44H64N4O49S5	1592.124270
HS_HexA3_HexN3_Ac1_S6_pNP	3	3	6	1	6	C44H64N4O52S6	1672.081085
HS_HexA3_HexN3_Ac1_S7_pNP	3	3	6	1	7	C44H64N4O55S7	1752.037900
HS_HexA3_HexN3_Ac1_S8_pNP	3	3	6	1	8	C44H64N4O58S8	1831.994715
HS_HexA3_HexN3_Ac1_S9_pNP	3	3	6	1	9	C44H64N4O61S9	1911.951530
HS_HexA3_HexN3_Ac2_S0_pNP	3	3	6	2	0	C46H66N4O35	1234.350760
HS_HexA3_HexN3_Ac2_S1_pNP	3	3	6	2	1	C46H66N4O38S	1314.307575
HS_HexA3_HexN3_Ac2_S2_pNP	3	3	6	2	2	C46H66N4O41S2	1394.264390
HS_HexA3_HexN3_Ac2_S3_pNP	3	3	6	2	3	C46H66N4O44S3	1474.221205
HS_HexA3_HexN3_Ac2_S4_pNP	3	3	6	2	4	C46H66N4O47S4	1554.178020
HS_HexA3_HexN3_Ac2_S5_pNP	3	3	6	2	5	C46H66N4O50S5	1634.134835
HS_HexA3_HexN3_Ac2_S6_pNP	3	3	6	2	6	C46H66N4O53S6	1714.091650
HS_HexA3_HexN3_Ac2_S7_pNP	3	3	6	2	7	C46H66N4O56S7	1794.048465
HS_HexA3_HexN3_Ac2_S8_pNP	3	3	6	2	8	C46H66N4O59S8	1874.005280
HS_HexA3_HexN3_Ac2_S9_pNP	3	3	6	2	9	C46H66N4O62S9	1953.962095
HS_HexA3_HexN3_Ac3_S0_pNP	3	3	6	3	0	C48H68N4O36	1276.361325
HS_HexA3_HexN3_Ac3_S1_pNP	3	3	6	3	1	C48H68N4O39S	1356.318140
HS_HexA3_HexN3_Ac3_S2_pNP	3	3	6	3	2	C48H68N4O42S2	1436.274955
HS_HexA3_HexN3_Ac3_S3_pNP	3	3	6	3	3	C48H68N4O45S3	1516.231770
HS_HexA3_HexN3_Ac3_S4_pNP	3	3	6	3	4	C48H68N4O48S4	1596.188585
HS_HexA3_HexN3_Ac3_S5_pNP	3	3	6	3	5	C48H68N4O51S5	1676.145400
HS_HexA3_HexN3_Ac3_S6_pNP	3	3	6	3	6	C48H68N4O54S6	1756.102215
HS_HexA3_HexN3_Ac3_S7_pNP	3	3	6	3	7	C48H68N4O57S7	1836.059030
HS_HexA3_HexN3_Ac3_S8_pNP	3	3	6	3	8	C48H68N4O60S8	1916.015845
HS_HexA3_HexN3_Ac3_S9_pNP	3	3	6	3	9	C48H68N4O63S9	1995.972660
HS_HexA4_HexN3_Ac0_S0_pNP	4	3	7	0	0	C48H70N4O39	1326.361718
HS_HexA4_HexN3_Ac0_S1_pNP	4	3	7	0	1	C48H70N4O42S	1406.318533
HS_HexA4_HexN3_Ac0_S2_pNP	4	3	7	0	2	C48H70N4O45S2	1486.275349
HS_HexA4_HexN3_Ac0_S3_pNP	4	3	7	0	3	C48H70N4O48S3	1566.232164
HS_HexA4_HexN3_Ac0_S4_pNP	4	3	7	0	4	C48H70N4O51S4	1646.188979
HS_HexA4_HexN3_Ac0_S5_pNP	4	3	7	0	5	C48H70N4O54S5	1726.145794
HS_HexA4_HexN3_Ac0_S6_pNP	4	3	7	0	6	C48H70N4O57S6	1806.102609
HS_HexA4_HexN3_Ac0_S7_pNP	4	3	7	0	7	C48H70N4O60S7	1886.059424
HS_HexA4_HexN3_Ac0_S8_pNP	4	3	7	0	8	C48H70N4O63S8	1966.016239
HS_HexA4_HexN3_Ac0_S9_pNP	4	3	7	0	9	C48H70N4O66S9	2045.973054
HS_HexA4_HexN3_Ac1_S0_pNP	4	3	7	1	0	C50H72N4O40	1368.372283
HS_HexA4_HexN3_Ac1_S1_pNP	4	3	7	1	1	C50H72N4O43S	1448.329098
HS_HexA4_HexN3_Ac1_S2_pNP	4	3	7	1	2	C50H72N4O46S2	1528.285913
HS_HexA4_HexN3_Ac1_S3_pNP	4	3	7	1	3	C50H72N4O49S3	1608.242728
HS_HexA4_HexN3_Ac1_S4_pNP	4	3	7	1	4	C50H72N4O52S4	1688.199543
HS_HexA4_HexN3_Ac1_S5_pNP	4	3	7	1	5	C50H72N4O55S5	1768.156358
HS_HexA4_HexN3_Ac1_S6_pNP	4	3	7	1	6	C50H72N4O58S6	1848.113173
HS_HexA4_HexN3_Ac1_S7_pNP	4	3	7	1	7	C50H72N4O61S7	1928.069988
HS_HexA4_HexN3_Ac1_S8_pNP	4	3	7	1	8	C50H72N4O64S8	2008.026803
HS_HexA4_HexN3_Ac1_S9_pNP	4	3	7	1	9	C50H72N4O67S9	2087.983618
HS_HexA4_HexN3_Ac2_S0_pNP	4	3	7	2	0	C52H74N4O41	1410.382848
HS_HexA4_HexN3_Ac2_S1_pNP	4	3	7	2	1	C52H74N4O44S	1490.339663
HS_HexA4_HexN3_Ac2_S2_pNP	4	3	7	2	2	C52H74N4O47S2	1570.296478
HS_HexA4_HexN3_Ac2_S3_pNP	4	3	7	2	3	C52H74N4O50S3	1650.253293
HS_HexA4_HexN3_Ac2_S4_pNP	4	3	7	2	4	C52H74N4O53S4	1730.210108
HS_HexA4_HexN3_Ac2_S5_pNP	4	3	7	2	5	C52H74N4O56S5	1810.166923
HS_HexA4_HexN3_Ac2_S6_pNP	4	3	7	2	6	C52H74N4O59S6	1890.123738
HS_HexA4_HexN3_Ac2_S7_pNP	4	3	7	2	7	C52H74N4O62S7	1970.080553
HS_HexA4_HexN3_Ac2_S8_pNP	4	3	7	2	8	C52H74N4O65S8	2050.037368
HS_HexA4_HexN3_Ac2_S9_pNP	4	3	7	2	9	C52H74N4O68S9	2129.994183
HS_HexA4_HexN3_Ac3_S0_pNP	4	3	7	3	0	C54H76N4O42	1452.393412
HS_HexA4_HexN3_Ac3_S1_pNP	4	3	7	3	1	C54H76N4O45S	1532.350228
HS_HexA4_HexN3_Ac3_S2_pNP	4	3	7	3	2	C54H76N4O48S2	1612.307043
HS_HexA4_HexN3_Ac3_S3_pNP	4	3	7	3	3	C54H76N4O51S3	1692.263858
HS_HexA4_HexN3_Ac3_S4_pNP	4	3	7	3	4	C54H76N4O54S4	1772.220673
HS_HexA4_HexN3_Ac3_S5_pNP	4	3	7	3	5	C54H76N4O57S5	1852.177488
HS_HexA4_HexN3_Ac3_S6_pNP	4	3	7	3	6	C54H76N4O60S6	1932.134303
HS_HexA4_HexN3_Ac3_S7_pNP	4	3	7	3	7	C54H76N4O63S7	2012.091118
HS_HexA4_HexN3_Ac3_S8_pNP	4	3	7	3	8	C54H76N4O66S8	2092.047933
HS_HexA4_HexN3_Ac3_S9_pNP	4	3	7	3	9	C54H76N4O69S9	2172.004748
HS_HexA4_HexN4_Ac0_S0_pNP	4	4	8	0	0	C54H81N5O43	1487.430526
HS_HexA4_HexN4_Ac0_S1_pNP	4	4	8	0	1	C54H81N5O46S	1567.387341
HS_HexA4_HexN4_Ac0_S2_pNP	4	4	8	0	2	C54H81N5O49S2	1647.344156
HS_HexA4_HexN4_Ac0_S3_pNP	4	4	8	0	3	C54H81N5O52S3	1727.300971
HS_HexA4_HexN4_Ac0_S4_pNP	4	4	8	0	4	C54H81N5O55S4	1807.257786
HS_HexA4_HexN4_Ac0_S5_pNP	4	4	8	0	5	C54H81N5O58S5	1887.214601
HS_HexA4_HexN4_Ac0_S6_pNP	4	4	8	0	6	C54H81N5O61S6	1967.171416
HS_HexA4_HexN4_Ac0_S7_pNP	4	4	8	0	7	C54H81N5O64S7	2047.128232
HS_HexA4_HexN4_Ac0_S8_pNP	4	4	8	0	8	C54H81N5O67S8	2127.085047
HS_HexA4_HexN4_Ac0_S9_pNP	4	4	8	0	9	C54H81N5O70S9	2207.041862
HS_HexA4_HexN4_Ac0_S10_pNP	4	4	8	0	10	C54H81N5O73S10	2286.998677
HS_HexA4_HexN4_Ac0_S11_pNP	4	4	8	0	11	C54H81N5O76S11	2366.955492
HS_HexA4_HexN4_Ac0_S12_pNP	4	4	8	0	12	C54H81N5O79S12	2446.912307
HS_HexA4_HexN4_Ac1_S0_pNP	4	4	8	1	0	C56H83N5O44	1529.441091
HS_HexA4_HexN4_Ac1_S1_pNP	4	4	8	1	1	C56H83N5O47S	1609.397906
HS_HexA4_HexN4_Ac1_S2_pNP	4	4	8	1	2	C56H83N5O50S2	1689.354721
HS_HexA4_HexN4_Ac1_S3_pNP	4	4	8	1	3	C56H83N5O53S3	1769.311536
HS_HexA4_HexN4_Ac1_S4_pNP	4	4	8	1	4	C56H83N5O56S4	1849.268351
HS_HexA4_HexN4_Ac1_S5_pNP	4	4	8	1	5	C56H83N5O59S5	1929.225166
HS_HexA4_HexN4_Ac1_S6_pNP	4	4	8	1	6	C56H83N5O62S6	2009.181981
HS_HexA4_HexN4_Ac1_S7_pNP	4	4	8	1	7	C56H83N5O65S7	2089.138796
HS_HexA4_HexN4_Ac1_S8_pNP	4	4	8	1	8	C56H83N5O68S8	2169.095611
HS_HexA4_HexN4_Ac1_S9_pNP	4	4	8	1	9	C56H83N5O71S9	2249.052426
HS_HexA4_HexN4_Ac1_S10_pNP	4	4	8	1	10	C56H83N5O74S10	2329.009241
HS_HexA4_HexN4_Ac1_S11_pNP	4	4	8	1	11	C56H83N5O77S11	2408.966056
HS_HexA4_HexN4_Ac1_S12_pNP	4	4	8	1	12	C56H83N5O80S12	2488.922871
HS_HexA4_HexN4_Ac2_S0_pNP	4	4	8	2	0	C58H85N5O45	1571.451656
HS_HexA4_HexN4_Ac2_S1_pNP	4	4	8	2	1	C58H85N5O48S	1651.408471
HS_HexA4_HexN4_Ac2_S2_pNP	4	4	8	2	2	C58H85N5O51S2	1731.365286
HS_HexA4_HexN4_Ac2_S3_pNP	4	4	8	2	3	C58H85N5O54S3	1811.322101
HS_HexA4_HexN4_Ac2_S4_pNP	4	4	8	2	4	C58H85N5O57S4	1891.278916
HS_HexA4_HexN4_Ac2_S5_pNP	4	4	8	2	5	C58H85N5O60S5	1971.235731
HS_HexA4_HexN4_Ac2_S6_pNP	4	4	8	2	6	C58H85N5O63S6	2051.192546
HS_HexA4_HexN4_Ac2_S7_pNP	4	4	8	2	7	C58H85N5O66S7	2131.149361
HS_HexA4_HexN4_Ac2_S8_pNP	4	4	8	2	8	C58H85N5O69S8	2211.106176
HS_HexA4_HexN4_Ac2_S9_pNP	4	4	8	2	9	C58H85N5O72S9	2291.062991
HS_HexA4_HexN4_Ac2_S10_pNP	4	4	8	2	10	C58H85N5O75S10	2371.019806
HS_HexA4_HexN4_Ac2_S11_pNP	4	4	8	2	11	C58H85N5O78S11	2450.976621
HS_HexA4_HexN4_Ac2_S12_pNP	4	4	8	2	12	C58H85N5O81S12	2530.933436
HS_HexA4_HexN4_Ac3_S0_pNP	4	4	8	3	0	C60H87N5O46	1613.462220
HS_HexA4_HexN4_Ac3_S1_pNP	4	4	8	3	1	C60H87N5O49S	1693.419035
HS_HexA4_HexN4_Ac3_S2_pNP	4	4	8	3	2	C60H87N5O52S2	1773.375850
HS_HexA4_HexN4_Ac3_S3_pNP	4	4	8	3	3	C60H87N5O55S3	1853.332665
HS_HexA4_HexN4_Ac3_S4_pNP	4	4	8	3	4	C60H87N5O58S4	1933.289480
HS_HexA4_HexN4_Ac3_S5_pNP	4	4	8	3	5	C60H87N5O61S5	2013.246295
HS_HexA4_HexN4_Ac3_S6_pNP	4	4	8	3	6	C60H87N5O64S6	2093.203111
HS_HexA4_HexN4_Ac3_S7_pNP	4	4	8	3	7	C60H87N5O67S7	2173.159926
HS_HexA4_HexN4_Ac3_S8_pNP	4	4	8	3	8	C60H87N5O70S8	2253.116741
HS_HexA4_HexN4_Ac3_S9_pNP	4	4	8	3	9	C60H87N5O73S9	2333.073556
HS_HexA4_HexN4_Ac3_S10_pNP	4	4	8	3	10	C60H87N5O76S10	2413.030371
HS_HexA4_HexN4_Ac3_S11_pNP	4	4	8	3	11	C60H87N5O79S11	2492.987186
HS_HexA4_HexN4_Ac3_S12_pNP	4	4	8	3	12	C60H87N5O82S12	2572.944001
HS_HexA4_HexN4_Ac4_S0_pNP	4	4	8	4	0	C62H89N5O47	1655.472785
HS_HexA4_HexN4_Ac4_S1_pNP	4	4	8	4	1	C62H89N5O50S	1735.429600
HS_HexA4_HexN4_Ac4_S2_pNP	4	4	8	4	2	C62H89N5O53S2	1815.386415
HS_HexA4_HexN4_Ac4_S3_pNP	4	4	8	4	3	C62H89N5O56S3	1895.343230
HS_HexA4_HexN4_Ac4_S4_pNP	4	4	8	4	4	C62H89N5O59S4	1975.300045
HS_HexA4_HexN4_Ac4_S5_pNP	4	4	8	4	5	C62H89N5O62S5	2055.256860
HS_HexA4_HexN4_Ac4_S6_pNP	4	4	8	4	6	C62H89N5O65S6	2135.213675
HS_HexA4_HexN4_Ac4_S7_pNP	4	4	8	4	7	C62H89N5O68S7	2215.170490
HS_HexA4_HexN4_Ac4_S8_pNP	4	4	8	4	8	C62H89N5O71S8	2295.127305
HS_HexA4_HexN4_Ac4_S9_pNP	4	4	8	4	9	C62H89N5O74S9	2375.084120
HS_HexA4_HexN4_Ac4_S10_pNP	4	4	8	4	10	C62H89N5O77S10	2455.040935
HS_HexA4_HexN4_Ac4_S11_pNP	4	4	8	4	11	C62H89N5O80S11	2534.997750
HS_HexA4_HexN4_Ac4_S12_pNP	4	4	8	4	12	C62H89N5O83S12	2614.954565
HS_HexA5_HexN4_Ac0_S0_pNP	5	4	9	0	0	C60H89N5O49	1663.462614
HS_HexA5_HexN4_Ac0_S1_pNP	5	4	9	0	1	C60H89N5O52S	1743.419429
HS_HexA5_HexN4_Ac0_S2_pNP	5	4	9	0	2	C60H89N5O55S2	1823.376244
HS_HexA5_HexN4_Ac0_S3_pNP	5	4	9	0	3	C60H89N5O58S3	1903.333059
HS_HexA5_HexN4_Ac0_S4_pNP	5	4	9	0	4	C60H89N5O61S4	1983.289874
HS_HexA5_HexN4_Ac0_S5_pNP	5	4	9	0	5	C60H89N5O64S5	2063.246689
HS_HexA5_HexN4_Ac0_S6_pNP	5	4	9	0	6	C60H89N5O67S6	2143.203504
HS_HexA5_HexN4_Ac0_S7_pNP	5	4	9	0	7	C60H89N5O70S7	2223.160319
HS_HexA5_HexN4_Ac0_S8_pNP	5	4	9	0	8	C60H89N5O73S8	2303.117135
HS_HexA5_HexN4_Ac0_S9_pNP	5	4	9	0	9	C60H89N5O76S9	2383.073950
HS_HexA5_HexN4_Ac0_S10_pNP	5	4	9	0	10	C60H89N5O79S10	2463.030765
HS_HexA5_HexN4_Ac0_S11_pNP	5	4	9	0	11	C60H89N5O82S11	2542.987580
HS_HexA5_HexN4_Ac0_S12_pNP	5	4	9	0	12	C60H89N5O85S12	2622.944395
HS_HexA5_HexN4_Ac1_S0_pNP	5	4	9	1	0	C62H91N5O50	1705.473179
HS_HexA5_HexN4_Ac1_S1_pNP	5	4	9	1	1	C62H91N5O53S	1785.429994
HS_HexA5_HexN4_Ac1_S2_pNP	5	4	9	1	2	C62H91N5O56S2	1865.386809
HS_HexA5_HexN4_Ac1_S3_pNP	5	4	9	1	3	C62H91N5O59S3	1945.343624
HS_HexA5_HexN4_Ac1_S4_pNP	5	4	9	1	4	C62H91N5O62S4	2025.300439
HS_HexA5_HexN4_Ac1_S5_pNP	5	4	9	1	5	C62H91N5O65S5	2105.257254
HS_HexA5_HexN4_Ac1_S6_pNP	5	4	9	1	6	C62H91N5O68S6	2185.214069
HS_HexA5_HexN4_Ac1_S7_pNP	5	4	9	1	7	C62H91N5O71S7	2265.170884
HS_HexA5_HexN4_Ac1_S8_pNP	5	4	9	1	8	C62H91N5O74S8	2345.127699
HS_HexA5_HexN4_Ac1_S9_pNP	5	4	9	1	9	C62H91N5O77S9	2425.084514
HS_HexA5_HexN4_Ac1_S10_pNP	5	4	9	1	10	C62H91N5O80S10	2505.041329
HS_HexA5_HexN4_Ac1_S11_pNP	5	4	9	1	11	C62H91N5O83S11	2584.998144
HS_HexA5_HexN4_Ac1_S12_pNP	5	4	9	1	12	C62H91N5O86S12	2664.954959
HS_HexA5_HexN4_Ac2_S0_pNP	5	4	9	2	0	C64H93N5O51	1747.483744
HS_HexA5_HexN4_Ac2_S1_pNP	5	4	9	2	1	C64H93N5O54S	1827.440559
HS_HexA5_HexN4_Ac2_S2_pNP	5	4	9	2	2	C64H93N5O57S2	1907.397374
HS_HexA5_HexN4_Ac2_S3_pNP	5	4	9	2	3	C64H93N5O60S3	1987.354189
HS_HexA5_HexN4_Ac2_S4_pNP	5	4	9	2	4	C64H93N5O63S4	2067.311004
HS_HexA5_HexN4_Ac2_S5_pNP	5	4	9	2	5	C64H93N5O66S5	2147.267819
HS_HexA5_HexN4_Ac2_S6_pNP	5	4	9	2	6	C64H93N5O69S6	2227.224634
HS_HexA5_HexN4_Ac2_S7_pNP	5	4	9	2	7	C64H93N5O72S7	2307.181449
HS_HexA5_HexN4_Ac2_S8_pNP	5	4	9	2	8	C64H93N5O75S8	2387.138264
HS_HexA5_HexN4_Ac2_S9_pNP	5	4	9	2	9	C64H93N5O78S9	2467.095079
HS_HexA5_HexN4_Ac2_S10_pNP	5	4	9	2	10	C64H93N5O81S10	2547.051894
HS_HexA5_HexN4_Ac2_S11_pNP	5	4	9	2	11	C64H93N5O84S11	2627.008709
HS_HexA5_HexN4_Ac2_S12_pNP	5	4	9	2	12	C64H93N5O87S12	2706.965524
HS_HexA5_HexN4_Ac3_S0_pNP	5	4	9	3	0	C66H95N5O52	1789.494308
HS_HexA5_HexN4_Ac3_S1_pNP	5	4	9	3	1	C66H95N5O55S	1869.451123
HS_HexA5_HexN4_Ac3_S2_pNP	5	4	9	3	2	C66H95N5O58S2	1949.407938
HS_HexA5_HexN4_Ac3_S3_pNP	5	4	9	3	3	C66H95N5O61S3	2029.364753
HS_HexA5_HexN4_Ac3_S4_pNP	5	4	9	3	4	C66H95N5O64S4	2109.321568
HS_HexA5_HexN4_Ac3_S5_pNP	5	4	9	3	5	C66H95N5O67S5	2189.278383
HS_HexA5_HexN4_Ac3_S6_pNP	5	4	9	3	6	C66H95N5O70S6	2269.235199
HS_HexA5_HexN4_Ac3_S7_pNP	5	4	9	3	7	C66H95N5O73S7	2349.192014
HS_HexA5_HexN4_Ac3_S8_pNP	5	4	9	3	8	C66H95N5O76S8	2429.148829
HS_HexA5_HexN4_Ac3_S9_pNP	5	4	9	3	9	C66H95N5O79S9	2509.105644
HS_HexA5_HexN4_Ac3_S10_pNP	5	4	9	3	10	C66H95N5O82S10	2589.062459
HS_HexA5_HexN4_Ac3_S11_pNP	5	4	9	3	11	C66H95N5O85S11	2669.019274
HS_HexA5_HexN4_Ac3_S12_pNP	5	4	9	3	12	C66H95N5O88S12	2748.976089
HS_HexA5_HexN4_Ac4_S0_pNP	5	4	9	4	0	C68H97N5O53	1831.504873
HS_HexA5_HexN4_Ac4_S1_pNP	5	4	9	4	1	C68H97N5O56S	1911.461688
HS_HexA5_HexN4_Ac4_S2_pNP	5	4	9	4	2	C68H97N5O59S2	1991.418503
HS_HexA5_HexN4_Ac4_S3_pNP	5	4	9	4	3	C68H97N5O62S3	2071.375318
HS_HexA5_HexN4_Ac4_S4_pNP	5	4	9	4	4	C68H97N5O65S4	2151.332133
HS_HexA5_HexN4_Ac4_S5_pNP	5	4	9	4	5	C68H97N5O68S5	2231.288948
HS_HexA5_HexN4_Ac4_S6_pNP	5	4	9	4	6	C68H97N5O71S6	2311.245763
HS_HexA5_HexN4_Ac4_S7_pNP	5	4	9	4	7	C68H97N5O74S7	2391.202578
HS_HexA5_HexN4_Ac4_S8_pNP	5	4	9	4	8	C68H97N5O77S8	2471.159393
HS_HexA5_HexN4_Ac4_S9_pNP	5	4	9	4	9	C68H97N5O80S9	2551.116208
HS_HexA5_HexN4_Ac4_S10_pNP	5	4	9	4	10	C68H97N5O83S10	2631.073023
HS_HexA5_HexN4_Ac4_S11_pNP	5	4	9	4	11	C68H97N5O86S11	2711.029838
HS_HexA5_HexN4_Ac4_S12_pNP	5	4	9	4	12	C68H97N5O89S12	2790.986653
HS_HexA5_HexN5_Ac0_S0_pNP	5	5	10	0	0	C66H100N6O53	1824.531422
HS_HexA5_HexN5_Ac0_S1_pNP	5	5	10	0	1	C66H100N6O56S	1904.488237
HS_HexA5_HexN5_Ac0_S2_pNP	5	5	10	0	2	C66H100N6O59S2	1984.445052
HS_HexA5_HexN5_Ac0_S3_pNP	5	5	10	0	3	C66H100N6O62S3	2064.401867
HS_HexA5_HexN5_Ac0_S4_pNP	5	5	10	0	4	C66H100N6O65S4	2144.358682
HS_HexA5_HexN5_Ac0_S5_pNP	5	5	10	0	5	C66H100N6O68S5	2224.315497
HS_HexA5_HexN5_Ac0_S6_pNP	5	5	10	0	6	C66H100N6O71S6	2304.272312
HS_HexA5_HexN5_Ac0_S7_pNP	5	5	10	0	7	C66H100N6O74S7	2384.229127
HS_HexA5_HexN5_Ac0_S8_pNP	5	5	10	0	8	C66H100N6O77S8	2464.185942
HS_HexA5_HexN5_Ac0_S9_pNP	5	5	10	0	9	C66H100N6O80S9	2544.142757
HS_HexA5_HexN5_Ac0_S10_pNP	5	5	10	0	10	C66H100N6O83S10	2624.099572
HS_HexA5_HexN5_Ac0_S11_pNP	5	5	10	0	11	C66H100N6O86S11	2704.056387
HS_HexA5_HexN5_Ac0_S12_pNP	5	5	10	0	12	C66H100N6O89S12	2784.013202
HS_HexA5_HexN5_Ac0_S13_pNP	5	5	10	0	13	C66H100N6O92S13	2863.970018
HS_HexA5_HexN5_Ac0_S14_pNP	5	5	10	0	14	C66H100N6O95S14	2943.926833
HS_HexA5_HexN5_Ac0_S15_pNP	5	5	10	0	15	C66H100N6O98S15	3023.883648
HS_HexA5_HexN5_Ac1_S0_pNP	5	5	10	1	0	C68H102N6O54	1866.541987
HS_HexA5_HexN5_Ac1_S1_pNP	5	5	10	1	1	C68H102N6O57S	1946.498802
HS_HexA5_HexN5_Ac1_S2_pNP	5	5	10	1	2	C68H102N6O60S2	2026.455617
HS_HexA5_HexN5_Ac1_S3_pNP	5	5	10	1	3	C68H102N6O63S3	2106.412432
HS_HexA5_HexN5_Ac1_S4_pNP	5	5	10	1	4	C68H102N6O66S4	2186.369247
HS_HexA5_HexN5_Ac1_S5_pNP	5	5	10	1	5	C68H102N6O69S5	2266.326062
HS_HexA5_HexN5_Ac1_S6_pNP	5	5	10	1	6	C68H102N6O72S6	2346.282877
HS_HexA5_HexN5_Ac1_S7_pNP	5	5	10	1	7	C68H102N6O75S7	2426.239692
HS_HexA5_HexN5_Ac1_S8_pNP	5	5	10	1	8	C68H102N6O78S8	2506.196507
HS_HexA5_HexN5_Ac1_S9_pNP	5	5	10	1	9	C68H102N6O81S9	2586.153322
HS_HexA5_HexN5_Ac1_S10_pNP	5	5	10	1	10	C68H102N6O84S10	2666.110137
HS_HexA5_HexN5_Ac1_S11_pNP	5	5	10	1	11	C68H102N6O87S11	2746.066952
HS_HexA5_HexN5_Ac1_S12_pNP	5	5	10	1	12	C68H102N6O90S12	2826.023767
HS_HexA5_HexN5_Ac1_S13_pNP	5	5	10	1	13	C68H102N6O93S13	2905.980582
HS_HexA5_HexN5_Ac1_S14_pNP	5	5	10	1	14	C68H102N6O96S14	2985.937397
HS_HexA5_HexN5_Ac1_S15_pNP	5	5	10	1	15	C68H102N6O99S15	3065.894212
HS_HexA5_HexN5_Ac2_S0_pNP	5	5	10	2	0	C70H104N6O55	1908.552551
HS_HexA5_HexN5_Ac2_S1_pNP	5	5	10	2	1	C70H104N6O58S	1988.509366
HS_HexA5_HexN5_Ac2_S2_pNP	5	5	10	2	2	C70H104N6O61S2	2068.466182
HS_HexA5_HexN5_Ac2_S3_pNP	5	5	10	2	3	C70H104N6O64S3	2148.422997
HS_HexA5_HexN5_Ac2_S4_pNP	5	5	10	2	4	C70H104N6O67S4	2228.379812
HS_HexA5_HexN5_Ac2_S5_pNP	5	5	10	2	5	C70H104N6O70S5	2308.336627
HS_HexA5_HexN5_Ac2_S6_pNP	5	5	10	2	6	C70H104N6O73S6	2388.293442
HS_HexA5_HexN5_Ac2_S7_pNP	5	5	10	2	7	C70H104N6O76S7	2468.250257
HS_HexA5_HexN5_Ac2_S8_pNP	5	5	10	2	8	C70H104N6O79S8	2548.207072
HS_HexA5_HexN5_Ac2_S9_pNP	5	5	10	2	9	C70H104N6O82S9	2628.163887
HS_HexA5_HexN5_Ac2_S10_pNP	5	5	10	2	10	C70H104N6O85S10	2708.120702
HS_HexA5_HexN5_Ac2_S11_pNP	5	5	10	2	11	C70H104N6O88S11	2788.077517
HS_HexA5_HexN5_Ac2_S12_pNP	5	5	10	2	12	C70H104N6O91S12	2868.034332
HS_HexA5_HexN5_Ac2_S13_pNP	5	5	10	2	13	C70H104N6O94S13	2947.991147
HS_HexA5_HexN5_Ac2_S14_pNP	5	5	10	2	14	C70H104N6O97S14	3027.947962
HS_HexA5_HexN5_Ac2_S15_pNP	5	5	10	2	15	C70H104N6O100S15	3107.904777
HS_HexA5_HexN5_Ac3_S0_pNP	5	5	10	3	0	C72H106N6O56	1950.563116
HS_HexA5_HexN5_Ac3_S1_pNP	5	5	10	3	1	C72H106N6O59S	2030.519931
HS_HexA5_HexN5_Ac3_S2_pNP	5	5	10	3	2	C72H106N6O62S2	2110.476746
HS_HexA5_HexN5_Ac3_S3_pNP	5	5	10	3	3	C72H106N6O65S3	2190.433561
HS_HexA5_HexN5_Ac3_S4_pNP	5	5	10	3	4	C72H106N6O68S4	2270.390376
HS_HexA5_HexN5_Ac3_S5_pNP	5	5	10	3	5	C72H106N6O71S5	2350.347191
HS_HexA5_HexN5_Ac3_S6_pNP	5	5	10	3	6	C72H106N6O74S6	2430.304006
HS_HexA5_HexN5_Ac3_S7_pNP	5	5	10	3	7	C72H106N6O77S7	2510.260821
HS_HexA5_HexN5_Ac3_S8_pNP	5	5	10	3	8	C72H106N6O80S8	2590.217636
HS_HexA5_HexN5_Ac3_S9_pNP	5	5	10	3	9	C72H106N6O83S9	2670.174451
HS_HexA5_HexN5_Ac3_S10_pNP	5	5	10	3	10	C72H106N6O86S10	2750.131266
HS_HexA5_HexN5_Ac3_S11_pNP	5	5	10	3	11	C72H106N6O89S11	2830.088082
HS_HexA5_HexN5_Ac3_S12_pNP	5	5	10	3	12	C72H106N6O92S12	2910.044897
HS_HexA5_HexN5_Ac3_S13_pNP	5	5	10	3	13	C72H106N6O95S13	2990.001712
HS_HexA5_HexN5_Ac3_S14_pNP	5	5	10	3	14	C72H106N6O98S14	3069.958527
HS_HexA5_HexN5_Ac3_S15_pNP	5	5	10	3	15	C72H106N6O101S15	3149.915342
HS_HexA5_HexN5_Ac4_S0_pNP	5	5	10	4	0	C74H108N6O57	1992.573681
HS_HexA5_HexN5_Ac4_S1_pNP	5	5	10	4	1	C74H108N6O60S	2072.530496
HS_HexA5_HexN5_Ac4_S2_pNP	5	5	10	4	2	C74H108N6O63S2	2152.487311
HS_HexA5_HexN5_Ac4_S3_pNP	5	5	10	4	3	C74H108N6O66S3	2232.444126
HS_HexA5_HexN5_Ac4_S4_pNP	5	5	10	4	4	C74H108N6O69S4	2312.400941
HS_HexA5_HexN5_Ac4_S5_pNP	5	5	10	4	5	C74H108N6O72S5	2392.357756
HS_HexA5_HexN5_Ac4_S6_pNP	5	5	10	4	6	C74H108N6O75S6	2472.314571
HS_HexA5_HexN5_Ac4_S7_pNP	5	5	10	4	7	C74H108N6O78S7	2552.271386
HS_HexA5_HexN5_Ac4_S8_pNP	5	5	10	4	8	C74H108N6O81S8	2632.228201
HS_HexA5_HexN5_Ac4_S9_pNP	5	5	10	4	9	C74H108N6O84S9	2712.185016
HS_HexA5_HexN5_Ac4_S10_pNP	5	5	10	4	10	C74H108N6O87S10	2792.141831
HS_HexA5_HexN5_Ac4_S11_pNP	5	5	10	4	11	C74H108N6O90S11	2872.098646
HS_HexA5_HexN5_Ac4_S12_pNP	5	5	10	4	12	C74H108N6O93S12	2952.055461
HS_HexA5_HexN5_Ac4_S13_pNP	5	5	10	4	13	C74H108N6O96S13	3032.012276
HS_HexA5_HexN5_Ac4_S14_pNP	5	5	10	4	14	C74H108N6O99S14	3111.969091
HS_HexA5_HexN5_Ac4_S15_pNP	5	5	10	4	15	C74H108N6O102S15	3191.925906
HS_HexA5_HexN5_Ac5_S0_pNP	5	5	10	5	0	C76H110N6O58	2034.584246
HS_HexA5_HexN5_Ac5_S1_pNP	5	5	10	5	1	C76H110N6O61S	2114.541061
HS_HexA5_HexN5_Ac5_S2_pNP	5	5	10	5	2	C76H110N6O64S2	2194.497876
HS_HexA5_HexN5_Ac5_S3_pNP	5	5	10	5	3	C76H110N6O67S3	2274.454691
HS_HexA5_HexN5_Ac5_S4_pNP	5	5	10	5	4	C76H110N6O70S4	2354.411506
HS_HexA5_HexN5_Ac5_S5_pNP	5	5	10	5	5	C76H110N6O73S5	2434.368321
HS_HexA5_HexN5_Ac5_S6_pNP	5	5	10	5	6	C76H110N6O76S6	2514.325136
HS_HexA5_HexN5_Ac5_S7_pNP	5	5	10	5	7	C76H110N6O79S7	2594.281951
HS_HexA5_HexN5_Ac5_S8_pNP	5	5	10	5	8	C76H110N6O82S8	2674.238766
HS_HexA5_HexN5_Ac5_S9_pNP	5	5	10	5	9	C76H110N6O85S9	2754.195581
HS_HexA5_HexN5_Ac5_S10_pNP	5	5	10	5	10	C76H110N6O88S10	2834.152396
HS_HexA5_HexN5_Ac5_S11_pNP	5	5	10	5	11	C76H110N6O91S11	2914.109211
HS_HexA5_HexN5_Ac5_S12_pNP	5	5	10	5	12	C76H110N6O94S12	2994.066026
HS_HexA5_HexN5_Ac5_S13_pNP	5	5	10	5	13	C76H110N6O97S13	3074.022841
HS_HexA5_HexN5_Ac5_S14_pNP	5	5	10	5	14	C76H110N6O100S14	3153.979656
HS_HexA5_HexN5_Ac5_S15_pNP	5	5	10	5	15	C76H110N6O103S15	3233.936471
HS_HexA6_HexN5_Ac0_S0_pNP	6	5	11	0	0	C72H108N6O59	2000.563510
HS_HexA6_HexN5_Ac0_S1_pNP	6	5	11	0	1	C72H108N6O62S	2080.520325
HS_HexA6_HexN5_Ac0_S2_pNP	6	5	11	0	2	C72H108N6O65S2	2160.477140
HS_HexA6_HexN5_Ac0_S3_pNP	6	5	11	0	3	C72H108N6O68S3	2240.433955
HS_HexA6_HexN5_Ac0_S4_pNP	6	5	11	0	4	C72H108N6O71S4	2320.390770
HS_HexA6_HexN5_Ac0_S5_pNP	6	5	11	0	5	C72H108N6O74S5	2400.347585
HS_HexA6_HexN5_Ac0_S6_pNP	6	5	11	0	6	C72H108N6O77S6	2480.304400
HS_HexA6_HexN5_Ac0_S7_pNP	6	5	11	0	7	C72H108N6O80S7	2560.261215
HS_HexA6_HexN5_Ac0_S8_pNP	6	5	11	0	8	C72H108N6O83S8	2640.218030
HS_HexA6_HexN5_Ac0_S9_pNP	6	5	11	0	9	C72H108N6O86S9	2720.174845
HS_HexA6_HexN5_Ac0_S10_pNP	6	5	11	0	10	C72H108N6O89S10	2800.131660
HS_HexA6_HexN5_Ac0_S11_pNP	6	5	11	0	11	C72H108N6O92S11	2880.088475
HS_HexA6_HexN5_Ac0_S12_pNP	6	5	11	0	12	C72H108N6O95S12	2960.045290
HS_HexA6_HexN5_Ac0_S13_pNP	6	5	11	0	13	C72H108N6O98S13	3040.002105
HS_HexA6_HexN5_Ac0_S14_pNP	6	5	11	0	14	C72H108N6O101S14	3119.958921
HS_HexA6_HexN5_Ac0_S15_pNP	6	5	11	0	15	C72H108N6O104S15	3199.915736
HS_HexA6_HexN5_Ac1_S0_pNP	6	5	11	1	0	C74H110N6O60	2042.574075
HS_HexA6_HexN5_Ac1_S1_pNP	6	5	11	1	1	C74H110N6O63S	2122.530890
HS_HexA6_HexN5_Ac1_S2_pNP	6	5	11	1	2	C74H110N6O66S2	2202.487705
HS_HexA6_HexN5_Ac1_S3_pNP	6	5	11	1	3	C74H110N6O69S3	2282.444520
HS_HexA6_HexN5_Ac1_S4_pNP	6	5	11	1	4	C74H110N6O72S4	2362.401335
HS_HexA6_HexN5_Ac1_S5_pNP	6	5	11	1	5	C74H110N6O75S5	2442.358150
HS_HexA6_HexN5_Ac1_S6_pNP	6	5	11	1	6	C74H110N6O78S6	2522.314965
HS_HexA6_HexN5_Ac1_S7_pNP	6	5	11	1	7	C74H110N6O81S7	2602.271780
HS_HexA6_HexN5_Ac1_S8_pNP	6	5	11	1	8	C74H110N6O84S8	2682.228595
HS_HexA6_HexN5_Ac1_S9_pNP	6	5	11	1	9	C74H110N6O87S9	2762.185410
HS_HexA6_HexN5_Ac1_S10_pNP	6	5	11	1	10	C74H110N6O90S10	2842.142225
HS_HexA6_HexN5_Ac1_S11_pNP	6	5	11	1	11	C74H110N6O93S11	2922.099040
HS_HexA6_HexN5_Ac1_S12_pNP	6	5	11	1	12	C74H110N6O96S12	3002.055855
HS_HexA6_HexN5_Ac1_S13_pNP	6	5	11	1	13	C74H110N6O99S13	3082.012670
HS_HexA6_HexN5_Ac1_S14_pNP	6	5	11	1	14	C74H110N6O102S14	3161.969485
HS_HexA6_HexN5_Ac1_S15_pNP	6	5	11	1	15	C74H110N6O105S15	3241.926300
HS_HexA6_HexN5_Ac2_S0_pNP	6	5	11	2	0	C76H112N6O61	2084.584639
HS_HexA6_HexN5_Ac2_S1_pNP	6	5	11	2	1	C76H112N6O64S	2164.541454
HS_HexA6_HexN5_Ac2_S2_pNP	6	5	11	2	2	C76H112N6O67S2	2244.498269
HS_HexA6_HexN5_Ac2_S3_pNP	6	5	11	2	3	C76H112N6O70S3	2324.455085
HS_HexA6_HexN5_Ac2_S4_pNP	6	5	11	2	4	C76H112N6O73S4	2404.411900
HS_HexA6_HexN5_Ac2_S5_pNP	6	5	11	2	5	C76H112N6O76S5	2484.368715
HS_HexA6_HexN5_Ac2_S6_pNP	6	5	11	2	6	C76H112N6O79S6	2564.325530
HS_HexA6_HexN5_Ac2_S7_pNP	6	5	11	2	7	C76H112N6O82S7	2644.282345
HS_HexA6_HexN5_Ac2_S8_pNP	6	5	11	2	8	C76H112N6O85S8	2724.239160
HS_HexA6_HexN5_Ac2_S9_pNP	6	5	11	2	9	C76H112N6O88S9	2804.195975
HS_HexA6_HexN5_Ac2_S10_pNP	6	5	11	2	10	C76H112N6O91S10	2884.152790
HS_HexA6_HexN5_Ac2_S11_pNP	6	5	11	2	11	C76H112N6O94S11	2964.109605
HS_HexA6_HexN5_Ac2_S12_pNP	6	5	11	2	12	C76H112N6O97S12	3044.066420
HS_HexA6_HexN5_Ac2_S13_pNP	6	5	11	2	13	C76H112N6O100S13	3124.023235
HS_HexA6_HexN5_Ac2_S14_pNP	6	5	11	2	14	C76H112N6O103S14	3203.980050
HS_HexA6_HexN5_Ac2_S15_pNP	6	5	11	2	15	C76H112N6O106S15	3283.936865
HS_HexA6_HexN5_Ac3_S0_pNP	6	5	11	3	0	C78H114N6O62	2126.595204
HS_HexA6_HexN5_Ac3_S1_pNP	6	5	11	3	1	C78H114N6O65S	2206.552019
HS_HexA6_HexN5_Ac3_S2_pNP	6	5	11	3	2	C78H114N6O68S2	2286.508834
HS_HexA6_HexN5_Ac3_S3_pNP	6	5	11	3	3	C78H114N6O71S3	2366.465649
HS_HexA6_HexN5_Ac3_S4_pNP	6	5	11	3	4	C78H114N6O74S4	2446.422464
HS_HexA6_HexN5_Ac3_S5_pNP	6	5	11	3	5	C78H114N6O77S5	2526.379279
HS_HexA6_HexN5_Ac3_S6_pNP	6	5	11	3	6	C78H114N6O80S6	2606.336094
HS_HexA6_HexN5_Ac3_S7_pNP	6	5	11	3	7	C78H114N6O83S7	2686.292909
HS_HexA6_HexN5_Ac3_S8_pNP	6	5	11	3	8	C78H114N6O86S8	2766.249724
HS_HexA6_HexN5_Ac3_S9_pNP	6	5	11	3	9	C78H114N6O89S9	2846.206539
HS_HexA6_HexN5_Ac3_S10_pNP	6	5	11	3	10	C78H114N6O92S10	2926.163354
HS_HexA6_HexN5_Ac3_S11_pNP	6	5	11	3	11	C78H114N6O95S11	3006.120169
HS_HexA6_HexN5_Ac3_S12_pNP	6	5	11	3	12	C78H114N6O98S12	3086.076985
HS_HexA6_HexN5_Ac3_S13_pNP	6	5	11	3	13	C78H114N6O101S13	3166.033800
HS_HexA6_HexN5_Ac3_S14_pNP	6	5	11	3	14	C78H114N6O104S14	3245.990615
HS_HexA6_HexN5_Ac3_S15_pNP	6	5	11	3	15	C78H114N6O107S15	3325.947430
HS_HexA6_HexN5_Ac4_S0_pNP	6	5	11	4	0	C80H116N6O63	2168.605769
HS_HexA6_HexN5_Ac4_S1_pNP	6	5	11	4	1	C80H116N6O66S	2248.562584
HS_HexA6_HexN5_Ac4_S2_pNP	6	5	11	4	2	C80H116N6O69S2	2328.519399
HS_HexA6_HexN5_Ac4_S3_pNP	6	5	11	4	3	C80H116N6O72S3	2408.476214
HS_HexA6_HexN5_Ac4_S4_pNP	6	5	11	4	4	C80H116N6O75S4	2488.433029
HS_HexA6_HexN5_Ac4_S5_pNP	6	5	11	4	5	C80H116N6O78S5	2568.389844
HS_HexA6_HexN5_Ac4_S6_pNP	6	5	11	4	6	C80H116N6O81S6	2648.346659
HS_HexA6_HexN5_Ac4_S7_pNP	6	5	11	4	7	C80H116N6O84S7	2728.303474
HS_HexA6_HexN5_Ac4_S8_pNP	6	5	11	4	8	C80H116N6O87S8	2808.260289
HS_HexA6_HexN5_Ac4_S9_pNP	6	5	11	4	9	C80H116N6O90S9	2888.217104
HS_HexA6_HexN5_Ac4_S10_pNP	6	5	11	4	10	C80H116N6O93S10	2968.173919
HS_HexA6_HexN5_Ac4_S11_pNP	6	5	11	4	11	C80H116N6O96S11	3048.130734
HS_HexA6_HexN5_Ac4_S12_pNP	6	5	11	4	12	C80H116N6O99S12	3128.087549
HS_HexA6_HexN5_Ac4_S13_pNP	6	5	11	4	13	C80H116N6O102S13	3208.044364
HS_HexA6_HexN5_Ac4_S14_pNP	6	5	11	4	14	C80H116N6O105S14	3288.001179
HS_HexA6_HexN5_Ac4_S15_pNP	6	5	11	4	15	C80H116N6O108S15	3367.957994
HS_HexA6_HexN5_Ac5_S0_pNP	6	5	11	5	0	C82H118N6O64	2210.616333
HS_HexA6_HexN5_Ac5_S1_pNP	6	5	11	5	1	C82H118N6O67S	2290.573149
HS_HexA6_HexN5_Ac5_S2_pNP	6	5	11	5	2	C82H118N6O70S2	2370.529964
HS_HexA6_HexN5_Ac5_S3_pNP	6	5	11	5	3	C82H118N6O73S3	2450.486779
HS_HexA6_HexN5_Ac5_S4_pNP	6	5	11	5	4	C82H118N6O76S4	2530.443594
HS_HexA6_HexN5_Ac5_S5_pNP	6	5	11	5	5	C82H118N6O79S5	2610.400409
HS_HexA6_HexN5_Ac5_S6_pNP	6	5	11	5	6	C82H118N6O82S6	2690.357224
HS_HexA6_HexN5_Ac5_S7_pNP	6	5	11	5	7	C82H118N6O85S7	2770.314039
HS_HexA6_HexN5_Ac5_S8_pNP	6	5	11	5	8	C82H118N6O88S8	2850.270854
HS_HexA6_HexN5_Ac5_S9_pNP	6	5	11	5	9	C82H118N6O91S9	2930.227669
HS_HexA6_HexN5_Ac5_S10_pNP	6	5	11	5	10	C82H118N6O94S10	3010.184484
HS_HexA6_HexN5_Ac5_S11_pNP	6	5	11	5	11	C82H118N6O97S11	3090.141299
HS_HexA6_HexN5_Ac5_S12_pNP	6	5	11	5	12	C82H118N6O100S12	3170.098114
HS_HexA6_HexN5_Ac5_S13_pNP	6	5	11	5	13	C82H118N6O103S13	3250.054929
HS_HexA6_HexN5_Ac5_S14_pNP	6	5	11	5	14	C82H118N6O106S14	3330.011744
HS_HexA6_HexN5_Ac5_S15_pNP	6	5	11	5	15	C82H118N6O109S15	3409.968559
HS_HexA6_HexN6_Ac0_S0_pNP	6	6	12	0	0	C78H119N7O63	2161.632318
HS_HexA6_HexN6_Ac0_S1_pNP	6	6	12	0	1	C78H119N7O66S	2241.589133
HS_HexA6_HexN6_Ac0_S2_pNP	6	6	12	0	2	C78H119N7O69S2	2321.545948
HS_HexA6_HexN6_Ac0_S3_pNP	6	6	12	0	3	C78H119N7O72S3	2401.502763
HS_HexA6_HexN6_Ac0_S4_pNP	6	6	12	0	4	C78H119N7O75S4	2481.459578
HS_HexA6_HexN6_Ac0_S5_pNP	6	6	12	0	5	C78H119N7O78S5	2561.416393
HS_HexA6_HexN6_Ac0_S6_pNP	6	6	12	0	6	C78H119N7O81S6	2641.373208
HS_HexA6_HexN6_Ac0_S7_pNP	6	6	12	0	7	C78H119N7O84S7	2721.330023
HS_HexA6_HexN6_Ac0_S8_pNP	6	6	12	0	8	C78H119N7O87S8	2801.286838
HS_HexA6_HexN6_Ac0_S9_pNP	6	6	12	0	9	C78H119N7O90S9	2881.243653
HS_HexA6_HexN6_Ac0_S10_pNP	6	6	12	0	10	C78H119N7O93S10	2961.200468
HS_HexA6_HexN6_Ac0_S11_pNP	6	6	12	0	11	C78H119N7O96S11	3041.157283
HS_HexA6_HexN6_Ac0_S12_pNP	6	6	12	0	12	C78H119N7O99S12	3121.114098
HS_HexA6_HexN6_Ac0_S13_pNP	6	6	12	0	13	C78H119N7O102S13	3201.070913
HS_HexA6_HexN6_Ac0_S14_pNP	6	6	12	0	14	C78H119N7O105S14	3281.027728
HS_HexA6_HexN6_Ac0_S15_pNP	6	6	12	0	15	C78H119N7O108S15	3360.984543
HS_HexA6_HexN6_Ac0_S16_pNP	6	6	12	0	16	C78H119N7O111S16	3440.941358
HS_HexA6_HexN6_Ac0_S17_pNP	6	6	12	0	17	C78H119N7O114S17	3520.898173
HS_HexA6_HexN6_Ac0_S18_pNP	6	6	12	0	18	C78H119N7O117S18	3600.854988
HS_HexA6_HexN6_Ac1_S0_pNP	6	6	12	1	0	C80H121N7O64	2203.642883
HS_HexA6_HexN6_Ac1_S1_pNP	6	6	12	1	1	C80H121N7O67S	2283.599698
HS_HexA6_HexN6_Ac1_S2_pNP	6	6	12	1	2	C80H121N7O70S2	2363.556513
HS_HexA6_HexN6_Ac1_S3_pNP	6	6	12	1	3	C80H121N7O73S3	2443.513328
HS_HexA6_HexN6_Ac1_S4_pNP	6	6	12	1	4	C80H121N7O76S4	2523.470143
HS_HexA6_HexN6_Ac1_S5_pNP	6	6	12	1	5	C80H121N7O79S5	2603.426958
HS_HexA6_HexN6_Ac1_S6_pNP	6	6	12	1	6	C80H121N7O82S6	2683.383773
HS_HexA6_HexN6_Ac1_S7_pNP	6	6	12	1	7	C80H121N7O85S7	2763.340588
HS_HexA6_HexN6_Ac1_S8_pNP	6	6	12	1	8	C80H121N7O88S8	2843.297403
HS_HexA6_HexN6_Ac1_S9_pNP	6	6	12	1	9	C80H121N7O91S9	2923.254218
HS_HexA6_HexN6_Ac1_S10_pNP	6	6	12	1	10	C80H121N7O94S10	3003.211033
HS_HexA6_HexN6_Ac1_S11_pNP	6	6	12	1	11	C80H121N7O97S11	3083.167848
HS_HexA6_HexN6_Ac1_S12_pNP	6	6	12	1	12	C80H121N7O100S12	3163.124663
HS_HexA6_HexN6_Ac1_S13_pNP	6	6	12	1	13	C80H121N7O103S13	3243.081478
HS_HexA6_HexN6_Ac1_S14_pNP	6	6	12	1	14	C80H121N7O106S14	3323.038293
HS_HexA6_HexN6_Ac1_S15_pNP	6	6	12	1	15	C80H121N7O109S15	3402.995108
HS_HexA6_HexN6_Ac1_S16_pNP	6	6	12	1	16	C80H121N7O112S16	3482.951923
HS_HexA6_HexN6_Ac1_S17_pNP	6	6	12	1	17	C80H121N7O115S17	3562.908738
HS_HexA6_HexN6_Ac1_S18_pNP	6	6	12	1	18	C80H121N7O118S18	3642.865553
HS_HexA6_HexN6_Ac2_S0_pNP	6	6	12	2	0	C82H123N7O65	2245.653447
HS_HexA6_HexN6_Ac2_S1_pNP	6	6	12	2	1	C82H123N7O68S	2325.610262
HS_HexA6_HexN6_Ac2_S2_pNP	6	6	12	2	2	C82H123N7O71S2	2405.567077
HS_HexA6_HexN6_Ac2_S3_pNP	6	6	12	2	3	C82H123N7O74S3	2485.523892
HS_HexA6_HexN6_Ac2_S4_pNP	6	6	12	2	4	C82H123N7O77S4	2565.480707
HS_HexA6_HexN6_Ac2_S5_pNP	6	6	12	2	5	C82H123N7O80S5	2645.437522
HS_HexA6_HexN6_Ac2_S6_pNP	6	6	12	2	6	C82H123N7O83S6	2725.394337
HS_HexA6_HexN6_Ac2_S7_pNP	6	6	12	2	7	C82H123N7O86S7	2805.351152
HS_HexA6_HexN6_Ac2_S8_pNP	6	6	12	2	8	C82H123N7O89S8	2885.307968
HS_HexA6_HexN6_Ac2_S9_pNP	6	6	12	2	9	C82H123N7O92S9	2965.264783
HS_HexA6_HexN6_Ac2_S10_pNP	6	6	12	2	10	C82H123N7O95S10	3045.221598
HS_HexA6_HexN6_Ac2_S11_pNP	6	6	12	2	11	C82H123N7O98S11	3125.178413
HS_HexA6_HexN6_Ac2_S12_pNP	6	6	12	2	12	C82H123N7O101S12	3205.135228
HS_HexA6_HexN6_Ac2_S13_pNP	6	6	12	2	13	C82H123N7O104S13	3285.092043
HS_HexA6_HexN6_Ac2_S14_pNP	6	6	12	2	14	C82H123N7O107S14	3365.048858
HS_HexA6_HexN6_Ac2_S15_pNP	6	6	12	2	15	C82H123N7O110S15	3445.005673
HS_HexA6_HexN6_Ac2_S16_pNP	6	6	12	2	16	C82H123N7O113S16	3524.962488
HS_HexA6_HexN6_Ac2_S17_pNP	6	6	12	2	17	C82H123N7O116S17	3604.919303
HS_HexA6_HexN6_Ac2_S18_pNP	6	6	12	2	18	C82H123N7O119S18	3684.876118
HS_HexA6_HexN6_Ac3_S0_pNP	6	6	12	3	0	C84H125N7O66	2287.664012
HS_HexA6_HexN6_Ac3_S1_pNP	6	6	12	3	1	C84H125N7O69S	2367.620827
HS_HexA6_HexN6_Ac3_S2_pNP	6	6	12	3	2	C84H125N7O72S2	2447.577642
HS_HexA6_HexN6_Ac3_S3_pNP	6	6	12	3	3	C84H125N7O75S3	2527.534457
HS_HexA6_HexN6_Ac3_S4_pNP	6	6	12	3	4	C84H125N7O78S4	2607.491272
HS_HexA6_HexN6_Ac3_S5_pNP	6	6	12	3	5	C84H125N7O81S5	2687.448087
HS_HexA6_HexN6_Ac3_S6_pNP	6	6	12	3	6	C84H125N7O84S6	2767.404902
HS_HexA6_HexN6_Ac3_S7_pNP	6	6	12	3	7	C84H125N7O87S7	2847.361717
HS_HexA6_HexN6_Ac3_S8_pNP	6	6	12	3	8	C84H125N7O90S8	2927.318532
HS_HexA6_HexN6_Ac3_S9_pNP	6	6	12	3	9	C84H125N7O93S9	3007.275347
HS_HexA6_HexN6_Ac3_S10_pNP	6	6	12	3	10	C84H125N7O96S10	3087.232162
HS_HexA6_HexN6_Ac3_S11_pNP	6	6	12	3	11	C84H125N7O99S11	3167.188977
HS_HexA6_HexN6_Ac3_S12_pNP	6	6	12	3	12	C84H125N7O102S12	3247.145792
HS_HexA6_HexN6_Ac3_S13_pNP	6	6	12	3	13	C84H125N7O105S13	3327.102607
HS_HexA6_HexN6_Ac3_S14_pNP	6	6	12	3	14	C84H125N7O108S14	3407.059422
HS_HexA6_HexN6_Ac3_S15_pNP	6	6	12	3	15	C84H125N7O111S15	3487.016237
HS_HexA6_HexN6_Ac3_S16_pNP	6	6	12	3	16	C84H125N7O114S16	3566.973052
HS_HexA6_HexN6_Ac3_S17_pNP	6	6	12	3	17	C84H125N7O117S17	3646.929868
HS_HexA6_HexN6_Ac3_S18_pNP	6	6	12	3	18	C84H125N7O120S18	3726.886683
HS_HexA6_HexN6_Ac4_S0_pNP	6	6	12	4	0	C86H127N7O67	2329.674577
HS_HexA6_HexN6_Ac4_S1_pNP	6	6	12	4	1	C86H127N7O70S	2409.631392
HS_HexA6_HexN6_Ac4_S2_pNP	6	6	12	4	2	C86H127N7O73S2	2489.588207
HS_HexA6_HexN6_Ac4_S3_pNP	6	6	12	4	3	C86H127N7O76S3	2569.545022
HS_HexA6_HexN6_Ac4_S4_pNP	6	6	12	4	4	C86H127N7O79S4	2649.501837
HS_HexA6_HexN6_Ac4_S5_pNP	6	6	12	4	5	C86H127N7O82S5	2729.458652
HS_HexA6_HexN6_Ac4_S6_pNP	6	6	12	4	6	C86H127N7O85S6	2809.415467
HS_HexA6_HexN6_Ac4_S7_pNP	6	6	12	4	7	C86H127N7O88S7	2889.372282
HS_HexA6_HexN6_Ac4_S8_pNP	6	6	12	4	8	C86H127N7O91S8	2969.329097
HS_HexA6_HexN6_Ac4_S9_pNP	6	6	12	4	9	C86H127N7O94S9	3049.285912
HS_HexA6_HexN6_Ac4_S10_pNP	6	6	12	4	10	C86H127N7O97S10	3129.242727
HS_HexA6_HexN6_Ac4_S11_pNP	6	6	12	4	11	C86H127N7O100S11	3209.199542
HS_HexA6_HexN6_Ac4_S12_pNP	6	6	12	4	12	C86H127N7O103S12	3289.156357
HS_HexA6_HexN6_Ac4_S13_pNP	6	6	12	4	13	C86H127N7O106S13	3369.113172
HS_HexA6_HexN6_Ac4_S14_pNP	6	6	12	4	14	C86H127N7O109S14	3449.069987
HS_HexA6_HexN6_Ac4_S15_pNP	6	6	12	4	15	C86H127N7O112S15	3529.026802
HS_HexA6_HexN6_Ac4_S16_pNP	6	6	12	4	16	C86H127N7O115S16	3608.983617
HS_HexA6_HexN6_Ac4_S17_pNP	6	6	12	4	17	C86H127N7O118S17	3688.940432
HS_HexA6_HexN6_Ac4_S18_pNP	6	6	12	4	18	C86H127N7O121S18	3768.897247
HS_HexA6_HexN6_Ac5_S0_pNP	6	6	12	5	0	C88H129N7O68	2371.685141
HS_HexA6_HexN6_Ac5_S1_pNP	6	6	12	5	1	C88H129N7O71S	2451.641956
HS_HexA6_HexN6_Ac5_S2_pNP	6	6	12	5	2	C88H129N7O74S2	2531.598771
HS_HexA6_HexN6_Ac5_S3_pNP	6	6	12	5	3	C88H129N7O77S3	2611.555586
HS_HexA6_HexN6_Ac5_S4_pNP	6	6	12	5	4	C88H129N7O80S4	2691.512401
HS_HexA6_HexN6_Ac5_S5_pNP	6	6	12	5	5	C88H129N7O83S5	2771.469216
HS_HexA6_HexN6_Ac5_S6_pNP	6	6	12	5	6	C88H129N7O86S6	2851.426032
HS_HexA6_HexN6_Ac5_S7_pNP	6	6	12	5	7	C88H129N7O89S7	2931.382847
HS_HexA6_HexN6_Ac5_S8_pNP	6	6	12	5	8	C88H129N7O92S8	3011.339662
HS_HexA6_HexN6_Ac5_S9_pNP	6	6	12	5	9	C88H129N7O95S9	3091.296477
HS_HexA6_HexN6_Ac5_S10_pNP	6	6	12	5	10	C88H129N7O98S10	3171.253292
HS_HexA6_HexN6_Ac5_S11_pNP	6	6	12	5	11	C88H129N7O101S11	3251.210107
HS_HexA6_HexN6_Ac5_S12_pNP	6	6	12	5	12	C88H129N7O104S12	3331.166922
HS_HexA6_HexN6_Ac5_S13_pNP	6	6	12	5	13	C88H129N7O107S13	3411.123737
HS_HexA6_HexN6_Ac5_S14_pNP	6	6	12	5	14	C88H129N7O110S14	3491.080552
HS_HexA6_HexN6_Ac5_S15_pNP	6	6	12	5	15	C88H129N7O113S15	3571.037367
HS_HexA6_HexN6_Ac5_S16_pNP	6	6	12	5	16	C88H129N7O116S16	3650.994182
HS_HexA6_HexN6_Ac5_S17_pNP	6	6	12	5	17	C88H129N7O119S17	3730.950997
HS_HexA6_HexN6_Ac5_S18_pNP	6	6	12	5	18	C88H129N7O122S18	3810.907812
HS_HexA6_HexN6_Ac6_S0_pNP	6	6	12	6	0	C90H131N7O69	2413.695706
HS_HexA6_HexN6_Ac6_S1_pNP	6	6	12	6	1	C90H131N7O72S	2493.652521
HS_HexA6_HexN6_Ac6_S2_pNP	6	6	12	6	2	C90H131N7O75S2	2573.609336
HS_HexA6_HexN6_Ac6_S3_pNP	6	6	12	6	3	C90H131N7O78S3	2653.566151
HS_HexA6_HexN6_Ac6_S4_pNP	6	6	12	6	4	C90H131N7O81S4	2733.522966
HS_HexA6_HexN6_Ac6_S5_pNP	6	6	12	6	5	C90H131N7O84S5	2813.479781
HS_HexA6_HexN6_Ac6_S6_pNP	6	6	12	6	6	C90H131N7O87S6	2893.436596
HS_HexA6_HexN6_Ac6_S7_pNP	6	6	12	6	7	C90H131N7O90S7	2973.393411
HS_HexA6_HexN6_Ac6_S8_pNP	6	6	12	6	8	C90H131N7O93S8	3053.350226
HS_HexA6_HexN6_Ac6_S9_pNP	6	6	12	6	9	C90H131N7O96S9	3133.307041
HS_HexA6_HexN6_Ac6_S10_pNP	6	6	12	6	10	C90H131N7O99S10	3213.263856
HS_HexA6_HexN6_Ac6_S11_pNP	6	6	12	6	11	C90H131N7O102S11	3293.220671
HS_HexA6_HexN6_Ac6_S12_pNP	6	6	12	6	12	C90H131N7O105S12	3373.177486
HS_HexA6_HexN6_Ac6_S13_pNP	6	6	12	6	13	C90H131N7O108S13	3453.134301
HS_HexA6_HexN6_Ac6_S14_pNP	6	6	12	6	14	C90H131N7O111S14	3533.091116
HS_HexA6_HexN6_Ac6_S15_pNP	6	6	12	6	15	C90H131N7O114S15	3613.047932
HS_HexA6_HexN6_Ac6_S16_pNP	6	6	12	6	16	C90H131N7O117S16	3693.004747
HS_HexA6_HexN6_Ac6_S17_pNP	6	6	12	6	17	C90H131N7O120S17	3772.961562
HS_HexA6_HexN6_Ac6_S18_pNP	6	6	12	6	18	C90H131N7O123S18	3852.918377
HS_HexA7_HexN6_Ac0_S0_pNP	7	6	13	0	0	C84H127N7O69	2337.664406
HS_HexA7_HexN6_Ac0_S1_pNP	7	6	13	0	1	C84H127N7O72S	2417.621221
HS_HexA7_HexN6_Ac0_S2_pNP	7	6	13	0	2	C84H127N7O75S2	2497.578036
HS_HexA7_HexN6_Ac0_S3_pNP	7	6	13	0	3	C84H127N7O78S3	2577.534851
HS_HexA7_HexN6_Ac0_S4_pNP	7	6	13	0	4	C84H127N7O81S4	2657.491666
HS_HexA7_HexN6_Ac0_S5_pNP	7	6	13	0	5	C84H127N7O84S5	2737.448481
HS_HexA7_HexN6_Ac0_S6_pNP	7	6	13	0	6	C84H127N7O87S6	2817.405296
HS_HexA7_HexN6_Ac0_S7_pNP	7	6	13	0	7	C84H127N7O90S7	2897.362111
HS_HexA7_HexN6_Ac0_S8_pNP	7	6	13	0	8	C84H127N7O93S8	2977.318926
HS_HexA7_HexN6_Ac0_S9_pNP	7	6	13	0	9	C84H127N7O96S9	3057.275741
HS_HexA7_HexN6_Ac0_S10_pNP	7	6	13	0	10	C84H127N7O99S10	3137.232556
HS_HexA7_HexN6_Ac0_S11_pNP	7	6	13	0	11	C84H127N7O102S11	3217.189371
HS_HexA7_HexN6_Ac0_S12_pNP	7	6	13	0	12	C84H127N7O105S12	3297.146186
HS_HexA7_HexN6_Ac0_S13_pNP	7	6	13	0	13	C84H127N7O108S13	3377.103001
HS_HexA7_HexN6_Ac0_S14_pNP	7	6	13	0	14	C84H127N7O111S14	3457.059816
HS_HexA7_HexN6_Ac0_S15_pNP	7	6	13	0	15	C84H127N7O114S15	3537.016631
HS_HexA7_HexN6_Ac0_S16_pNP	7	6	13	0	16	C84H127N7O117S16	3616.973446
HS_HexA7_HexN6_Ac0_S17_pNP	7	6	13	0	17	C84H127N7O120S17	3696.930261
HS_HexA7_HexN6_Ac0_S18_pNP	7	6	13	0	18	C84H127N7O123S18	3776.887076
HS_HexA7_HexN6_Ac1_S0_pNP	7	6	13	1	0	C86H129N7O70	2379.674971
HS_HexA7_HexN6_Ac1_S1_pNP	7	6	13	1	1	C86H129N7O73S	2459.631786
HS_HexA7_HexN6_Ac1_S2_pNP	7	6	13	1	2	C86H129N7O76S2	2539.588601
HS_HexA7_HexN6_Ac1_S3_pNP	7	6	13	1	3	C86H129N7O79S3	2619.545416
HS_HexA7_HexN6_Ac1_S4_pNP	7	6	13	1	4	C86H129N7O82S4	2699.502231
HS_HexA7_HexN6_Ac1_S5_pNP	7	6	13	1	5	C86H129N7O85S5	2779.459046
HS_HexA7_HexN6_Ac1_S6_pNP	7	6	13	1	6	C86H129N7O88S6	2859.415861
HS_HexA7_HexN6_Ac1_S7_pNP	7	6	13	1	7	C86H129N7O91S7	2939.372676
HS_HexA7_HexN6_Ac1_S8_pNP	7	6	13	1	8	C86H129N7O94S8	3019.329491
HS_HexA7_HexN6_Ac1_S9_pNP	7	6	13	1	9	C86H129N7O97S9	3099.286306
HS_HexA7_HexN6_Ac1_S10_pNP	7	6	13	1	10	C86H129N7O100S10	3179.243121
HS_HexA7_HexN6_Ac1_S11_pNP	7	6	13	1	11	C86H129N7O103S11	3259.199936
HS_HexA7_HexN6_Ac1_S12_pNP	7	6	13	1	12	C86H129N7O106S12	3339.156751
HS_HexA7_HexN6_Ac1_S13_pNP	7	6	13	1	13	C86H129N7O109S13	3419.113566
HS_HexA7_HexN6_Ac1_S14_pNP	7	6	13	1	14	C86H129N7O112S14	3499.070381
HS_HexA7_HexN6_Ac1_S15_pNP	7	6	13	1	15	C86H129N7O115S15	3579.027196
HS_HexA7_HexN6_Ac1_S16_pNP	7	6	13	1	16	C86H129N7O118S16	3658.984011
HS_HexA7_HexN6_Ac1_S17_pNP	7	6	13	1	17	C86H129N7O121S17	3738.940826
HS_HexA7_HexN6_Ac1_S18_pNP	7	6	13	1	18	C86H129N7O124S18	3818.897641
HS_HexA7_HexN6_Ac2_S0_pNP	7	6	13	2	0	C88H131N7O71	2421.685535
HS_HexA7_HexN6_Ac2_S1_pNP	7	6	13	2	1	C88H131N7O74S	2501.642350
HS_HexA7_HexN6_Ac2_S2_pNP	7	6	13	2	2	C88H131N7O77S2	2581.599165
HS_HexA7_HexN6_Ac2_S3_pNP	7	6	13	2	3	C88H131N7O80S3	2661.555980
HS_HexA7_HexN6_Ac2_S4_pNP	7	6	13	2	4	C88H131N7O83S4	2741.512795
HS_HexA7_HexN6_Ac2_S5_pNP	7	6	13	2	5	C88H131N7O86S5	2821.469610
HS_HexA7_HexN6_Ac2_S6_pNP	7	6	13	2	6	C88H131N7O89S6	2901.426425
HS_HexA7_HexN6_Ac2_S7_pNP	7	6	13	2	7	C88H131N7O92S7	2981.383240
HS_HexA7_HexN6_Ac2_S8_pNP	7	6	13	2	8	C88H131N7O95S8	3061.340056
HS_HexA7_HexN6_Ac2_S9_pNP	7	6	13	2	9	C88H131N7O98S9	3141.296871
HS_HexA7_HexN6_Ac2_S10_pNP	7	6	13	2	10	C88H131N7O101S10	3221.253686
HS_HexA7_HexN6_Ac2_S11_pNP	7	6	13	2	11	C88H131N7O104S11	3301.210501
HS_HexA7_HexN6_Ac2_S12_pNP	7	6	13	2	12	C88H131N7O107S12	3381.167316
HS_HexA7_HexN6_Ac2_S13_pNP	7	6	13	2	13	C88H131N7O110S13	3461.124131
HS_HexA7_HexN6_Ac2_S14_pNP	7	6	13	2	14	C88H131N7O113S14	3541.080946
HS_HexA7_HexN6_Ac2_S15_pNP	7	6	13	2	15	C88H131N7O116S15	3621.037761
HS_HexA7_HexN6_Ac2_S16_pNP	7	6	13	2	16	C88H131N7O119S16	3700.994576
HS_HexA7_HexN6_Ac2_S17_pNP	7	6	13	2	17	C88H131N7O122S17	3780.951391
HS_HexA7_HexN6_Ac2_S18_pNP	7	6	13	2	18	C88H131N7O125S18	3860.908206
HS_HexA7_HexN6_Ac3_S0_pNP	7	6	13	3	0	C90H133N7O72	2463.696100
HS_HexA7_HexN6_Ac3_S1_pNP	7	6	13	3	1	C90H133N7O75S	2543.652915
HS_HexA7_HexN6_Ac3_S2_pNP	7	6	13	3	2	C90H133N7O78S2	2623.609730
HS_HexA7_HexN6_Ac3_S3_pNP	7	6	13	3	3	C90H133N7O81S3	2703.566545
HS_HexA7_HexN6_Ac3_S4_pNP	7	6	13	3	4	C90H133N7O84S4	2783.523360
HS_HexA7_HexN6_Ac3_S5_pNP	7	6	13	3	5	C90H133N7O87S5	2863.480175
HS_HexA7_HexN6_Ac3_S6_pNP	7	6	13	3	6	C90H133N7O90S6	2943.436990
HS_HexA7_HexN6_Ac3_S7_pNP	7	6	13	3	7	C90H133N7O93S7	3023.393805
HS_HexA7_HexN6_Ac3_S8_pNP	7	6	13	3	8	C90H133N7O96S8	3103.350620
HS_HexA7_HexN6_Ac3_S9_pNP	7	6	13	3	9	C90H133N7O99S9	3183.307435
HS_HexA7_HexN6_Ac3_S10_pNP	7	6	13	3	10	C90H133N7O102S10	3263.264250
HS_HexA7_HexN6_Ac3_S11_pNP	7	6	13	3	11	C90H133N7O105S11	3343.221065
HS_HexA7_HexN6_Ac3_S12_pNP	7	6	13	3	12	C90H133N7O108S12	3423.177880
HS_HexA7_HexN6_Ac3_S13_pNP	7	6	13	3	13	C90H133N7O111S13	3503.134695
HS_HexA7_HexN6_Ac3_S14_pNP	7	6	13	3	14	C90H133N7O114S14	3583.091510
HS_HexA7_HexN6_Ac3_S15_pNP	7	6	13	3	15	C90H133N7O117S15	3663.048325
HS_HexA7_HexN6_Ac3_S16_pNP	7	6	13	3	16	C90H133N7O120S16	3743.005140
HS_HexA7_HexN6_Ac3_S17_pNP	7	6	13	3	17	C90H133N7O123S17	3822.961955
HS_HexA7_HexN6_Ac3_S18_pNP	7	6	13	3	18	C90H133N7O126S18	3902.918771
HS_HexA7_HexN6_Ac4_S0_pNP	7	6	13	4	0	C92H135N7O73	2505.706665
HS_HexA7_HexN6_Ac4_S1_pNP	7	6	13	4	1	C92H135N7O76S	2585.663480
HS_HexA7_HexN6_Ac4_S2_pNP	7	6	13	4	2	C92H135N7O79S2	2665.620295
HS_HexA7_HexN6_Ac4_S3_pNP	7	6	13	4	3	C92H135N7O82S3	2745.577110
HS_HexA7_HexN6_Ac4_S4_pNP	7	6	13	4	4	C92H135N7O85S4	2825.533925
HS_HexA7_HexN6_Ac4_S5_pNP	7	6	13	4	5	C92H135N7O88S5	2905.490740
HS_HexA7_HexN6_Ac4_S6_pNP	7	6	13	4	6	C92H135N7O91S6	2985.447555
HS_HexA7_HexN6_Ac4_S7_pNP	7	6	13	4	7	C92H135N7O94S7	3065.404370
HS_HexA7_HexN6_Ac4_S8_pNP	7	6	13	4	8	C92H135N7O97S8	3145.361185
HS_HexA7_HexN6_Ac4_S9_pNP	7	6	13	4	9	C92H135N7O100S9	3225.318000
HS_HexA7_HexN6_Ac4_S10_pNP	7	6	13	4	10	C92H135N7O103S10	3305.274815
HS_HexA7_HexN6_Ac4_S11_pNP	7	6	13	4	11	C92H135N7O106S11	3385.231630
HS_HexA7_HexN6_Ac4_S12_pNP	7	6	13	4	12	C92H135N7O109S12	3465.188445
HS_HexA7_HexN6_Ac4_S13_pNP	7	6	13	4	13	C92H135N7O112S13	3545.145260
HS_HexA7_HexN6_Ac4_S14_pNP	7	6	13	4	14	C92H135N7O115S14	3625.102075
HS_HexA7_HexN6_Ac4_S15_pNP	7	6	13	4	15	C92H135N7O118S15	3705.058890
HS_HexA7_HexN6_Ac4_S16_pNP	7	6	13	4	16	C92H135N7O121S16	3785.015705
HS_HexA7_HexN6_Ac4_S17_pNP	7	6	13	4	17	C92H135N7O124S17	3864.972520
HS_HexA7_HexN6_Ac4_S18_pNP	7	6	13	4	18	C92H135N7O127S18	3944.929335
HS_HexA7_HexN6_Ac5_S0_pNP	7	6	13	5	0	C94H137N7O74	2547.717229
HS_HexA7_HexN6_Ac5_S1_pNP	7	6	13	5	1	C94H137N7O77S	2627.674044
HS_HexA7_HexN6_Ac5_S2_pNP	7	6	13	5	2	C94H137N7O80S2	2707.630859
HS_HexA7_HexN6_Ac5_S3_pNP	7	6	13	5	3	C94H137N7O83S3	2787.587674
HS_HexA7_HexN6_Ac5_S4_pNP	7	6	13	5	4	C94H137N7O86S4	2867.544489
HS_HexA7_HexN6_Ac5_S5_pNP	7	6	13	5	5	C94H137N7O89S5	2947.501304
HS_HexA7_HexN6_Ac5_S6_pNP	7	6	13	5	6	C94H137N7O92S6	3027.458119
HS_HexA7_HexN6_Ac5_S7_pNP	7	6	13	5	7	C94H137N7O95S7	3107.414935
HS_HexA7_HexN6_Ac5_S8_pNP	7	6	13	5	8	C94H137N7O98S8	3187.371750
HS_HexA7_HexN6_Ac5_S9_pNP	7	6	13	5	9	C94H137N7O101S9	3267.328565
HS_HexA7_HexN6_Ac5_S10_pNP	7	6	13	5	10	C94H137N7O104S10	3347.285380
HS_HexA7_HexN6_Ac5_S11_pNP	7	6	13	5	11	C94H137N7O107S11	3427.242195
HS_HexA7_HexN6_Ac5_S12_pNP	7	6	13	5	12	C94H137N7O110S12	3507.199010
HS_HexA7_HexN6_Ac5_S13_pNP	7	6	13	5	13	C94H137N7O113S13	3587.155825
HS_HexA7_HexN6_Ac5_S14_pNP	7	6	13	5	14	C94H137N7O116S14	3667.112640
HS_HexA7_HexN6_Ac5_S15_pNP	7	6	13	5	15	C94H137N7O119S15	3747.069455
HS_HexA7_HexN6_Ac5_S16_pNP	7	6	13	5	16	C94H137N7O122S16	3827.026270
HS_HexA7_HexN6_Ac5_S17_pNP	7	6	13	5	17	C94H137N7O125S17	3906.983085
HS_HexA7_HexN6_Ac5_S18_pNP	7	6	13	5	18	C94H137N7O128S18	3986.939900
HS_HexA7_HexN6_Ac6_S0_pNP	7	6	13	6	0	C96H139N7O75	2589.727794
HS_HexA7_HexN6_Ac6_S1_pNP	7	6	13	6	1	C96H139N7O78S	2669.684609
HS_HexA7_HexN6_Ac6_S2_pNP	7	6	13	6	2	C96H139N7O81S2	2749.641424
HS_HexA7_HexN6_Ac6_S3_pNP	7	6	13	6	3	C96H139N7O84S3	2829.598239
HS_HexA7_HexN6_Ac6_S4_pNP	7	6	13	6	4	C96H139N7O87S4	2909.555054
HS_HexA7_HexN6_Ac6_S5_pNP	7	6	13	6	5	C96H139N7O90S5	2989.511869
HS_HexA7_HexN6_Ac6_S6_pNP	7	6	13	6	6	C96H139N7O93S6	3069.468684
HS_HexA7_HexN6_Ac6_S7_pNP	7	6	13	6	7	C96H139N7O96S7	3149.425499
HS_HexA7_HexN6_Ac6_S8_pNP	7	6	13	6	8	C96H139N7O99S8	3229.382314
HS_HexA7_HexN6_Ac6_S9_pNP	7	6	13	6	9	C96H139N7O102S9	3309.339129
HS_HexA7_HexN6_Ac6_S10_pNP	7	6	13	6	10	C96H139N7O105S10	3389.295944
HS_HexA7_HexN6_Ac6_S11_pNP	7	6	13	6	11	C96H139N7O108S11	3469.252759
HS_HexA7_HexN6_Ac6_S12_pNP	7	6	13	6	12	C96H139N7O111S12	3549.209574
HS_HexA7_HexN6_Ac6_S13_pNP	7	6	13	6	13	C96H139N7O114S13	3629.166389
HS_HexA7_HexN6_Ac6_S14_pNP	7	6	13	6	14	C96H139N7O117S14	3709.123204
HS_HexA7_HexN6_Ac6_S15_pNP	7	6	13	6	15	C96H139N7O120S15	3789.080019
HS_HexA7_HexN6_Ac6_S16_pNP	7	6	13	6	16	C96H139N7O123S16	3869.036835
HS_HexA7_HexN6_Ac6_S17_pNP	7	6	13	6	17	C96H139N7O126S17	3948.993650
HS_HexA7_HexN6_Ac6_S18_pNP	7	6	13	6	18	C96H139N7O129S18	4028.950465
HS_HexA7_HexN7_Ac0_S0_pNP	7	7	14	0	0	C90H138N8O73	2498.733214
HS_HexA7_HexN7_Ac0_S1_pNP	7	7	14	0	1	C90H138N8O76S	2578.690029
HS_HexA7_HexN7_Ac0_S2_pNP	7	7	14	0	2	C90H138N8O79S2	2658.646844
HS_HexA7_HexN7_Ac0_S3_pNP	7	7	14	0	3	C90H138N8O82S3	2738.603659
HS_HexA7_HexN7_Ac0_S4_pNP	7	7	14	0	4	C90H138N8O85S4	2818.560474
HS_HexA7_HexN7_Ac0_S5_pNP	7	7	14	0	5	C90H138N8O88S5	2898.517289
HS_HexA7_HexN7_Ac0_S6_pNP	7	7	14	0	6	C90H138N8O91S6	2978.474104
HS_HexA7_HexN7_Ac0_S7_pNP	7	7	14	0	7	C90H138N8O94S7	3058.430919
HS_HexA7_HexN7_Ac0_S8_pNP	7	7	14	0	8	C90H138N8O97S8	3138.387734
HS_HexA7_HexN7_Ac0_S9_pNP	7	7	14	0	9	C90H138N8O100S9	3218.344549
HS_HexA7_HexN7_Ac0_S10_pNP	7	7	14	0	10	C90H138N8O103S10	3298.301364
HS_HexA7_HexN7_Ac0_S11_pNP	7	7	14	0	11	C90H138N8O106S11	3378.258179
HS_HexA7_HexN7_Ac0_S12_pNP	7	7	14	0	12	C90H138N8O109S12	3458.214994
HS_HexA7_HexN7_Ac0_S13_pNP	7	7	14	0	13	C90H138N8O112S13	3538.171809
HS_HexA7_HexN7_Ac0_S14_pNP	7	7	14	0	14	C90H138N8O115S14	3618.128624
HS_HexA7_HexN7_Ac0_S15_pNP	7	7	14	0	15	C90H138N8O118S15	3698.085439
HS_HexA7_HexN7_Ac0_S16_pNP	7	7	14	0	16	C90H138N8O121S16	3778.042254
HS_HexA7_HexN7_Ac0_S17_pNP	7	7	14	0	17	C90H138N8O124S17	3857.999069
HS_HexA7_HexN7_Ac0_S18_pNP	7	7	14	0	18	C90H138N8O127S18	3937.955884
HS_HexA7_HexN7_Ac0_S19_pNP	7	7	14	0	19	C90H138N8O130S19	4017.912699
HS_HexA7_HexN7_Ac0_S20_pNP	7	7	14	0	20	C90H138N8O133S20	4097.869514
HS_HexA7_HexN7_Ac0_S21_pNP	7	7	14	0	21	C90H138N8O136S21	4177.826329
HS_HexA7_HexN7_Ac1_S0_pNP	7	7	14	1	0	C92H140N8O74	2540.743778
HS_HexA7_HexN7_Ac1_S1_pNP	7	7	14	1	1	C92H140N8O77S	2620.700593
HS_HexA7_HexN7_Ac1_S2_pNP	7	7	14	1	2	C92H140N8O80S2	2700.657408
HS_HexA7_HexN7_Ac1_S3_pNP	7	7	14	1	3	C92H140N8O83S3	2780.614223
HS_HexA7_HexN7_Ac1_S4_pNP	7	7	14	1	4	C92H140N8O86S4	2860.571039
HS_HexA7_HexN7_Ac1_S5_pNP	7	7	14	1	5	C92H140N8O89S5	2940.527854
HS_HexA7_HexN7_Ac1_S6_pNP	7	7	14	1	6	C92H140N8O92S6	3020.484669
HS_HexA7_HexN7_Ac1_S7_pNP	7	7	14	1	7	C92H140N8O95S7	3100.441484
HS_HexA7_HexN7_Ac1_S8_pNP	7	7	14	1	8	C92H140N8O98S8	3180.398299
HS_HexA7_HexN7_Ac1_S9_pNP	7	7	14	1	9	C92H140N8O101S9	3260.355114
HS_HexA7_HexN7_Ac1_S10_pNP	7	7	14	1	10	C92H140N8O104S10	3340.311929
HS_HexA7_HexN7_Ac1_S11_pNP	7	7	14	1	11	C92H140N8O107S11	3420.268744
HS_HexA7_HexN7_Ac1_S12_pNP	7	7	14	1	12	C92H140N8O110S12	3500.225559
HS_HexA7_HexN7_Ac1_S13_pNP	7	7	14	1	13	C92H140N8O113S13	3580.182374
HS_HexA7_HexN7_Ac1_S14_pNP	7	7	14	1	14	C92H140N8O116S14	3660.139189
HS_HexA7_HexN7_Ac1_S15_pNP	7	7	14	1	15	C92H140N8O119S15	3740.096004
HS_HexA7_HexN7_Ac1_S16_pNP	7	7	14	1	16	C92H140N8O122S16	3820.052819
HS_HexA7_HexN7_Ac1_S17_pNP	7	7	14	1	17	C92H140N8O125S17	3900.009634
HS_HexA7_HexN7_Ac1_S18_pNP	7	7	14	1	18	C92H140N8O128S18	3979.966449
HS_HexA7_HexN7_Ac1_S19_pNP	7	7	14	1	19	C92H140N8O131S19	4059.923264
HS_HexA7_HexN7_Ac1_S20_pNP	7	7	14	1	20	C92H140N8O134S20	4139.880079
HS_HexA7_HexN7_Ac1_S21_pNP	7	7	14	1	21	C92H140N8O137S21	4219.836894
HS_HexA7_HexN7_Ac2_S0_pNP	7	7	14	2	0	C94H142N8O75	2582.754343
HS_HexA7_HexN7_Ac2_S1_pNP	7	7	14	2	1	C94H142N8O78S	2662.711158
HS_HexA7_HexN7_Ac2_S2_pNP	7	7	14	2	2	C94H142N8O81S2	2742.667973
HS_HexA7_HexN7_Ac2_S3_pNP	7	7	14	2	3	C94H142N8O84S3	2822.624788
HS_HexA7_HexN7_Ac2_S4_pNP	7	7	14	2	4	C94H142N8O87S4	2902.581603
HS_HexA7_HexN7_Ac2_S5_pNP	7	7	14	2	5	C94H142N8O90S5	2982.538418
HS_HexA7_HexN7_Ac2_S6_pNP	7	7	14	2	6	C94H142N8O93S6	3062.495233
HS_HexA7_HexN7_Ac2_S7_pNP	7	7	14	2	7	C94H142N8O96S7	3142.452048
HS_HexA7_HexN7_Ac2_S8_pNP	7	7	14	2	8	C94H142N8O99S8	3222.408863
HS_HexA7_HexN7_Ac2_S9_pNP	7	7	14	2	9	C94H142N8O102S9	3302.365678
HS_HexA7_HexN7_Ac2_S10_pNP	7	7	14	2	10	C94H142N8O105S10	3382.322493
HS_HexA7_HexN7_Ac2_S11_pNP	7	7	14	2	11	C94H142N8O108S11	3462.279308
HS_HexA7_HexN7_Ac2_S12_pNP	7	7	14	2	12	C94H142N8O111S12	3542.236123
HS_HexA7_HexN7_Ac2_S13_pNP	7	7	14	2	13	C94H142N8O114S13	3622.192939
HS_HexA7_HexN7_Ac2_S14_pNP	7	7	14	2	14	C94H142N8O117S14	3702.149754
HS_HexA7_HexN7_Ac2_S15_pNP	7	7	14	2	15	C94H142N8O120S15	3782.106569
HS_HexA7_HexN7_Ac2_S16_pNP	7	7	14	2	16	C94H142N8O123S16	3862.063384
HS_HexA7_HexN7_Ac2_S17_pNP	7	7	14	2	17	C94H142N8O126S17	3942.020199
HS_HexA7_HexN7_Ac2_S18_pNP	7	7	14	2	18	C94H142N8O129S18	4021.977014
HS_HexA7_HexN7_Ac2_S19_pNP	7	7	14	2	19	C94H142N8O132S19	4101.933829
HS_HexA7_HexN7_Ac2_S20_pNP	7	7	14	2	20	C94H142N8O135S20	4181.890644
HS_HexA7_HexN7_Ac2_S21_pNP	7	7	14	2	21	C94H142N8O138S21	4261.847459
HS_HexA7_HexN7_Ac3_S0_pNP	7	7	14	3	0	C96H144N8O76	2624.764908
HS_HexA7_HexN7_Ac3_S1_pNP	7	7	14	3	1	C96H144N8O79S	2704.721723
HS_HexA7_HexN7_Ac3_S2_pNP	7	7	14	3	2	C96H144N8O82S2	2784.678538
HS_HexA7_HexN7_Ac3_S3_pNP	7	7	14	3	3	C96H144N8O85S3	2864.635353
HS_HexA7_HexN7_Ac3_S4_pNP	7	7	14	3	4	C96H144N8O88S4	2944.592168
HS_HexA7_HexN7_Ac3_S5_pNP	7	7	14	3	5	C96H144N8O91S5	3024.548983
HS_HexA7_HexN7_Ac3_S6_pNP	7	7	14	3	6	C96H144N8O94S6	3104.505798
HS_HexA7_HexN7_Ac3_S7_pNP	7	7	14	3	7	C96H144N8O97S7	3184.462613
HS_HexA7_HexN7_Ac3_S8_pNP	7	7	14	3	8	C96H144N8O100S8	3264.419428
HS_HexA7_HexN7_Ac3_S9_pNP	7	7	14	3	9	C96H144N8O103S9	3344.376243
HS_HexA7_HexN7_Ac3_S10_pNP	7	7	14	3	10	C96H144N8O106S10	3424.333058
HS_HexA7_HexN7_Ac3_S11_pNP	7	7	14	3	11	C96H144N8O109S11	3504.289873
HS_HexA7_HexN7_Ac3_S12_pNP	7	7	14	3	12	C96H144N8O112S12	3584.246688
HS_HexA7_HexN7_Ac3_S13_pNP	7	7	14	3	13	C96H144N8O115S13	3664.203503
HS_HexA7_HexN7_Ac3_S14_pNP	7	7	14	3	14	C96H144N8O118S14	3744.160318
HS_HexA7_HexN7_Ac3_S15_pNP	7	7	14	3	15	C96H144N8O121S15	3824.117133
HS_HexA7_HexN7_Ac3_S16_pNP	7	7	14	3	16	C96H144N8O124S16	3904.073948
HS_HexA7_HexN7_Ac3_S17_pNP	7	7	14	3	17	C96H144N8O127S17	3984.030763
HS_HexA7_HexN7_Ac3_S18_pNP	7	7	14	3	18	C96H144N8O130S18	4063.987578
HS_HexA7_HexN7_Ac3_S19_pNP	7	7	14	3	19	C96H144N8O133S19	4143.944393
HS_HexA7_HexN7_Ac3_S20_pNP	7	7	14	3	20	C96H144N8O136S20	4223.901208
HS_HexA7_HexN7_Ac3_S21_pNP	7	7	14	3	21	C96H144N8O139S21	4303.858023
HS_HexA7_HexN7_Ac4_S0_pNP	7	7	14	4	0	C98H146N8O77	2666.775472
HS_HexA7_HexN7_Ac4_S1_pNP	7	7	14	4	1	C98H146N8O80S	2746.732287
HS_HexA7_HexN7_Ac4_S2_pNP	7	7	14	4	2	C98H146N8O83S2	2826.689103
HS_HexA7_HexN7_Ac4_S3_pNP	7	7	14	4	3	C98H146N8O86S3	2906.645918
HS_HexA7_HexN7_Ac4_S4_pNP	7	7	14	4	4	C98H146N8O89S4	2986.602733
HS_HexA7_HexN7_Ac4_S5_pNP	7	7	14	4	5	C98H146N8O92S5	3066.559548
HS_HexA7_HexN7_Ac4_S6_pNP	7	7	14	4	6	C98H146N8O95S6	3146.516363
HS_HexA7_HexN7_Ac4_S7_pNP	7	7	14	4	7	C98H146N8O98S7	3226.473178
HS_HexA7_HexN7_Ac4_S8_pNP	7	7	14	4	8	C98H146N8O101S8	3306.429993
HS_HexA7_HexN7_Ac4_S9_pNP	7	7	14	4	9	C98H146N8O104S9	3386.386808
HS_HexA7_HexN7_Ac4_S10_pNP	7	7	14	4	10	C98H146N8O107S10	3466.343623
HS_HexA7_HexN7_Ac4_S11_pNP	7	7	14	4	11	C98H146N8O110S11	3546.300438
HS_HexA7_HexN7_Ac4_S12_pNP	7	7	14	4	12	C98H146N8O113S12	3626.257253
HS_HexA7_HexN7_Ac4_S13_pNP	7	7	14	4	13	C98H146N8O116S13	3706.214068
HS_HexA7_HexN7_Ac4_S14_pNP	7	7	14	4	14	C98H146N8O119S14	3786.170883
HS_HexA7_HexN7_Ac4_S15_pNP	7	7	14	4	15	C98H146N8O122S15	3866.127698
HS_HexA7_HexN7_Ac4_S16_pNP	7	7	14	4	16	C98H146N8O125S16	3946.084513
HS_HexA7_HexN7_Ac4_S17_pNP	7	7	14	4	17	C98H146N8O128S17	4026.041328
HS_HexA7_HexN7_Ac4_S18_pNP	7	7	14	4	18	C98H146N8O131S18	4105.998143
HS_HexA7_HexN7_Ac4_S19_pNP	7	7	14	4	19	C98H146N8O134S19	4185.954958
HS_HexA7_HexN7_Ac4_S20_pNP	7	7	14	4	20	C98H146N8O137S20	4265.911773
HS_HexA7_HexN7_Ac4_S21_pNP	7	7	14	4	21	C98H146N8O140S21	4345.868588
HS_HexA7_HexN7_Ac5_S0_pNP	7	7	14	5	0	C100H148N8O78	2708.786037
HS_HexA7_HexN7_Ac5_S1_pNP	7	7	14	5	1	C100H148N8O81S	2788.742852
HS_HexA7_HexN7_Ac5_S2_pNP	7	7	14	5	2	C100H148N8O84S2	2868.699667
HS_HexA7_HexN7_Ac5_S3_pNP	7	7	14	5	3	C100H148N8O87S3	2948.656482
HS_HexA7_HexN7_Ac5_S4_pNP	7	7	14	5	4	C100H148N8O90S4	3028.613297
HS_HexA7_HexN7_Ac5_S5_pNP	7	7	14	5	5	C100H148N8O93S5	3108.570112
HS_HexA7_HexN7_Ac5_S6_pNP	7	7	14	5	6	C100H148N8O96S6	3188.526927
HS_HexA7_HexN7_Ac5_S7_pNP	7	7	14	5	7	C100H148N8O99S7	3268.483742
HS_HexA7_HexN7_Ac5_S8_pNP	7	7	14	5	8	C100H148N8O102S8	3348.440557
HS_HexA7_HexN7_Ac5_S9_pNP	7	7	14	5	9	C100H148N8O105S9	3428.397372
HS_HexA7_HexN7_Ac5_S10_pNP	7	7	14	5	10	C100H148N8O108S10	3508.354187
HS_HexA7_HexN7_Ac5_S11_pNP	7	7	14	5	11	C100H148N8O111S11	3588.311002
HS_HexA7_HexN7_Ac5_S12_pNP	7	7	14	5	12	C100H148N8O114S12	3668.267818
HS_HexA7_HexN7_Ac5_S13_pNP	7	7	14	5	13	C100H148N8O117S13	3748.224633
HS_HexA7_HexN7_Ac5_S14_pNP	7	7	14	5	14	C100H148N8O120S14	3828.181448
HS_HexA7_HexN7_Ac5_S15_pNP	7	7	14	5	15	C100H148N8O123S15	3908.138263
HS_HexA7_HexN7_Ac5_S16_pNP	7	7	14	5	16	C100H148N8O126S16	3988.095078
HS_HexA7_HexN7_Ac5_S17_pNP	7	7	14	5	17	C100H148N8O129S17	4068.051893
HS_HexA7_HexN7_Ac5_S18_pNP	7	7	14	5	18	C100H148N8O132S18	4148.008708
HS_HexA7_HexN7_Ac5_S19_pNP	7	7	14	5	19	C100H148N8O135S19	4227.965523
HS_HexA7_HexN7_Ac5_S20_pNP	7	7	14	5	20	C100H148N8O138S20	4307.922338
HS_HexA7_HexN7_Ac5_S21_pNP	7	7	14	5	21	C100H148N8O141S21	4387.879153
HS_HexA7_HexN7_Ac6_S0_pNP	7	7	14	6	0	C102H150N8O79	2750.796602
HS_HexA7_HexN7_Ac6_S1_pNP	7	7	14	6	1	C102H150N8O82S	2830.753417
HS_HexA7_HexN7_Ac6_S2_pNP	7	7	14	6	2	C102H150N8O85S2	2910.710232
HS_HexA7_HexN7_Ac6_S3_pNP	7	7	14	6	3	C102H150N8O88S3	2990.667047
HS_HexA7_HexN7_Ac6_S4_pNP	7	7	14	6	4	C102H150N8O91S4	3070.623862
HS_HexA7_HexN7_Ac6_S5_pNP	7	7	14	6	5	C102H150N8O94S5	3150.580677
HS_HexA7_HexN7_Ac6_S6_pNP	7	7	14	6	6	C102H150N8O97S6	3230.537492
HS_HexA7_HexN7_Ac6_S7_pNP	7	7	14	6	7	C102H150N8O100S7	3310.494307
HS_HexA7_HexN7_Ac6_S8_pNP	7	7	14	6	8	C102H150N8O103S8	3390.451122
HS_HexA7_HexN7_Ac6_S9_pNP	7	7	14	6	9	C102H150N8O106S9	3470.407937
HS_HexA7_HexN7_Ac6_S10_pNP	7	7	14	6	10	C102H150N8O109S10	3550.364752
HS_HexA7_HexN7_Ac6_S11_pNP	7	7	14	6	11	C102H150N8O112S11	3630.321567
HS_HexA7_HexN7_Ac6_S12_pNP	7	7	14	6	12	C102H150N8O115S12	3710.278382
HS_HexA7_HexN7_Ac6_S13_pNP	7	7	14	6	13	C102H150N8O118S13	3790.235197
HS_HexA7_HexN7_Ac6_S14_pNP	7	7	14	6	14	C102H150N8O121S14	3870.192012
HS_HexA7_HexN7_Ac6_S15_pNP	7	7	14	6	15	C102H150N8O124S15	3950.148827
HS_HexA7_HexN7_Ac6_S16_pNP	7	7	14	6	16	C102H150N8O127S16	4030.105642
HS_HexA7_HexN7_Ac6_S17_pNP	7	7	14	6	17	C102H150N8O130S17	4110.062457
HS_HexA7_HexN7_Ac6_S18_pNP	7	7	14	6	18	C102H150N8O133S18	4190.019272
HS_HexA7_HexN7_Ac6_S19_pNP	7	7	14	6	19	C102H150N8O136S19	4269.976087
HS_HexA7_HexN7_Ac6_S20_pNP	7	7	14	6	20	C102H150N8O139S20	4349.932902
HS_HexA7_HexN7_Ac6_S21_pNP	7	7	14	6	21	C102H150N8O142S21	4429.889718
HS_HexA7_HexN7_Ac7_S0_pNP	7	7	14	7	0	C104H152N8O80	2792.807166
HS_HexA7_HexN7_Ac7_S1_pNP	7	7	14	7	1	C104H152N8O83S	2872.763982
HS_HexA7_HexN7_Ac7_S2_pNP	7	7	14	7	2	C104H152N8O86S2	2952.720797
HS_HexA7_HexN7_Ac7_S3_pNP	7	7	14	7	3	C104H152N8O89S3	3032.677612
HS_HexA7_HexN7_Ac7_S4_pNP	7	7	14	7	4	C104H152N8O92S4	3112.634427
HS_HexA7_HexN7_Ac7_S5_pNP	7	7	14	7	5	C104H152N8O95S5	3192.591242
HS_HexA7_HexN7_Ac7_S6_pNP	7	7	14	7	6	C104H152N8O98S6	3272.548057
HS_HexA7_HexN7_Ac7_S7_pNP	7	7	14	7	7	C104H152N8O101S7	3352.504872
HS_HexA7_HexN7_Ac7_S8_pNP	7	7	14	7	8	C104H152N8O104S8	3432.461687
HS_HexA7_HexN7_Ac7_S9_pNP	7	7	14	7	9	C104H152N8O107S9	3512.418502
HS_HexA7_HexN7_Ac7_S10_pNP	7	7	14	7	10	C104H152N8O110S10	3592.375317
HS_HexA7_HexN7_Ac7_S11_pNP	7	7	14	7	11	C104H152N8O113S11	3672.332132
HS_HexA7_HexN7_Ac7_S12_pNP	7	7	14	7	12	C104H152N8O116S12	3752.288947
HS_HexA7_HexN7_Ac7_S13_pNP	7	7	14	7	13	C104H152N8O119S13	3832.245762
HS_HexA7_HexN7_Ac7_S14_pNP	7	7	14	7	14	C104H152N8O122S14	3912.202577
HS_HexA7_HexN7_Ac7_S15_pNP	7	7	14	7	15	C104H152N8O125S15	3992.159392
HS_HexA7_HexN7_Ac7_S16_pNP	7	7	14	7	16	C104H152N8O128S16	4072.116207
HS_HexA7_HexN7_Ac7_S17_pNP	7	7	14	7	17	C104H152N8O131S17	4152.073022
HS_HexA7_HexN7_Ac7_S18_pNP	7	7	14	7	18	C104H152N8O134S18	4232.029837
HS_HexA7_HexN7_Ac7_S19_pNP	7	7	14	7	19	C104H152N8O137S19	4311.986652
HS_HexA7_HexN7_Ac7_S20_pNP	7	7	14	7	20	C104H152N8O140S20	4391.943467
HS_HexA7_HexN7_Ac7_S21_pNP	7	7	14	7	21	C104H152N8O143S21	4471.900282
HS_HexA8_HexN7_Ac0_S0_pNP	8	7	15	0	0	C96H146N8O79	2674.765302
HS_HexA8_HexN7_Ac0_S1_pNP	8	7	15	0	1	C96H146N8O82S	2754.722117
HS_HexA8_HexN7_Ac0_S2_pNP	8	7	15	0	2	C96H146N8O85S2	2834.678932
HS_HexA8_HexN7_Ac0_S3_pNP	8	7	15	0	3	C96H146N8O88S3	2914.635747
HS_HexA8_HexN7_Ac0_S4_pNP	8	7	15	0	4	C96H146N8O91S4	2994.592562
HS_HexA8_HexN7_Ac0_S5_pNP	8	7	15	0	5	C96H146N8O94S5	3074.549377
HS_HexA8_HexN7_Ac0_S6_pNP	8	7	15	0	6	C96H146N8O97S6	3154.506192
HS_HexA8_HexN7_Ac0_S7_pNP	8	7	15	0	7	C96H146N8O100S7	3234.463007
HS_HexA8_HexN7_Ac0_S8_pNP	8	7	15	0	8	C96H146N8O103S8	3314.419822
HS_HexA8_HexN7_Ac0_S9_pNP	8	7	15	0	9	C96H146N8O106S9	3394.376637
HS_HexA8_HexN7_Ac0_S10_pNP	8	7	15	0	10	C96H146N8O109S10	3474.333452
HS_HexA8_HexN7_Ac0_S11_pNP	8	7	15	0	11	C96H146N8O112S11	3554.290267
HS_HexA8_HexN7_Ac0_S12_pNP	8	7	15	0	12	C96H146N8O115S12	3634.247082
HS_HexA8_HexN7_Ac0_S13_pNP	8	7	15	0	13	C96H146N8O118S13	3714.203897
HS_HexA8_HexN7_Ac0_S14_pNP	8	7	15	0	14	C96H146N8O121S14	3794.160712
HS_HexA8_HexN7_Ac0_S15_pNP	8	7	15	0	15	C96H146N8O124S15	3874.117527
HS_HexA8_HexN7_Ac0_S16_pNP	8	7	15	0	16	C96H146N8O127S16	3954.074342
HS_HexA8_HexN7_Ac0_S17_pNP	8	7	15	0	17	C96H146N8O130S17	4034.031157
HS_HexA8_HexN7_Ac0_S18_pNP	8	7	15	0	18	C96H146N8O133S18	4113.987972
HS_HexA8_HexN7_Ac0_S19_pNP	8	7	15	0	19	C96H146N8O136S19	4193.944787
HS_HexA8_HexN7_Ac0_S20_pNP	8	7	15	0	20	C96H146N8O139S20	4273.901602
HS_HexA8_HexN7_Ac0_S21_pNP	8	7	15	0	21	C96H146N8O142S21	4353.858417
HS_HexA8_HexN7_Ac1_S0_pNP	8	7	15	1	0	C98H148N8O80	2716.775866
HS_HexA8_HexN7_Ac1_S1_pNP	8	7	15	1	1	C98H148N8O83S	2796.732681
HS_HexA8_HexN7_Ac1_S2_pNP	8	7	15	1	2	C98H148N8O86S2	2876.689496
HS_HexA8_HexN7_Ac1_S3_pNP	8	7	15	1	3	C98H148N8O89S3	2956.646311
HS_HexA8_HexN7_Ac1_S4_pNP	8	7	15	1	4	C98H148N8O92S4	3036.603127
HS_HexA8_HexN7_Ac1_S5_pNP	8	7	15	1	5	C98H148N8O95S5	3116.559942
HS_HexA8_HexN7_Ac1_S6_pNP	8	7	15	1	6	C98H148N8O98S6	3196.516757
HS_HexA8_HexN7_Ac1_S7_pNP	8	7	15	1	7	C98H148N8O101S7	3276.473572
HS_HexA8_HexN7_Ac1_S8_pNP	8	7	15	1	8	C98H148N8O104S8	3356.430387
HS_HexA8_HexN7_Ac1_S9_pNP	8	7	15	1	9	C98H148N8O107S9	3436.387202
HS_HexA8_HexN7_Ac1_S10_pNP	8	7	15	1	10	C98H148N8O110S10	3516.344017
HS_HexA8_HexN7_Ac1_S11_pNP	8	7	15	1	11	C98H148N8O113S11	3596.300832
HS_HexA8_HexN7_Ac1_S12_pNP	8	7	15	1	12	C98H148N8O116S12	3676.257647
HS_HexA8_HexN7_Ac1_S13_pNP	8	7	15	1	13	C98H148N8O119S13	3756.214462
HS_HexA8_HexN7_Ac1_S14_pNP	8	7	15	1	14	C98H148N8O122S14	3836.171277
HS_HexA8_HexN7_Ac1_S15_pNP	8	7	15	1	15	C98H148N8O125S15	3916.128092
HS_HexA8_HexN7_Ac1_S16_pNP	8	7	15	1	16	C98H148N8O128S16	3996.084907
HS_HexA8_HexN7_Ac1_S17_pNP	8	7	15	1	17	C98H148N8O131S17	4076.041722
HS_HexA8_HexN7_Ac1_S18_pNP	8	7	15	1	18	C98H148N8O134S18	4155.998537
HS_HexA8_HexN7_Ac1_S19_pNP	8	7	15	1	19	C98H148N8O137S19	4235.955352
HS_HexA8_HexN7_Ac1_S20_pNP	8	7	15	1	20	C98H148N8O140S20	4315.912167
HS_HexA8_HexN7_Ac1_S21_pNP	8	7	15	1	21	C98H148N8O143S21	4395.868982
HS_HexA8_HexN7_Ac2_S0_pNP	8	7	15	2	0	C100H150N8O81	2758.786431
HS_HexA8_HexN7_Ac2_S1_pNP	8	7	15	2	1	C100H150N8O84S	2838.743246
HS_HexA8_HexN7_Ac2_S2_pNP	8	7	15	2	2	C100H150N8O87S2	2918.700061
HS_HexA8_HexN7_Ac2_S3_pNP	8	7	15	2	3	C100H150N8O90S3	2998.656876
HS_HexA8_HexN7_Ac2_S4_pNP	8	7	15	2	4	C100H150N8O93S4	3078.613691
HS_HexA8_HexN7_Ac2_S5_pNP	8	7	15	2	5	C100H150N8O96S5	3158.570506
HS_HexA8_HexN7_Ac2_S6_pNP	8	7	15	2	6	C100H150N8O99S6	3238.527321
HS_HexA8_HexN7_Ac2_S7_pNP	8	7	15	2	7	C100H150N8O102S7	3318.484136
HS_HexA8_HexN7_Ac2_S8_pNP	8	7	15	2	8	C100H150N8O105S8	3398.440951
HS_HexA8_HexN7_Ac2_S9_pNP	8	7	15	2	9	C100H150N8O108S9	3478.397766
HS_HexA8_HexN7_Ac2_S10_pNP	8	7	15	2	10	C100H150N8O111S10	3558.354581
HS_HexA8_HexN7_Ac2_S11_pNP	8	7	15	2	11	C100H150N8O114S11	3638.311396
HS_HexA8_HexN7_Ac2_S12_pNP	8	7	15	2	12	C100H150N8O117S12	3718.268211
HS_HexA8_HexN7_Ac2_S13_pNP	8	7	15	2	13	C100H150N8O120S13	3798.225026
HS_HexA8_HexN7_Ac2_S14_pNP	8	7	15	2	14	C100H150N8O123S14	3878.181842
HS_HexA8_HexN7_Ac2_S15_pNP	8	7	15	2	15	C100H150N8O126S15	3958.138657
HS_HexA8_HexN7_Ac2_S16_pNP	8	7	15	2	16	C100H150N8O129S16	4038.095472
HS_HexA8_HexN7_Ac2_S17_pNP	8	7	15	2	17	C100H150N8O132S17	4118.052287
HS_HexA8_HexN7_Ac2_S18_pNP	8	7	15	2	18	C100H150N8O135S18	4198.009102
HS_HexA8_HexN7_Ac2_S19_pNP	8	7	15	2	19	C100H150N8O138S19	4277.965917
HS_HexA8_HexN7_Ac2_S20_pNP	8	7	15	2	20	C100H150N8O141S20	4357.922732
HS_HexA8_HexN7_Ac2_S21_pNP	8	7	15	2	21	C100H150N8O144S21	4437.879547
HS_HexA8_HexN7_Ac3_S0_pNP	8	7	15	3	0	C102H152N8O82	2800.796996
HS_HexA8_HexN7_Ac3_S1_pNP	8	7	15	3	1	C102H152N8O85S	2880.753811
HS_HexA8_HexN7_Ac3_S2_pNP	8	7	15	3	2	C102H152N8O88S2	2960.710626
HS_HexA8_HexN7_Ac3_S3_pNP	8	7	15	3	3	C102H152N8O91S3	3040.667441
HS_HexA8_HexN7_Ac3_S4_pNP	8	7	15	3	4	C102H152N8O94S4	3120.624256
HS_HexA8_HexN7_Ac3_S5_pNP	8	7	15	3	5	C102H152N8O97S5	3200.581071
HS_HexA8_HexN7_Ac3_S6_pNP	8	7	15	3	6	C102H152N8O100S6	3280.537886
HS_HexA8_HexN7_Ac3_S7_pNP	8	7	15	3	7	C102H152N8O103S7	3360.494701
HS_HexA8_HexN7_Ac3_S8_pNP	8	7	15	3	8	C102H152N8O106S8	3440.451516
HS_HexA8_HexN7_Ac3_S9_pNP	8	7	15	3	9	C102H152N8O109S9	3520.408331
HS_HexA8_HexN7_Ac3_S10_pNP	8	7	15	3	10	C102H152N8O112S10	3600.365146
HS_HexA8_HexN7_Ac3_S11_pNP	8	7	15	3	11	C102H152N8O115S11	3680.321961
HS_HexA8_HexN7_Ac3_S12_pNP	8	7	15	3	12	C102H152N8O118S12	3760.278776
HS_HexA8_HexN7_Ac3_S13_pNP	8	7	15	3	13	C102H152N8O121S13	3840.235591
HS_HexA8_HexN7_Ac3_S14_pNP	8	7	15	3	14	C102H152N8O124S14	3920.192406
HS_HexA8_HexN7_Ac3_S15_pNP	8	7	15	3	15	C102H152N8O127S15	4000.149221
HS_HexA8_HexN7_Ac3_S16_pNP	8	7	15	3	16	C102H152N8O130S16	4080.106036
HS_HexA8_HexN7_Ac3_S17_pNP	8	7	15	3	17	C102H152N8O133S17	4160.062851
HS_HexA8_HexN7_Ac3_S18_pNP	8	7	15	3	18	C102H152N8O136S18	4240.019666
HS_HexA8_HexN7_Ac3_S19_pNP	8	7	15	3	19	C102H152N8O139S19	4319.976481
HS_HexA8_HexN7_Ac3_S20_pNP	8	7	15	3	20	C102H152N8O142S20	4399.933296
HS_HexA8_HexN7_Ac3_S21_pNP	8	7	15	3	21	C102H152N8O145S21	4479.890111
HS_HexA8_HexN7_Ac4_S0_pNP	8	7	15	4	0	C104H154N8O83	2842.807560
HS_HexA8_HexN7_Ac4_S1_pNP	8	7	15	4	1	C104H154N8O86S	2922.764375
HS_HexA8_HexN7_Ac4_S2_pNP	8	7	15	4	2	C104H154N8O89S2	3002.721190
HS_HexA8_HexN7_Ac4_S3_pNP	8	7	15	4	3	C104H154N8O92S3	3082.678006
HS_HexA8_HexN7_Ac4_S4_pNP	8	7	15	4	4	C104H154N8O95S4	3162.634821
HS_HexA8_HexN7_Ac4_S5_pNP	8	7	15	4	5	C104H154N8O98S5	3242.591636
HS_HexA8_HexN7_Ac4_S6_pNP	8	7	15	4	6	C104H154N8O101S6	3322.548451
HS_HexA8_HexN7_Ac4_S7_pNP	8	7	15	4	7	C104H154N8O104S7	3402.505266
HS_HexA8_HexN7_Ac4_S8_pNP	8	7	15	4	8	C104H154N8O107S8	3482.462081
HS_HexA8_HexN7_Ac4_S9_pNP	8	7	15	4	9	C104H154N8O110S9	3562.418896
HS_HexA8_HexN7_Ac4_S10_pNP	8	7	15	4	10	C104H154N8O113S10	3642.375711
HS_HexA8_HexN7_Ac4_S11_pNP	8	7	15	4	11	C104H154N8O116S11	3722.332526
HS_HexA8_HexN7_Ac4_S12_pNP	8	7	15	4	12	C104H154N8O119S12	3802.289341
HS_HexA8_HexN7_Ac4_S13_pNP	8	7	15	4	13	C104H154N8O122S13	3882.246156
HS_HexA8_HexN7_Ac4_S14_pNP	8	7	15	4	14	C104H154N8O125S14	3962.202971
HS_HexA8_HexN7_Ac4_S15_pNP	8	7	15	4	15	C104H154N8O128S15	4042.159786
HS_HexA8_HexN7_Ac4_S16_pNP	8	7	15	4	16	C104H154N8O131S16	4122.116601
HS_HexA8_HexN7_Ac4_S17_pNP	8	7	15	4	17	C104H154N8O134S17	4202.073416
HS_HexA8_HexN7_Ac4_S18_pNP	8	7	15	4	18	C104H154N8O137S18	4282.030231
HS_HexA8_HexN7_Ac4_S19_pNP	8	7	15	4	19	C104H154N8O140S19	4361.987046
HS_HexA8_HexN7_Ac4_S20_pNP	8	7	15	4	20	C104H154N8O143S20	4441.943861
HS_HexA8_HexN7_Ac4_S21_pNP	8	7	15	4	21	C104H154N8O146S21	4521.900676
HS_HexA8_HexN7_Ac5_S0_pNP	8	7	15	5	0	C106H156N8O84	2884.818125
HS_HexA8_HexN7_Ac5_S1_pNP	8	7	15	5	1	C106H156N8O87S	2964.774940
HS_HexA8_HexN7_Ac5_S2_pNP	8	7	15	5	2	C106H156N8O90S2	3044.731755
HS_HexA8_HexN7_Ac5_S3_pNP	8	7	15	5	3	C106H156N8O93S3	3124.688570
HS_HexA8_HexN7_Ac5_S4_pNP	8	7	15	5	4	C106H156N8O96S4	3204.645385
HS_HexA8_HexN7_Ac5_S5_pNP	8	7	15	5	5	C106H156N8O99S5	3284.602200
HS_HexA8_HexN7_Ac5_S6_pNP	8	7	15	5	6	C106H156N8O102S6	3364.559015
HS_HexA8_HexN7_Ac5_S7_pNP	8	7	15	5	7	C106H156N8O105S7	3444.515830
HS_HexA8_HexN7_Ac5_S8_pNP	8	7	15	5	8	C106H156N8O108S8	3524.472645
HS_HexA8_HexN7_Ac5_S9_pNP	8	7	15	5	9	C106H156N8O111S9	3604.429460
HS_HexA8_HexN7_Ac5_S10_pNP	8	7	15	5	10	C106H156N8O114S10	3684.386275
HS_HexA8_HexN7_Ac5_S11_pNP	8	7	15	5	11	C106H156N8O117S11	3764.343090
HS_HexA8_HexN7_Ac5_S12_pNP	8	7	15	5	12	C106H156N8O120S12	3844.299906
HS_HexA8_HexN7_Ac5_S13_pNP	8	7	15	5	13	C106H156N8O123S13	3924.256721
HS_HexA8_HexN7_Ac5_S14_pNP	8	7	15	5	14	C106H156N8O126S14	4004.213536
HS_HexA8_HexN7_Ac5_S15_pNP	8	7	15	5	15	C106H156N8O129S15	4084.170351
HS_HexA8_HexN7_Ac5_S16_pNP	8	7	15	5	16	C106H156N8O132S16	4164.127166
HS_HexA8_HexN7_Ac5_S17_pNP	8	7	15	5	17	C106H156N8O135S17	4244.083981
HS_HexA8_HexN7_Ac5_S18_pNP	8	7	15	5	18	C106H156N8O138S18	4324.040796
HS_HexA8_HexN7_Ac5_S19_pNP	8	7	15	5	19	C106H156N8O141S19	4403.997611
HS_HexA8_HexN7_Ac5_S20_pNP	8	7	15	5	20	C106H156N8O144S20	4483.954426
HS_HexA8_HexN7_Ac5_S21_pNP	8	7	15	5	21	C106H156N8O147S21	4563.911241
HS_HexA8_HexN7_Ac6_S0_pNP	8	7	15	6	0	C108H158N8O85	2926.828690
HS_HexA8_HexN7_Ac6_S1_pNP	8	7	15	6	1	C108H158N8O88S	3006.785505
HS_HexA8_HexN7_Ac6_S2_pNP	8	7	15	6	2	C108H158N8O91S2	3086.742320
HS_HexA8_HexN7_Ac6_S3_pNP	8	7	15	6	3	C108H158N8O94S3	3166.699135
HS_HexA8_HexN7_Ac6_S4_pNP	8	7	15	6	4	C108H158N8O97S4	3246.655950
HS_HexA8_HexN7_Ac6_S5_pNP	8	7	15	6	5	C108H158N8O100S5	3326.612765
HS_HexA8_HexN7_Ac6_S6_pNP	8	7	15	6	6	C108H158N8O103S6	3406.569580
HS_HexA8_HexN7_Ac6_S7_pNP	8	7	15	6	7	C108H158N8O106S7	3486.526395
HS_HexA8_HexN7_Ac6_S8_pNP	8	7	15	6	8	C108H158N8O109S8	3566.483210
HS_HexA8_HexN7_Ac6_S9_pNP	8	7	15	6	9	C108H158N8O112S9	3646.440025
HS_HexA8_HexN7_Ac6_S10_pNP	8	7	15	6	10	C108H158N8O115S10	3726.396840
HS_HexA8_HexN7_Ac6_S11_pNP	8	7	15	6	11	C108H158N8O118S11	3806.353655
HS_HexA8_HexN7_Ac6_S12_pNP	8	7	15	6	12	C108H158N8O121S12	3886.310470
HS_HexA8_HexN7_Ac6_S13_pNP	8	7	15	6	13	C108H158N8O124S13	3966.267285
HS_HexA8_HexN7_Ac6_S14_pNP	8	7	15	6	14	C108H158N8O127S14	4046.224100
HS_HexA8_HexN7_Ac6_S15_pNP	8	7	15	6	15	C108H158N8O130S15	4126.180915
HS_HexA8_HexN7_Ac6_S16_pNP	8	7	15	6	16	C108H158N8O133S16	4206.137730
HS_HexA8_HexN7_Ac6_S17_pNP	8	7	15	6	17	C108H158N8O136S17	4286.094545
HS_HexA8_HexN7_Ac6_S18_pNP	8	7	15	6	18	C108H158N8O139S18	4366.051360
HS_HexA8_HexN7_Ac6_S19_pNP	8	7	15	6	19	C108H158N8O142S19	4446.008175
HS_HexA8_HexN7_Ac6_S20_pNP	8	7	15	6	20	C108H158N8O145S20	4525.964990
HS_HexA8_HexN7_Ac6_S21_pNP	8	7	15	6	21	C108H158N8O148S21	4605.921805
HS_HexA8_HexN7_Ac7_S0_pNP	8	7	15	7	0	C110H160N8O86	2968.839254
HS_HexA8_HexN7_Ac7_S1_pNP	8	7	15	7	1	C110H160N8O89S	3048.796070
HS_HexA8_HexN7_Ac7_S2_pNP	8	7	15	7	2	C110H160N8O92S2	3128.752885
HS_HexA8_HexN7_Ac7_S3_pNP	8	7	15	7	3	C110H160N8O95S3	3208.709700
HS_HexA8_HexN7_Ac7_S4_pNP	8	7	15	7	4	C110H160N8O98S4	3288.666515
HS_HexA8_HexN7_Ac7_S5_pNP	8	7	15	7	5	C110H160N8O101S5	3368.623330
HS_HexA8_HexN7_Ac7_S6_pNP	8	7	15	7	6	C110H160N8O104S6	3448.580145
HS_HexA8_HexN7_Ac7_S7_pNP	8	7	15	7	7	C110H160N8O107S7	3528.536960
HS_HexA8_HexN7_Ac7_S8_pNP	8	7	15	7	8	C110H160N8O110S8	3608.493775
HS_HexA8_HexN7_Ac7_S9_pNP	8	7	15	7	9	C110H160N8O113S9	3688.450590
HS_HexA8_HexN7_Ac7_S10_pNP	8	7	15	7	10	C110H160N8O116S10	3768.407405
HS_HexA8_HexN7_Ac7_S11_pNP	8	7	15	7	11	C110H160N8O119S11	3848.364220
HS_HexA8_HexN7_Ac7_S12_pNP	8	7	15	7	12	C110H160N8O122S12	3928.321035
HS_HexA8_HexN7_Ac7_S13_pNP	8	7	15	7	13	C110H160N8O125S13	4008.277850
HS_HexA8_HexN7_Ac7_S14_pNP	8	7	15	7	14	C110H160N8O128S14	4088.234665
HS_HexA8_HexN7_Ac7_S15_pNP	8	7	15	7	15	C110H160N8O131S15	4168.191480
HS_HexA8_HexN7_Ac7_S16_pNP	8	7	15	7	16	C110H160N8O134S16	4248.148295
HS_HexA8_HexN7_Ac7_S17_pNP	8	7	15	7	17	C110H160N8O137S17	4328.105110
HS_HexA8_HexN7_Ac7_S18_pNP	8	7	15	7	18	C110H160N8O140S18	4408.061925
HS_HexA8_HexN7_Ac7_S19_pNP	8	7	15	7	19	C110H160N8O143S19	4488.018740
HS_HexA8_HexN7_Ac7_S20_pNP	8	7	15	7	20	C110H160N8O146S20	4567.975555
HS_HexA8_HexN7_Ac7_S21_pNP	8	7	15	7	21	C110H160N8O149S21	4647.932370
HS_HexA8_HexN8_Ac0_S0_pNP	8	8	16	0	0	C102H157N9O83	2835.834110
HS_HexA8_HexN8_Ac0_S1_pNP	8	8	16	0	1	C102H157N9O86S	2915.790925
HS_HexA8_HexN8_Ac0_S2_pNP	8	8	16	0	2	C102H157N9O89S2	2995.747740
HS_HexA8_HexN8_Ac0_S3_pNP	8	8	16	0	3	C102H157N9O92S3	3075.704555
HS_HexA8_HexN8_Ac0_S4_pNP	8	8	16	0	4	C102H157N9O95S4	3155.661370
HS_HexA8_HexN8_Ac0_S5_pNP	8	8	16	0	5	C102H157N9O98S5	3235.618185
HS_HexA8_HexN8_Ac0_S6_pNP	8	8	16	0	6	C102H157N9O101S6	3315.575000
HS_HexA8_HexN8_Ac0_S7_pNP	8	8	16	0	7	C102H157N9O104S7	3395.531815
HS_HexA8_HexN8_Ac0_S8_pNP	8	8	16	0	8	C102H157N9O107S8	3475.488630
HS_HexA8_HexN8_Ac0_S9_pNP	8	8	16	0	9	C102H157N9O110S9	3555.445445
HS_HexA8_HexN8_Ac0_S10_pNP	8	8	16	0	10	C102H157N9O113S10	3635.402260
HS_HexA8_HexN8_Ac0_S11_pNP	8	8	16	0	11	C102H157N9O116S11	3715.359075
HS_HexA8_HexN8_Ac0_S12_pNP	8	8	16	0	12	C102H157N9O119S12	3795.315890
HS_HexA8_HexN8_Ac0_S13_pNP	8	8	16	0	13	C102H157N9O122S13	3875.272705
HS_HexA8_HexN8_Ac0_S14_pNP	8	8	16	0	14	C102H157N9O125S14	3955.229520
HS_HexA8_HexN8_Ac0_S15_pNP	8	8	16	0	15	C102H157N9O128S15	4035.186335
HS_HexA8_HexN8_Ac0_S16_pNP	8	8	16	0	16	C102H157N9O131S16	4115.143150
HS_HexA8_HexN8_Ac0_S17_pNP	8	8	16	0	17	C102H157N9O134S17	4195.099965
HS_HexA8_HexN8_Ac0_S18_pNP	8	8	16	0	18	C102H157N9O137S18	4275.056780
HS_HexA8_HexN8_Ac0_S19_pNP	8	8	16	0	19	C102H157N9O140S19	4355.013595
HS_HexA8_HexN8_Ac0_S20_pNP	8	8	16	0	20	C102H157N9O143S20	4434.970410
HS_HexA8_HexN8_Ac0_S21_pNP	8	8	16	0	21	C102H157N9O146S21	4514.927225
HS_HexA8_HexN8_Ac0_S22_pNP	8	8	16	0	22	C102H157N9O149S22	4594.884040
HS_HexA8_HexN8_Ac0_S23_pNP	8	8	16	0	23	C102H157N9O152S23	4674.840855
HS_HexA8_HexN8_Ac0_S24_pNP	8	8	16	0	24	C102H157N9O155S24	4754.797670
HS_HexA8_HexN8_Ac1_S0_pNP	8	8	16	1	0	C104H159N9O84	2877.844674
HS_HexA8_HexN8_Ac1_S1_pNP	8	8	16	1	1	C104H159N9O87S	2957.801489
HS_HexA8_HexN8_Ac1_S2_pNP	8	8	16	1	2	C104H159N9O90S2	3037.758304
HS_HexA8_HexN8_Ac1_S3_pNP	8	8	16	1	3	C104H159N9O93S3	3117.715119
HS_HexA8_HexN8_Ac1_S4_pNP	8	8	16	1	4	C104H159N9O96S4	3197.671934
HS_HexA8_HexN8_Ac1_S5_pNP	8	8	16	1	5	C104H159N9O99S5	3277.628749
HS_HexA8_HexN8_Ac1_S6_pNP	8	8	16	1	6	C104H159N9O102S6	3357.585564
HS_HexA8_HexN8_Ac1_S7_pNP	8	8	16	1	7	C104H159N9O105S7	3437.542379
HS_HexA8_HexN8_Ac1_S8_pNP	8	8	16	1	8	C104H159N9O108S8	3517.499194
HS_HexA8_HexN8_Ac1_S9_pNP	8	8	16	1	9	C104H159N9O111S9	3597.456010
HS_HexA8_HexN8_Ac1_S10_pNP	8	8	16	1	10	C104H159N9O114S10	3677.412825
HS_HexA8_HexN8_Ac1_S11_pNP	8	8	16	1	11	C104H159N9O117S11	3757.369640
HS_HexA8_HexN8_Ac1_S12_pNP	8	8	16	1	12	C104H159N9O120S12	3837.326455
HS_HexA8_HexN8_Ac1_S13_pNP	8	8	16	1	13	C104H159N9O123S13	3917.283270
HS_HexA8_HexN8_Ac1_S14_pNP	8	8	16	1	14	C104H159N9O126S14	3997.240085
HS_HexA8_HexN8_Ac1_S15_pNP	8	8	16	1	15	C104H159N9O129S15	4077.196900
HS_HexA8_HexN8_Ac1_S16_pNP	8	8	16	1	16	C104H159N9O132S16	4157.153715
HS_HexA8_HexN8_Ac1_S17_pNP	8	8	16	1	17	C104H159N9O135S17	4237.110530
HS_HexA8_HexN8_Ac1_S18_pNP	8	8	16	1	18	C104H159N9O138S18	4317.067345
HS_HexA8_HexN8_Ac1_S19_pNP	8	8	16	1	19	C104H159N9O141S19	4397.024160
HS_HexA8_HexN8_Ac1_S20_pNP	8	8	16	1	20	C104H159N9O144S20	4476.980975
HS_HexA8_HexN8_Ac1_S21_pNP	8	8	16	1	21	C104H159N9O147S21	4556.937790
HS_HexA8_HexN8_Ac1_S22_pNP	8	8	16	1	22	C104H159N9O150S22	4636.894605
HS_HexA8_HexN8_Ac1_S23_pNP	8	8	16	1	23	C104H159N9O153S23	4716.851420
HS_HexA8_HexN8_Ac1_S24_pNP	8	8	16	1	24	C104H159N9O156S24	4796.808235
HS_HexA8_HexN8_Ac2_S0_pNP	8	8	16	2	0	C106H161N9O85	2919.855239
HS_HexA8_HexN8_Ac2_S1_pNP	8	8	16	2	1	C106H161N9O88S	2999.812054
HS_HexA8_HexN8_Ac2_S2_pNP	8	8	16	2	2	C106H161N9O91S2	3079.768869
HS_HexA8_HexN8_Ac2_S3_pNP	8	8	16	2	3	C106H161N9O94S3	3159.725684
HS_HexA8_HexN8_Ac2_S4_pNP	8	8	16	2	4	C106H161N9O97S4	3239.682499
HS_HexA8_HexN8_Ac2_S5_pNP	8	8	16	2	5	C106H161N9O100S5	3319.639314
HS_HexA8_HexN8_Ac2_S6_pNP	8	8	16	2	6	C106H161N9O103S6	3399.596129
HS_HexA8_HexN8_Ac2_S7_pNP	8	8	16	2	7	C106H161N9O106S7	3479.552944
HS_HexA8_HexN8_Ac2_S8_pNP	8	8	16	2	8	C106H161N9O109S8	3559.509759
HS_HexA8_HexN8_Ac2_S9_pNP	8	8	16	2	9	C106H161N9O112S9	3639.466574
HS_HexA8_HexN8_Ac2_S10_pNP	8	8	16	2	10	C106H161N9O115S10	3719.423389
HS_HexA8_HexN8_Ac2_S11_pNP	8	8	16	2	11	C106H161N9O118S11	3799.380204
HS_HexA8_HexN8_Ac2_S12_pNP	8	8	16	2	12	C106H161N9O121S12	3879.337019
HS_HexA8_HexN8_Ac2_S13_pNP	8	8	16	2	13	C106H161N9O124S13	3959.293834
HS_HexA8_HexN8_Ac2_S14_pNP	8	8	16	2	14	C106H161N9O127S14	4039.250649
HS_HexA8_HexN8_Ac2_S15_pNP	8	8	16	2	15	C106H161N9O130S15	4119.207464
HS_HexA8_HexN8_Ac2_S16_pNP	8	8	16	2	16	C106H161N9O133S16	4199.164279
HS_HexA8_HexN8_Ac2_S17_pNP	8	8	16	2	17	C106H161N9O136S17	4279.121094
HS_HexA8_HexN8_Ac2_S18_pNP	8	8	16	2	18	C106H161N9O139S18	4359.077909
HS_HexA8_HexN8_Ac2_S19_pNP	8	8	16	2	19	C106H161N9O142S19	4439.034725
HS_HexA8_HexN8_Ac2_S20_pNP	8	8	16	2	20	C106H161N9O145S20	4518.991540
HS_HexA8_HexN8_Ac2_S21_pNP	8	8	16	2	21	C106H161N9O148S21	4598.948355
HS_HexA8_HexN8_Ac2_S22_pNP	8	8	16	2	22	C106H161N9O151S22	4678.905170
HS_HexA8_HexN8_Ac2_S23_pNP	8	8	16	2	23	C106H161N9O154S23	4758.861985
HS_HexA8_HexN8_Ac2_S24_pNP	8	8	16	2	24	C106H161N9O157S24	4838.818800
HS_HexA8_HexN8_Ac3_S0_pNP	8	8	16	3	0	C108H163N9O86	2961.865804
HS_HexA8_HexN8_Ac3_S1_pNP	8	8	16	3	1	C108H163N9O89S	3041.822619
HS_HexA8_HexN8_Ac3_S2_pNP	8	8	16	3	2	C108H163N9O92S2	3121.779434
HS_HexA8_HexN8_Ac3_S3_pNP	8	8	16	3	3	C108H163N9O95S3	3201.736249
HS_HexA8_HexN8_Ac3_S4_pNP	8	8	16	3	4	C108H163N9O98S4	3281.693064
HS_HexA8_HexN8_Ac3_S5_pNP	8	8	16	3	5	C108H163N9O101S5	3361.649879
HS_HexA8_HexN8_Ac3_S6_pNP	8	8	16	3	6	C108H163N9O104S6	3441.606694
HS_HexA8_HexN8_Ac3_S7_pNP	8	8	16	3	7	C108H163N9O107S7	3521.563509
HS_HexA8_HexN8_Ac3_S8_pNP	8	8	16	3	8	C108H163N9O110S8	3601.520324
HS_HexA8_HexN8_Ac3_S9_pNP	8	8	16	3	9	C108H163N9O113S9	3681.477139
HS_HexA8_HexN8_Ac3_S10_pNP	8	8	16	3	10	C108H163N9O116S10	3761.433954
HS_HexA8_HexN8_Ac3_S11_pNP	8	8	16	3	11	C108H163N9O119S11	3841.390769
HS_HexA8_HexN8_Ac3_S12_pNP	8	8	16	3	12	C108H163N9O122S12	3921.347584
HS_HexA8_HexN8_Ac3_S13_pNP	8	8	16	3	13	C108H163N9O125S13	4001.304399
HS_HexA8_HexN8_Ac3_S14_pNP	8	8	16	3	14	C108H163N9O128S14	4081.261214
HS_HexA8_HexN8_Ac3_S15_pNP	8	8	16	3	15	C108H163N9O131S15	4161.218029
HS_HexA8_HexN8_Ac3_S16_pNP	8	8	16	3	16	C108H163N9O134S16	4241.174844
HS_HexA8_HexN8_Ac3_S17_pNP	8	8	16	3	17	C108H163N9O137S17	4321.131659
HS_HexA8_HexN8_Ac3_S18_pNP	8	8	16	3	18	C108H163N9O140S18	4401.088474
HS_HexA8_HexN8_Ac3_S19_pNP	8	8	16	3	19	C108H163N9O143S19	4481.045289
HS_HexA8_HexN8_Ac3_S20_pNP	8	8	16	3	20	C108H163N9O146S20	4561.002104
HS_HexA8_HexN8_Ac3_S21_pNP	8	8	16	3	21	C108H163N9O149S21	4640.958919
HS_HexA8_HexN8_Ac3_S22_pNP	8	8	16	3	22	C108H163N9O152S22	4720.915734
HS_HexA8_HexN8_Ac3_S23_pNP	8	8	16	3	23	C108H163N9O155S23	4800.872549
HS_HexA8_HexN8_Ac3_S24_pNP	8	8	16	3	24	C108H163N9O158S24	4880.829364
HS_HexA8_HexN8_Ac4_S0_pNP	8	8	16	4	0	C110H165N9O87	3003.876368
HS_HexA8_HexN8_Ac4_S1_pNP	8	8	16	4	1	C110H165N9O90S	3083.833183
HS_HexA8_HexN8_Ac4_S2_pNP	8	8	16	4	2	C110H165N9O93S2	3163.789998
HS_HexA8_HexN8_Ac4_S3_pNP	8	8	16	4	3	C110H165N9O96S3	3243.746813
HS_HexA8_HexN8_Ac4_S4_pNP	8	8	16	4	4	C110H165N9O99S4	3323.703628
HS_HexA8_HexN8_Ac4_S5_pNP	8	8	16	4	5	C110H165N9O102S5	3403.660443
HS_HexA8_HexN8_Ac4_S6_pNP	8	8	16	4	6	C110H165N9O105S6	3483.617258
HS_HexA8_HexN8_Ac4_S7_pNP	8	8	16	4	7	C110H165N9O108S7	3563.574073
HS_HexA8_HexN8_Ac4_S8_pNP	8	8	16	4	8	C110H165N9O111S8	3643.530889
HS_HexA8_HexN8_Ac4_S9_pNP	8	8	16	4	9	C110H165N9O114S9	3723.487704
HS_HexA8_HexN8_Ac4_S10_pNP	8	8	16	4	10	C110H165N9O117S10	3803.444519
HS_HexA8_HexN8_Ac4_S11_pNP	8	8	16	4	11	C110H165N9O120S11	3883.401334
HS_HexA8_HexN8_Ac4_S12_pNP	8	8	16	4	12	C110H165N9O123S12	3963.358149
HS_HexA8_HexN8_Ac4_S13_pNP	8	8	16	4	13	C110H165N9O126S13	4043.314964
HS_HexA8_HexN8_Ac4_S14_pNP	8	8	16	4	14	C110H165N9O129S14	4123.271779
HS_HexA8_HexN8_Ac4_S15_pNP	8	8	16	4	15	C110H165N9O132S15	4203.228594
HS_HexA8_HexN8_Ac4_S16_pNP	8	8	16	4	16	C110H165N9O135S16	4283.185409
HS_HexA8_HexN8_Ac4_S17_pNP	8	8	16	4	17	C110H165N9O138S17	4363.142224
HS_HexA8_HexN8_Ac4_S18_pNP	8	8	16	4	18	C110H165N9O141S18	4443.099039
HS_HexA8_HexN8_Ac4_S19_pNP	8	8	16	4	19	C110H165N9O144S19	4523.055854
HS_HexA8_HexN8_Ac4_S20_pNP	8	8	16	4	20	C110H165N9O147S20	4603.012669
HS_HexA8_HexN8_Ac4_S21_pNP	8	8	16	4	21	C110H165N9O150S21	4682.969484
HS_HexA8_HexN8_Ac4_S22_pNP	8	8	16	4	22	C110H165N9O153S22	4762.926299
HS_HexA8_HexN8_Ac4_S23_pNP	8	8	16	4	23	C110H165N9O156S23	4842.883114
HS_HexA8_HexN8_Ac4_S24_pNP	8	8	16	4	24	C110H165N9O159S24	4922.839929
HS_HexA8_HexN8_Ac5_S0_pNP	8	8	16	5	0	C112H167N9O88	3045.886933
HS_HexA8_HexN8_Ac5_S1_pNP	8	8	16	5	1	C112H167N9O91S	3125.843748
HS_HexA8_HexN8_Ac5_S2_pNP	8	8	16	5	2	C112H167N9O94S2	3205.800563
HS_HexA8_HexN8_Ac5_S3_pNP	8	8	16	5	3	C112H167N9O97S3	3285.757378
HS_HexA8_HexN8_Ac5_S4_pNP	8	8	16	5	4	C112H167N9O100S4	3365.714193
HS_HexA8_HexN8_Ac5_S5_pNP	8	8	16	5	5	C112H167N9O103S5	3445.671008
HS_HexA8_HexN8_Ac5_S6_pNP	8	8	16	5	6	C112H167N9O106S6	3525.627823
HS_HexA8_HexN8_Ac5_S7_pNP	8	8	16	5	7	C112H167N9O109S7	3605.584638
HS_HexA8_HexN8_Ac5_S8_pNP	8	8	16	5	8	C112H167N9O112S8	3685.541453
HS_HexA8_HexN8_Ac5_S9_pNP	8	8	16	5	9	C112H167N9O115S9	3765.498268
HS_HexA8_HexN8_Ac5_S10_pNP	8	8	16	5	10	C112H167N9O118S10	3845.455083
HS_HexA8_HexN8_Ac5_S11_pNP	8	8	16	5	11	C112H167N9O121S11	3925.411898
HS_HexA8_HexN8_Ac5_S12_pNP	8	8	16	5	12	C112H167N9O124S12	4005.368713
HS_HexA8_HexN8_Ac5_S13_pNP	8	8	16	5	13	C112H167N9O127S13	4085.325528
HS_HexA8_HexN8_Ac5_S14_pNP	8	8	16	5	14	C112H167N9O130S14	4165.282343
HS_HexA8_HexN8_Ac5_S15_pNP	8	8	16	5	15	C112H167N9O133S15	4245.239158
HS_HexA8_HexN8_Ac5_S16_pNP	8	8	16	5	16	C112H167N9O136S16	4325.195973
HS_HexA8_HexN8_Ac5_S17_pNP	8	8	16	5	17	C112H167N9O139S17	4405.152789
HS_HexA8_HexN8_Ac5_S18_pNP	8	8	16	5	18	C112H167N9O142S18	4485.109604
HS_HexA8_HexN8_Ac5_S19_pNP	8	8	16	5	19	C112H167N9O145S19	4565.066419
HS_HexA8_HexN8_Ac5_S20_pNP	8	8	16	5	20	C112H167N9O148S20	4645.023234
HS_HexA8_HexN8_Ac5_S21_pNP	8	8	16	5	21	C112H167N9O151S21	4724.980049
HS_HexA8_HexN8_Ac5_S22_pNP	8	8	16	5	22	C112H167N9O154S22	4804.936864
HS_HexA8_HexN8_Ac5_S23_pNP	8	8	16	5	23	C112H167N9O157S23	4884.893679
HS_HexA8_HexN8_Ac5_S24_pNP	8	8	16	5	24	C112H167N9O160S24	4964.850494
HS_HexA8_HexN8_Ac6_S0_pNP	8	8	16	6	0	C114H169N9O89	3087.897498
HS_HexA8_HexN8_Ac6_S1_pNP	8	8	16	6	1	C114H169N9O92S	3167.854313
HS_HexA8_HexN8_Ac6_S2_pNP	8	8	16	6	2	C114H169N9O95S2	3247.811128
HS_HexA8_HexN8_Ac6_S3_pNP	8	8	16	6	3	C114H169N9O98S3	3327.767943
HS_HexA8_HexN8_Ac6_S4_pNP	8	8	16	6	4	C114H169N9O101S4	3407.724758
HS_HexA8_HexN8_Ac6_S5_pNP	8	8	16	6	5	C114H169N9O104S5	3487.681573
HS_HexA8_HexN8_Ac6_S6_pNP	8	8	16	6	6	C114H169N9O107S6	3567.638388
HS_HexA8_HexN8_Ac6_S7_pNP	8	8	16	6	7	C114H169N9O110S7	3647.595203
HS_HexA8_HexN8_Ac6_S8_pNP	8	8	16	6	8	C114H169N9O113S8	3727.552018
HS_HexA8_HexN8_Ac6_S9_pNP	8	8	16	6	9	C114H169N9O116S9	3807.508833
HS_HexA8_HexN8_Ac6_S10_pNP	8	8	16	6	10	C114H169N9O119S10	3887.465648
HS_HexA8_HexN8_Ac6_S11_pNP	8	8	16	6	11	C114H169N9O122S11	3967.422463
HS_HexA8_HexN8_Ac6_S12_pNP	8	8	16	6	12	C114H169N9O125S12	4047.379278
HS_HexA8_HexN8_Ac6_S13_pNP	8	8	16	6	13	C114H169N9O128S13	4127.336093
HS_HexA8_HexN8_Ac6_S14_pNP	8	8	16	6	14	C114H169N9O131S14	4207.292908
HS_HexA8_HexN8_Ac6_S15_pNP	8	8	16	6	15	C114H169N9O134S15	4287.249723
HS_HexA8_HexN8_Ac6_S16_pNP	8	8	16	6	16	C114H169N9O137S16	4367.206538
HS_HexA8_HexN8_Ac6_S17_pNP	8	8	16	6	17	C114H169N9O140S17	4447.163353
HS_HexA8_HexN8_Ac6_S18_pNP	8	8	16	6	18	C114H169N9O143S18	4527.120168
HS_HexA8_HexN8_Ac6_S19_pNP	8	8	16	6	19	C114H169N9O146S19	4607.076983
HS_HexA8_HexN8_Ac6_S20_pNP	8	8	16	6	20	C114H169N9O149S20	4687.033798
HS_HexA8_HexN8_Ac6_S21_pNP	8	8	16	6	21	C114H169N9O152S21	4766.990613
HS_HexA8_HexN8_Ac6_S22_pNP	8	8	16	6	22	C114H169N9O155S22	4846.947428
HS_HexA8_HexN8_Ac6_S23_pNP	8	8	16	6	23	C114H169N9O158S23	4926.904243
HS_HexA8_HexN8_Ac6_S24_pNP	8	8	16	6	24	C114H169N9O161S24	5006.861058
HS_HexA8_HexN8_Ac7_S0_pNP	8	8	16	7	0	C116H171N9O90	3129.908062
HS_HexA8_HexN8_Ac7_S1_pNP	8	8	16	7	1	C116H171N9O93S	3209.864877
HS_HexA8_HexN8_Ac7_S2_pNP	8	8	16	7	2	C116H171N9O96S2	3289.821692
HS_HexA8_HexN8_Ac7_S3_pNP	8	8	16	7	3	C116H171N9O99S3	3369.778507
HS_HexA8_HexN8_Ac7_S4_pNP	8	8	16	7	4	C116H171N9O102S4	3449.735322
HS_HexA8_HexN8_Ac7_S5_pNP	8	8	16	7	5	C116H171N9O105S5	3529.692137
HS_HexA8_HexN8_Ac7_S6_pNP	8	8	16	7	6	C116H171N9O108S6	3609.648953
HS_HexA8_HexN8_Ac7_S7_pNP	8	8	16	7	7	C116H171N9O111S7	3689.605768
HS_HexA8_HexN8_Ac7_S8_pNP	8	8	16	7	8	C116H171N9O114S8	3769.562583
HS_HexA8_HexN8_Ac7_S9_pNP	8	8	16	7	9	C116H171N9O117S9	3849.519398
HS_HexA8_HexN8_Ac7_S10_pNP	8	8	16	7	10	C116H171N9O120S10	3929.476213
HS_HexA8_HexN8_Ac7_S11_pNP	8	8	16	7	11	C116H171N9O123S11	4009.433028
HS_HexA8_HexN8_Ac7_S12_pNP	8	8	16	7	12	C116H171N9O126S12	4089.389843
HS_HexA8_HexN8_Ac7_S13_pNP	8	8	16	7	13	C116H171N9O129S13	4169.346658
HS_HexA8_HexN8_Ac7_S14_pNP	8	8	16	7	14	C116H171N9O132S14	4249.303473
HS_HexA8_HexN8_Ac7_S15_pNP	8	8	16	7	15	C116H171N9O135S15	4329.260288
HS_HexA8_HexN8_Ac7_S16_pNP	8	8	16	7	16	C116H171N9O138S16	4409.217103
HS_HexA8_HexN8_Ac7_S17_pNP	8	8	16	7	17	C116H171N9O141S17	4489.173918
HS_HexA8_HexN8_Ac7_S18_pNP	8	8	16	7	18	C116H171N9O144S18	4569.130733
HS_HexA8_HexN8_Ac7_S19_pNP	8	8	16	7	19	C116H171N9O147S19	4649.087548
HS_HexA8_HexN8_Ac7_S20_pNP	8	8	16	7	20	C116H171N9O150S20	4729.044363
HS_HexA8_HexN8_Ac7_S21_pNP	8	8	16	7	21	C116H171N9O153S21	4809.001178
HS_HexA8_HexN8_Ac7_S22_pNP	8	8	16	7	22	C116H171N9O156S22	4888.957993
HS_HexA8_HexN8_Ac7_S23_pNP	8	8	16	7	23	C116H171N9O159S23	4968.914808
HS_HexA8_HexN8_Ac7_S24_pNP	8	8	16	7	24	C116H171N9O162S24	5048.871623
HS_HexA8_HexN8_Ac8_S0_pNP	8	8	16	8	0	C118H173N9O91	3171.918627
HS_HexA8_HexN8_Ac8_S1_pNP	8	8	16	8	1	C118H173N9O94S	3251.875442
HS_HexA8_HexN8_Ac8_S2_pNP	8	8	16	8	2	C118H173N9O97S2	3331.832257
HS_HexA8_HexN8_Ac8_S3_pNP	8	8	16	8	3	C118H173N9O100S3	3411.789072
HS_HexA8_HexN8_Ac8_S4_pNP	8	8	16	8	4	C118H173N9O103S4	3491.745887
HS_HexA8_HexN8_Ac8_S5_pNP	8	8	16	8	5	C118H173N9O106S5	3571.702702
HS_HexA8_HexN8_Ac8_S6_pNP	8	8	16	8	6	C118H173N9O109S6	3651.659517
HS_HexA8_HexN8_Ac8_S7_pNP	8	8	16	8	7	C118H173N9O112S7	3731.616332
HS_HexA8_HexN8_Ac8_S8_pNP	8	8	16	8	8	C118H173N9O115S8	3811.573147
HS_HexA8_HexN8_Ac8_S9_pNP	8	8	16	8	9	C118H173N9O118S9	3891.529962
HS_HexA8_HexN8_Ac8_S10_pNP	8	8	16	8	10	C118H173N9O121S10	3971.486777
HS_HexA8_HexN8_Ac8_S11_pNP	8	8	16	8	11	C118H173N9O124S11	4051.443592
HS_HexA8_HexN8_Ac8_S12_pNP	8	8	16	8	12	C118H173N9O127S12	4131.400407
HS_HexA8_HexN8_Ac8_S13_pNP	8	8	16	8	13	C118H173N9O130S13	4211.357222
HS_HexA8_HexN8_Ac8_S14_pNP	8	8	16	8	14	C118H173N9O133S14	4291.314037
HS_HexA8_HexN8_Ac8_S15_pNP	8	8	16	8	15	C118H173N9O136S15	4371.270852
HS_HexA8_HexN8_Ac8_S16_pNP	8	8	16	8	16	C118H173N9O139S16	4451.227668
HS_HexA8_HexN8_Ac8_S17_pNP	8	8	16	8	17	C118H173N9O142S17	4531.184483
HS_HexA8_HexN8_Ac8_S18_pNP	8	8	16	8	18	C118H173N9O145S18	4611.141298
HS_HexA8_HexN8_Ac8_S19_pNP	8	8	16	8	19	C118H173N9O148S19	4691.098113
HS_HexA8_HexN8_Ac8_S20_pNP	8	8	16	8	20	C118H173N9O151S20	4771.054928
HS_HexA8_HexN8_Ac8_S21_pNP	8	8	16	8	21	C118H173N9O154S21	4851.011743
HS_HexA8_HexN8_Ac8_S22_pNP	8	8	16	8	22	C118H173N9O157S22	4930.968558
HS_HexA8_HexN8_Ac8_S23_pNP	8	8	16	8	23	C118H173N9O160S23	5010.925373
HS_HexA8_HexN8_Ac8_S24_pNP	8	8	16	8	24	C118H173N9O163S24	5090.882188
HS_HexA9_HexN8_Ac0_S0_pNP	9	8	17	0	0	C108H165N9O89	3011.866197
HS_HexA9_HexN8_Ac0_S1_pNP	9	8	17	0	1	C108H165N9O92S	3091.823013
HS_HexA9_HexN8_Ac0_S2_pNP	9	8	17	0	2	C108H165N9O95S2	3171.779828
HS_HexA9_HexN8_Ac0_S3_pNP	9	8	17	0	3	C108H165N9O98S3	3251.736643
HS_HexA9_HexN8_Ac0_S4_pNP	9	8	17	0	4	C108H165N9O101S4	3331.693458
HS_HexA9_HexN8_Ac0_S5_pNP	9	8	17	0	5	C108H165N9O104S5	3411.650273
HS_HexA9_HexN8_Ac0_S6_pNP	9	8	17	0	6	C108H165N9O107S6	3491.607088
HS_HexA9_HexN8_Ac0_S7_pNP	9	8	17	0	7	C108H165N9O110S7	3571.563903
HS_HexA9_HexN8_Ac0_S8_pNP	9	8	17	0	8	C108H165N9O113S8	3651.520718
HS_HexA9_HexN8_Ac0_S9_pNP	9	8	17	0	9	C108H165N9O116S9	3731.477533
HS_HexA9_HexN8_Ac0_S10_pNP	9	8	17	0	10	C108H165N9O119S10	3811.434348
HS_HexA9_HexN8_Ac0_S11_pNP	9	8	17	0	11	C108H165N9O122S11	3891.391163
HS_HexA9_HexN8_Ac0_S12_pNP	9	8	17	0	12	C108H165N9O125S12	3971.347978
HS_HexA9_HexN8_Ac0_S13_pNP	9	8	17	0	13	C108H165N9O128S13	4051.304793
HS_HexA9_HexN8_Ac0_S14_pNP	9	8	17	0	14	C108H165N9O131S14	4131.261608
HS_HexA9_HexN8_Ac0_S15_pNP	9	8	17	0	15	C108H165N9O134S15	4211.218423
HS_HexA9_HexN8_Ac0_S16_pNP	9	8	17	0	16	C108H165N9O137S16	4291.175238
HS_HexA9_HexN8_Ac0_S17_pNP	9	8	17	0	17	C108H165N9O140S17	4371.132053
HS_HexA9_HexN8_Ac0_S18_pNP	9	8	17	0	18	C108H165N9O143S18	4451.088868
HS_HexA9_HexN8_Ac0_S19_pNP	9	8	17	0	19	C108H165N9O146S19	4531.045683
HS_HexA9_HexN8_Ac0_S20_pNP	9	8	17	0	20	C108H165N9O149S20	4611.002498
HS_HexA9_HexN8_Ac0_S21_pNP	9	8	17	0	21	C108H165N9O152S21	4690.959313
HS_HexA9_HexN8_Ac0_S22_pNP	9	8	17	0	22	C108H165N9O155S22	4770.916128
HS_HexA9_HexN8_Ac0_S23_pNP	9	8	17	0	23	C108H165N9O158S23	4850.872943
HS_HexA9_HexN8_Ac0_S24_pNP	9	8	17	0	24	C108H165N9O161S24	4930.829758
HS_HexA9_HexN8_Ac1_S0_pNP	9	8	17	1	0	C110H167N9O90	3053.876762
HS_HexA9_HexN8_Ac1_S1_pNP	9	8	17	1	1	C110H167N9O93S	3133.833577
HS_HexA9_HexN8_Ac1_S2_pNP	9	8	17	1	2	C110H167N9O96S2	3213.790392
HS_HexA9_HexN8_Ac1_S3_pNP	9	8	17	1	3	C110H167N9O99S3	3293.747207
HS_HexA9_HexN8_Ac1_S4_pNP	9	8	17	1	4	C110H167N9O102S4	3373.704022
HS_HexA9_HexN8_Ac1_S5_pNP	9	8	17	1	5	C110H167N9O105S5	3453.660837
HS_HexA9_HexN8_Ac1_S6_pNP	9	8	17	1	6	C110H167N9O108S6	3533.617652
HS_HexA9_HexN8_Ac1_S7_pNP	9	8	17	1	7	C110H167N9O111S7	3613.574467
HS_HexA9_HexN8_Ac1_S8_pNP	9	8	17	1	8	C110H167N9O114S8	3693.531282
HS_HexA9_HexN8_Ac1_S9_pNP	9	8	17	1	9	C110H167N9O117S9	3773.488097
HS_HexA9_HexN8_Ac1_S10_pNP	9	8	17	1	10	C110H167N9O120S10	3853.444913
HS_HexA9_HexN8_Ac1_S11_pNP	9	8	17	1	11	C110H167N9O123S11	3933.401728
HS_HexA9_HexN8_Ac1_S12_pNP	9	8	17	1	12	C110H167N9O126S12	4013.358543
HS_HexA9_HexN8_Ac1_S13_pNP	9	8	17	1	13	C110H167N9O129S13	4093.315358
HS_HexA9_HexN8_Ac1_S14_pNP	9	8	17	1	14	C110H167N9O132S14	4173.272173
HS_HexA9_HexN8_Ac1_S15_pNP	9	8	17	1	15	C110H167N9O135S15	4253.228988
HS_HexA9_HexN8_Ac1_S16_pNP	9	8	17	1	16	C110H167N9O138S16	4333.185803
HS_HexA9_HexN8_Ac1_S17_pNP	9	8	17	1	17	C110H167N9O141S17	4413.142618
HS_HexA9_HexN8_Ac1_S18_pNP	9	8	17	1	18	C110H167N9O144S18	4493.099433
HS_HexA9_HexN8_Ac1_S19_pNP	9	8	17	1	19	C110H167N9O147S19	4573.056248
HS_HexA9_HexN8_Ac1_S20_pNP	9	8	17	1	20	C110H167N9O150S20	4653.013063
HS_HexA9_HexN8_Ac1_S21_pNP	9	8	17	1	21	C110H167N9O153S21	4732.969878
HS_HexA9_HexN8_Ac1_S22_pNP	9	8	17	1	22	C110H167N9O156S22	4812.926693
HS_HexA9_HexN8_Ac1_S23_pNP	9	8	17	1	23	C110H167N9O159S23	4892.883508
HS_HexA9_HexN8_Ac1_S24_pNP	9	8	17	1	24	C110H167N9O162S24	4972.840323
HS_HexA9_HexN8_Ac2_S0_pNP	9	8	17	2	0	C112H169N9O91	3095.887327
HS_HexA9_HexN8_Ac2_S1_pNP	9	8	17	2	1	C112H169N9O94S	3175.844142
HS_HexA9_HexN8_Ac2_S2_pNP	9	8	17	2	2	C112H169N9O97S2	3255.800957
HS_HexA9_HexN8_Ac2_S3_pNP	9	8	17	2	3	C112H169N9O100S3	3335.757772
HS_HexA9_HexN8_Ac2_S4_pNP	9	8	17	2	4	C112H169N9O103S4	3415.714587
HS_HexA9_HexN8_Ac2_S5_pNP	9	8	17	2	5	C112H169N9O106S5	3495.671402
HS_HexA9_HexN8_Ac2_S6_pNP	9	8	17	2	6	C112H169N9O109S6	3575.628217
HS_HexA9_HexN8_Ac2_S7_pNP	9	8	17	2	7	C112H169N9O112S7	3655.585032
HS_HexA9_HexN8_Ac2_S8_pNP	9	8	17	2	8	C112H169N9O115S8	3735.541847
HS_HexA9_HexN8_Ac2_S9_pNP	9	8	17	2	9	C112H169N9O118S9	3815.498662
HS_HexA9_HexN8_Ac2_S10_pNP	9	8	17	2	10	C112H169N9O121S10	3895.455477
HS_HexA9_HexN8_Ac2_S11_pNP	9	8	17	2	11	C112H169N9O124S11	3975.412292
HS_HexA9_HexN8_Ac2_S12_pNP	9	8	17	2	12	C112H169N9O127S12	4055.369107
HS_HexA9_HexN8_Ac2_S13_pNP	9	8	17	2	13	C112H169N9O130S13	4135.325922
HS_HexA9_HexN8_Ac2_S14_pNP	9	8	17	2	14	C112H169N9O133S14	4215.282737
HS_HexA9_HexN8_Ac2_S15_pNP	9	8	17	2	15	C112H169N9O136S15	4295.239552
HS_HexA9_HexN8_Ac2_S16_pNP	9	8	17	2	16	C112H169N9O139S16	4375.196367
HS_HexA9_HexN8_Ac2_S17_pNP	9	8	17	2	17	C112H169N9O142S17	4455.153182
HS_HexA9_HexN8_Ac2_S18_pNP	9	8	17	2	18	C112H169N9O145S18	4535.109997
HS_HexA9_HexN8_Ac2_S19_pNP	9	8	17	2	19	C112H169N9O148S19	4615.066812
HS_HexA9_HexN8_Ac2_S20_pNP	9	8	17	2	20	C112H169N9O151S20	4695.023628
HS_HexA9_HexN8_Ac2_S21_pNP	9	8	17	2	21	C112H169N9O154S21	4774.980443
HS_HexA9_HexN8_Ac2_S22_pNP	9	8	17	2	22	C112H169N9O157S22	4854.937258
HS_HexA9_HexN8_Ac2_S23_pNP	9	8	17	2	23	C112H169N9O160S23	4934.894073
HS_HexA9_HexN8_Ac2_S24_pNP	9	8	17	2	24	C112H169N9O163S24	5014.850888
HS_HexA9_HexN8_Ac3_S0_pNP	9	8	17	3	0	C114H171N9O92	3137.897892
HS_HexA9_HexN8_Ac3_S1_pNP	9	8	17	3	1	C114H171N9O95S	3217.854707
HS_HexA9_HexN8_Ac3_S2_pNP	9	8	17	3	2	C114H171N9O98S2	3297.811522
HS_HexA9_HexN8_Ac3_S3_pNP	9	8	17	3	3	C114H171N9O101S3	3377.768337
HS_HexA9_HexN8_Ac3_S4_pNP	9	8	17	3	4	C114H171N9O104S4	3457.725152
HS_HexA9_HexN8_Ac3_S5_pNP	9	8	17	3	5	C114H171N9O107S5	3537.681967
HS_HexA9_HexN8_Ac3_S6_pNP	9	8	17	3	6	C114H171N9O110S6	3617.638782
HS_HexA9_HexN8_Ac3_S7_pNP	9	8	17	3	7	C114H171N9O113S7	3697.595597
HS_HexA9_HexN8_Ac3_S8_pNP	9	8	17	3	8	C114H171N9O116S8	3777.552412
HS_HexA9_HexN8_Ac3_S9_pNP	9	8	17	3	9	C114H171N9O119S9	3857.509227
HS_HexA9_HexN8_Ac3_S10_pNP	9	8	17	3	10	C114H171N9O122S10	3937.466042
HS_HexA9_HexN8_Ac3_S11_pNP	9	8	17	3	11	C114H171N9O125S11	4017.422857
HS_HexA9_HexN8_Ac3_S12_pNP	9	8	17	3	12	C114H171N9O128S12	4097.379672
HS_HexA9_HexN8_Ac3_S13_pNP	9	8	17	3	13	C114H171N9O131S13	4177.336487
HS_HexA9_HexN8_Ac3_S14_pNP	9	8	17	3	14	C114H171N9O134S14	4257.293302
HS_HexA9_HexN8_Ac3_S15_pNP	9	8	17	3	15	C114H171N9O137S15	4337.250117
HS_HexA9_HexN8_Ac3_S16_pNP	9	8	17	3	16	C114H171N9O140S16	4417.206932
HS_HexA9_HexN8_Ac3_S17_pNP	9	8	17	3	17	C114H171N9O143S17	4497.163747
HS_HexA9_HexN8_Ac3_S18_pNP	9	8	17	3	18	C114H171N9O146S18	4577.120562
HS_HexA9_HexN8_Ac3_S19_pNP	9	8	17	3	19	C114H171N9O149S19	4657.077377
HS_HexA9_HexN8_Ac3_S20_pNP	9	8	17	3	20	C114H171N9O152S20	4737.034192
HS_HexA9_HexN8_Ac3_S21_pNP	9	8	17	3	21	C114H171N9O155S21	4816.991007
HS_HexA9_HexN8_Ac3_S22_pNP	9	8	17	3	22	C114H171N9O158S22	4896.947822
HS_HexA9_HexN8_Ac3_S23_pNP	9	8	17	3	23	C114H171N9O161S23	4976.904637
HS_HexA9_HexN8_Ac3_S24_pNP	9	8	17	3	24	C114H171N9O164S24	5056.861452
HS_HexA9_HexN8_Ac4_S0_pNP	9	8	17	4	0	C116H173N9O93	3179.908456
HS_HexA9_HexN8_Ac4_S1_pNP	9	8	17	4	1	C116H173N9O96S	3259.865271
HS_HexA9_HexN8_Ac4_S2_pNP	9	8	17	4	2	C116H173N9O99S2	3339.822086
HS_HexA9_HexN8_Ac4_S3_pNP	9	8	17	4	3	C116H173N9O102S3	3419.778901
HS_HexA9_HexN8_Ac4_S4_pNP	9	8	17	4	4	C116H173N9O105S4	3499.735716
HS_HexA9_HexN8_Ac4_S5_pNP	9	8	17	4	5	C116H173N9O108S5	3579.692531
HS_HexA9_HexN8_Ac4_S6_pNP	9	8	17	4	6	C116H173N9O111S6	3659.649346
HS_HexA9_HexN8_Ac4_S7_pNP	9	8	17	4	7	C116H173N9O114S7	3739.606161
HS_HexA9_HexN8_Ac4_S8_pNP	9	8	17	4	8	C116H173N9O117S8	3819.562977
HS_HexA9_HexN8_Ac4_S9_pNP	9	8	17	4	9	C116H173N9O120S9	3899.519792
HS_HexA9_HexN8_Ac4_S10_pNP	9	8	17	4	10	C116H173N9O123S10	3979.476607
HS_HexA9_HexN8_Ac4_S11_pNP	9	8	17	4	11	C116H173N9O126S11	4059.433422
HS_HexA9_HexN8_Ac4_S12_pNP	9	8	17	4	12	C116H173N9O129S12	4139.390237
HS_HexA9_HexN8_Ac4_S13_pNP	9	8	17	4	13	C116H173N9O132S13	4219.347052
HS_HexA9_HexN8_Ac4_S14_pNP	9	8	17	4	14	C116H173N9O135S14	4299.303867
HS_HexA9_HexN8_Ac4_S15_pNP	9	8	17	4	15	C116H173N9O138S15	4379.260682
HS_HexA9_HexN8_Ac4_S16_pNP	9	8	17	4	16	C116H173N9O141S16	4459.217497
HS_HexA9_HexN8_Ac4_S17_pNP	9	8	17	4	17	C116H173N9O144S17	4539.174312
HS_HexA9_HexN8_Ac4_S18_pNP	9	8	17	4	18	C116H173N9O147S18	4619.131127
HS_HexA9_HexN8_Ac4_S19_pNP	9	8	17	4	19	C116H173N9O150S19	4699.087942
HS_HexA9_HexN8_Ac4_S20_pNP	9	8	17	4	20	C116H173N9O153S20	4779.044757
HS_HexA9_HexN8_Ac4_S21_pNP	9	8	17	4	21	C116H173N9O156S21	4859.001572
HS_HexA9_HexN8_Ac4_S22_pNP	9	8	17	4	22	C116H173N9O159S22	4938.958387
HS_HexA9_HexN8_Ac4_S23_pNP	9	8	17	4	23	C116H173N9O162S23	5018.915202
HS_HexA9_HexN8_Ac4_S24_pNP	9	8	17	4	24	C116H173N9O165S24	5098.872017
HS_HexA9_HexN8_Ac5_S0_pNP	9	8	17	5	0	C118H175N9O94	3221.919021
HS_HexA9_HexN8_Ac5_S1_pNP	9	8	17	5	1	C118H175N9O97S	3301.875836
HS_HexA9_HexN8_Ac5_S2_pNP	9	8	17	5	2	C118H175N9O100S2	3381.832651
HS_HexA9_HexN8_Ac5_S3_pNP	9	8	17	5	3	C118H175N9O103S3	3461.789466
HS_HexA9_HexN8_Ac5_S4_pNP	9	8	17	5	4	C118H175N9O106S4	3541.746281
HS_HexA9_HexN8_Ac5_S5_pNP	9	8	17	5	5	C118H175N9O109S5	3621.703096
HS_HexA9_HexN8_Ac5_S6_pNP	9	8	17	5	6	C118H175N9O112S6	3701.659911
HS_HexA9_HexN8_Ac5_S7_pNP	9	8	17	5	7	C118H175N9O115S7	3781.616726
HS_HexA9_HexN8_Ac5_S8_pNP	9	8	17	5	8	C118H175N9O118S8	3861.573541
HS_HexA9_HexN8_Ac5_S9_pNP	9	8	17	5	9	C118H175N9O121S9	3941.530356
HS_HexA9_HexN8_Ac5_S10_pNP	9	8	17	5	10	C118H175N9O124S10	4021.487171
HS_HexA9_HexN8_Ac5_S11_pNP	9	8	17	5	11	C118H175N9O127S11	4101.443986
HS_HexA9_HexN8_Ac5_S12_pNP	9	8	17	5	12	C118H175N9O130S12	4181.400801
HS_HexA9_HexN8_Ac5_S13_pNP	9	8	17	5	13	C118H175N9O133S13	4261.357616
HS_HexA9_HexN8_Ac5_S14_pNP	9	8	17	5	14	C118H175N9O136S14	4341.314431
HS_HexA9_HexN8_Ac5_S15_pNP	9	8	17	5	15	C118H175N9O139S15	4421.271246
HS_HexA9_HexN8_Ac5_S16_pNP	9	8	17	5	16	C118H175N9O142S16	4501.228061
HS_HexA9_HexN8_Ac5_S17_pNP	9	8	17	5	17	C118H175N9O145S17	4581.184876
HS_HexA9_HexN8_Ac5_S18_pNP	9	8	17	5	18	C118H175N9O148S18	4661.141692
HS_HexA9_HexN8_Ac5_S19_pNP	9	8	17	5	19	C118H175N9O151S19	4741.098507
HS_HexA9_HexN8_Ac5_S20_pNP	9	8	17	5	20	C118H175N9O154S20	4821.055322
HS_HexA9_HexN8_Ac5_S21_pNP	9	8	17	5	21	C118H175N9O157S21	4901.012137
HS_HexA9_HexN8_Ac5_S22_pNP	9	8	17	5	22	C118H175N9O160S22	4980.968952
HS_HexA9_HexN8_Ac5_S23_pNP	9	8	17	5	23	C118H175N9O163S23	5060.925767
HS_HexA9_HexN8_Ac5_S24_pNP	9	8	17	5	24	C118H175N9O166S24	5140.882582
HS_HexA9_HexN8_Ac6_S0_pNP	9	8	17	6	0	C120H177N9O95	3263.929586
HS_HexA9_HexN8_Ac6_S1_pNP	9	8	17	6	1	C120H177N9O98S	3343.886401
HS_HexA9_HexN8_Ac6_S2_pNP	9	8	17	6	2	C120H177N9O101S2	3423.843216
HS_HexA9_HexN8_Ac6_S3_pNP	9	8	17	6	3	C120H177N9O104S3	3503.800031
HS_HexA9_HexN8_Ac6_S4_pNP	9	8	17	6	4	C120H177N9O107S4	3583.756846
HS_HexA9_HexN8_Ac6_S5_pNP	9	8	17	6	5	C120H177N9O110S5	3663.713661
HS_HexA9_HexN8_Ac6_S6_pNP	9	8	17	6	6	C120H177N9O113S6	3743.670476
HS_HexA9_HexN8_Ac6_S7_pNP	9	8	17	6	7	C120H177N9O116S7	3823.627291
HS_HexA9_HexN8_Ac6_S8_pNP	9	8	17	6	8	C120H177N9O119S8	3903.584106
HS_HexA9_HexN8_Ac6_S9_pNP	9	8	17	6	9	C120H177N9O122S9	3983.540921
HS_HexA9_HexN8_Ac6_S10_pNP	9	8	17	6	10	C120H177N9O125S10	4063.497736
HS_HexA9_HexN8_Ac6_S11_pNP	9	8	17	6	11	C120H177N9O128S11	4143.454551
HS_HexA9_HexN8_Ac6_S12_pNP	9	8	17	6	12	C120H177N9O131S12	4223.411366
HS_HexA9_HexN8_Ac6_S13_pNP	9	8	17	6	13	C120H177N9O134S13	4303.368181
HS_HexA9_HexN8_Ac6_S14_pNP	9	8	17	6	14	C120H177N9O137S14	4383.324996
HS_HexA9_HexN8_Ac6_S15_pNP	9	8	17	6	15	C120H177N9O140S15	4463.281811
HS_HexA9_HexN8_Ac6_S16_pNP	9	8	17	6	16	C120H177N9O143S16	4543.238626
HS_HexA9_HexN8_Ac6_S17_pNP	9	8	17	6	17	C120H177N9O146S17	4623.195441
HS_HexA9_HexN8_Ac6_S18_pNP	9	8	17	6	18	C120H177N9O149S18	4703.152256
HS_HexA9_HexN8_Ac6_S19_pNP	9	8	17	6	19	C120H177N9O152S19	4783.109071
HS_HexA9_HexN8_Ac6_S20_pNP	9	8	17	6	20	C120H177N9O155S20	4863.065886
HS_HexA9_HexN8_Ac6_S21_pNP	9	8	17	6	21	C120H177N9O158S21	4943.022701
HS_HexA9_HexN8_Ac6_S22_pNP	9	8	17	6	22	C120H177N9O161S22	5022.979516
HS_HexA9_HexN8_Ac6_S23_pNP	9	8	17	6	23	C120H177N9O164S23	5102.936331
HS_HexA9_HexN8_Ac6_S24_pNP	9	8	17	6	24	C120H177N9O167S24	5182.893146
HS_HexA9_HexN8_Ac7_S0_pNP	9	8	17	7	0	C122H179N9O96	3305.940150
HS_HexA9_HexN8_Ac7_S1_pNP	9	8	17	7	1	C122H179N9O99S	3385.896965
HS_HexA9_HexN8_Ac7_S2_pNP	9	8	17	7	2	C122H179N9O102S2	3465.853780
HS_HexA9_HexN8_Ac7_S3_pNP	9	8	17	7	3	C122H179N9O105S3	3545.810595
HS_HexA9_HexN8_Ac7_S4_pNP	9	8	17	7	4	C122H179N9O108S4	3625.767410
HS_HexA9_HexN8_Ac7_S5_pNP	9	8	17	7	5	C122H179N9O111S5	3705.724225
HS_HexA9_HexN8_Ac7_S6_pNP	9	8	17	7	6	C122H179N9O114S6	3785.681040
HS_HexA9_HexN8_Ac7_S7_pNP	9	8	17	7	7	C122H179N9O117S7	3865.637856
HS_HexA9_HexN8_Ac7_S8_pNP	9	8	17	7	8	C122H179N9O120S8	3945.594671
HS_HexA9_HexN8_Ac7_S9_pNP	9	8	17	7	9	C122H179N9O123S9	4025.551486
HS_HexA9_HexN8_Ac7_S10_pNP	9	8	17	7	10	C122H179N9O126S10	4105.508301
HS_HexA9_HexN8_Ac7_S11_pNP	9	8	17	7	11	C122H179N9O129S11	4185.465116
HS_HexA9_HexN8_Ac7_S12_pNP	9	8	17	7	12	C122H179N9O132S12	4265.421931
HS_HexA9_HexN8_Ac7_S13_pNP	9	8	17	7	13	C122H179N9O135S13	4345.378746
HS_HexA9_HexN8_Ac7_S14_pNP	9	8	17	7	14	C122H179N9O138S14	4425.335561
HS_HexA9_HexN8_Ac7_S15_pNP	9	8	17	7	15	C122H179N9O141S15	4505.292376
HS_HexA9_HexN8_Ac7_S16_pNP	9	8	17	7	16	C122H179N9O144S16	4585.249191
HS_HexA9_HexN8_Ac7_S17_pNP	9	8	17	7	17	C122H179N9O147S17	4665.206006
HS_HexA9_HexN8_Ac7_S18_pNP	9	8	17	7	18	C122H179N9O150S18	4745.162821
HS_HexA9_HexN8_Ac7_S19_pNP	9	8	17	7	19	C122H179N9O153S19	4825.119636
HS_HexA9_HexN8_Ac7_S20_pNP	9	8	17	7	20	C122H179N9O156S20	4905.076451
HS_HexA9_HexN8_Ac7_S21_pNP	9	8	17	7	21	C122H179N9O159S21	4985.033266
HS_HexA9_HexN8_Ac7_S22_pNP	9	8	17	7	22	C122H179N9O162S22	5064.990081
HS_HexA9_HexN8_Ac7_S23_pNP	9	8	17	7	23	C122H179N9O165S23	5144.946896
HS_HexA9_HexN8_Ac7_S24_pNP	9	8	17	7	24	C122H179N9O168S24	5224.903711
HS_HexA9_HexN8_Ac8_S0_pNP	9	8	17	8	0	C124H181N9O97	3347.950715
HS_HexA9_HexN8_Ac8_S1_pNP	9	8	17	8	1	C124H181N9O100S	3427.907530
HS_HexA9_HexN8_Ac8_S2_pNP	9	8	17	8	2	C124H181N9O103S2	3507.864345
HS_HexA9_HexN8_Ac8_S3_pNP	9	8	17	8	3	C124H181N9O106S3	3587.821160
HS_HexA9_HexN8_Ac8_S4_pNP	9	8	17	8	4	C124H181N9O109S4	3667.777975
HS_HexA9_HexN8_Ac8_S5_pNP	9	8	17	8	5	C124H181N9O112S5	3747.734790
HS_HexA9_HexN8_Ac8_S6_pNP	9	8	17	8	6	C124H181N9O115S6	3827.691605
HS_HexA9_HexN8_Ac8_S7_pNP	9	8	17	8	7	C124H181N9O118S7	3907.648420
HS_HexA9_HexN8_Ac8_S8_pNP	9	8	17	8	8	C124H181N9O121S8	3987.605235
HS_HexA9_HexN8_Ac8_S9_pNP	9	8	17	8	9	C124H181N9O124S9	4067.562050
HS_HexA9_HexN8_Ac8_S10_pNP	9	8	17	8	10	C124H181N9O127S10	4147.518865
HS_HexA9_HexN8_Ac8_S11_pNP	9	8	17	8	11	C124H181N9O130S11	4227.475680
HS_HexA9_HexN8_Ac8_S12_pNP	9	8	17	8	12	C124H181N9O133S12	4307.432495
HS_HexA9_HexN8_Ac8_S13_pNP	9	8	17	8	13	C124H181N9O136S13	4387.389310
HS_HexA9_HexN8_Ac8_S14_pNP	9	8	17	8	14	C124H181N9O139S14	4467.346125
HS_HexA9_HexN8_Ac8_S15_pNP	9	8	17	8	15	C124H181N9O142S15	4547.302940
HS_HexA9_HexN8_Ac8_S16_pNP	9	8	17	8	16	C124H181N9O145S16	4627.259756
HS_HexA9_HexN8_Ac8_S17_pNP	9	8	17	8	17	C124H181N9O148S17	4707.216571
HS_HexA9_HexN8_Ac8_S18_pNP	9	8	17	8	18	C124H181N9O151S18	4787.173386
HS_HexA9_HexN8_Ac8_S19_pNP	9	8	17	8	19	C124H181N9O154S19	4867.130201
HS_HexA9_HexN8_Ac8_S20_pNP	9	8	17	8	20	C124H181N9O157S20	4947.087016
HS_HexA9_HexN8_Ac8_S21_pNP	9	8	17	8	21	C124H181N9O160S21	5027.043831
HS_HexA9_HexN8_Ac8_S22_pNP	9	8	17	8	22	C124H181N9O163S22	5107.000646
HS_HexA9_HexN8_Ac8_S23_pNP	9	8	17	8	23	C124H181N9O166S23	5186.957461
HS_HexA9_HexN8_Ac8_S24_pNP	9	8	17	8	24	C124H181N9O169S24	5266.914276
HS_HexA9_HexN9_Ac0_S0_pNP	9	9	18	0	0	C114H176N10O93	3172.935005
HS_HexA9_HexN9_Ac0_S1_pNP	9	9	18	0	1	C114H176N10O96S	3252.891820
HS_HexA9_HexN9_Ac0_S2_pNP	9	9	18	0	2	C114H176N10O99S2	3332.848635
HS_HexA9_HexN9_Ac0_S3_pNP	9	9	18	0	3	C114H176N10O102S3	3412.805450
HS_HexA9_HexN9_Ac0_S4_pNP	9	9	18	0	4	C114H176N10O105S4	3492.762265
HS_HexA9_HexN9_Ac0_S5_pNP	9	9	18	0	5	C114H176N10O108S5	3572.719081
HS_HexA9_HexN9_Ac0_S6_pNP	9	9	18	0	6	C114H176N10O111S6	3652.675896
HS_HexA9_HexN9_Ac0_S7_pNP	9	9	18	0	7	C114H176N10O114S7	3732.632711
HS_HexA9_HexN9_Ac0_S8_pNP	9	9	18	0	8	C114H176N10O117S8	3812.589526
HS_HexA9_HexN9_Ac0_S9_pNP	9	9	18	0	9	C114H176N10O120S9	3892.546341
HS_HexA9_HexN9_Ac0_S10_pNP	9	9	18	0	10	C114H176N10O123S10	3972.503156
HS_HexA9_HexN9_Ac0_S11_pNP	9	9	18	0	11	C114H176N10O126S11	4052.459971
HS_HexA9_HexN9_Ac0_S12_pNP	9	9	18	0	12	C114H176N10O129S12	4132.416786
HS_HexA9_HexN9_Ac0_S13_pNP	9	9	18	0	13	C114H176N10O132S13	4212.373601
HS_HexA9_HexN9_Ac0_S14_pNP	9	9	18	0	14	C114H176N10O135S14	4292.330416
HS_HexA9_HexN9_Ac0_S15_pNP	9	9	18	0	15	C114H176N10O138S15	4372.287231
HS_HexA9_HexN9_Ac0_S16_pNP	9	9	18	0	16	C114H176N10O141S16	4452.244046
HS_HexA9_HexN9_Ac0_S17_pNP	9	9	18	0	17	C114H176N10O144S17	4532.200861
HS_HexA9_HexN9_Ac0_S18_pNP	9	9	18	0	18	C114H176N10O147S18	4612.157676
HS_HexA9_HexN9_Ac0_S19_pNP	9	9	18	0	19	C114H176N10O150S19	4692.114491
HS_HexA9_HexN9_Ac0_S20_pNP	9	9	18	0	20	C114H176N10O153S20	4772.071306
HS_HexA9_HexN9_Ac0_S21_pNP	9	9	18	0	21	C114H176N10O156S21	4852.028121
HS_HexA9_HexN9_Ac0_S22_pNP	9	9	18	0	22	C114H176N10O159S22	4931.984936
HS_HexA9_HexN9_Ac0_S23_pNP	9	9	18	0	23	C114H176N10O162S23	5011.941751
HS_HexA9_HexN9_Ac0_S24_pNP	9	9	18	0	24	C114H176N10O165S24	5091.898566
HS_HexA9_HexN9_Ac0_S25_pNP	9	9	18	0	25	C114H176N10O168S25	5171.855381
HS_HexA9_HexN9_Ac0_S26_pNP	9	9	18	0	26	C114H176N10O171S26	5251.812196
HS_HexA9_HexN9_Ac0_S27_pNP	9	9	18	0	27	C114H176N10O174S27	5331.769011
HS_HexA9_HexN9_Ac1_S0_pNP	9	9	18	1	0	C116H178N10O94	3214.945570
HS_HexA9_HexN9_Ac1_S1_pNP	9	9	18	1	1	C116H178N10O97S	3294.902385
HS_HexA9_HexN9_Ac1_S2_pNP	9	9	18	1	2	C116H178N10O100S2	3374.859200
HS_HexA9_HexN9_Ac1_S3_pNP	9	9	18	1	3	C116H178N10O103S3	3454.816015
HS_HexA9_HexN9_Ac1_S4_pNP	9	9	18	1	4	C116H178N10O106S4	3534.772830
HS_HexA9_HexN9_Ac1_S5_pNP	9	9	18	1	5	C116H178N10O109S5	3614.729645
HS_HexA9_HexN9_Ac1_S6_pNP	9	9	18	1	6	C116H178N10O112S6	3694.686460
HS_HexA9_HexN9_Ac1_S7_pNP	9	9	18	1	7	C116H178N10O115S7	3774.643275
HS_HexA9_HexN9_Ac1_S8_pNP	9	9	18	1	8	C116H178N10O118S8	3854.600090
HS_HexA9_HexN9_Ac1_S9_pNP	9	9	18	1	9	C116H178N10O121S9	3934.556905
HS_HexA9_HexN9_Ac1_S10_pNP	9	9	18	1	10	C116H178N10O124S10	4014.513720
HS_HexA9_HexN9_Ac1_S11_pNP	9	9	18	1	11	C116H178N10O127S11	4094.470535
HS_HexA9_HexN9_Ac1_S12_pNP	9	9	18	1	12	C116H178N10O130S12	4174.427350
HS_HexA9_HexN9_Ac1_S13_pNP	9	9	18	1	13	C116H178N10O133S13	4254.384165
HS_HexA9_HexN9_Ac1_S14_pNP	9	9	18	1	14	C116H178N10O136S14	4334.340980
HS_HexA9_HexN9_Ac1_S15_pNP	9	9	18	1	15	C116H178N10O139S15	4414.297796
HS_HexA9_HexN9_Ac1_S16_pNP	9	9	18	1	16	C116H178N10O142S16	4494.254611
HS_HexA9_HexN9_Ac1_S17_pNP	9	9	18	1	17	C116H178N10O145S17	4574.211426
HS_HexA9_HexN9_Ac1_S18_pNP	9	9	18	1	18	C116H178N10O148S18	4654.168241
HS_HexA9_HexN9_Ac1_S19_pNP	9	9	18	1	19	C116H178N10O151S19	4734.125056
HS_HexA9_HexN9_Ac1_S20_pNP	9	9	18	1	20	C116H178N10O154S20	4814.081871
HS_HexA9_HexN9_Ac1_S21_pNP	9	9	18	1	21	C116H178N10O157S21	4894.038686
HS_HexA9_HexN9_Ac1_S22_pNP	9	9	18	1	22	C116H178N10O160S22	4973.995501
HS_HexA9_HexN9_Ac1_S23_pNP	9	9	18	1	23	C116H178N10O163S23	5053.952316
HS_HexA9_HexN9_Ac1_S24_pNP	9	9	18	1	24	C116H178N10O166S24	5133.909131
HS_HexA9_HexN9_Ac1_S25_pNP	9	9	18	1	25	C116H178N10O169S25	5213.865946
HS_HexA9_HexN9_Ac1_S26_pNP	9	9	18	1	26	C116H178N10O172S26	5293.822761
HS_HexA9_HexN9_Ac1_S27_pNP	9	9	18	1	27	C116H178N10O175S27	5373.779576
HS_HexA9_HexN9_Ac2_S0_pNP	9	9	18	2	0	C118H180N10O95	3256.956135
HS_HexA9_HexN9_Ac2_S1_pNP	9	9	18	2	1	C118H180N10O98S	3336.912950
HS_HexA9_HexN9_Ac2_S2_pNP	9	9	18	2	2	C118H180N10O101S2	3416.869765
HS_HexA9_HexN9_Ac2_S3_pNP	9	9	18	2	3	C118H180N10O104S3	3496.826580
HS_HexA9_HexN9_Ac2_S4_pNP	9	9	18	2	4	C118H180N10O107S4	3576.783395
HS_HexA9_HexN9_Ac2_S5_pNP	9	9	18	2	5	C118H180N10O110S5	3656.740210
HS_HexA9_HexN9_Ac2_S6_pNP	9	9	18	2	6	C118H180N10O113S6	3736.697025
HS_HexA9_HexN9_Ac2_S7_pNP	9	9	18	2	7	C118H180N10O116S7	3816.653840
HS_HexA9_HexN9_Ac2_S8_pNP	9	9	18	2	8	C118H180N10O119S8	3896.610655
HS_HexA9_HexN9_Ac2_S9_pNP	9	9	18	2	9	C118H180N10O122S9	3976.567470
HS_HexA9_HexN9_Ac2_S10_pNP	9	9	18	2	10	C118H180N10O125S10	4056.524285
HS_HexA9_HexN9_Ac2_S11_pNP	9	9	18	2	11	C118H180N10O128S11	4136.481100
HS_HexA9_HexN9_Ac2_S12_pNP	9	9	18	2	12	C118H180N10O131S12	4216.437915
HS_HexA9_HexN9_Ac2_S13_pNP	9	9	18	2	13	C118H180N10O134S13	4296.394730
HS_HexA9_HexN9_Ac2_S14_pNP	9	9	18	2	14	C118H180N10O137S14	4376.351545
HS_HexA9_HexN9_Ac2_S15_pNP	9	9	18	2	15	C118H180N10O140S15	4456.308360
HS_HexA9_HexN9_Ac2_S16_pNP	9	9	18	2	16	C118H180N10O143S16	4536.265175
HS_HexA9_HexN9_Ac2_S17_pNP	9	9	18	2	17	C118H180N10O146S17	4616.221990
HS_HexA9_HexN9_Ac2_S18_pNP	9	9	18	2	18	C118H180N10O149S18	4696.178805
HS_HexA9_HexN9_Ac2_S19_pNP	9	9	18	2	19	C118H180N10O152S19	4776.135620
HS_HexA9_HexN9_Ac2_S20_pNP	9	9	18	2	20	C118H180N10O155S20	4856.092435
HS_HexA9_HexN9_Ac2_S21_pNP	9	9	18	2	21	C118H180N10O158S21	4936.049250
HS_HexA9_HexN9_Ac2_S22_pNP	9	9	18	2	22	C118H180N10O161S22	5016.006065
HS_HexA9_HexN9_Ac2_S23_pNP	9	9	18	2	23	C118H180N10O164S23	5095.962880
HS_HexA9_HexN9_Ac2_S24_pNP	9	9	18	2	24	C118H180N10O167S24	5175.919695
HS_HexA9_HexN9_Ac2_S25_pNP	9	9	18	2	25	C118H180N10O170S25	5255.876511
HS_HexA9_HexN9_Ac2_S26_pNP	9	9	18	2	26	C118H180N10O173S26	5335.833326
HS_HexA9_HexN9_Ac2_S27_pNP	9	9	18	2	27	C118H180N10O176S27	5415.790141
HS_HexA9_HexN9_Ac3_S0_pNP	9	9	18	3	0	C120H182N10O96	3298.966699
HS_HexA9_HexN9_Ac3_S1_pNP	9	9	18	3	1	C120H182N10O99S	3378.923514
HS_HexA9_HexN9_Ac3_S2_pNP	9	9	18	3	2	C120H182N10O102S2	3458.880329
HS_HexA9_HexN9_Ac3_S3_pNP	9	9	18	3	3	C120H182N10O105S3	3538.837144
HS_HexA9_HexN9_Ac3_S4_pNP	9	9	18	3	4	C120H182N10O108S4	3618.793960
HS_HexA9_HexN9_Ac3_S5_pNP	9	9	18	3	5	C120H182N10O111S5	3698.750775
HS_HexA9_HexN9_Ac3_S6_pNP	9	9	18	3	6	C120H182N10O114S6	3778.707590
HS_HexA9_HexN9_Ac3_S7_pNP	9	9	18	3	7	C120H182N10O117S7	3858.664405
HS_HexA9_HexN9_Ac3_S8_pNP	9	9	18	3	8	C120H182N10O120S8	3938.621220
HS_HexA9_HexN9_Ac3_S9_pNP	9	9	18	3	9	C120H182N10O123S9	4018.578035
HS_HexA9_HexN9_Ac3_S10_pNP	9	9	18	3	10	C120H182N10O126S10	4098.534850
HS_HexA9_HexN9_Ac3_S11_pNP	9	9	18	3	11	C120H182N10O129S11	4178.491665
HS_HexA9_HexN9_Ac3_S12_pNP	9	9	18	3	12	C120H182N10O132S12	4258.448480
HS_HexA9_HexN9_Ac3_S13_pNP	9	9	18	3	13	C120H182N10O135S13	4338.405295
HS_HexA9_HexN9_Ac3_S14_pNP	9	9	18	3	14	C120H182N10O138S14	4418.362110
HS_HexA9_HexN9_Ac3_S15_pNP	9	9	18	3	15	C120H182N10O141S15	4498.318925
HS_HexA9_HexN9_Ac3_S16_pNP	9	9	18	3	16	C120H182N10O144S16	4578.275740
HS_HexA9_HexN9_Ac3_S17_pNP	9	9	18	3	17	C120H182N10O147S17	4658.232555
HS_HexA9_HexN9_Ac3_S18_pNP	9	9	18	3	18	C120H182N10O150S18	4738.189370
HS_HexA9_HexN9_Ac3_S19_pNP	9	9	18	3	19	C120H182N10O153S19	4818.146185
HS_HexA9_HexN9_Ac3_S20_pNP	9	9	18	3	20	C120H182N10O156S20	4898.103000
HS_HexA9_HexN9_Ac3_S21_pNP	9	9	18	3	21	C120H182N10O159S21	4978.059815
HS_HexA9_HexN9_Ac3_S22_pNP	9	9	18	3	22	C120H182N10O162S22	5058.016630
HS_HexA9_HexN9_Ac3_S23_pNP	9	9	18	3	23	C120H182N10O165S23	5137.973445
HS_HexA9_HexN9_Ac3_S24_pNP	9	9	18	3	24	C120H182N10O168S24	5217.930260
HS_HexA9_HexN9_Ac3_S25_pNP	9	9	18	3	25	C120H182N10O171S25	5297.887075
HS_HexA9_HexN9_Ac3_S26_pNP	9	9	18	3	26	C120H182N10O174S26	5377.843890
HS_HexA9_HexN9_Ac3_S27_pNP	9	9	18	3	27	C120H182N10O177S27	5457.800705
HS_HexA9_HexN9_Ac4_S0_pNP	9	9	18	4	0	C122H184N10O97	3340.977264
HS_HexA9_HexN9_Ac4_S1_pNP	9	9	18	4	1	C122H184N10O100S	3420.934079
HS_HexA9_HexN9_Ac4_S2_pNP	9	9	18	4	2	C122H184N10O103S2	3500.890894
HS_HexA9_HexN9_Ac4_S3_pNP	9	9	18	4	3	C122H184N10O106S3	3580.847709
HS_HexA9_HexN9_Ac4_S4_pNP	9	9	18	4	4	C122H184N10O109S4	3660.804524
HS_HexA9_HexN9_Ac4_S5_pNP	9	9	18	4	5	C122H184N10O112S5	3740.761339
HS_HexA9_HexN9_Ac4_S6_pNP	9	9	18	4	6	C122H184N10O115S6	3820.718154
HS_HexA9_HexN9_Ac4_S7_pNP	9	9	18	4	7	C122H184N10O118S7	3900.674969
HS_HexA9_HexN9_Ac4_S8_pNP	9	9	18	4	8	C122H184N10O121S8	3980.631784
HS_HexA9_HexN9_Ac4_S9_pNP	9	9	18	4	9	C122H184N10O124S9	4060.588599
HS_HexA9_HexN9_Ac4_S10_pNP	9	9	18	4	10	C122H184N10O127S10	4140.545414
HS_HexA9_HexN9_Ac4_S11_pNP	9	9	18	4	11	C122H184N10O130S11	4220.502229
HS_HexA9_HexN9_Ac4_S12_pNP	9	9	18	4	12	C122H184N10O133S12	4300.459044
HS_HexA9_HexN9_Ac4_S13_pNP	9	9	18	4	13	C122H184N10O136S13	4380.415860
HS_HexA9_HexN9_Ac4_S14_pNP	9	9	18	4	14	C122H184N10O139S14	4460.372675
HS_HexA9_HexN9_Ac4_S15_pNP	9	9	18	4	15	C122H184N10O142S15	4540.329490
HS_HexA9_HexN9_Ac4_S16_pNP	9	9	18	4	16	C122H184N10O145S16	4620.286305
HS_HexA9_HexN9_Ac4_S17_pNP	9	9	18	4	17	C122H184N10O148S17	4700.243120
HS_HexA9_HexN9_Ac4_S18_pNP	9	9	18	4	18	C122H184N10O151S18	4780.199935
HS_HexA9_HexN9_Ac4_S19_pNP	9	9	18	4	19	C122H184N10O154S19	4860.156750
HS_HexA9_HexN9_Ac4_S20_pNP	9	9	18	4	20	C122H184N10O157S20	4940.113565
HS_HexA9_HexN9_Ac4_S21_pNP	9	9	18	4	21	C122H184N10O160S21	5020.070380
HS_HexA9_HexN9_Ac4_S22_pNP	9	9	18	4	22	C122H184N10O163S22	5100.027195
HS_HexA9_HexN9_Ac4_S23_pNP	9	9	18	4	23	C122H184N10O166S23	5179.984010
HS_HexA9_HexN9_Ac4_S24_pNP	9	9	18	4	24	C122H184N10O169S24	5259.940825
HS_HexA9_HexN9_Ac4_S25_pNP	9	9	18	4	25	C122H184N10O172S25	5339.897640
HS_HexA9_HexN9_Ac4_S26_pNP	9	9	18	4	26	C122H184N10O175S26	5419.854455
HS_HexA9_HexN9_Ac4_S27_pNP	9	9	18	4	27	C122H184N10O178S27	5499.811270
HS_HexA9_HexN9_Ac5_S0_pNP	9	9	18	5	0	C124H186N10O98	3382.987829
HS_HexA9_HexN9_Ac5_S1_pNP	9	9	18	5	1	C124H186N10O101S	3462.944644
HS_HexA9_HexN9_Ac5_S2_pNP	9	9	18	5	2	C124H186N10O104S2	3542.901459
HS_HexA9_HexN9_Ac5_S3_pNP	9	9	18	5	3	C124H186N10O107S3	3622.858274
HS_HexA9_HexN9_Ac5_S4_pNP	9	9	18	5	4	C124H186N10O110S4	3702.815089
HS_HexA9_HexN9_Ac5_S5_pNP	9	9	18	5	5	C124H186N10O113S5	3782.771904
HS_HexA9_HexN9_Ac5_S6_pNP	9	9	18	5	6	C124H186N10O116S6	3862.728719
HS_HexA9_HexN9_Ac5_S7_pNP	9	9	18	5	7	C124H186N10O119S7	3942.685534
HS_HexA9_HexN9_Ac5_S8_pNP	9	9	18	5	8	C124H186N10O122S8	4022.642349
HS_HexA9_HexN9_Ac5_S9_pNP	9	9	18	5	9	C124H186N10O125S9	4102.599164
HS_HexA9_HexN9_Ac5_S10_pNP	9	9	18	5	10	C124H186N10O128S10	4182.555979
HS_HexA9_HexN9_Ac5_S11_pNP	9	9	18	5	11	C124H186N10O131S11	4262.512794
HS_HexA9_HexN9_Ac5_S12_pNP	9	9	18	5	12	C124H186N10O134S12	4342.469609
HS_HexA9_HexN9_Ac5_S13_pNP	9	9	18	5	13	C124H186N10O137S13	4422.426424
HS_HexA9_HexN9_Ac5_S14_pNP	9	9	18	5	14	C124H186N10O140S14	4502.383239
HS_HexA9_HexN9_Ac5_S15_pNP	9	9	18	5	15	C124H186N10O143S15	4582.340054
HS_HexA9_HexN9_Ac5_S16_pNP	9	9	18	5	16	C124H186N10O146S16	4662.296869
HS_HexA9_HexN9_Ac5_S17_pNP	9	9	18	5	17	C124H186N10O149S17	4742.253684
HS_HexA9_HexN9_Ac5_S18_pNP	9	9	18	5	18	C124H186N10O152S18	4822.210499
HS_HexA9_HexN9_Ac5_S19_pNP	9	9	18	5	19	C124H186N10O155S19	4902.167314
HS_HexA9_HexN9_Ac5_S20_pNP	9	9	18	5	20	C124H186N10O158S20	4982.124129
HS_HexA9_HexN9_Ac5_S21_pNP	9	9	18	5	21	C124H186N10O161S21	5062.080944
HS_HexA9_HexN9_Ac5_S22_pNP	9	9	18	5	22	C124H186N10O164S22	5142.037759
HS_HexA9_HexN9_Ac5_S23_pNP	9	9	18	5	23	C124H186N10O167S23	5221.994575
HS_HexA9_HexN9_Ac5_S24_pNP	9	9	18	5	24	C124H186N10O170S24	5301.951390
HS_HexA9_HexN9_Ac5_S25_pNP	9	9	18	5	25	C124H186N10O173S25	5381.908205
HS_HexA9_HexN9_Ac5_S26_pNP	9	9	18	5	26	C124H186N10O176S26	5461.865020
HS_HexA9_HexN9_Ac5_S27_pNP	9	9	18	5	27	C124H186N10O179S27	5541.821835
HS_HexA9_HexN9_Ac6_S0_pNP	9	9	18	6	0	C126H188N10O99	3424.998393
HS_HexA9_HexN9_Ac6_S1_pNP	9	9	18	6	1	C126H188N10O102S	3504.955208
HS_HexA9_HexN9_Ac6_S2_pNP	9	9	18	6	2	C126H188N10O105S2	3584.912024
HS_HexA9_HexN9_Ac6_S3_pNP	9	9	18	6	3	C126H188N10O108S3	3664.868839
HS_HexA9_HexN9_Ac6_S4_pNP	9	9	18	6	4	C126H188N10O111S4	3744.825654
HS_HexA9_HexN9_Ac6_S5_pNP	9	9	18	6	5	C126H188N10O114S5	3824.782469
HS_HexA9_HexN9_Ac6_S6_pNP	9	9	18	6	6	C126H188N10O117S6	3904.739284
HS_HexA9_HexN9_Ac6_S7_pNP	9	9	18	6	7	C126H188N10O120S7	3984.696099
HS_HexA9_HexN9_Ac6_S8_pNP	9	9	18	6	8	C126H188N10O123S8	4064.652914
HS_HexA9_HexN9_Ac6_S9_pNP	9	9	18	6	9	C126H188N10O126S9	4144.609729
HS_HexA9_HexN9_Ac6_S10_pNP	9	9	18	6	10	C126H188N10O129S10	4224.566544
HS_HexA9_HexN9_Ac6_S11_pNP	9	9	18	6	11	C126H188N10O132S11	4304.523359
HS_HexA9_HexN9_Ac6_S12_pNP	9	9	18	6	12	C126H188N10O135S12	4384.480174
HS_HexA9_HexN9_Ac6_S13_pNP	9	9	18	6	13	C126H188N10O138S13	4464.436989
HS_HexA9_HexN9_Ac6_S14_pNP	9	9	18	6	14	C126H188N10O141S14	4544.393804
HS_HexA9_HexN9_Ac6_S15_pNP	9	9	18	6	15	C126H188N10O144S15	4624.350619
HS_HexA9_HexN9_Ac6_S16_pNP	9	9	18	6	16	C126H188N10O147S16	4704.307434
HS_HexA9_HexN9_Ac6_S17_pNP	9	9	18	6	17	C126H188N10O150S17	4784.264249
HS_HexA9_HexN9_Ac6_S18_pNP	9	9	18	6	18	C126H188N10O153S18	4864.221064
HS_HexA9_HexN9_Ac6_S19_pNP	9	9	18	6	19	C126H188N10O156S19	4944.177879
HS_HexA9_HexN9_Ac6_S20_pNP	9	9	18	6	20	C126H188N10O159S20	5024.134694
HS_HexA9_HexN9_Ac6_S21_pNP	9	9	18	6	21	C126H188N10O162S21	5104.091509
HS_HexA9_HexN9_Ac6_S22_pNP	9	9	18	6	22	C126H188N10O165S22	5184.048324
HS_HexA9_HexN9_Ac6_S23_pNP	9	9	18	6	23	C126H188N10O168S23	5264.005139
HS_HexA9_HexN9_Ac6_S24_pNP	9	9	18	6	24	C126H188N10O171S24	5343.961954
HS_HexA9_HexN9_Ac6_S25_pNP	9	9	18	6	25	C126H188N10O174S25	5423.918769
HS_HexA9_HexN9_Ac6_S26_pNP	9	9	18	6	26	C126H188N10O177S26	5503.875584
HS_HexA9_HexN9_Ac6_S27_pNP	9	9	18	6	27	C126H188N10O180S27	5583.832399
HS_HexA9_HexN9_Ac7_S0_pNP	9	9	18	7	0	C128H190N10O100	3467.008958
HS_HexA9_HexN9_Ac7_S1_pNP	9	9	18	7	1	C128H190N10O103S	3546.965773
HS_HexA9_HexN9_Ac7_S2_pNP	9	9	18	7	2	C128H190N10O106S2	3626.922588
HS_HexA9_HexN9_Ac7_S3_pNP	9	9	18	7	3	C128H190N10O109S3	3706.879403
HS_HexA9_HexN9_Ac7_S4_pNP	9	9	18	7	4	C128H190N10O112S4	3786.836218
HS_HexA9_HexN9_Ac7_S5_pNP	9	9	18	7	5	C128H190N10O115S5	3866.793033
HS_HexA9_HexN9_Ac7_S6_pNP	9	9	18	7	6	C128H190N10O118S6	3946.749848
HS_HexA9_HexN9_Ac7_S7_pNP	9	9	18	7	7	C128H190N10O121S7	4026.706663
HS_HexA9_HexN9_Ac7_S8_pNP	9	9	18	7	8	C128H190N10O124S8	4106.663478
HS_HexA9_HexN9_Ac7_S9_pNP	9	9	18	7	9	C128H190N10O127S9	4186.620293
HS_HexA9_HexN9_Ac7_S10_pNP	9	9	18	7	10	C128H190N10O130S10	4266.577108
HS_HexA9_HexN9_Ac7_S11_pNP	9	9	18	7	11	C128H190N10O133S11	4346.533923
HS_HexA9_HexN9_Ac7_S12_pNP	9	9	18	7	12	C128H190N10O136S12	4426.490739
HS_HexA9_HexN9_Ac7_S13_pNP	9	9	18	7	13	C128H190N10O139S13	4506.447554
HS_HexA9_HexN9_Ac7_S14_pNP	9	9	18	7	14	C128H190N10O142S14	4586.404369
HS_HexA9_HexN9_Ac7_S15_pNP	9	9	18	7	15	C128H190N10O145S15	4666.361184
HS_HexA9_HexN9_Ac7_S16_pNP	9	9	18	7	16	C128H190N10O148S16	4746.317999
HS_HexA9_HexN9_Ac7_S17_pNP	9	9	18	7	17	C128H190N10O151S17	4826.274814
HS_HexA9_HexN9_Ac7_S18_pNP	9	9	18	7	18	C128H190N10O154S18	4906.231629
HS_HexA9_HexN9_Ac7_S19_pNP	9	9	18	7	19	C128H190N10O157S19	4986.188444
HS_HexA9_HexN9_Ac7_S20_pNP	9	9	18	7	20	C128H190N10O160S20	5066.145259
HS_HexA9_HexN9_Ac7_S21_pNP	9	9	18	7	21	C128H190N10O163S21	5146.102074
HS_HexA9_HexN9_Ac7_S22_pNP	9	9	18	7	22	C128H190N10O166S22	5226.058889
HS_HexA9_HexN9_Ac7_S23_pNP	9	9	18	7	23	C128H190N10O169S23	5306.015704
HS_HexA9_HexN9_Ac7_S24_pNP	9	9	18	7	24	C128H190N10O172S24	5385.972519
HS_HexA9_HexN9_Ac7_S25_pNP	9	9	18	7	25	C128H190N10O175S25	5465.929334
HS_HexA9_HexN9_Ac7_S26_pNP	9	9	18	7	26	C128H190N10O178S26	5545.886149
HS_HexA9_HexN9_Ac7_S27_pNP	9	9	18	7	27	C128H190N10O181S27	5625.842964
HS_HexA9_HexN9_Ac8_S0_pNP	9	9	18	8	0	C130H192N10O101	3509.019523
HS_HexA9_HexN9_Ac8_S1_pNP	9	9	18	8	1	C130H192N10O104S	3588.976338
HS_HexA9_HexN9_Ac8_S2_pNP	9	9	18	8	2	C130H192N10O107S2	3668.933153
HS_HexA9_HexN9_Ac8_S3_pNP	9	9	18	8	3	C130H192N10O110S3	3748.889968
HS_HexA9_HexN9_Ac8_S4_pNP	9	9	18	8	4	C130H192N10O113S4	3828.846783
HS_HexA9_HexN9_Ac8_S5_pNP	9	9	18	8	5	C130H192N10O116S5	3908.803598
HS_HexA9_HexN9_Ac8_S6_pNP	9	9	18	8	6	C130H192N10O119S6	3988.760413
HS_HexA9_HexN9_Ac8_S7_pNP	9	9	18	8	7	C130H192N10O122S7	4068.717228
HS_HexA9_HexN9_Ac8_S8_pNP	9	9	18	8	8	C130H192N10O125S8	4148.674043
HS_HexA9_HexN9_Ac8_S9_pNP	9	9	18	8	9	C130H192N10O128S9	4228.630858
HS_HexA9_HexN9_Ac8_S10_pNP	9	9	18	8	10	C130H192N10O131S10	4308.587673
HS_HexA9_HexN9_Ac8_S11_pNP	9	9	18	8	11	C130H192N10O134S11	4388.544488
HS_HexA9_HexN9_Ac8_S12_pNP	9	9	18	8	12	C130H192N10O137S12	4468.501303
HS_HexA9_HexN9_Ac8_S13_pNP	9	9	18	8	13	C130H192N10O140S13	4548.458118
HS_HexA9_HexN9_Ac8_S14_pNP	9	9	18	8	14	C130H192N10O143S14	4628.414933
HS_HexA9_HexN9_Ac8_S15_pNP	9	9	18	8	15	C130H192N10O146S15	4708.371748
HS_HexA9_HexN9_Ac8_S16_pNP	9	9	18	8	16	C130H192N10O149S16	4788.328563
HS_HexA9_HexN9_Ac8_S17_pNP	9	9	18	8	17	C130H192N10O152S17	4868.285378
HS_HexA9_HexN9_Ac8_S18_pNP	9	9	18	8	18	C130H192N10O155S18	4948.242193
HS_HexA9_HexN9_Ac8_S19_pNP	9	9	18	8	19	C130H192N10O158S19	5028.199008
HS_HexA9_HexN9_Ac8_S20_pNP	9	9	18	8	20	C130H192N10O161S20	5108.155823
HS_HexA9_HexN9_Ac8_S21_pNP	9	9	18	8	21	C130H192N10O164S21	5188.112639
HS_HexA9_HexN9_Ac8_S22_pNP	9	9	18	8	22	C130H192N10O167S22	5268.069454
HS_HexA9_HexN9_Ac8_S23_pNP	9	9	18	8	23	C130H192N10O170S23	5348.026269
HS_HexA9_HexN9_Ac8_S24_pNP	9	9	18	8	24	C130H192N10O173S24	5427.983084
HS_HexA9_HexN9_Ac8_S25_pNP	9	9	18	8	25	C130H192N10O176S25	5507.939899
HS_HexA9_HexN9_Ac8_S26_pNP	9	9	18	8	26	C130H192N10O179S26	5587.896714
HS_HexA9_HexN9_Ac8_S27_pNP	9	9	18	8	27	C130H192N10O182S27	5667.853529
HS_HexA9_HexN9_Ac9_S0_pNP	9	9	18	9	0	C132H194N10O102	3551.030087
HS_HexA9_HexN9_Ac9_S1_pNP	9	9	18	9	1	C132H194N10O105S	3630.986903
HS_HexA9_HexN9_Ac9_S2_pNP	9	9	18	9	2	C132H194N10O108S2	3710.943718
HS_HexA9_HexN9_Ac9_S3_pNP	9	9	18	9	3	C132H194N10O111S3	3790.900533
HS_HexA9_HexN9_Ac9_S4_pNP	9	9	18	9	4	C132H194N10O114S4	3870.857348
HS_HexA9_HexN9_Ac9_S5_pNP	9	9	18	9	5	C132H194N10O117S5	3950.814163
HS_HexA9_HexN9_Ac9_S6_pNP	9	9	18	9	6	C132H194N10O120S6	4030.770978
HS_HexA9_HexN9_Ac9_S7_pNP	9	9	18	9	7	C132H194N10O123S7	4110.727793
HS_HexA9_HexN9_Ac9_S8_pNP	9	9	18	9	8	C132H194N10O126S8	4190.684608
HS_HexA9_HexN9_Ac9_S9_pNP	9	9	18	9	9	C132H194N10O129S9	4270.641423
HS_HexA9_HexN9_Ac9_S10_pNP	9	9	18	9	10	C132H194N10O132S10	4350.598238
HS_HexA9_HexN9_Ac9_S11_pNP	9	9	18	9	11	C132H194N10O135S11	4430.555053
HS_HexA9_HexN9_Ac9_S12_pNP	9	9	18	9	12	C132H194N10O138S12	4510.511868
HS_HexA9_HexN9_Ac9_S13_pNP	9	9	18	9	13	C132H194N10O141S13	4590.468683
HS_HexA9_HexN9_Ac9_S14_pNP	9	9	18	9	14	C132H194N10O144S14	4670.425498
HS_HexA9_HexN9_Ac9_S15_pNP	9	9	18	9	15	C132H194N10O147S15	4750.382313
HS_HexA9_HexN9_Ac9_S16_pNP	9	9	18	9	16	C132H194N10O150S16	4830.339128
HS_HexA9_HexN9_Ac9_S17_pNP	9	9	18	9	17	C132H194N10O153S17	4910.295943
HS_HexA9_HexN9_Ac9_S18_pNP	9	9	18	9	18	C132H194N10O156S18	4990.252758
HS_HexA9_HexN9_Ac9_S19_pNP	9	9	18	9	19	C132H194N10O159S19	5070.209573
HS_HexA9_HexN9_Ac9_S20_pNP	9	9	18	9	20	C132H194N10O162S20	5150.166388
HS_HexA9_HexN9_Ac9_S21_pNP	9	9	18	9	21	C132H194N10O165S21	5230.123203
HS_HexA9_HexN9_Ac9_S22_pNP	9	9	18	9	22	C132H194N10O168S22	5310.080018
HS_HexA9_HexN9_Ac9_S23_pNP	9	9	18	9	23	C132H194N10O171S23	5390.036833
HS_HexA9_HexN9_Ac9_S24_pNP	9	9	18	9	24	C132H194N10O174S24	5469.993648
HS_HexA9_HexN9_Ac9_S25_pNP	9	9	18	9	25	C132H194N10O177S25	5549.950463
HS_HexA9_HexN9_Ac9_S26_pNP	9	9	18	9	26	C132H194N10O180S26	5629.907278
HS_HexA9_HexN9_Ac9_S27_pNP	9	9	18	9	27	C132H194N10O183S27	5709.864093
HS_HexA10_HexN9_Ac0_S0_pNP	10	9	19	0	0	C120H184N10O99	3348.967093
HS_HexA10_HexN9_Ac0_S1_pNP	10	9	19	0	1	C120H184N10O102S	3428.923908
HS_HexA10_HexN9_Ac0_S2_pNP	10	9	19	0	2	C120H184N10O105S2	3508.880723
HS_HexA10_HexN9_Ac0_S3_pNP	10	9	19	0	3	C120H184N10O108S3	3588.837538
HS_HexA10_HexN9_Ac0_S4_pNP	10	9	19	0	4	C120H184N10O111S4	3668.794353
HS_HexA10_HexN9_Ac0_S5_pNP	10	9	19	0	5	C120H184N10O114S5	3748.751168
HS_HexA10_HexN9_Ac0_S6_pNP	10	9	19	0	6	C120H184N10O117S6	3828.707984
HS_HexA10_HexN9_Ac0_S7_pNP	10	9	19	0	7	C120H184N10O120S7	3908.664799
HS_HexA10_HexN9_Ac0_S8_pNP	10	9	19	0	8	C120H184N10O123S8	3988.621614
HS_HexA10_HexN9_Ac0_S9_pNP	10	9	19	0	9	C120H184N10O126S9	4068.578429
HS_HexA10_HexN9_Ac0_S10_pNP	10	9	19	0	10	C120H184N10O129S10	4148.535244
HS_HexA10_HexN9_Ac0_S11_pNP	10	9	19	0	11	C120H184N10O132S11	4228.492059
HS_HexA10_HexN9_Ac0_S12_pNP	10	9	19	0	12	C120H184N10O135S12	4308.448874
HS_HexA10_HexN9_Ac0_S13_pNP	10	9	19	0	13	C120H184N10O138S13	4388.405689
HS_HexA10_HexN9_Ac0_S14_pNP	10	9	19	0	14	C120H184N10O141S14	4468.362504
HS_HexA10_HexN9_Ac0_S15_pNP	10	9	19	0	15	C120H184N10O144S15	4548.319319
HS_HexA10_HexN9_Ac0_S16_pNP	10	9	19	0	16	C120H184N10O147S16	4628.276134
HS_HexA10_HexN9_Ac0_S17_pNP	10	9	19	0	17	C120H184N10O150S17	4708.232949
HS_HexA10_HexN9_Ac0_S18_pNP	10	9	19	0	18	C120H184N10O153S18	4788.189764
HS_HexA10_HexN9_Ac0_S19_pNP	10	9	19	0	19	C120H184N10O156S19	4868.146579
HS_HexA10_HexN9_Ac0_S20_pNP	10	9	19	0	20	C120H184N10O159S20	4948.103394
HS_HexA10_HexN9_Ac0_S21_pNP	10	9	19	0	21	C120H184N10O162S21	5028.060209
HS_HexA10_HexN9_Ac0_S22_pNP	10	9	19	0	22	C120H184N10O165S22	5108.017024
HS_HexA10_HexN9_Ac0_S23_pNP	10	9	19	0	23	C120H184N10O168S23	5187.973839
HS_HexA10_HexN9_Ac0_S24_pNP	10	9	19	0	24	C120H184N10O171S24	5267.930654
HS_HexA10_HexN9_Ac0_S25_pNP	10	9	19	0	25	C120H184N10O174S25	5347.887469
HS_HexA10_HexN9_Ac0_S26_pNP	10	9	19	0	26	C120H184N10O177S26	5427.844284
HS_HexA10_HexN9_Ac0_S27_pNP	10	9	19	0	27	C120H184N10O180S27	5507.801099
HS_HexA10_HexN9_Ac1_S0_pNP	10	9	19	1	0	C122H186N10O100	3390.977658
HS_HexA10_HexN9_Ac1_S1_pNP	10	9	19	1	1	C122H186N10O103S	3470.934473
HS_HexA10_HexN9_Ac1_S2_pNP	10	9	19	1	2	C122H186N10O106S2	3550.891288
HS_HexA10_HexN9_Ac1_S3_pNP	10	9	19	1	3	C122H186N10O109S3	3630.848103
HS_HexA10_HexN9_Ac1_S4_pNP	10	9	19	1	4	C122H186N10O112S4	3710.804918
HS_HexA10_HexN9_Ac1_S5_pNP	10	9	19	1	5	C122H186N10O115S5	3790.761733
HS_HexA10_HexN9_Ac1_S6_pNP	10	9	19	1	6	C122H186N10O118S6	3870.718548
HS_HexA10_HexN9_Ac1_S7_pNP	10	9	19	1	7	C122H186N10O121S7	3950.675363
HS_HexA10_HexN9_Ac1_S8_pNP	10	9	19	1	8	C122H186N10O124S8	4030.632178
HS_HexA10_HexN9_Ac1_S9_pNP	10	9	19	1	9	C122H186N10O127S9	4110.588993
HS_HexA10_HexN9_Ac1_S10_pNP	10	9	19	1	10	C122H186N10O130S10	4190.545808
HS_HexA10_HexN9_Ac1_S11_pNP	10	9	19	1	11	C122H186N10O133S11	4270.502623
HS_HexA10_HexN9_Ac1_S12_pNP	10	9	19	1	12	C122H186N10O136S12	4350.459438
HS_HexA10_HexN9_Ac1_S13_pNP	10	9	19	1	13	C122H186N10O139S13	4430.416253
HS_HexA10_HexN9_Ac1_S14_pNP	10	9	19	1	14	C122H186N10O142S14	4510.373068
HS_HexA10_HexN9_Ac1_S15_pNP	10	9	19	1	15	C122H186N10O145S15	4590.329883
HS_HexA10_HexN9_Ac1_S16_pNP	10	9	19	1	16	C122H186N10O148S16	4670.286699
HS_HexA10_HexN9_Ac1_S17_pNP	10	9	19	1	17	C122H186N10O151S17	4750.243514
HS_HexA10_HexN9_Ac1_S18_pNP	10	9	19	1	18	C122H186N10O154S18	4830.200329
HS_HexA10_HexN9_Ac1_S19_pNP	10	9	19	1	19	C122H186N10O157S19	4910.157144
HS_HexA10_HexN9_Ac1_S20_pNP	10	9	19	1	20	C122H186N10O160S20	4990.113959
HS_HexA10_HexN9_Ac1_S21_pNP	10	9	19	1	21	C122H186N10O163S21	5070.070774
HS_HexA10_HexN9_Ac1_S22_pNP	10	9	19	1	22	C122H186N10O166S22	5150.027589
HS_HexA10_HexN9_Ac1_S23_pNP	10	9	19	1	23	C122H186N10O169S23	5229.984404
HS_HexA10_HexN9_Ac1_S24_pNP	10	9	19	1	24	C122H186N10O172S24	5309.941219
HS_HexA10_HexN9_Ac1_S25_pNP	10	9	19	1	25	C122H186N10O175S25	5389.898034
HS_HexA10_HexN9_Ac1_S26_pNP	10	9	19	1	26	C122H186N10O178S26	5469.854849
HS_HexA10_HexN9_Ac1_S27_pNP	10	9	19	1	27	C122H186N10O181S27	5549.811664
HS_HexA10_HexN9_Ac2_S0_pNP	10	9	19	2	0	C124H188N10O101	3432.988223
HS_HexA10_HexN9_Ac2_S1_pNP	10	9	19	2	1	C124H188N10O104S	3512.945038
HS_HexA10_HexN9_Ac2_S2_pNP	10	9	19	2	2	C124H188N10O107S2	3592.901853
HS_HexA10_HexN9_Ac2_S3_pNP	10	9	19	2	3	C124H188N10O110S3	3672.858668
HS_HexA10_HexN9_Ac2_S4_pNP	10	9	19	2	4	C124H188N10O113S4	3752.815483
HS_HexA10_HexN9_Ac2_S5_pNP	10	9	19	2	5	C124H188N10O116S5	3832.772298
HS_HexA10_HexN9_Ac2_S6_pNP	10	9	19	2	6	C124H188N10O119S6	3912.729113
HS_HexA10_HexN9_Ac2_S7_pNP	10	9	19	2	7	C124H188N10O122S7	3992.685928
HS_HexA10_HexN9_Ac2_S8_pNP	10	9	19	2	8	C124H188N10O125S8	4072.642743
HS_HexA10_HexN9_Ac2_S9_pNP	10	9	19	2	9	C124H188N10O128S9	4152.599558
HS_HexA10_HexN9_Ac2_S10_pNP	10	9	19	2	10	C124H188N10O131S10	4232.556373
HS_HexA10_HexN9_Ac2_S11_pNP	10	9	19	2	11	C124H188N10O134S11	4312.513188
HS_HexA10_HexN9_Ac2_S12_pNP	10	9	19	2	12	C124H188N10O137S12	4392.470003
HS_HexA10_HexN9_Ac2_S13_pNP	10	9	19	2	13	C124H188N10O140S13	4472.426818
HS_HexA10_HexN9_Ac2_S14_pNP	10	9	19	2	14	C124H188N10O143S14	4552.383633
HS_HexA10_HexN9_Ac2_S15_pNP	10	9	19	2	15	C124H188N10O146S15	4632.340448
HS_HexA10_HexN9_Ac2_S16_pNP	10	9	19	2	16	C124H188N10O149S16	4712.297263
HS_HexA10_HexN9_Ac2_S17_pNP	10	9	19	2	17	C124H188N10O152S17	4792.254078
HS_HexA10_HexN9_Ac2_S18_pNP	10	9	19	2	18	C124H188N10O155S18	4872.210893
HS_HexA10_HexN9_Ac2_S19_pNP	10	9	19	2	19	C124H188N10O158S19	4952.167708
HS_HexA10_HexN9_Ac2_S20_pNP	10	9	19	2	20	C124H188N10O161S20	5032.124523
HS_HexA10_HexN9_Ac2_S21_pNP	10	9	19	2	21	C124H188N10O164S21	5112.081338
HS_HexA10_HexN9_Ac2_S22_pNP	10	9	19	2	22	C124H188N10O167S22	5192.038153
HS_HexA10_HexN9_Ac2_S23_pNP	10	9	19	2	23	C124H188N10O170S23	5271.994968
HS_HexA10_HexN9_Ac2_S24_pNP	10	9	19	2	24	C124H188N10O173S24	5351.951783
HS_HexA10_HexN9_Ac2_S25_pNP	10	9	19	2	25	C124H188N10O176S25	5431.908599
HS_HexA10_HexN9_Ac2_S26_pNP	10	9	19	2	26	C124H188N10O179S26	5511.865414
HS_HexA10_HexN9_Ac2_S27_pNP	10	9	19	2	27	C124H188N10O182S27	5591.822229
HS_HexA10_HexN9_Ac3_S0_pNP	10	9	19	3	0	C126H190N10O102	3474.998787
HS_HexA10_HexN9_Ac3_S1_pNP	10	9	19	3	1	C126H190N10O105S	3554.955602
HS_HexA10_HexN9_Ac3_S2_pNP	10	9	19	3	2	C126H190N10O108S2	3634.912417
HS_HexA10_HexN9_Ac3_S3_pNP	10	9	19	3	3	C126H190N10O111S3	3714.869232
HS_HexA10_HexN9_Ac3_S4_pNP	10	9	19	3	4	C126H190N10O114S4	3794.826047
HS_HexA10_HexN9_Ac3_S5_pNP	10	9	19	3	5	C126H190N10O117S5	3874.782863
HS_HexA10_HexN9_Ac3_S6_pNP	10	9	19	3	6	C126H190N10O120S6	3954.739678
HS_HexA10_HexN9_Ac3_S7_pNP	10	9	19	3	7	C126H190N10O123S7	4034.696493
HS_HexA10_HexN9_Ac3_S8_pNP	10	9	19	3	8	C126H190N10O126S8	4114.653308
HS_HexA10_HexN9_Ac3_S9_pNP	10	9	19	3	9	C126H190N10O129S9	4194.610123
HS_HexA10_HexN9_Ac3_S10_pNP	10	9	19	3	10	C126H190N10O132S10	4274.566938
HS_HexA10_HexN9_Ac3_S11_pNP	10	9	19	3	11	C126H190N10O135S11	4354.523753
HS_HexA10_HexN9_Ac3_S12_pNP	10	9	19	3	12	C126H190N10O138S12	4434.480568
HS_HexA10_HexN9_Ac3_S13_pNP	10	9	19	3	13	C126H190N10O141S13	4514.437383
HS_HexA10_HexN9_Ac3_S14_pNP	10	9	19	3	14	C126H190N10O144S14	4594.394198
HS_HexA10_HexN9_Ac3_S15_pNP	10	9	19	3	15	C126H190N10O147S15	4674.351013
HS_HexA10_HexN9_Ac3_S16_pNP	10	9	19	3	16	C126H190N10O150S16	4754.307828
HS_HexA10_HexN9_Ac3_S17_pNP	10	9	19	3	17	C126H190N10O153S17	4834.264643
HS_HexA10_HexN9_Ac3_S18_pNP	10	9	19	3	18	C126H190N10O156S18	4914.221458
HS_HexA10_HexN9_Ac3_S19_pNP	10	9	19	3	19	C126H190N10O159S19	4994.178273
HS_HexA10_HexN9_Ac3_S20_pNP	10	9	19	3	20	C126H190N10O162S20	5074.135088
HS_HexA10_HexN9_Ac3_S21_pNP	10	9	19	3	21	C126H190N10O165S21	5154.091903
HS_HexA10_HexN9_Ac3_S22_pNP	10	9	19	3	22	C126H190N10O168S22	5234.048718
HS_HexA10_HexN9_Ac3_S23_pNP	10	9	19	3	23	C126H190N10O171S23	5314.005533
HS_HexA10_HexN9_Ac3_S24_pNP	10	9	19	3	24	C126H190N10O174S24	5393.962348
HS_HexA10_HexN9_Ac3_S25_pNP	10	9	19	3	25	C126H190N10O177S25	5473.919163
HS_HexA10_HexN9_Ac3_S26_pNP	10	9	19	3	26	C126H190N10O180S26	5553.875978
HS_HexA10_HexN9_Ac3_S27_pNP	10	9	19	3	27	C126H190N10O183S27	5633.832793
HS_HexA10_HexN9_Ac4_S0_pNP	10	9	19	4	0	C128H192N10O103	3517.009352
HS_HexA10_HexN9_Ac4_S1_pNP	10	9	19	4	1	C128H192N10O106S	3596.966167
HS_HexA10_HexN9_Ac4_S2_pNP	10	9	19	4	2	C128H192N10O109S2	3676.922982
HS_HexA10_HexN9_Ac4_S3_pNP	10	9	19	4	3	C128H192N10O112S3	3756.879797
HS_HexA10_HexN9_Ac4_S4_pNP	10	9	19	4	4	C128H192N10O115S4	3836.836612
HS_HexA10_HexN9_Ac4_S5_pNP	10	9	19	4	5	C128H192N10O118S5	3916.793427
HS_HexA10_HexN9_Ac4_S6_pNP	10	9	19	4	6	C128H192N10O121S6	3996.750242
HS_HexA10_HexN9_Ac4_S7_pNP	10	9	19	4	7	C128H192N10O124S7	4076.707057
HS_HexA10_HexN9_Ac4_S8_pNP	10	9	19	4	8	C128H192N10O127S8	4156.663872
HS_HexA10_HexN9_Ac4_S9_pNP	10	9	19	4	9	C128H192N10O130S9	4236.620687
HS_HexA10_HexN9_Ac4_S10_pNP	10	9	19	4	10	C128H192N10O133S10	4316.577502
HS_HexA10_HexN9_Ac4_S11_pNP	10	9	19	4	11	C128H192N10O136S11	4396.534317
HS_HexA10_HexN9_Ac4_S12_pNP	10	9	19	4	12	C128H192N10O139S12	4476.491132
HS_HexA10_HexN9_Ac4_S13_pNP	10	9	19	4	13	C128H192N10O142S13	4556.447947
HS_HexA10_HexN9_Ac4_S14_pNP	10	9	19	4	14	C128H192N10O145S14	4636.404763
HS_HexA10_HexN9_Ac4_S15_pNP	10	9	19	4	15	C128H192N10O148S15	4716.361578
HS_HexA10_HexN9_Ac4_S16_pNP	10	9	19	4	16	C128H192N10O151S16	4796.318393
HS_HexA10_HexN9_Ac4_S17_pNP	10	9	19	4	17	C128H192N10O154S17	4876.275208
HS_HexA10_HexN9_Ac4_S18_pNP	10	9	19	4	18	C128H192N10O157S18	4956.232023
HS_HexA10_HexN9_Ac4_S19_pNP	10	9	19	4	19	C128H192N10O160S19	5036.188838
HS_HexA10_HexN9_Ac4_S20_pNP	10	9	19	4	20	C128H192N10O163S20	5116.145653
HS_HexA10_HexN9_Ac4_S21_pNP	10	9	19	4	21	C128H192N10O166S21	5196.102468
HS_HexA10_HexN9_Ac4_S22_pNP	10	9	19	4	22	C128H192N10O169S22	5276.059283
HS_HexA10_HexN9_Ac4_S23_pNP	10	9	19	4	23	C128H192N10O172S23	5356.016098
HS_HexA10_HexN9_Ac4_S24_pNP	10	9	19	4	24	C128H192N10O175S24	5435.972913
HS_HexA10_HexN9_Ac4_S25_pNP	10	9	19	4	25	C128H192N10O178S25	5515.929728
HS_HexA10_HexN9_Ac4_S26_pNP	10	9	19	4	26	C128H192N10O181S26	5595.886543
HS_HexA10_HexN9_Ac4_S27_pNP	10	9	19	4	27	C128H192N10O184S27	5675.843358
HS_HexA10_HexN9_Ac5_S0_pNP	10	9	19	5	0	C130H194N10O104	3559.019917
HS_HexA10_HexN9_Ac5_S1_pNP	10	9	19	5	1	C130H194N10O107S	3638.976732
HS_HexA10_HexN9_Ac5_S2_pNP	10	9	19	5	2	C130H194N10O110S2	3718.933547
HS_HexA10_HexN9_Ac5_S3_pNP	10	9	19	5	3	C130H194N10O113S3	3798.890362
HS_HexA10_HexN9_Ac5_S4_pNP	10	9	19	5	4	C130H194N10O116S4	3878.847177
HS_HexA10_HexN9_Ac5_S5_pNP	10	9	19	5	5	C130H194N10O119S5	3958.803992
HS_HexA10_HexN9_Ac5_S6_pNP	10	9	19	5	6	C130H194N10O122S6	4038.760807
HS_HexA10_HexN9_Ac5_S7_pNP	10	9	19	5	7	C130H194N10O125S7	4118.717622
HS_HexA10_HexN9_Ac5_S8_pNP	10	9	19	5	8	C130H194N10O128S8	4198.674437
HS_HexA10_HexN9_Ac5_S9_pNP	10	9	19	5	9	C130H194N10O131S9	4278.631252
HS_HexA10_HexN9_Ac5_S10_pNP	10	9	19	5	10	C130H194N10O134S10	4358.588067
HS_HexA10_HexN9_Ac5_S11_pNP	10	9	19	5	11	C130H194N10O137S11	4438.544882
HS_HexA10_HexN9_Ac5_S12_pNP	10	9	19	5	12	C130H194N10O140S12	4518.501697
HS_HexA10_HexN9_Ac5_S13_pNP	10	9	19	5	13	C130H194N10O143S13	4598.458512
HS_HexA10_HexN9_Ac5_S14_pNP	10	9	19	5	14	C130H194N10O146S14	4678.415327
HS_HexA10_HexN9_Ac5_S15_pNP	10	9	19	5	15	C130H194N10O149S15	4758.372142
HS_HexA10_HexN9_Ac5_S16_pNP	10	9	19	5	16	C130H194N10O152S16	4838.328957
HS_HexA10_HexN9_Ac5_S17_pNP	10	9	19	5	17	C130H194N10O155S17	4918.285772
HS_HexA10_HexN9_Ac5_S18_pNP	10	9	19	5	18	C130H194N10O158S18	4998.242587
HS_HexA10_HexN9_Ac5_S19_pNP	10	9	19	5	19	C130H194N10O161S19	5078.199402
HS_HexA10_HexN9_Ac5_S20_pNP	10	9	19	5	20	C130H194N10O164S20	5158.156217
HS_HexA10_HexN9_Ac5_S21_pNP	10	9	19	5	21	C130H194N10O167S21	5238.113032
HS_HexA10_HexN9_Ac5_S22_pNP	10	9	19	5	22	C130H194N10O170S22	5318.069847
HS_HexA10_HexN9_Ac5_S23_pNP	10	9	19	5	23	C130H194N10O173S23	5398.026662
HS_HexA10_HexN9_Ac5_S24_pNP	10	9	19	5	24	C130H194N10O176S24	5477.983478
HS_HexA10_HexN9_Ac5_S25_pNP	10	9	19	5	25	C130H194N10O179S25	5557.940293
HS_HexA10_HexN9_Ac5_S26_pNP	10	9	19	5	26	C130H194N10O182S26	5637.897108
HS_HexA10_HexN9_Ac5_S27_pNP	10	9	19	5	27	C130H194N10O185S27	5717.853923
HS_HexA10_HexN9_Ac6_S0_pNP	10	9	19	6	0	C132H196N10O105	3601.030481
HS_HexA10_HexN9_Ac6_S1_pNP	10	9	19	6	1	C132H196N10O108S	3680.987296
HS_HexA10_HexN9_Ac6_S2_pNP	10	9	19	6	2	C132H196N10O111S2	3760.944111
HS_HexA10_HexN9_Ac6_S3_pNP	10	9	19	6	3	C132H196N10O114S3	3840.900927
HS_HexA10_HexN9_Ac6_S4_pNP	10	9	19	6	4	C132H196N10O117S4	3920.857742
HS_HexA10_HexN9_Ac6_S5_pNP	10	9	19	6	5	C132H196N10O120S5	4000.814557
HS_HexA10_HexN9_Ac6_S6_pNP	10	9	19	6	6	C132H196N10O123S6	4080.771372
HS_HexA10_HexN9_Ac6_S7_pNP	10	9	19	6	7	C132H196N10O126S7	4160.728187
HS_HexA10_HexN9_Ac6_S8_pNP	10	9	19	6	8	C132H196N10O129S8	4240.685002
HS_HexA10_HexN9_Ac6_S9_pNP	10	9	19	6	9	C132H196N10O132S9	4320.641817
HS_HexA10_HexN9_Ac6_S10_pNP	10	9	19	6	10	C132H196N10O135S10	4400.598632
HS_HexA10_HexN9_Ac6_S11_pNP	10	9	19	6	11	C132H196N10O138S11	4480.555447
HS_HexA10_HexN9_Ac6_S12_pNP	10	9	19	6	12	C132H196N10O141S12	4560.512262
HS_HexA10_HexN9_Ac6_S13_pNP	10	9	19	6	13	C132H196N10O144S13	4640.469077
HS_HexA10_HexN9_Ac6_S14_pNP	10	9	19	6	14	C132H196N10O147S14	4720.425892
HS_HexA10_HexN9_Ac6_S15_pNP	10	9	19	6	15	C132H196N10O150S15	4800.382707
HS_HexA10_HexN9_Ac6_S16_pNP	10	9	19	6	16	C132H196N10O153S16	4880.339522
HS_HexA10_HexN9_Ac6_S17_pNP	10	9	19	6	17	C132H196N10O156S17	4960.296337
HS_HexA10_HexN9_Ac6_S18_pNP	10	9	19	6	18	C132H196N10O159S18	5040.253152
HS_HexA10_HexN9_Ac6_S19_pNP	10	9	19	6	19	C132H196N10O162S19	5120.209967
HS_HexA10_HexN9_Ac6_S20_pNP	10	9	19	6	20	C132H196N10O165S20	5200.166782
HS_HexA10_HexN9_Ac6_S21_pNP	10	9	19	6	21	C132H196N10O168S21	5280.123597
HS_HexA10_HexN9_Ac6_S22_pNP	10	9	19	6	22	C132H196N10O171S22	5360.080412
HS_HexA10_HexN9_Ac6_S23_pNP	10	9	19	6	23	C132H196N10O174S23	5440.037227
HS_HexA10_HexN9_Ac6_S24_pNP	10	9	19	6	24	C132H196N10O177S24	5519.994042
HS_HexA10_HexN9_Ac6_S25_pNP	10	9	19	6	25	C132H196N10O180S25	5599.950857
HS_HexA10_HexN9_Ac6_S26_pNP	10	9	19	6	26	C132H196N10O183S26	5679.907672
HS_HexA10_HexN9_Ac6_S27_pNP	10	9	19	6	27	C132H196N10O186S27	5759.864487
HS_HexA10_HexN9_Ac7_S0_pNP	10	9	19	7	0	C134H198N10O106	3643.041046
HS_HexA10_HexN9_Ac7_S1_pNP	10	9	19	7	1	C134H198N10O109S	3722.997861
HS_HexA10_HexN9_Ac7_S2_pNP	10	9	19	7	2	C134H198N10O112S2	3802.954676
HS_HexA10_HexN9_Ac7_S3_pNP	10	9	19	7	3	C134H198N10O115S3	3882.911491
HS_HexA10_HexN9_Ac7_S4_pNP	10	9	19	7	4	C134H198N10O118S4	3962.868306
HS_HexA10_HexN9_Ac7_S5_pNP	10	9	19	7	5	C134H198N10O121S5	4042.825121
HS_HexA10_HexN9_Ac7_S6_pNP	10	9	19	7	6	C134H198N10O124S6	4122.781936
HS_HexA10_HexN9_Ac7_S7_pNP	10	9	19	7	7	C134H198N10O127S7	4202.738751
HS_HexA10_HexN9_Ac7_S8_pNP	10	9	19	7	8	C134H198N10O130S8	4282.695566
HS_HexA10_HexN9_Ac7_S9_pNP	10	9	19	7	9	C134H198N10O133S9	4362.652381
HS_HexA10_HexN9_Ac7_S10_pNP	10	9	19	7	10	C134H198N10O136S10	4442.609196
HS_HexA10_HexN9_Ac7_S11_pNP	10	9	19	7	11	C134H198N10O139S11	4522.566011
HS_HexA10_HexN9_Ac7_S12_pNP	10	9	19	7	12	C134H198N10O142S12	4602.522826
HS_HexA10_HexN9_Ac7_S13_pNP	10	9	19	7	13	C134H198N10O145S13	4682.479642
HS_HexA10_HexN9_Ac7_S14_pNP	10	9	19	7	14	C134H198N10O148S14	4762.436457
HS_HexA10_HexN9_Ac7_S15_pNP	10	9	19	7	15	C134H198N10O151S15	4842.393272
HS_HexA10_HexN9_Ac7_S16_pNP	10	9	19	7	16	C134H198N10O154S16	4922.350087
HS_HexA10_HexN9_Ac7_S17_pNP	10	9	19	7	17	C134H198N10O157S17	5002.306902
HS_HexA10_HexN9_Ac7_S18_pNP	10	9	19	7	18	C134H198N10O160S18	5082.263717
HS_HexA10_HexN9_Ac7_S19_pNP	10	9	19	7	19	C134H198N10O163S19	5162.220532
HS_HexA10_HexN9_Ac7_S20_pNP	10	9	19	7	20	C134H198N10O166S20	5242.177347
HS_HexA10_HexN9_Ac7_S21_pNP	10	9	19	7	21	C134H198N10O169S21	5322.134162
HS_HexA10_HexN9_Ac7_S22_pNP	10	9	19	7	22	C134H198N10O172S22	5402.090977
HS_HexA10_HexN9_Ac7_S23_pNP	10	9	19	7	23	C134H198N10O175S23	5482.047792
HS_HexA10_HexN9_Ac7_S24_pNP	10	9	19	7	24	C134H198N10O178S24	5562.004607
HS_HexA10_HexN9_Ac7_S25_pNP	10	9	19	7	25	C134H198N10O181S25	5641.961422
HS_HexA10_HexN9_Ac7_S26_pNP	10	9	19	7	26	C134H198N10O184S26	5721.918237
HS_HexA10_HexN9_Ac7_S27_pNP	10	9	19	7	27	C134H198N10O187S27	5801.875052
HS_HexA10_HexN9_Ac8_S0_pNP	10	9	19	8	0	C136H200N10O107	3685.051611
HS_HexA10_HexN9_Ac8_S1_pNP	10	9	19	8	1	C136H200N10O110S	3765.008426
HS_HexA10_HexN9_Ac8_S2_pNP	10	9	19	8	2	C136H200N10O113S2	3844.965241
HS_HexA10_HexN9_Ac8_S3_pNP	10	9	19	8	3	C136H200N10O116S3	3924.922056
HS_HexA10_HexN9_Ac8_S4_pNP	10	9	19	8	4	C136H200N10O119S4	4004.878871
HS_HexA10_HexN9_Ac8_S5_pNP	10	9	19	8	5	C136H200N10O122S5	4084.835686
HS_HexA10_HexN9_Ac8_S6_pNP	10	9	19	8	6	C136H200N10O125S6	4164.792501
HS_HexA10_HexN9_Ac8_S7_pNP	10	9	19	8	7	C136H200N10O128S7	4244.749316
HS_HexA10_HexN9_Ac8_S8_pNP	10	9	19	8	8	C136H200N10O131S8	4324.706131
HS_HexA10_HexN9_Ac8_S9_pNP	10	9	19	8	9	C136H200N10O134S9	4404.662946
HS_HexA10_HexN9_Ac8_S10_pNP	10	9	19	8	10	C136H200N10O137S10	4484.619761
HS_HexA10_HexN9_Ac8_S11_pNP	10	9	19	8	11	C136H200N10O140S11	4564.576576
HS_HexA10_HexN9_Ac8_S12_pNP	10	9	19	8	12	C136H200N10O143S12	4644.533391
HS_HexA10_HexN9_Ac8_S13_pNP	10	9	19	8	13	C136H200N10O146S13	4724.490206
HS_HexA10_HexN9_Ac8_S14_pNP	10	9	19	8	14	C136H200N10O149S14	4804.447021
HS_HexA10_HexN9_Ac8_S15_pNP	10	9	19	8	15	C136H200N10O152S15	4884.403836
HS_HexA10_HexN9_Ac8_S16_pNP	10	9	19	8	16	C136H200N10O155S16	4964.360651
HS_HexA10_HexN9_Ac8_S17_pNP	10	9	19	8	17	C136H200N10O158S17	5044.317466
HS_HexA10_HexN9_Ac8_S18_pNP	10	9	19	8	18	C136H200N10O161S18	5124.274281
HS_HexA10_HexN9_Ac8_S19_pNP	10	9	19	8	19	C136H200N10O164S19	5204.231096
HS_HexA10_HexN9_Ac8_S20_pNP	10	9	19	8	20	C136H200N10O167S20	5284.187911
HS_HexA10_HexN9_Ac8_S21_pNP	10	9	19	8	21	C136H200N10O170S21	5364.144726
HS_HexA10_HexN9_Ac8_S22_pNP	10	9	19	8	22	C136H200N10O173S22	5444.101542
HS_HexA10_HexN9_Ac8_S23_pNP	10	9	19	8	23	C136H200N10O176S23	5524.058357
HS_HexA10_HexN9_Ac8_S24_pNP	10	9	19	8	24	C136H200N10O179S24	5604.015172
HS_HexA10_HexN9_Ac8_S25_pNP	10	9	19	8	25	C136H200N10O182S25	5683.971987
HS_HexA10_HexN9_Ac8_S26_pNP	10	9	19	8	26	C136H200N10O185S26	5763.928802
HS_HexA10_HexN9_Ac8_S27_pNP	10	9	19	8	27	C136H200N10O188S27	5843.885617
HS_HexA10_HexN9_Ac9_S0_pNP	10	9	19	9	0	C138H202N10O108	3727.062175
HS_HexA10_HexN9_Ac9_S1_pNP	10	9	19	9	1	C138H202N10O111S	3807.018991
HS_HexA10_HexN9_Ac9_S2_pNP	10	9	19	9	2	C138H202N10O114S2	3886.975806
HS_HexA10_HexN9_Ac9_S3_pNP	10	9	19	9	3	C138H202N10O117S3	3966.932621
HS_HexA10_HexN9_Ac9_S4_pNP	10	9	19	9	4	C138H202N10O120S4	4046.889436
HS_HexA10_HexN9_Ac9_S5_pNP	10	9	19	9	5	C138H202N10O123S5	4126.846251
HS_HexA10_HexN9_Ac9_S6_pNP	10	9	19	9	6	C138H202N10O126S6	4206.803066
HS_HexA10_HexN9_Ac9_S7_pNP	10	9	19	9	7	C138H202N10O129S7	4286.759881
HS_HexA10_HexN9_Ac9_S8_pNP	10	9	19	9	8	C138H202N10O132S8	4366.716696
HS_HexA10_HexN9_Ac9_S9_pNP	10	9	19	9	9	C138H202N10O135S9	4446.673511
HS_HexA10_HexN9_Ac9_S10_pNP	10	9	19	9	10	C138H202N10O138S10	4526.630326
HS_HexA10_HexN9_Ac9_S11_pNP	10	9	19	9	11	C138H202N10O141S11	4606.587141
HS_HexA10_HexN9_Ac9_S12_pNP	10	9	19	9	12	C138H202N10O144S12	4686.543956
HS_HexA10_HexN9_Ac9_S13_pNP	10	9	19	9	13	C138H202N10O147S13	4766.500771
HS_HexA10_HexN9_Ac9_S14_pNP	10	9	19	9	14	C138H202N10O150S14	4846.457586
HS_HexA10_HexN9_Ac9_S15_pNP	10	9	19	9	15	C138H202N10O153S15	4926.414401
HS_HexA10_HexN9_Ac9_S16_pNP	10	9	19	9	16	C138H202N10O156S16	5006.371216
HS_HexA10_HexN9_Ac9_S17_pNP	10	9	19	9	17	C138H202N10O159S17	5086.328031
HS_HexA10_HexN9_Ac9_S18_pNP	10	9	19	9	18	C138H202N10O162S18	5166.284846
HS_HexA10_HexN9_Ac9_S19_pNP	10	9	19	9	19	C138H202N10O165S19	5246.241661
HS_HexA10_HexN9_Ac9_S20_pNP	10	9	19	9	20	C138H202N10O168S20	5326.198476
HS_HexA10_HexN9_Ac9_S21_pNP	10	9	19	9	21	C138H202N10O171S21	5406.155291
HS_HexA10_HexN9_Ac9_S22_pNP	10	9	19	9	22	C138H202N10O174S22	5486.112106
HS_HexA10_HexN9_Ac9_S23_pNP	10	9	19	9	23	C138H202N10O177S23	5566.068921
HS_HexA10_HexN9_Ac9_S24_pNP	10	9	19	9	24	C138H202N10O180S24	5646.025736
HS_HexA10_HexN9_Ac9_S25_pNP	10	9	19	9	25	C138H202N10O183S25	5725.982551
HS_HexA10_HexN9_Ac9_S26_pNP	10	9	19	9	26	C138H202N10O186S26	5805.939366
HS_HexA10_HexN9_Ac9_S27_pNP	10	9	19	9	27	C138H202N10O189S27	5885.896181
HS_HexA10_HexN10_Ac0_S0_pNP	10	10	20	0	0	C126H195N11O103	3510.035901
HS_HexA10_HexN10_Ac0_S1_pNP	10	10	20	0	1	C126H195N11O106S	3589.992716
HS_HexA10_HexN10_Ac0_S2_pNP	10	10	20	0	2	C126H195N11O109S2	3669.949531
HS_HexA10_HexN10_Ac0_S3_pNP	10	10	20	0	3	C126H195N11O112S3	3749.906346
HS_HexA10_HexN10_Ac0_S4_pNP	10	10	20	0	4	C126H195N11O115S4	3829.863161
HS_HexA10_HexN10_Ac0_S5_pNP	10	10	20	0	5	C126H195N11O118S5	3909.819976
HS_HexA10_HexN10_Ac0_S6_pNP	10	10	20	0	6	C126H195N11O121S6	3989.776791
HS_HexA10_HexN10_Ac0_S7_pNP	10	10	20	0	7	C126H195N11O124S7	4069.733606
HS_HexA10_HexN10_Ac0_S8_pNP	10	10	20	0	8	C126H195N11O127S8	4149.690421
HS_HexA10_HexN10_Ac0_S9_pNP	10	10	20	0	9	C126H195N11O130S9	4229.647236
HS_HexA10_HexN10_Ac0_S10_pNP	10	10	20	0	10	C126H195N11O133S10	4309.604051
HS_HexA10_HexN10_Ac0_S11_pNP	10	10	20	0	11	C126H195N11O136S11	4389.560867
HS_HexA10_HexN10_Ac0_S12_pNP	10	10	20	0	12	C126H195N11O139S12	4469.517682
HS_HexA10_HexN10_Ac0_S13_pNP	10	10	20	0	13	C126H195N11O142S13	4549.474497
HS_HexA10_HexN10_Ac0_S14_pNP	10	10	20	0	14	C126H195N11O145S14	4629.431312
HS_HexA10_HexN10_Ac0_S15_pNP	10	10	20	0	15	C126H195N11O148S15	4709.388127
HS_HexA10_HexN10_Ac0_S16_pNP	10	10	20	0	16	C126H195N11O151S16	4789.344942
HS_HexA10_HexN10_Ac0_S17_pNP	10	10	20	0	17	C126H195N11O154S17	4869.301757
HS_HexA10_HexN10_Ac0_S18_pNP	10	10	20	0	18	C126H195N11O157S18	4949.258572
HS_HexA10_HexN10_Ac0_S19_pNP	10	10	20	0	19	C126H195N11O160S19	5029.215387
HS_HexA10_HexN10_Ac0_S20_pNP	10	10	20	0	20	C126H195N11O163S20	5109.172202
HS_HexA10_HexN10_Ac0_S21_pNP	10	10	20	0	21	C126H195N11O166S21	5189.129017
HS_HexA10_HexN10_Ac0_S22_pNP	10	10	20	0	22	C126H195N11O169S22	5269.085832
HS_HexA10_HexN10_Ac0_S23_pNP	10	10	20	0	23	C126H195N11O172S23	5349.042647
HS_HexA10_HexN10_Ac0_S24_pNP	10	10	20	0	24	C126H195N11O175S24	5428.999462
HS_HexA10_HexN10_Ac0_S25_pNP	10	10	20	0	25	C126H195N11O178S25	5508.956277
HS_HexA10_HexN10_Ac0_S26_pNP	10	10	20	0	26	C126H195N11O181S26	5588.913092
HS_HexA10_HexN10_Ac0_S27_pNP	10	10	20	0	27	C126H195N11O184S27	5668.869907
HS_HexA10_HexN10_Ac0_S28_pNP	10	10	20	0	28	C126H195N11O187S28	5748.826722
HS_HexA10_HexN10_Ac0_S29_pNP	10	10	20	0	29	C126H195N11O190S29	5828.783537
HS_HexA10_HexN10_Ac0_S30_pNP	10	10	20	0	30	C126H195N11O193S30	5908.740352
HS_HexA10_HexN10_Ac1_S0_pNP	10	10	20	1	0	C128H197N11O104	3552.046466
HS_HexA10_HexN10_Ac1_S1_pNP	10	10	20	1	1	C128H197N11O107S	3632.003281
HS_HexA10_HexN10_Ac1_S2_pNP	10	10	20	1	2	C128H197N11O110S2	3711.960096
HS_HexA10_HexN10_Ac1_S3_pNP	10	10	20	1	3	C128H197N11O113S3	3791.916911
HS_HexA10_HexN10_Ac1_S4_pNP	10	10	20	1	4	C128H197N11O116S4	3871.873726
HS_HexA10_HexN10_Ac1_S5_pNP	10	10	20	1	5	C128H197N11O119S5	3951.830541
HS_HexA10_HexN10_Ac1_S6_pNP	10	10	20	1	6	C128H197N11O122S6	4031.787356
HS_HexA10_HexN10_Ac1_S7_pNP	10	10	20	1	7	C128H197N11O125S7	4111.744171
HS_HexA10_HexN10_Ac1_S8_pNP	10	10	20	1	8	C128H197N11O128S8	4191.700986
HS_HexA10_HexN10_Ac1_S9_pNP	10	10	20	1	9	C128H197N11O131S9	4271.657801
HS_HexA10_HexN10_Ac1_S10_pNP	10	10	20	1	10	C128H197N11O134S10	4351.614616
HS_HexA10_HexN10_Ac1_S11_pNP	10	10	20	1	11	C128H197N11O137S11	4431.571431
HS_HexA10_HexN10_Ac1_S12_pNP	10	10	20	1	12	C128H197N11O140S12	4511.528246
HS_HexA10_HexN10_Ac1_S13_pNP	10	10	20	1	13	C128H197N11O143S13	4591.485061
HS_HexA10_HexN10_Ac1_S14_pNP	10	10	20	1	14	C128H197N11O146S14	4671.441876
HS_HexA10_HexN10_Ac1_S15_pNP	10	10	20	1	15	C128H197N11O149S15	4751.398691
HS_HexA10_HexN10_Ac1_S16_pNP	10	10	20	1	16	C128H197N11O152S16	4831.355506
HS_HexA10_HexN10_Ac1_S17_pNP	10	10	20	1	17	C128H197N11O155S17	4911.312321
HS_HexA10_HexN10_Ac1_S18_pNP	10	10	20	1	18	C128H197N11O158S18	4991.269136
HS_HexA10_HexN10_Ac1_S19_pNP	10	10	20	1	19	C128H197N11O161S19	5071.225951
HS_HexA10_HexN10_Ac1_S20_pNP	10	10	20	1	20	C128H197N11O164S20	5151.182766
HS_HexA10_HexN10_Ac1_S21_pNP	10	10	20	1	21	C128H197N11O167S21	5231.139582
HS_HexA10_HexN10_Ac1_S22_pNP	10	10	20	1	22	C128H197N11O170S22	5311.096397
HS_HexA10_HexN10_Ac1_S23_pNP	10	10	20	1	23	C128H197N11O173S23	5391.053212
HS_HexA10_HexN10_Ac1_S24_pNP	10	10	20	1	24	C128H197N11O176S24	5471.010027
HS_HexA10_HexN10_Ac1_S25_pNP	10	10	20	1	25	C128H197N11O179S25	5550.966842
HS_HexA10_HexN10_Ac1_S26_pNP	10	10	20	1	26	C128H197N11O182S26	5630.923657
HS_HexA10_HexN10_Ac1_S27_pNP	10	10	20	1	27	C128H197N11O185S27	5710.880472
HS_HexA10_HexN10_Ac1_S28_pNP	10	10	20	1	28	C128H197N11O188S28	5790.837287
HS_HexA10_HexN10_Ac1_S29_pNP	10	10	20	1	29	C128H197N11O191S29	5870.794102
HS_HexA10_HexN10_Ac1_S30_pNP	10	10	20	1	30	C128H197N11O194S30	5950.750917
HS_HexA10_HexN10_Ac2_S0_pNP	10	10	20	2	0	C130H199N11O105	3594.057031
HS_HexA10_HexN10_Ac2_S1_pNP	10	10	20	2	1	C130H199N11O108S	3674.013846
HS_HexA10_HexN10_Ac2_S2_pNP	10	10	20	2	2	C130H199N11O111S2	3753.970661
HS_HexA10_HexN10_Ac2_S3_pNP	10	10	20	2	3	C130H199N11O114S3	3833.927476
HS_HexA10_HexN10_Ac2_S4_pNP	10	10	20	2	4	C130H199N11O117S4	3913.884291
HS_HexA10_HexN10_Ac2_S5_pNP	10	10	20	2	5	C130H199N11O120S5	3993.841106
HS_HexA10_HexN10_Ac2_S6_pNP	10	10	20	2	6	C130H199N11O123S6	4073.797921
HS_HexA10_HexN10_Ac2_S7_pNP	10	10	20	2	7	C130H199N11O126S7	4153.754736
HS_HexA10_HexN10_Ac2_S8_pNP	10	10	20	2	8	C130H199N11O129S8	4233.711551
HS_HexA10_HexN10_Ac2_S9_pNP	10	10	20	2	9	C130H199N11O132S9	4313.668366
HS_HexA10_HexN10_Ac2_S10_pNP	10	10	20	2	10	C130H199N11O135S10	4393.625181
HS_HexA10_HexN10_Ac2_S11_pNP	10	10	20	2	11	C130H199N11O138S11	4473.581996
HS_HexA10_HexN10_Ac2_S12_pNP	10	10	20	2	12	C130H199N11O141S12	4553.538811
HS_HexA10_HexN10_Ac2_S13_pNP	10	10	20	2	13	C130H199N11O144S13	4633.495626
HS_HexA10_HexN10_Ac2_S14_pNP	10	10	20	2	14	C130H199N11O147S14	4713.452441
HS_HexA10_HexN10_Ac2_S15_pNP	10	10	20	2	15	C130H199N11O150S15	4793.409256
HS_HexA10_HexN10_Ac2_S16_pNP	10	10	20	2	16	C130H199N11O153S16	4873.366071
HS_HexA10_HexN10_Ac2_S17_pNP	10	10	20	2	17	C130H199N11O156S17	4953.322886
HS_HexA10_HexN10_Ac2_S18_pNP	10	10	20	2	18	C130H199N11O159S18	5033.279701
HS_HexA10_HexN10_Ac2_S19_pNP	10	10	20	2	19	C130H199N11O162S19	5113.236516
HS_HexA10_HexN10_Ac2_S20_pNP	10	10	20	2	20	C130H199N11O165S20	5193.193331
HS_HexA10_HexN10_Ac2_S21_pNP	10	10	20	2	21	C130H199N11O168S21	5273.150146
HS_HexA10_HexN10_Ac2_S22_pNP	10	10	20	2	22	C130H199N11O171S22	5353.106961
HS_HexA10_HexN10_Ac2_S23_pNP	10	10	20	2	23	C130H199N11O174S23	5433.063776
HS_HexA10_HexN10_Ac2_S24_pNP	10	10	20	2	24	C130H199N11O177S24	5513.020591
HS_HexA10_HexN10_Ac2_S25_pNP	10	10	20	2	25	C130H199N11O180S25	5592.977406
HS_HexA10_HexN10_Ac2_S26_pNP	10	10	20	2	26	C130H199N11O183S26	5672.934221
HS_HexA10_HexN10_Ac2_S27_pNP	10	10	20	2	27	C130H199N11O186S27	5752.891036
HS_HexA10_HexN10_Ac2_S28_pNP	10	10	20	2	28	C130H199N11O189S28	5832.847851
HS_HexA10_HexN10_Ac2_S29_pNP	10	10	20	2	29	C130H199N11O192S29	5912.804666
HS_HexA10_HexN10_Ac2_S30_pNP	10	10	20	2	30	C130H199N11O195S30	5992.761482
HS_HexA10_HexN10_Ac3_S0_pNP	10	10	20	3	0	C132H201N11O106	3636.067595
HS_HexA10_HexN10_Ac3_S1_pNP	10	10	20	3	1	C132H201N11O109S	3716.024410
HS_HexA10_HexN10_Ac3_S2_pNP	10	10	20	3	2	C132H201N11O112S2	3795.981225
HS_HexA10_HexN10_Ac3_S3_pNP	10	10	20	3	3	C132H201N11O115S3	3875.938040
HS_HexA10_HexN10_Ac3_S4_pNP	10	10	20	3	4	C132H201N11O118S4	3955.894855
HS_HexA10_HexN10_Ac3_S5_pNP	10	10	20	3	5	C132H201N11O121S5	4035.851670
HS_HexA10_HexN10_Ac3_S6_pNP	10	10	20	3	6	C132H201N11O124S6	4115.808485
HS_HexA10_HexN10_Ac3_S7_pNP	10	10	20	3	7	C132H201N11O127S7	4195.765300
HS_HexA10_HexN10_Ac3_S8_pNP	10	10	20	3	8	C132H201N11O130S8	4275.722115
HS_HexA10_HexN10_Ac3_S9_pNP	10	10	20	3	9	C132H201N11O133S9	4355.678930
HS_HexA10_HexN10_Ac3_S10_pNP	10	10	20	3	10	C132H201N11O136S10	4435.635746
HS_HexA10_HexN10_Ac3_S11_pNP	10	10	20	3	11	C132H201N11O139S11	4515.592561
HS_HexA10_HexN10_Ac3_S12_pNP	10	10	20	3	12	C132H201N11O142S12	4595.549376
HS_HexA10_HexN10_Ac3_S13_pNP	10	10	20	3	13	C132H201N11O145S13	4675.506191
HS_HexA10_HexN10_Ac3_S14_pNP	10	10	20	3	14	C132H201N11O148S14	4755.463006
HS_HexA10_HexN10_Ac3_S15_pNP	10	10	20	3	15	C132H201N11O151S15	4835.419821
HS_HexA10_HexN10_Ac3_S16_pNP	10	10	20	3	16	C132H201N11O154S16	4915.376636
HS_HexA10_HexN10_Ac3_S17_pNP	10	10	20	3	17	C132H201N11O157S17	4995.333451
HS_HexA10_HexN10_Ac3_S18_pNP	10	10	20	3	18	C132H201N11O160S18	5075.290266
HS_HexA10_HexN10_Ac3_S19_pNP	10	10	20	3	19	C132H201N11O163S19	5155.247081
HS_HexA10_HexN10_Ac3_S20_pNP	10	10	20	3	20	C132H201N11O166S20	5235.203896
HS_HexA10_HexN10_Ac3_S21_pNP	10	10	20	3	21	C132H201N11O169S21	5315.160711
HS_HexA10_HexN10_Ac3_S22_pNP	10	10	20	3	22	C132H201N11O172S22	5395.117526
HS_HexA10_HexN10_Ac3_S23_pNP	10	10	20	3	23	C132H201N11O175S23	5475.074341
HS_HexA10_HexN10_Ac3_S24_pNP	10	10	20	3	24	C132H201N11O178S24	5555.031156
HS_HexA10_HexN10_Ac3_S25_pNP	10	10	20	3	25	C132H201N11O181S25	5634.987971
HS_HexA10_HexN10_Ac3_S26_pNP	10	10	20	3	26	C132H201N11O184S26	5714.944786
HS_HexA10_HexN10_Ac3_S27_pNP	10	10	20	3	27	C132H201N11O187S27	5794.901601
HS_HexA10_HexN10_Ac3_S28_pNP	10	10	20	3	28	C132H201N11O190S28	5874.858416
HS_HexA10_HexN10_Ac3_S29_pNP	10	10	20	3	29	C132H201N11O193S29	5954.815231
HS_HexA10_HexN10_Ac3_S30_pNP	10	10	20	3	30	C132H201N11O196S30	6034.772046
HS_HexA10_HexN10_Ac4_S0_pNP	10	10	20	4	0	C134H203N11O107	3678.078160
HS_HexA10_HexN10_Ac4_S1_pNP	10	10	20	4	1	C134H203N11O110S	3758.034975
HS_HexA10_HexN10_Ac4_S2_pNP	10	10	20	4	2	C134H203N11O113S2	3837.991790
HS_HexA10_HexN10_Ac4_S3_pNP	10	10	20	4	3	C134H203N11O116S3	3917.948605
HS_HexA10_HexN10_Ac4_S4_pNP	10	10	20	4	4	C134H203N11O119S4	3997.905420
HS_HexA10_HexN10_Ac4_S5_pNP	10	10	20	4	5	C134H203N11O122S5	4077.862235
HS_HexA10_HexN10_Ac4_S6_pNP	10	10	20	4	6	C134H203N11O125S6	4157.819050
HS_HexA10_HexN10_Ac4_S7_pNP	10	10	20	4	7	C134H203N11O128S7	4237.775865
HS_HexA10_HexN10_Ac4_S8_pNP	10	10	20	4	8	C134H203N11O131S8	4317.732680
HS_HexA10_HexN10_Ac4_S9_pNP	10	10	20	4	9	C134H203N11O134S9	4397.689495
HS_HexA10_HexN10_Ac4_S10_pNP	10	10	20	4	10	C134H203N11O137S10	4477.646310
HS_HexA10_HexN10_Ac4_S11_pNP	10	10	20	4	11	C134H203N11O140S11	4557.603125
HS_HexA10_HexN10_Ac4_S12_pNP	10	10	20	4	12	C134H203N11O143S12	4637.559940
HS_HexA10_HexN10_Ac4_S13_pNP	10	10	20	4	13	C134H203N11O146S13	4717.516755
HS_HexA10_HexN10_Ac4_S14_pNP	10	10	20	4	14	C134H203N11O149S14	4797.473570
HS_HexA10_HexN10_Ac4_S15_pNP	10	10	20	4	15	C134H203N11O152S15	4877.430385
HS_HexA10_HexN10_Ac4_S16_pNP	10	10	20	4	16	C134H203N11O155S16	4957.387200
HS_HexA10_HexN10_Ac4_S17_pNP	10	10	20	4	17	C134H203N11O158S17	5037.344015
HS_HexA10_HexN10_Ac4_S18_pNP	10	10	20	4	18	C134H203N11O161S18	5117.300830
HS_HexA10_HexN10_Ac4_S19_pNP	10	10	20	4	19	C134H203N11O164S19	5197.257646
HS_HexA10_HexN10_Ac4_S20_pNP	10	10	20	4	20	C134H203N11O167S20	5277.214461
HS_HexA10_HexN10_Ac4_S21_pNP	10	10	20	4	21	C134H203N11O170S21	5357.171276
HS_HexA10_HexN10_Ac4_S22_pNP	10	10	20	4	22	C134H203N11O173S22	5437.128091
HS_HexA10_HexN10_Ac4_S23_pNP	10	10	20	4	23	C134H203N11O176S23	5517.084906
HS_HexA10_HexN10_Ac4_S24_pNP	10	10	20	4	24	C134H203N11O179S24	5597.041721
HS_HexA10_HexN10_Ac4_S25_pNP	10	10	20	4	25	C134H203N11O182S25	5676.998536
HS_HexA10_HexN10_Ac4_S26_pNP	10	10	20	4	26	C134H203N11O185S26	5756.955351
HS_HexA10_HexN10_Ac4_S27_pNP	10	10	20	4	27	C134H203N11O188S27	5836.912166
HS_HexA10_HexN10_Ac4_S28_pNP	10	10	20	4	28	C134H203N11O191S28	5916.868981
HS_HexA10_HexN10_Ac4_S29_pNP	10	10	20	4	29	C134H203N11O194S29	5996.825796
HS_HexA10_HexN10_Ac4_S30_pNP	10	10	20	4	30	C134H203N11O197S30	6076.782611
HS_HexA10_HexN10_Ac5_S0_pNP	10	10	20	5	0	C136H205N11O108	3720.088725
HS_HexA10_HexN10_Ac5_S1_pNP	10	10	20	5	1	C136H205N11O111S	3800.045540
HS_HexA10_HexN10_Ac5_S2_pNP	10	10	20	5	2	C136H205N11O114S2	3880.002355
HS_HexA10_HexN10_Ac5_S3_pNP	10	10	20	5	3	C136H205N11O117S3	3959.959170
HS_HexA10_HexN10_Ac5_S4_pNP	10	10	20	5	4	C136H205N11O120S4	4039.915985
HS_HexA10_HexN10_Ac5_S5_pNP	10	10	20	5	5	C136H205N11O123S5	4119.872800
HS_HexA10_HexN10_Ac5_S6_pNP	10	10	20	5	6	C136H205N11O126S6	4199.829615
HS_HexA10_HexN10_Ac5_S7_pNP	10	10	20	5	7	C136H205N11O129S7	4279.786430
HS_HexA10_HexN10_Ac5_S8_pNP	10	10	20	5	8	C136H205N11O132S8	4359.743245
HS_HexA10_HexN10_Ac5_S9_pNP	10	10	20	5	9	C136H205N11O135S9	4439.700060
HS_HexA10_HexN10_Ac5_S10_pNP	10	10	20	5	10	C136H205N11O138S10	4519.656875
HS_HexA10_HexN10_Ac5_S11_pNP	10	10	20	5	11	C136H205N11O141S11	4599.613690
HS_HexA10_HexN10_Ac5_S12_pNP	10	10	20	5	12	C136H205N11O144S12	4679.570505
HS_HexA10_HexN10_Ac5_S13_pNP	10	10	20	5	13	C136H205N11O147S13	4759.527320
HS_HexA10_HexN10_Ac5_S14_pNP	10	10	20	5	14	C136H205N11O150S14	4839.484135
HS_HexA10_HexN10_Ac5_S15_pNP	10	10	20	5	15	C136H205N11O153S15	4919.440950
HS_HexA10_HexN10_Ac5_S16_pNP	10	10	20	5	16	C136H205N11O156S16	4999.397765
HS_HexA10_HexN10_Ac5_S17_pNP	10	10	20	5	17	C136H205N11O159S17	5079.354580
HS_HexA10_HexN10_Ac5_S18_pNP	10	10	20	5	18	C136H205N11O162S18	5159.311395
HS_HexA10_HexN10_Ac5_S19_pNP	10	10	20	5	19	C136H205N11O165S19	5239.268210
HS_HexA10_HexN10_Ac5_S20_pNP	10	10	20	5	20	C136H205N11O168S20	5319.225025
HS_HexA10_HexN10_Ac5_S21_pNP	10	10	20	5	21	C136H205N11O171S21	5399.181840
HS_HexA10_HexN10_Ac5_S22_pNP	10	10	20	5	22	C136H205N11O174S22	5479.138655
HS_HexA10_HexN10_Ac5_S23_pNP	10	10	20	5	23	C136H205N11O177S23	5559.095470
HS_HexA10_HexN10_Ac5_S24_pNP	10	10	20	5	24	C136H205N11O180S24	5639.052285
HS_HexA10_HexN10_Ac5_S25_pNP	10	10	20	5	25	C136H205N11O183S25	5719.009100
HS_HexA10_HexN10_Ac5_S26_pNP	10	10	20	5	26	C136H205N11O186S26	5798.965915
HS_HexA10_HexN10_Ac5_S27_pNP	10	10	20	5	27	C136H205N11O189S27	5878.922730
HS_HexA10_HexN10_Ac5_S28_pNP	10	10	20	5	28	C136H205N11O192S28	5958.879545
HS_HexA10_HexN10_Ac5_S29_pNP	10	10	20	5	29	C136H205N11O195S29	6038.836361
HS_HexA10_HexN10_Ac5_S30_pNP	10	10	20	5	30	C136H205N11O198S30	6118.793176
HS_HexA10_HexN10_Ac6_S0_pNP	10	10	20	6	0	C138H207N11O109	3762.099289
HS_HexA10_HexN10_Ac6_S1_pNP	10	10	20	6	1	C138H207N11O112S	3842.056104
HS_HexA10_HexN10_Ac6_S2_pNP	10	10	20	6	2	C138H207N11O115S2	3922.012919
HS_HexA10_HexN10_Ac6_S3_pNP	10	10	20	6	3	C138H207N11O118S3	4001.969734
HS_HexA10_HexN10_Ac6_S4_pNP	10	10	20	6	4	C138H207N11O121S4	4081.926549
HS_HexA10_HexN10_Ac6_S5_pNP	10	10	20	6	5	C138H207N11O124S5	4161.883364
HS_HexA10_HexN10_Ac6_S6_pNP	10	10	20	6	6	C138H207N11O127S6	4241.840179
HS_HexA10_HexN10_Ac6_S7_pNP	10	10	20	6	7	C138H207N11O130S7	4321.796994
HS_HexA10_HexN10_Ac6_S8_pNP	10	10	20	6	8	C138H207N11O133S8	4401.753810
HS_HexA10_HexN10_Ac6_S9_pNP	10	10	20	6	9	C138H207N11O136S9	4481.710625
HS_HexA10_HexN10_Ac6_S10_pNP	10	10	20	6	10	C138H207N11O139S10	4561.667440
HS_HexA10_HexN10_Ac6_S11_pNP	10	10	20	6	11	C138H207N11O142S11	4641.624255
HS_HexA10_HexN10_Ac6_S12_pNP	10	10	20	6	12	C138H207N11O145S12	4721.581070
HS_HexA10_HexN10_Ac6_S13_pNP	10	10	20	6	13	C138H207N11O148S13	4801.537885
HS_HexA10_HexN10_Ac6_S14_pNP	10	10	20	6	14	C138H207N11O151S14	4881.494700
HS_HexA10_HexN10_Ac6_S15_pNP	10	10	20	6	15	C138H207N11O154S15	4961.451515
HS_HexA10_HexN10_Ac6_S16_pNP	10	10	20	6	16	C138H207N11O157S16	5041.408330
HS_HexA10_HexN10_Ac6_S17_pNP	10	10	20	6	17	C138H207N11O160S17	5121.365145
HS_HexA10_HexN10_Ac6_S18_pNP	10	10	20	6	18	C138H207N11O163S18	5201.321960
HS_HexA10_HexN10_Ac6_S19_pNP	10	10	20	6	19	C138H207N11O166S19	5281.278775
HS_HexA10_HexN10_Ac6_S20_pNP	10	10	20	6	20	C138H207N11O169S20	5361.235590
HS_HexA10_HexN10_Ac6_S21_pNP	10	10	20	6	21	C138H207N11O172S21	5441.192405
HS_HexA10_HexN10_Ac6_S22_pNP	10	10	20	6	22	C138H207N11O175S22	5521.149220
HS_HexA10_HexN10_Ac6_S23_pNP	10	10	20	6	23	C138H207N11O178S23	5601.106035
HS_HexA10_HexN10_Ac6_S24_pNP	10	10	20	6	24	C138H207N11O181S24	5681.062850
HS_HexA10_HexN10_Ac6_S25_pNP	10	10	20	6	25	C138H207N11O184S25	5761.019665
HS_HexA10_HexN10_Ac6_S26_pNP	10	10	20	6	26	C138H207N11O187S26	5840.976480
HS_HexA10_HexN10_Ac6_S27_pNP	10	10	20	6	27	C138H207N11O190S27	5920.933295
HS_HexA10_HexN10_Ac6_S28_pNP	10	10	20	6	28	C138H207N11O193S28	6000.890110
HS_HexA10_HexN10_Ac6_S29_pNP	10	10	20	6	29	C138H207N11O196S29	6080.846925
HS_HexA10_HexN10_Ac6_S30_pNP	10	10	20	6	30	C138H207N11O199S30	6160.803740
HS_HexA10_HexN10_Ac7_S0_pNP	10	10	20	7	0	C140H209N11O110	3804.109854
HS_HexA10_HexN10_Ac7_S1_pNP	10	10	20	7	1	C140H209N11O113S	3884.066669
HS_HexA10_HexN10_Ac7_S2_pNP	10	10	20	7	2	C140H209N11O116S2	3964.023484
HS_HexA10_HexN10_Ac7_S3_pNP	10	10	20	7	3	C140H209N11O119S3	4043.980299
HS_HexA10_HexN10_Ac7_S4_pNP	10	10	20	7	4	C140H209N11O122S4	4123.937114
HS_HexA10_HexN10_Ac7_S5_pNP	10	10	20	7	5	C140H209N11O125S5	4203.893929
HS_HexA10_HexN10_Ac7_S6_pNP	10	10	20	7	6	C140H209N11O128S6	4283.850744
HS_HexA10_HexN10_Ac7_S7_pNP	10	10	20	7	7	C140H209N11O131S7	4363.807559
HS_HexA10_HexN10_Ac7_S8_pNP	10	10	20	7	8	C140H209N11O134S8	4443.764374
HS_HexA10_HexN10_Ac7_S9_pNP	10	10	20	7	9	C140H209N11O137S9	4523.721189
HS_HexA10_HexN10_Ac7_S10_pNP	10	10	20	7	10	C140H209N11O140S10	4603.678004
HS_HexA10_HexN10_Ac7_S11_pNP	10	10	20	7	11	C140H209N11O143S11	4683.634819
HS_HexA10_HexN10_Ac7_S12_pNP	10	10	20	7	12	C140H209N11O146S12	4763.591634
HS_HexA10_HexN10_Ac7_S13_pNP	10	10	20	7	13	C140H209N11O149S13	4843.548449
HS_HexA10_HexN10_Ac7_S14_pNP	10	10	20	7	14	C140H209N11O152S14	4923.505264
HS_HexA10_HexN10_Ac7_S15_pNP	10	10	20	7	15	C140H209N11O155S15	5003.462079
HS_HexA10_HexN10_Ac7_S16_pNP	10	10	20	7	16	C140H209N11O158S16	5083.418894
HS_HexA10_HexN10_Ac7_S17_pNP	10	10	20	7	17	C140H209N11O161S17	5163.375710
HS_HexA10_HexN10_Ac7_S18_pNP	10	10	20	7	18	C140H209N11O164S18	5243.332525
HS_HexA10_HexN10_Ac7_S19_pNP	10	10	20	7	19	C140H209N11O167S19	5323.289340
HS_HexA10_HexN10_Ac7_S20_pNP	10	10	20	7	20	C140H209N11O170S20	5403.246155
HS_HexA10_HexN10_Ac7_S21_pNP	10	10	20	7	21	C140H209N11O173S21	5483.202970
HS_HexA10_HexN10_Ac7_S22_pNP	10	10	20	7	22	C140H209N11O176S22	5563.159785
HS_HexA10_HexN10_Ac7_S23_pNP	10	10	20	7	23	C140H209N11O179S23	5643.116600
HS_HexA10_HexN10_Ac7_S24_pNP	10	10	20	7	24	C140H209N11O182S24	5723.073415
HS_HexA10_HexN10_Ac7_S25_pNP	10	10	20	7	25	C140H209N11O185S25	5803.030230
HS_HexA10_HexN10_Ac7_S26_pNP	10	10	20	7	26	C140H209N11O188S26	5882.987045
HS_HexA10_HexN10_Ac7_S27_pNP	10	10	20	7	27	C140H209N11O191S27	5962.943860
HS_HexA10_HexN10_Ac7_S28_pNP	10	10	20	7	28	C140H209N11O194S28	6042.900675
HS_HexA10_HexN10_Ac7_S29_pNP	10	10	20	7	29	C140H209N11O197S29	6122.857490
HS_HexA10_HexN10_Ac7_S30_pNP	10	10	20	7	30	C140H209N11O200S30	6202.814305
HS_HexA10_HexN10_Ac8_S0_pNP	10	10	20	8	0	C142H211N11O111	3846.120419
HS_HexA10_HexN10_Ac8_S1_pNP	10	10	20	8	1	C142H211N11O114S	3926.077234
HS_HexA10_HexN10_Ac8_S2_pNP	10	10	20	8	2	C142H211N11O117S2	4006.034049
HS_HexA10_HexN10_Ac8_S3_pNP	10	10	20	8	3	C142H211N11O120S3	4085.990864
HS_HexA10_HexN10_Ac8_S4_pNP	10	10	20	8	4	C142H211N11O123S4	4165.947679
HS_HexA10_HexN10_Ac8_S5_pNP	10	10	20	8	5	C142H211N11O126S5	4245.904494
HS_HexA10_HexN10_Ac8_S6_pNP	10	10	20	8	6	C142H211N11O129S6	4325.861309
HS_HexA10_HexN10_Ac8_S7_pNP	10	10	20	8	7	C142H211N11O132S7	4405.818124
HS_HexA10_HexN10_Ac8_S8_pNP	10	10	20	8	8	C142H211N11O135S8	4485.774939
HS_HexA10_HexN10_Ac8_S9_pNP	10	10	20	8	9	C142H211N11O138S9	4565.731754
HS_HexA10_HexN10_Ac8_S10_pNP	10	10	20	8	10	C142H211N11O141S10	4645.688569
HS_HexA10_HexN10_Ac8_S11_pNP	10	10	20	8	11	C142H211N11O144S11	4725.645384
HS_HexA10_HexN10_Ac8_S12_pNP	10	10	20	8	12	C142H211N11O147S12	4805.602199
HS_HexA10_HexN10_Ac8_S13_pNP	10	10	20	8	13	C142H211N11O150S13	4885.559014
HS_HexA10_HexN10_Ac8_S14_pNP	10	10	20	8	14	C142H211N11O153S14	4965.515829
HS_HexA10_HexN10_Ac8_S15_pNP	10	10	20	8	15	C142H211N11O156S15	5045.472644
HS_HexA10_HexN10_Ac8_S16_pNP	10	10	20	8	16	C142H211N11O159S16	5125.429459
HS_HexA10_HexN10_Ac8_S17_pNP	10	10	20	8	17	C142H211N11O162S17	5205.386274
HS_HexA10_HexN10_Ac8_S18_pNP	10	10	20	8	18	C142H211N11O165S18	5285.343089
HS_HexA10_HexN10_Ac8_S19_pNP	10	10	20	8	19	C142H211N11O168S19	5365.299904
HS_HexA10_HexN10_Ac8_S20_pNP	10	10	20	8	20	C142H211N11O171S20	5445.256719
HS_HexA10_HexN10_Ac8_S21_pNP	10	10	20	8	21	C142H211N11O174S21	5525.213534
HS_HexA10_HexN10_Ac8_S22_pNP	10	10	20	8	22	C142H211N11O177S22	5605.170349
HS_HexA10_HexN10_Ac8_S23_pNP	10	10	20	8	23	C142H211N11O180S23	5685.127164
HS_HexA10_HexN10_Ac8_S24_pNP	10	10	20	8	24	C142H211N11O183S24	5765.083979
HS_HexA10_HexN10_Ac8_S25_pNP	10	10	20	8	25	C142H211N11O186S25	5845.040794
HS_HexA10_HexN10_Ac8_S26_pNP	10	10	20	8	26	C142H211N11O189S26	5924.997609
HS_HexA10_HexN10_Ac8_S27_pNP	10	10	20	8	27	C142H211N11O192S27	6004.954425
HS_HexA10_HexN10_Ac8_S28_pNP	10	10	20	8	28	C142H211N11O195S28	6084.911240
HS_HexA10_HexN10_Ac8_S29_pNP	10	10	20	8	29	C142H211N11O198S29	6164.868055
HS_HexA10_HexN10_Ac8_S30_pNP	10	10	20	8	30	C142H211N11O201S30	6244.824870
HS_HexA10_HexN10_Ac9_S0_pNP	10	10	20	9	0	C144H213N11O112	3888.130983
HS_HexA10_HexN10_Ac9_S1_pNP	10	10	20	9	1	C144H213N11O115S	3968.087798
HS_HexA10_HexN10_Ac9_S2_pNP	10	10	20	9	2	C144H213N11O118S2	4048.044613
HS_HexA10_HexN10_Ac9_S3_pNP	10	10	20	9	3	C144H213N11O121S3	4128.001428
HS_HexA10_HexN10_Ac9_S4_pNP	10	10	20	9	4	C144H213N11O124S4	4207.958243
HS_HexA10_HexN10_Ac9_S5_pNP	10	10	20	9	5	C144H213N11O127S5	4287.915058
HS_HexA10_HexN10_Ac9_S6_pNP	10	10	20	9	6	C144H213N11O130S6	4367.871874
HS_HexA10_HexN10_Ac9_S7_pNP	10	10	20	9	7	C144H213N11O133S7	4447.828689
HS_HexA10_HexN10_Ac9_S8_pNP	10	10	20	9	8	C144H213N11O136S8	4527.785504
HS_HexA10_HexN10_Ac9_S9_pNP	10	10	20	9	9	C144H213N11O139S9	4607.742319
HS_HexA10_HexN10_Ac9_S10_pNP	10	10	20	9	10	C144H213N11O142S10	4687.699134
HS_HexA10_HexN10_Ac9_S11_pNP	10	10	20	9	11	C144H213N11O145S11	4767.655949
HS_HexA10_HexN10_Ac9_S12_pNP	10	10	20	9	12	C144H213N11O148S12	4847.612764
HS_HexA10_HexN10_Ac9_S13_pNP	10	10	20	9	13	C144H213N11O151S13	4927.569579
HS_HexA10_HexN10_Ac9_S14_pNP	10	10	20	9	14	C144H213N11O154S14	5007.526394
HS_HexA10_HexN10_Ac9_S15_pNP	10	10	20	9	15	C144H213N11O157S15	5087.483209
HS_HexA10_HexN10_Ac9_S16_pNP	10	10	20	9	16	C144H213N11O160S16	5167.440024
HS_HexA10_HexN10_Ac9_S17_pNP	10	10	20	9	17	C144H213N11O163S17	5247.396839
HS_HexA10_HexN10_Ac9_S18_pNP	10	10	20	9	18	C144H213N11O166S18	5327.353654
HS_HexA10_HexN10_Ac9_S19_pNP	10	10	20	9	19	C144H213N11O169S19	5407.310469
HS_HexA10_HexN10_Ac9_S20_pNP	10	10	20	9	20	C144H213N11O172S20	5487.267284
HS_HexA10_HexN10_Ac9_S21_pNP	10	10	20	9	21	C144H213N11O175S21	5567.224099
HS_HexA10_HexN10_Ac9_S22_pNP	10	10	20	9	22	C144H213N11O178S22	5647.180914
HS_HexA10_HexN10_Ac9_S23_pNP	10	10	20	9	23	C144H213N11O181S23	5727.137729
HS_HexA10_HexN10_Ac9_S24_pNP	10	10	20	9	24	C144H213N11O184S24	5807.094544
HS_HexA10_HexN10_Ac9_S25_pNP	10	10	20	9	25	C144H213N11O187S25	5887.051359
HS_HexA10_HexN10_Ac9_S26_pNP	10	10	20	9	26	C144H213N11O190S26	5967.008174
HS_HexA10_HexN10_Ac9_S27_pNP	10	10	20	9	27	C144H213N11O193S27	6046.964989
HS_HexA10_HexN10_Ac9_S28_pNP	10	10	20	9	28	C144H213N11O196S28	6126.921804
HS_HexA10_HexN10_Ac9_S29_pNP	10	10	20	9	29	C144H213N11O199S29	6206.878619
HS_HexA10_HexN10_Ac9_S30_pNP	10	10	20	9	30	C144H213N11O202S30	6286.835434
HS_HexA10_HexN10_Ac10_S0_pNP	10	10	20	10	0	C146H215N11O113	3930.141548
HS_HexA10_HexN10_Ac10_S1_pNP	10	10	20	10	1	C146H215N11O116S	4010.098363
HS_HexA10_HexN10_Ac10_S2_pNP	10	10	20	10	2	C146H215N11O119S2	4090.055178
HS_HexA10_HexN10_Ac10_S3_pNP	10	10	20	10	3	C146H215N11O122S3	4170.011993
HS_HexA10_HexN10_Ac10_S4_pNP	10	10	20	10	4	C146H215N11O125S4	4249.968808
HS_HexA10_HexN10_Ac10_S5_pNP	10	10	20	10	5	C146H215N11O128S5	4329.925623
HS_HexA10_HexN10_Ac10_S6_pNP	10	10	20	10	6	C146H215N11O131S6	4409.882438
HS_HexA10_HexN10_Ac10_S7_pNP	10	10	20	10	7	C146H215N11O134S7	4489.839253
HS_HexA10_HexN10_Ac10_S8_pNP	10	10	20	10	8	C146H215N11O137S8	4569.796068
HS_HexA10_HexN10_Ac10_S9_pNP	10	10	20	10	9	C146H215N11O140S9	4649.752883
HS_HexA10_HexN10_Ac10_S10_pNP	10	10	20	10	10	C146H215N11O143S10	4729.709698
HS_HexA10_HexN10_Ac10_S11_pNP	10	10	20	10	11	C146H215N11O146S11	4809.666513
HS_HexA10_HexN10_Ac10_S12_pNP	10	10	20	10	12	C146H215N11O149S12	4889.623328
HS_HexA10_HexN10_Ac10_S13_pNP	10	10	20	10	13	C146H215N11O152S13	4969.580143
HS_HexA10_HexN10_Ac10_S14_pNP	10	10	20	10	14	C146H215N11O155S14	5049.536958
HS_HexA10_HexN10_Ac10_S15_pNP	10	10	20	10	15	C146H215N11O158S15	5129.493773
HS_HexA10_HexN10_Ac10_S16_pNP	10	10	20	10	16	C146H215N11O161S16	5209.450589
HS_HexA10_HexN10_Ac10_S17_pNP	10	10	20	10	17	C146H215N11O164S17	5289.407404
HS_HexA10_HexN10_Ac10_S18_pNP	10	10	20	10	18	C146H215N11O167S18	5369.364219
HS_HexA10_HexN10_Ac10_S19_pNP	10	10	20	10	19	C146H215N11O170S19	5449.321034
HS_HexA10_HexN10_Ac10_S20_pNP	10	10	20	10	20	C146H215N11O173S20	5529.277849
HS_HexA10_HexN10_Ac10_S21_pNP	10	10	20	10	21	C146H215N11O176S21	5609.234664
HS_HexA10_HexN10_Ac10_S22_pNP	10	10	20	10	22	C146H215N11O179S22	5689.191479
HS_HexA10_HexN10_Ac10_S23_pNP	10	10	20	10	23	C146H215N11O182S23	5769.148294
HS_HexA10_HexN10_Ac10_S24_pNP	10	10	20	10	24	C146H215N11O185S24	5849.105109
HS_HexA10_HexN10_Ac10_S25_pNP	10	10	20	10	25	C146H215N11O188S25	5929.061924
HS_HexA10_HexN10_Ac10_S26_pNP	10	10	20	10	26	C146H215N11O191S26	6009.018739
HS_HexA10_HexN10_Ac10_S27_pNP	10	10	20	10	27	C146H215N11O194S27	6088.975554
HS_HexA10_HexN10_Ac10_S28_pNP	10	10	20	10	28	C146H215N11O197S28	6168.932369
HS_HexA10_HexN10_Ac10_S29_pNP	10	10	20	10	29	C146H215N11O200S29	6248.889184
HS_HexA10_HexN10_Ac10_S30_pNP	10	10	20	10	30	C146H215N11O203S30	6328.845999
HS_HexA11_HexN10_Ac0_S0_pNP	11	10	21	0	0	C132H203N11O109	3686.067989
HS_HexA11_HexN10_Ac0_S1_pNP	11	10	21	0	1	C132H203N11O112S	3766.024804
HS_HexA11_HexN10_Ac0_S2_pNP	11	10	21	0	2	C132H203N11O115S2	3845.981619
HS_HexA11_HexN10_Ac0_S3_pNP	11	10	21	0	3	C132H203N11O118S3	3925.938434
HS_HexA11_HexN10_Ac0_S4_pNP	11	10	21	0	4	C132H203N11O121S4	4005.895249
HS_HexA11_HexN10_Ac0_S5_pNP	11	10	21	0	5	C132H203N11O124S5	4085.852064
HS_HexA11_HexN10_Ac0_S6_pNP	11	10	21	0	6	C132H203N11O127S6	4165.808879
HS_HexA11_HexN10_Ac0_S7_pNP	11	10	21	0	7	C132H203N11O130S7	4245.765694
HS_HexA11_HexN10_Ac0_S8_pNP	11	10	21	0	8	C132H203N11O133S8	4325.722509
HS_HexA11_HexN10_Ac0_S9_pNP	11	10	21	0	9	C132H203N11O136S9	4405.679324
HS_HexA11_HexN10_Ac0_S10_pNP	11	10	21	0	10	C132H203N11O139S10	4485.636139
HS_HexA11_HexN10_Ac0_S11_pNP	11	10	21	0	11	C132H203N11O142S11	4565.592954
HS_HexA11_HexN10_Ac0_S12_pNP	11	10	21	0	12	C132H203N11O145S12	4645.549770
HS_HexA11_HexN10_Ac0_S13_pNP	11	10	21	0	13	C132H203N11O148S13	4725.506585
HS_HexA11_HexN10_Ac0_S14_pNP	11	10	21	0	14	C132H203N11O151S14	4805.463400
HS_HexA11_HexN10_Ac0_S15_pNP	11	10	21	0	15	C132H203N11O154S15	4885.420215
HS_HexA11_HexN10_Ac0_S16_pNP	11	10	21	0	16	C132H203N11O157S16	4965.377030
HS_HexA11_HexN10_Ac0_S17_pNP	11	10	21	0	17	C132H203N11O160S17	5045.333845
HS_HexA11_HexN10_Ac0_S18_pNP	11	10	21	0	18	C132H203N11O163S18	5125.290660
HS_HexA11_HexN10_Ac0_S19_pNP	11	10	21	0	19	C132H203N11O166S19	5205.247475
HS_HexA11_HexN10_Ac0_S20_pNP	11	10	21	0	20	C132H203N11O169S20	5285.204290
HS_HexA11_HexN10_Ac0_S21_pNP	11	10	21	0	21	C132H203N11O172S21	5365.161105
HS_HexA11_HexN10_Ac0_S22_pNP	11	10	21	0	22	C132H203N11O175S22	5445.117920
HS_HexA11_HexN10_Ac0_S23_pNP	11	10	21	0	23	C132H203N11O178S23	5525.074735
HS_HexA11_HexN10_Ac0_S24_pNP	11	10	21	0	24	C132H203N11O181S24	5605.031550
HS_HexA11_HexN10_Ac0_S25_pNP	11	10	21	0	25	C132H203N11O184S25	5684.988365
HS_HexA11_HexN10_Ac0_S26_pNP	11	10	21	0	26	C132H203N11O187S26	5764.945180
HS_HexA11_HexN10_Ac0_S27_pNP	11	10	21	0	27	C132H203N11O190S27	5844.901995
HS_HexA11_HexN10_Ac0_S28_pNP	11	10	21	0	28	C132H203N11O193S28	5924.858810
HS_HexA11_HexN10_Ac0_S29_pNP	11	10	21	0	29	C132H203N11O196S29	6004.815625
HS_HexA11_HexN10_Ac0_S30_pNP	11	10	21	0	30	C132H203N11O199S30	6084.772440
HS_HexA11_HexN10_Ac1_S0_pNP	11	10	21	1	0	C134H205N11O110	3728.078554
HS_HexA11_HexN10_Ac1_S1_pNP	11	10	21	1	1	C134H205N11O113S	3808.035369
HS_HexA11_HexN10_Ac1_S2_pNP	11	10	21	1	2	C134H205N11O116S2	3887.992184
HS_HexA11_HexN10_Ac1_S3_pNP	11	10	21	1	3	C134H205N11O119S3	3967.948999
HS_HexA11_HexN10_Ac1_S4_pNP	11	10	21	1	4	C134H205N11O122S4	4047.905814
HS_HexA11_HexN10_Ac1_S5_pNP	11	10	21	1	5	C134H205N11O125S5	4127.862629
HS_HexA11_HexN10_Ac1_S6_pNP	11	10	21	1	6	C134H205N11O128S6	4207.819444
HS_HexA11_HexN10_Ac1_S7_pNP	11	10	21	1	7	C134H205N11O131S7	4287.776259
HS_HexA11_HexN10_Ac1_S8_pNP	11	10	21	1	8	C134H205N11O134S8	4367.733074
HS_HexA11_HexN10_Ac1_S9_pNP	11	10	21	1	9	C134H205N11O137S9	4447.689889
HS_HexA11_HexN10_Ac1_S10_pNP	11	10	21	1	10	C134H205N11O140S10	4527.646704
HS_HexA11_HexN10_Ac1_S11_pNP	11	10	21	1	11	C134H205N11O143S11	4607.603519
HS_HexA11_HexN10_Ac1_S12_pNP	11	10	21	1	12	C134H205N11O146S12	4687.560334
HS_HexA11_HexN10_Ac1_S13_pNP	11	10	21	1	13	C134H205N11O149S13	4767.517149
HS_HexA11_HexN10_Ac1_S14_pNP	11	10	21	1	14	C134H205N11O152S14	4847.473964
HS_HexA11_HexN10_Ac1_S15_pNP	11	10	21	1	15	C134H205N11O155S15	4927.430779
HS_HexA11_HexN10_Ac1_S16_pNP	11	10	21	1	16	C134H205N11O158S16	5007.387594
HS_HexA11_HexN10_Ac1_S17_pNP	11	10	21	1	17	C134H205N11O161S17	5087.344409
HS_HexA11_HexN10_Ac1_S18_pNP	11	10	21	1	18	C134H205N11O164S18	5167.301224
HS_HexA11_HexN10_Ac1_S19_pNP	11	10	21	1	19	C134H205N11O167S19	5247.258039
HS_HexA11_HexN10_Ac1_S20_pNP	11	10	21	1	20	C134H205N11O170S20	5327.214854
HS_HexA11_HexN10_Ac1_S21_pNP	11	10	21	1	21	C134H205N11O173S21	5407.171670
HS_HexA11_HexN10_Ac1_S22_pNP	11	10	21	1	22	C134H205N11O176S22	5487.128485
HS_HexA11_HexN10_Ac1_S23_pNP	11	10	21	1	23	C134H205N11O179S23	5567.085300
HS_HexA11_HexN10_Ac1_S24_pNP	11	10	21	1	24	C134H205N11O182S24	5647.042115
HS_HexA11_HexN10_Ac1_S25_pNP	11	10	21	1	25	C134H205N11O185S25	5726.998930
HS_HexA11_HexN10_Ac1_S26_pNP	11	10	21	1	26	C134H205N11O188S26	5806.955745
HS_HexA11_HexN10_Ac1_S27_pNP	11	10	21	1	27	C134H205N11O191S27	5886.912560
HS_HexA11_HexN10_Ac1_S28_pNP	11	10	21	1	28	C134H205N11O194S28	5966.869375
HS_HexA11_HexN10_Ac1_S29_pNP	11	10	21	1	29	C134H205N11O197S29	6046.826190
HS_HexA11_HexN10_Ac1_S30_pNP	11	10	21	1	30	C134H205N11O200S30	6126.783005
HS_HexA11_HexN10_Ac2_S0_pNP	11	10	21	2	0	C136H207N11O111	3770.089118
HS_HexA11_HexN10_Ac2_S1_pNP	11	10	21	2	1	C136H207N11O114S	3850.045934
HS_HexA11_HexN10_Ac2_S2_pNP	11	10	21	2	2	C136H207N11O117S2	3930.002749
HS_HexA11_HexN10_Ac2_S3_pNP	11	10	21	2	3	C136H207N11O120S3	4009.959564
HS_HexA11_HexN10_Ac2_S4_pNP	11	10	21	2	4	C136H207N11O123S4	4089.916379
HS_HexA11_HexN10_Ac2_S5_pNP	11	10	21	2	5	C136H207N11O126S5	4169.873194
HS_HexA11_HexN10_Ac2_S6_pNP	11	10	21	2	6	C136H207N11O129S6	4249.830009
HS_HexA11_HexN10_Ac2_S7_pNP	11	10	21	2	7	C136H207N11O132S7	4329.786824
HS_HexA11_HexN10_Ac2_S8_pNP	11	10	21	2	8	C136H207N11O135S8	4409.743639
HS_HexA11_HexN10_Ac2_S9_pNP	11	10	21	2	9	C136H207N11O138S9	4489.700454
HS_HexA11_HexN10_Ac2_S10_pNP	11	10	21	2	10	C136H207N11O141S10	4569.657269
HS_HexA11_HexN10_Ac2_S11_pNP	11	10	21	2	11	C136H207N11O144S11	4649.614084
HS_HexA11_HexN10_Ac2_S12_pNP	11	10	21	2	12	C136H207N11O147S12	4729.570899
HS_HexA11_HexN10_Ac2_S13_pNP	11	10	21	2	13	C136H207N11O150S13	4809.527714
HS_HexA11_HexN10_Ac2_S14_pNP	11	10	21	2	14	C136H207N11O153S14	4889.484529
HS_HexA11_HexN10_Ac2_S15_pNP	11	10	21	2	15	C136H207N11O156S15	4969.441344
HS_HexA11_HexN10_Ac2_S16_pNP	11	10	21	2	16	C136H207N11O159S16	5049.398159
HS_HexA11_HexN10_Ac2_S17_pNP	11	10	21	2	17	C136H207N11O162S17	5129.354974
HS_HexA11_HexN10_Ac2_S18_pNP	11	10	21	2	18	C136H207N11O165S18	5209.311789
HS_HexA11_HexN10_Ac2_S19_pNP	11	10	21	2	19	C136H207N11O168S19	5289.268604
HS_HexA11_HexN10_Ac2_S20_pNP	11	10	21	2	20	C136H207N11O171S20	5369.225419
HS_HexA11_HexN10_Ac2_S21_pNP	11	10	21	2	21	C136H207N11O174S21	5449.182234
HS_HexA11_HexN10_Ac2_S22_pNP	11	10	21	2	22	C136H207N11O177S22	5529.139049
HS_HexA11_HexN10_Ac2_S23_pNP	11	10	21	2	23	C136H207N11O180S23	5609.095864
HS_HexA11_HexN10_Ac2_S24_pNP	11	10	21	2	24	C136H207N11O183S24	5689.052679
HS_HexA11_HexN10_Ac2_S25_pNP	11	10	21	2	25	C136H207N11O186S25	5769.009494
HS_HexA11_HexN10_Ac2_S26_pNP	11	10	21	2	26	C136H207N11O189S26	5848.966309
HS_HexA11_HexN10_Ac2_S27_pNP	11	10	21	2	27	C136H207N11O192S27	5928.923124
HS_HexA11_HexN10_Ac2_S28_pNP	11	10	21	2	28	C136H207N11O195S28	6008.879939
HS_HexA11_HexN10_Ac2_S29_pNP	11	10	21	2	29	C136H207N11O198S29	6088.836754
HS_HexA11_HexN10_Ac2_S30_pNP	11	10	21	2	30	C136H207N11O201S30	6168.793569
HS_HexA11_HexN10_Ac3_S0_pNP	11	10	21	3	0	C138H209N11O112	3812.099683
HS_HexA11_HexN10_Ac3_S1_pNP	11	10	21	3	1	C138H209N11O115S	3892.056498
HS_HexA11_HexN10_Ac3_S2_pNP	11	10	21	3	2	C138H209N11O118S2	3972.013313
HS_HexA11_HexN10_Ac3_S3_pNP	11	10	21	3	3	C138H209N11O121S3	4051.970128
HS_HexA11_HexN10_Ac3_S4_pNP	11	10	21	3	4	C138H209N11O124S4	4131.926943
HS_HexA11_HexN10_Ac3_S5_pNP	11	10	21	3	5	C138H209N11O127S5	4211.883758
HS_HexA11_HexN10_Ac3_S6_pNP	11	10	21	3	6	C138H209N11O130S6	4291.840573
HS_HexA11_HexN10_Ac3_S7_pNP	11	10	21	3	7	C138H209N11O133S7	4371.797388
HS_HexA11_HexN10_Ac3_S8_pNP	11	10	21	3	8	C138H209N11O136S8	4451.754203
HS_HexA11_HexN10_Ac3_S9_pNP	11	10	21	3	9	C138H209N11O139S9	4531.711018
HS_HexA11_HexN10_Ac3_S10_pNP	11	10	21	3	10	C138H209N11O142S10	4611.667834
HS_HexA11_HexN10_Ac3_S11_pNP	11	10	21	3	11	C138H209N11O145S11	4691.624649
HS_HexA11_HexN10_Ac3_S12_pNP	11	10	21	3	12	C138H209N11O148S12	4771.581464
HS_HexA11_HexN10_Ac3_S13_pNP	11	10	21	3	13	C138H209N11O151S13	4851.538279
HS_HexA11_HexN10_Ac3_S14_pNP	11	10	21	3	14	C138H209N11O154S14	4931.495094
HS_HexA11_HexN10_Ac3_S15_pNP	11	10	21	3	15	C138H209N11O157S15	5011.451909
HS_HexA11_HexN10_Ac3_S16_pNP	11	10	21	3	16	C138H209N11O160S16	5091.408724
HS_HexA11_HexN10_Ac3_S17_pNP	11	10	21	3	17	C138H209N11O163S17	5171.365539
HS_HexA11_HexN10_Ac3_S18_pNP	11	10	21	3	18	C138H209N11O166S18	5251.322354
HS_HexA11_HexN10_Ac3_S19_pNP	11	10	21	3	19	C138H209N11O169S19	5331.279169
HS_HexA11_HexN10_Ac3_S20_pNP	11	10	21	3	20	C138H209N11O172S20	5411.235984
HS_HexA11_HexN10_Ac3_S21_pNP	11	10	21	3	21	C138H209N11O175S21	5491.192799
HS_HexA11_HexN10_Ac3_S22_pNP	11	10	21	3	22	C138H209N11O178S22	5571.149614
HS_HexA11_HexN10_Ac3_S23_pNP	11	10	21	3	23	C138H209N11O181S23	5651.106429
HS_HexA11_HexN10_Ac3_S24_pNP	11	10	21	3	24	C138H209N11O184S24	5731.063244
HS_HexA11_HexN10_Ac3_S25_pNP	11	10	21	3	25	C138H209N11O187S25	5811.020059
HS_HexA11_HexN10_Ac3_S26_pNP	11	10	21	3	26	C138H209N11O190S26	5890.976874
HS_HexA11_HexN10_Ac3_S27_pNP	11	10	21	3	27	C138H209N11O193S27	5970.933689
HS_HexA11_HexN10_Ac3_S28_pNP	11	10	21	3	28	C138H209N11O196S28	6050.890504
HS_HexA11_HexN10_Ac3_S29_pNP	11	10	21	3	29	C138H209N11O199S29	6130.847319
HS_HexA11_HexN10_Ac3_S30_pNP	11	10	21	3	30	C138H209N11O202S30	6210.804134
HS_HexA11_HexN10_Ac4_S0_pNP	11	10	21	4	0	C140H211N11O113	3854.110248
HS_HexA11_HexN10_Ac4_S1_pNP	11	10	21	4	1	C140H211N11O116S	3934.067063
HS_HexA11_HexN10_Ac4_S2_pNP	11	10	21	4	2	C140H211N11O119S2	4014.023878
HS_HexA11_HexN10_Ac4_S3_pNP	11	10	21	4	3	C140H211N11O122S3	4093.980693
HS_HexA11_HexN10_Ac4_S4_pNP	11	10	21	4	4	C140H211N11O125S4	4173.937508
HS_HexA11_HexN10_Ac4_S5_pNP	11	10	21	4	5	C140H211N11O128S5	4253.894323
HS_HexA11_HexN10_Ac4_S6_pNP	11	10	21	4	6	C140H211N11O131S6	4333.851138
HS_HexA11_HexN10_Ac4_S7_pNP	11	10	21	4	7	C140H211N11O134S7	4413.807953
HS_HexA11_HexN10_Ac4_S8_pNP	11	10	21	4	8	C140H211N11O137S8	4493.764768
HS_HexA11_HexN10_Ac4_S9_pNP	11	10	21	4	9	C140H211N11O140S9	4573.721583
HS_HexA11_HexN10_Ac4_S10_pNP	11	10	21	4	10	C140H211N11O143S10	4653.678398
HS_HexA11_HexN10_Ac4_S11_pNP	11	10	21	4	11	C140H211N11O146S11	4733.635213
HS_HexA11_HexN10_Ac4_S12_pNP	11	10	21	4	12	C140H211N11O149S12	4813.592028
HS_HexA11_HexN10_Ac4_S13_pNP	11	10	21	4	13	C140H211N11O152S13	4893.548843
HS_HexA11_HexN10_Ac4_S14_pNP	11	10	21	4	14	C140H211N11O155S14	4973.505658
HS_HexA11_HexN10_Ac4_S15_pNP	11	10	21	4	15	C140H211N11O158S15	5053.462473
HS_HexA11_HexN10_Ac4_S16_pNP	11	10	21	4	16	C140H211N11O161S16	5133.419288
HS_HexA11_HexN10_Ac4_S17_pNP	11	10	21	4	17	C140H211N11O164S17	5213.376103
HS_HexA11_HexN10_Ac4_S18_pNP	11	10	21	4	18	C140H211N11O167S18	5293.332918
HS_HexA11_HexN10_Ac4_S19_pNP	11	10	21	4	19	C140H211N11O170S19	5373.289733
HS_HexA11_HexN10_Ac4_S20_pNP	11	10	21	4	20	C140H211N11O173S20	5453.246549
HS_HexA11_HexN10_Ac4_S21_pNP	11	10	21	4	21	C140H211N11O176S21	5533.203364
HS_HexA11_HexN10_Ac4_S22_pNP	11	10	21	4	22	C140H211N11O179S22	5613.160179
HS_HexA11_HexN10_Ac4_S23_pNP	11	10	21	4	23	C140H211N11O182S23	5693.116994
HS_HexA11_HexN10_Ac4_S24_pNP	11	10	21	4	24	C140H211N11O185S24	5773.073809
HS_HexA11_HexN10_Ac4_S25_pNP	11	10	21	4	25	C140H211N11O188S25	5853.030624
HS_HexA11_HexN10_Ac4_S26_pNP	11	10	21	4	26	C140H211N11O191S26	5932.987439
HS_HexA11_HexN10_Ac4_S27_pNP	11	10	21	4	27	C140H211N11O194S27	6012.944254
HS_HexA11_HexN10_Ac4_S28_pNP	11	10	21	4	28	C140H211N11O197S28	6092.901069
HS_HexA11_HexN10_Ac4_S29_pNP	11	10	21	4	29	C140H211N11O200S29	6172.857884
HS_HexA11_HexN10_Ac4_S30_pNP	11	10	21	4	30	C140H211N11O203S30	6252.814699
HS_HexA11_HexN10_Ac5_S0_pNP	11	10	21	5	0	C142H213N11O114	3896.120813
HS_HexA11_HexN10_Ac5_S1_pNP	11	10	21	5	1	C142H213N11O117S	3976.077628
HS_HexA11_HexN10_Ac5_S2_pNP	11	10	21	5	2	C142H213N11O120S2	4056.034443
HS_HexA11_HexN10_Ac5_S3_pNP	11	10	21	5	3	C142H213N11O123S3	4135.991258
HS_HexA11_HexN10_Ac5_S4_pNP	11	10	21	5	4	C142H213N11O126S4	4215.948073
HS_HexA11_HexN10_Ac5_S5_pNP	11	10	21	5	5	C142H213N11O129S5	4295.904888
HS_HexA11_HexN10_Ac5_S6_pNP	11	10	21	5	6	C142H213N11O132S6	4375.861703
HS_HexA11_HexN10_Ac5_S7_pNP	11	10	21	5	7	C142H213N11O135S7	4455.818518
HS_HexA11_HexN10_Ac5_S8_pNP	11	10	21	5	8	C142H213N11O138S8	4535.775333
HS_HexA11_HexN10_Ac5_S9_pNP	11	10	21	5	9	C142H213N11O141S9	4615.732148
HS_HexA11_HexN10_Ac5_S10_pNP	11	10	21	5	10	C142H213N11O144S10	4695.688963
HS_HexA11_HexN10_Ac5_S11_pNP	11	10	21	5	11	C142H213N11O147S11	4775.645778
HS_HexA11_HexN10_Ac5_S12_pNP	11	10	21	5	12	C142H213N11O150S12	4855.602593
HS_HexA11_HexN10_Ac5_S13_pNP	11	10	21	5	13	C142H213N11O153S13	4935.559408
HS_HexA11_HexN10_Ac5_S14_pNP	11	10	21	5	14	C142H213N11O156S14	5015.516223
HS_HexA11_HexN10_Ac5_S15_pNP	11	10	21	5	15	C142H213N11O159S15	5095.473038
HS_HexA11_HexN10_Ac5_S16_pNP	11	10	21	5	16	C142H213N11O162S16	5175.429853
HS_HexA11_HexN10_Ac5_S17_pNP	11	10	21	5	17	C142H213N11O165S17	5255.386668
HS_HexA11_HexN10_Ac5_S18_pNP	11	10	21	5	18	C142H213N11O168S18	5335.343483
HS_HexA11_HexN10_Ac5_S19_pNP	11	10	21	5	19	C142H213N11O171S19	5415.300298
HS_HexA11_HexN10_Ac5_S20_pNP	11	10	21	5	20	C142H213N11O174S20	5495.257113
HS_HexA11_HexN10_Ac5_S21_pNP	11	10	21	5	21	C142H213N11O177S21	5575.213928
HS_HexA11_HexN10_Ac5_S22_pNP	11	10	21	5	22	C142H213N11O180S22	5655.170743
HS_HexA11_HexN10_Ac5_S23_pNP	11	10	21	5	23	C142H213N11O183S23	5735.127558
HS_HexA11_HexN10_Ac5_S24_pNP	11	10	21	5	24	C142H213N11O186S24	5815.084373
HS_HexA11_HexN10_Ac5_S25_pNP	11	10	21	5	25	C142H213N11O189S25	5895.041188
HS_HexA11_HexN10_Ac5_S26_pNP	11	10	21	5	26	C142H213N11O192S26	5974.998003
HS_HexA11_HexN10_Ac5_S27_pNP	11	10	21	5	27	C142H213N11O195S27	6054.954818
HS_HexA11_HexN10_Ac5_S28_pNP	11	10	21	5	28	C142H213N11O198S28	6134.911633
HS_HexA11_HexN10_Ac5_S29_pNP	11	10	21	5	29	C142H213N11O201S29	6214.868449
HS_HexA11_HexN10_Ac5_S30_pNP	11	10	21	5	30	C142H213N11O204S30	6294.825264
HS_HexA11_HexN10_Ac6_S0_pNP	11	10	21	6	0	C144H215N11O115	3938.131377
HS_HexA11_HexN10_Ac6_S1_pNP	11	10	21	6	1	C144H215N11O118S	4018.088192
HS_HexA11_HexN10_Ac6_S2_pNP	11	10	21	6	2	C144H215N11O121S2	4098.045007
HS_HexA11_HexN10_Ac6_S3_pNP	11	10	21	6	3	C144H215N11O124S3	4178.001822
HS_HexA11_HexN10_Ac6_S4_pNP	11	10	21	6	4	C144H215N11O127S4	4257.958637
HS_HexA11_HexN10_Ac6_S5_pNP	11	10	21	6	5	C144H215N11O130S5	4337.915452
HS_HexA11_HexN10_Ac6_S6_pNP	11	10	21	6	6	C144H215N11O133S6	4417.872267
HS_HexA11_HexN10_Ac6_S7_pNP	11	10	21	6	7	C144H215N11O136S7	4497.829082
HS_HexA11_HexN10_Ac6_S8_pNP	11	10	21	6	8	C144H215N11O139S8	4577.785897
HS_HexA11_HexN10_Ac6_S9_pNP	11	10	21	6	9	C144H215N11O142S9	4657.742713
HS_HexA11_HexN10_Ac6_S10_pNP	11	10	21	6	10	C144H215N11O145S10	4737.699528
HS_HexA11_HexN10_Ac6_S11_pNP	11	10	21	6	11	C144H215N11O148S11	4817.656343
HS_HexA11_HexN10_Ac6_S12_pNP	11	10	21	6	12	C144H215N11O151S12	4897.613158
HS_HexA11_HexN10_Ac6_S13_pNP	11	10	21	6	13	C144H215N11O154S13	4977.569973
HS_HexA11_HexN10_Ac6_S14_pNP	11	10	21	6	14	C144H215N11O157S14	5057.526788
HS_HexA11_HexN10_Ac6_S15_pNP	11	10	21	6	15	C144H215N11O160S15	5137.483603
HS_HexA11_HexN10_Ac6_S16_pNP	11	10	21	6	16	C144H215N11O163S16	5217.440418
HS_HexA11_HexN10_Ac6_S17_pNP	11	10	21	6	17	C144H215N11O166S17	5297.397233
HS_HexA11_HexN10_Ac6_S18_pNP	11	10	21	6	18	C144H215N11O169S18	5377.354048
HS_HexA11_HexN10_Ac6_S19_pNP	11	10	21	6	19	C144H215N11O172S19	5457.310863
HS_HexA11_HexN10_Ac6_S20_pNP	11	10	21	6	20	C144H215N11O175S20	5537.267678
HS_HexA11_HexN10_Ac6_S21_pNP	11	10	21	6	21	C144H215N11O178S21	5617.224493
HS_HexA11_HexN10_Ac6_S22_pNP	11	10	21	6	22	C144H215N11O181S22	5697.181308
HS_HexA11_HexN10_Ac6_S23_pNP	11	10	21	6	23	C144H215N11O184S23	5777.138123
HS_HexA11_HexN10_Ac6_S24_pNP	11	10	21	6	24	C144H215N11O187S24	5857.094938
HS_HexA11_HexN10_Ac6_S25_pNP	11	10	21	6	25	C144H215N11O190S25	5937.051753
HS_HexA11_HexN10_Ac6_S26_pNP	11	10	21	6	26	C144H215N11O193S26	6017.008568
HS_HexA11_HexN10_Ac6_S27_pNP	11	10	21	6	27	C144H215N11O196S27	6096.965383
HS_HexA11_HexN10_Ac6_S28_pNP	11	10	21	6	28	C144H215N11O199S28	6176.922198
HS_HexA11_HexN10_Ac6_S29_pNP	11	10	21	6	29	C144H215N11O202S29	6256.879013
HS_HexA11_HexN10_Ac6_S30_pNP	11	10	21	6	30	C144H215N11O205S30	6336.835828
HS_HexA11_HexN10_Ac7_S0_pNP	11	10	21	7	0	C146H217N11O116	3980.141942
HS_HexA11_HexN10_Ac7_S1_pNP	11	10	21	7	1	C146H217N11O119S	4060.098757
HS_HexA11_HexN10_Ac7_S2_pNP	11	10	21	7	2	C146H217N11O122S2	4140.055572
HS_HexA11_HexN10_Ac7_S3_pNP	11	10	21	7	3	C146H217N11O125S3	4220.012387
HS_HexA11_HexN10_Ac7_S4_pNP	11	10	21	7	4	C146H217N11O128S4	4299.969202
HS_HexA11_HexN10_Ac7_S5_pNP	11	10	21	7	5	C146H217N11O131S5	4379.926017
HS_HexA11_HexN10_Ac7_S6_pNP	11	10	21	7	6	C146H217N11O134S6	4459.882832
HS_HexA11_HexN10_Ac7_S7_pNP	11	10	21	7	7	C146H217N11O137S7	4539.839647
HS_HexA11_HexN10_Ac7_S8_pNP	11	10	21	7	8	C146H217N11O140S8	4619.796462
HS_HexA11_HexN10_Ac7_S9_pNP	11	10	21	7	9	C146H217N11O143S9	4699.753277
HS_HexA11_HexN10_Ac7_S10_pNP	11	10	21	7	10	C146H217N11O146S10	4779.710092
HS_HexA11_HexN10_Ac7_S11_pNP	11	10	21	7	11	C146H217N11O149S11	4859.666907
HS_HexA11_HexN10_Ac7_S12_pNP	11	10	21	7	12	C146H217N11O152S12	4939.623722
HS_HexA11_HexN10_Ac7_S13_pNP	11	10	21	7	13	C146H217N11O155S13	5019.580537
HS_HexA11_HexN10_Ac7_S14_pNP	11	10	21	7	14	C146H217N11O158S14	5099.537352
HS_HexA11_HexN10_Ac7_S15_pNP	11	10	21	7	15	C146H217N11O161S15	5179.494167
HS_HexA11_HexN10_Ac7_S16_pNP	11	10	21	7	16	C146H217N11O164S16	5259.450982
HS_HexA11_HexN10_Ac7_S17_pNP	11	10	21	7	17	C146H217N11O167S17	5339.407797
HS_HexA11_HexN10_Ac7_S18_pNP	11	10	21	7	18	C146H217N11O170S18	5419.364613
HS_HexA11_HexN10_Ac7_S19_pNP	11	10	21	7	19	C146H217N11O173S19	5499.321428
HS_HexA11_HexN10_Ac7_S20_pNP	11	10	21	7	20	C146H217N11O176S20	5579.278243
HS_HexA11_HexN10_Ac7_S21_pNP	11	10	21	7	21	C146H217N11O179S21	5659.235058
HS_HexA11_HexN10_Ac7_S22_pNP	11	10	21	7	22	C146H217N11O182S22	5739.191873
HS_HexA11_HexN10_Ac7_S23_pNP	11	10	21	7	23	C146H217N11O185S23	5819.148688
HS_HexA11_HexN10_Ac7_S24_pNP	11	10	21	7	24	C146H217N11O188S24	5899.105503
HS_HexA11_HexN10_Ac7_S25_pNP	11	10	21	7	25	C146H217N11O191S25	5979.062318
HS_HexA11_HexN10_Ac7_S26_pNP	11	10	21	7	26	C146H217N11O194S26	6059.019133
HS_HexA11_HexN10_Ac7_S27_pNP	11	10	21	7	27	C146H217N11O197S27	6138.975948
HS_HexA11_HexN10_Ac7_S28_pNP	11	10	21	7	28	C146H217N11O200S28	6218.932763
HS_HexA11_HexN10_Ac7_S29_pNP	11	10	21	7	29	C146H217N11O203S29	6298.889578
HS_HexA11_HexN10_Ac7_S30_pNP	11	10	21	7	30	C146H217N11O206S30	6378.846393
HS_HexA11_HexN10_Ac8_S0_pNP	11	10	21	8	0	C148H219N11O117	4022.152507
HS_HexA11_HexN10_Ac8_S1_pNP	11	10	21	8	1	C148H219N11O120S	4102.109322
HS_HexA11_HexN10_Ac8_S2_pNP	11	10	21	8	2	C148H219N11O123S2	4182.066137
HS_HexA11_HexN10_Ac8_S3_pNP	11	10	21	8	3	C148H219N11O126S3	4262.022952
HS_HexA11_HexN10_Ac8_S4_pNP	11	10	21	8	4	C148H219N11O129S4	4341.979767
HS_HexA11_HexN10_Ac8_S5_pNP	11	10	21	8	5	C148H219N11O132S5	4421.936582
HS_HexA11_HexN10_Ac8_S6_pNP	11	10	21	8	6	C148H219N11O135S6	4501.893397
HS_HexA11_HexN10_Ac8_S7_pNP	11	10	21	8	7	C148H219N11O138S7	4581.850212
HS_HexA11_HexN10_Ac8_S8_pNP	11	10	21	8	8	C148H219N11O141S8	4661.807027
HS_HexA11_HexN10_Ac8_S9_pNP	11	10	21	8	9	C148H219N11O144S9	4741.763842
HS_HexA11_HexN10_Ac8_S10_pNP	11	10	21	8	10	C148H219N11O147S10	4821.720657
HS_HexA11_HexN10_Ac8_S11_pNP	11	10	21	8	11	C148H219N11O150S11	4901.677472
HS_HexA11_HexN10_Ac8_S12_pNP	11	10	21	8	12	C148H219N11O153S12	4981.634287
HS_HexA11_HexN10_Ac8_S13_pNP	11	10	21	8	13	C148H219N11O156S13	5061.591102
HS_HexA11_HexN10_Ac8_S14_pNP	11	10	21	8	14	C148H219N11O159S14	5141.547917
HS_HexA11_HexN10_Ac8_S15_pNP	11	10	21	8	15	C148H219N11O162S15	5221.504732
HS_HexA11_HexN10_Ac8_S16_pNP	11	10	21	8	16	C148H219N11O165S16	5301.461547
HS_HexA11_HexN10_Ac8_S17_pNP	11	10	21	8	17	C148H219N11O168S17	5381.418362
HS_HexA11_HexN10_Ac8_S18_pNP	11	10	21	8	18	C148H219N11O171S18	5461.375177
HS_HexA11_HexN10_Ac8_S19_pNP	11	10	21	8	19	C148H219N11O174S19	5541.331992
HS_HexA11_HexN10_Ac8_S20_pNP	11	10	21	8	20	C148H219N11O177S20	5621.288807
HS_HexA11_HexN10_Ac8_S21_pNP	11	10	21	8	21	C148H219N11O180S21	5701.245622
HS_HexA11_HexN10_Ac8_S22_pNP	11	10	21	8	22	C148H219N11O183S22	5781.202437
HS_HexA11_HexN10_Ac8_S23_pNP	11	10	21	8	23	C148H219N11O186S23	5861.159252
HS_HexA11_HexN10_Ac8_S24_pNP	11	10	21	8	24	C148H219N11O189S24	5941.116067
HS_HexA11_HexN10_Ac8_S25_pNP	11	10	21	8	25	C148H219N11O192S25	6021.072882
HS_HexA11_HexN10_Ac8_S26_pNP	11	10	21	8	26	C148H219N11O195S26	6101.029697
HS_HexA11_HexN10_Ac8_S27_pNP	11	10	21	8	27	C148H219N11O198S27	6180.986512
HS_HexA11_HexN10_Ac8_S28_pNP	11	10	21	8	28	C148H219N11O201S28	6260.943328
HS_HexA11_HexN10_Ac8_S29_pNP	11	10	21	8	29	C148H219N11O204S29	6340.900143
HS_HexA11_HexN10_Ac8_S30_pNP	11	10	21	8	30	C148H219N11O207S30	6420.856958
HS_HexA11_HexN10_Ac9_S0_pNP	11	10	21	9	0	C150H221N11O118	4064.163071
HS_HexA11_HexN10_Ac9_S1_pNP	11	10	21	9	1	C150H221N11O121S	4144.119886
HS_HexA11_HexN10_Ac9_S2_pNP	11	10	21	9	2	C150H221N11O124S2	4224.076701
HS_HexA11_HexN10_Ac9_S3_pNP	11	10	21	9	3	C150H221N11O127S3	4304.033516
HS_HexA11_HexN10_Ac9_S4_pNP	11	10	21	9	4	C150H221N11O130S4	4383.990331
HS_HexA11_HexN10_Ac9_S5_pNP	11	10	21	9	5	C150H221N11O133S5	4463.947146
HS_HexA11_HexN10_Ac9_S6_pNP	11	10	21	9	6	C150H221N11O136S6	4543.903961
HS_HexA11_HexN10_Ac9_S7_pNP	11	10	21	9	7	C150H221N11O139S7	4623.860777
HS_HexA11_HexN10_Ac9_S8_pNP	11	10	21	9	8	C150H221N11O142S8	4703.817592
HS_HexA11_HexN10_Ac9_S9_pNP	11	10	21	9	9	C150H221N11O145S9	4783.774407
HS_HexA11_HexN10_Ac9_S10_pNP	11	10	21	9	10	C150H221N11O148S10	4863.731222
HS_HexA11_HexN10_Ac9_S11_pNP	11	10	21	9	11	C150H221N11O151S11	4943.688037
HS_HexA11_HexN10_Ac9_S12_pNP	11	10	21	9	12	C150H221N11O154S12	5023.644852
HS_HexA11_HexN10_Ac9_S13_pNP	11	10	21	9	13	C150H221N11O157S13	5103.601667
HS_HexA11_HexN10_Ac9_S14_pNP	11	10	21	9	14	C150H221N11O160S14	5183.558482
HS_HexA11_HexN10_Ac9_S15_pNP	11	10	21	9	15	C150H221N11O163S15	5263.515297
HS_HexA11_HexN10_Ac9_S16_pNP	11	10	21	9	16	C150H221N11O166S16	5343.472112
HS_HexA11_HexN10_Ac9_S17_pNP	11	10	21	9	17	C150H221N11O169S17	5423.428927
HS_HexA11_HexN10_Ac9_S18_pNP	11	10	21	9	18	C150H221N11O172S18	5503.385742
HS_HexA11_HexN10_Ac9_S19_pNP	11	10	21	9	19	C150H221N11O175S19	5583.342557
HS_HexA11_HexN10_Ac9_S20_pNP	11	10	21	9	20	C150H221N11O178S20	5663.299372
HS_HexA11_HexN10_Ac9_S21_pNP	11	10	21	9	21	C150H221N11O181S21	5743.256187
HS_HexA11_HexN10_Ac9_S22_pNP	11	10	21	9	22	C150H221N11O184S22	5823.213002
HS_HexA11_HexN10_Ac9_S23_pNP	11	10	21	9	23	C150H221N11O187S23	5903.169817
HS_HexA11_HexN10_Ac9_S24_pNP	11	10	21	9	24	C150H221N11O190S24	5983.126632
HS_HexA11_HexN10_Ac9_S25_pNP	11	10	21	9	25	C150H221N11O193S25	6063.083447
HS_HexA11_HexN10_Ac9_S26_pNP	11	10	21	9	26	C150H221N11O196S26	6143.040262
HS_HexA11_HexN10_Ac9_S27_pNP	11	10	21	9	27	C150H221N11O199S27	6222.997077
HS_HexA11_HexN10_Ac9_S28_pNP	11	10	21	9	28	C150H221N11O202S28	6302.953892
HS_HexA11_HexN10_Ac9_S29_pNP	11	10	21	9	29	C150H221N11O205S29	6382.910707
HS_HexA11_HexN10_Ac9_S30_pNP	11	10	21	9	30	C150H221N11O208S30	6462.867522
HS_HexA11_HexN10_Ac10_S0_pNP	11	10	21	10	0	C152H223N11O119	4106.173636
HS_HexA11_HexN10_Ac10_S1_pNP	11	10	21	10	1	C152H223N11O122S	4186.130451
HS_HexA11_HexN10_Ac10_S2_pNP	11	10	21	10	2	C152H223N11O125S2	4266.087266
HS_HexA11_HexN10_Ac10_S3_pNP	11	10	21	10	3	C152H223N11O128S3	4346.044081
HS_HexA11_HexN10_Ac10_S4_pNP	11	10	21	10	4	C152H223N11O131S4	4426.000896
HS_HexA11_HexN10_Ac10_S5_pNP	11	10	21	10	5	C152H223N11O134S5	4505.957711
HS_HexA11_HexN10_Ac10_S6_pNP	11	10	21	10	6	C152H223N11O137S6	4585.914526
HS_HexA11_HexN10_Ac10_S7_pNP	11	10	21	10	7	C152H223N11O140S7	4665.871341
HS_HexA11_HexN10_Ac10_S8_pNP	11	10	21	10	8	C152H223N11O143S8	4745.828156
HS_HexA11_HexN10_Ac10_S9_pNP	11	10	21	10	9	C152H223N11O146S9	4825.784971
HS_HexA11_HexN10_Ac10_S10_pNP	11	10	21	10	10	C152H223N11O149S10	4905.741786
HS_HexA11_HexN10_Ac10_S11_pNP	11	10	21	10	11	C152H223N11O152S11	4985.698601
HS_HexA11_HexN10_Ac10_S12_pNP	11	10	21	10	12	C152H223N11O155S12	5065.655416
HS_HexA11_HexN10_Ac10_S13_pNP	11	10	21	10	13	C152H223N11O158S13	5145.612231
HS_HexA11_HexN10_Ac10_S14_pNP	11	10	21	10	14	C152H223N11O161S14	5225.569046
HS_HexA11_HexN10_Ac10_S15_pNP	11	10	21	10	15	C152H223N11O164S15	5305.525861
HS_HexA11_HexN10_Ac10_S16_pNP	11	10	21	10	16	C152H223N11O167S16	5385.482676
HS_HexA11_HexN10_Ac10_S17_pNP	11	10	21	10	17	C152H223N11O170S17	5465.439492
HS_HexA11_HexN10_Ac10_S18_pNP	11	10	21	10	18	C152H223N11O173S18	5545.396307
HS_HexA11_HexN10_Ac10_S19_pNP	11	10	21	10	19	C152H223N11O176S19	5625.353122
HS_HexA11_HexN10_Ac10_S20_pNP	11	10	21	10	20	C152H223N11O179S20	5705.309937
HS_HexA11_HexN10_Ac10_S21_pNP	11	10	21	10	21	C152H223N11O182S21	5785.266752
HS_HexA11_HexN10_Ac10_S22_pNP	11	10	21	10	22	C152H223N11O185S22	5865.223567
HS_HexA11_HexN10_Ac10_S23_pNP	11	10	21	10	23	C152H223N11O188S23	5945.180382
HS_HexA11_HexN10_Ac10_S24_pNP	11	10	21	10	24	C152H223N11O191S24	6025.137197
HS_HexA11_HexN10_Ac10_S25_pNP	11	10	21	10	25	C152H223N11O194S25	6105.094012
HS_HexA11_HexN10_Ac10_S26_pNP	11	10	21	10	26	C152H223N11O197S26	6185.050827
HS_HexA11_HexN10_Ac10_S27_pNP	11	10	21	10	27	C152H223N11O200S27	6265.007642
HS_HexA11_HexN10_Ac10_S28_pNP	11	10	21	10	28	C152H223N11O203S28	6344.964457
HS_HexA11_HexN10_Ac10_S29_pNP	11	10	21	10	29	C152H223N11O206S29	6424.921272
HS_HexA11_HexN10_Ac10_S30_pNP	11	10	21	10	30	C152H223N11O209S30	6504.878087
HS_HexA11_HexN11_Ac0_S0_pNP	11	11	22	0	0	C138H214N12O113	3847.136797
HS_HexA11_HexN11_Ac0_S1_pNP	11	11	22	0	1	C138H214N12O116S	3927.093612
HS_HexA11_HexN11_Ac0_S2_pNP	11	11	22	0	2	C138H214N12O119S2	4007.050427
HS_HexA11_HexN11_Ac0_S3_pNP	11	11	22	0	3	C138H214N12O122S3	4087.007242
HS_HexA11_HexN11_Ac0_S4_pNP	11	11	22	0	4	C138H214N12O125S4	4166.964057
HS_HexA11_HexN11_Ac0_S5_pNP	11	11	22	0	5	C138H214N12O128S5	4246.920872
HS_HexA11_HexN11_Ac0_S6_pNP	11	11	22	0	6	C138H214N12O131S6	4326.877687
HS_HexA11_HexN11_Ac0_S7_pNP	11	11	22	0	7	C138H214N12O134S7	4406.834502
HS_HexA11_HexN11_Ac0_S8_pNP	11	11	22	0	8	C138H214N12O137S8	4486.791317
HS_HexA11_HexN11_Ac0_S9_pNP	11	11	22	0	9	C138H214N12O140S9	4566.748132
HS_HexA11_HexN11_Ac0_S10_pNP	11	11	22	0	10	C138H214N12O143S10	4646.704947
HS_HexA11_HexN11_Ac0_S11_pNP	11	11	22	0	11	C138H214N12O146S11	4726.661762
HS_HexA11_HexN11_Ac0_S12_pNP	11	11	22	0	12	C138H214N12O149S12	4806.618577
HS_HexA11_HexN11_Ac0_S13_pNP	11	11	22	0	13	C138H214N12O152S13	4886.575392
HS_HexA11_HexN11_Ac0_S14_pNP	11	11	22	0	14	C138H214N12O155S14	4966.532207
HS_HexA11_HexN11_Ac0_S15_pNP	11	11	22	0	15	C138H214N12O158S15	5046.489022
HS_HexA11_HexN11_Ac0_S16_pNP	11	11	22	0	16	C138H214N12O161S16	5126.445837
HS_HexA11_HexN11_Ac0_S17_pNP	11	11	22	0	17	C138H214N12O164S17	5206.402653
HS_HexA11_HexN11_Ac0_S18_pNP	11	11	22	0	18	C138H214N12O167S18	5286.359468
HS_HexA11_HexN11_Ac0_S19_pNP	11	11	22	0	19	C138H214N12O170S19	5366.316283
HS_HexA11_HexN11_Ac0_S20_pNP	11	11	22	0	20	C138H214N12O173S20	5446.273098
HS_HexA11_HexN11_Ac0_S21_pNP	11	11	22	0	21	C138H214N12O176S21	5526.229913
HS_HexA11_HexN11_Ac0_S22_pNP	11	11	22	0	22	C138H214N12O179S22	5606.186728
HS_HexA11_HexN11_Ac0_S23_pNP	11	11	22	0	23	C138H214N12O182S23	5686.143543
HS_HexA11_HexN11_Ac0_S24_pNP	11	11	22	0	24	C138H214N12O185S24	5766.100358
HS_HexA11_HexN11_Ac0_S25_pNP	11	11	22	0	25	C138H214N12O188S25	5846.057173
HS_HexA11_HexN11_Ac0_S26_pNP	11	11	22	0	26	C138H214N12O191S26	5926.013988
HS_HexA11_HexN11_Ac0_S27_pNP	11	11	22	0	27	C138H214N12O194S27	6005.970803
HS_HexA11_HexN11_Ac0_S28_pNP	11	11	22	0	28	C138H214N12O197S28	6085.927618
HS_HexA11_HexN11_Ac0_S29_pNP	11	11	22	0	29	C138H214N12O200S29	6165.884433
HS_HexA11_HexN11_Ac0_S30_pNP	11	11	22	0	30	C138H214N12O203S30	6245.841248
HS_HexA11_HexN11_Ac0_S31_pNP	11	11	22	0	31	C138H214N12O206S31	6325.798063
HS_HexA11_HexN11_Ac0_S32_pNP	11	11	22	0	32	C138H214N12O209S32	6405.754878
HS_HexA11_HexN11_Ac0_S33_pNP	11	11	22	0	33	C138H214N12O212S33	6485.711693
HS_HexA11_HexN11_Ac1_S0_pNP	11	11	22	1	0	C140H216N12O114	3889.147362
HS_HexA11_HexN11_Ac1_S1_pNP	11	11	22	1	1	C140H216N12O117S	3969.104177
HS_HexA11_HexN11_Ac1_S2_pNP	11	11	22	1	2	C140H216N12O120S2	4049.060992
HS_HexA11_HexN11_Ac1_S3_pNP	11	11	22	1	3	C140H216N12O123S3	4129.017807
HS_HexA11_HexN11_Ac1_S4_pNP	11	11	22	1	4	C140H216N12O126S4	4208.974622
HS_HexA11_HexN11_Ac1_S5_pNP	11	11	22	1	5	C140H216N12O129S5	4288.931437
HS_HexA11_HexN11_Ac1_S6_pNP	11	11	22	1	6	C140H216N12O132S6	4368.888252
HS_HexA11_HexN11_Ac1_S7_pNP	11	11	22	1	7	C140H216N12O135S7	4448.845067
HS_HexA11_HexN11_Ac1_S8_pNP	11	11	22	1	8	C140H216N12O138S8	4528.801882
HS_HexA11_HexN11_Ac1_S9_pNP	11	11	22	1	9	C140H216N12O141S9	4608.758697
HS_HexA11_HexN11_Ac1_S10_pNP	11	11	22	1	10	C140H216N12O144S10	4688.715512
HS_HexA11_HexN11_Ac1_S11_pNP	11	11	22	1	11	C140H216N12O147S11	4768.672327
HS_HexA11_HexN11_Ac1_S12_pNP	11	11	22	1	12	C140H216N12O150S12	4848.629142
HS_HexA11_HexN11_Ac1_S13_pNP	11	11	22	1	13	C140H216N12O153S13	4928.585957
HS_HexA11_HexN11_Ac1_S14_pNP	11	11	22	1	14	C140H216N12O156S14	5008.542772
HS_HexA11_HexN11_Ac1_S15_pNP	11	11	22	1	15	C140H216N12O159S15	5088.499587
HS_HexA11_HexN11_Ac1_S16_pNP	11	11	22	1	16	C140H216N12O162S16	5168.456402
HS_HexA11_HexN11_Ac1_S17_pNP	11	11	22	1	17	C140H216N12O165S17	5248.413217
HS_HexA11_HexN11_Ac1_S18_pNP	11	11	22	1	18	C140H216N12O168S18	5328.370032
HS_HexA11_HexN11_Ac1_S19_pNP	11	11	22	1	19	C140H216N12O171S19	5408.326847
HS_HexA11_HexN11_Ac1_S20_pNP	11	11	22	1	20	C140H216N12O174S20	5488.283662
HS_HexA11_HexN11_Ac1_S21_pNP	11	11	22	1	21	C140H216N12O177S21	5568.240477
HS_HexA11_HexN11_Ac1_S22_pNP	11	11	22	1	22	C140H216N12O180S22	5648.197292
HS_HexA11_HexN11_Ac1_S23_pNP	11	11	22	1	23	C140H216N12O183S23	5728.154107
HS_HexA11_HexN11_Ac1_S24_pNP	11	11	22	1	24	C140H216N12O186S24	5808.110922
HS_HexA11_HexN11_Ac1_S25_pNP	11	11	22	1	25	C140H216N12O189S25	5888.067737
HS_HexA11_HexN11_Ac1_S26_pNP	11	11	22	1	26	C140H216N12O192S26	5968.024553
HS_HexA11_HexN11_Ac1_S27_pNP	11	11	22	1	27	C140H216N12O195S27	6047.981368
HS_HexA11_HexN11_Ac1_S28_pNP	11	11	22	1	28	C140H216N12O198S28	6127.938183
HS_HexA11_HexN11_Ac1_S29_pNP	11	11	22	1	29	C140H216N12O201S29	6207.894998
HS_HexA11_HexN11_Ac1_S30_pNP	11	11	22	1	30	C140H216N12O204S30	6287.851813
HS_HexA11_HexN11_Ac1_S31_pNP	11	11	22	1	31	C140H216N12O207S31	6367.808628
HS_HexA11_HexN11_Ac1_S32_pNP	11	11	22	1	32	C140H216N12O210S32	6447.765443
HS_HexA11_HexN11_Ac1_S33_pNP	11	11	22	1	33	C140H216N12O213S33	6527.722258
HS_HexA11_HexN11_Ac2_S0_pNP	11	11	22	2	0	C142H218N12O115	3931.157926
HS_HexA11_HexN11_Ac2_S1_pNP	11	11	22	2	1	C142H218N12O118S	4011.114741
HS_HexA11_HexN11_Ac2_S2_pNP	11	11	22	2	2	C142H218N12O121S2	4091.071556
HS_HexA11_HexN11_Ac2_S3_pNP	11	11	22	2	3	C142H218N12O124S3	4171.028371
HS_HexA11_HexN11_Ac2_S4_pNP	11	11	22	2	4	C142H218N12O127S4	4250.985186
HS_HexA11_HexN11_Ac2_S5_pNP	11	11	22	2	5	C142H218N12O130S5	4330.942001
HS_HexA11_HexN11_Ac2_S6_pNP	11	11	22	2	6	C142H218N12O133S6	4410.898817
HS_HexA11_HexN11_Ac2_S7_pNP	11	11	22	2	7	C142H218N12O136S7	4490.855632
HS_HexA11_HexN11_Ac2_S8_pNP	11	11	22	2	8	C142H218N12O139S8	4570.812447
HS_HexA11_HexN11_Ac2_S9_pNP	11	11	22	2	9	C142H218N12O142S9	4650.769262
HS_HexA11_HexN11_Ac2_S10_pNP	11	11	22	2	10	C142H218N12O145S10	4730.726077
HS_HexA11_HexN11_Ac2_S11_pNP	11	11	22	2	11	C142H218N12O148S11	4810.682892
HS_HexA11_HexN11_Ac2_S12_pNP	11	11	22	2	12	C142H218N12O151S12	4890.639707
HS_HexA11_HexN11_Ac2_S13_pNP	11	11	22	2	13	C142H218N12O154S13	4970.596522
HS_HexA11_HexN11_Ac2_S14_pNP	11	11	22	2	14	C142H218N12O157S14	5050.553337
HS_HexA11_HexN11_Ac2_S15_pNP	11	11	22	2	15	C142H218N12O160S15	5130.510152
HS_HexA11_HexN11_Ac2_S16_pNP	11	11	22	2	16	C142H218N12O163S16	5210.466967
HS_HexA11_HexN11_Ac2_S17_pNP	11	11	22	2	17	C142H218N12O166S17	5290.423782
HS_HexA11_HexN11_Ac2_S18_pNP	11	11	22	2	18	C142H218N12O169S18	5370.380597
HS_HexA11_HexN11_Ac2_S19_pNP	11	11	22	2	19	C142H218N12O172S19	5450.337412
HS_HexA11_HexN11_Ac2_S20_pNP	11	11	22	2	20	C142H218N12O175S20	5530.294227
HS_HexA11_HexN11_Ac2_S21_pNP	11	11	22	2	21	C142H218N12O178S21	5610.251042
HS_HexA11_HexN11_Ac2_S22_pNP	11	11	22	2	22	C142H218N12O181S22	5690.207857
HS_HexA11_HexN11_Ac2_S23_pNP	11	11	22	2	23	C142H218N12O184S23	5770.164672
HS_HexA11_HexN11_Ac2_S24_pNP	11	11	22	2	24	C142H218N12O187S24	5850.121487
HS_HexA11_HexN11_Ac2_S25_pNP	11	11	22	2	25	C142H218N12O190S25	5930.078302
HS_HexA11_HexN11_Ac2_S26_pNP	11	11	22	2	26	C142H218N12O193S26	6010.035117
HS_HexA11_HexN11_Ac2_S27_pNP	11	11	22	2	27	C142H218N12O196S27	6089.991932
HS_HexA11_HexN11_Ac2_S28_pNP	11	11	22	2	28	C142H218N12O199S28	6169.948747
HS_HexA11_HexN11_Ac2_S29_pNP	11	11	22	2	29	C142H218N12O202S29	6249.905562
HS_HexA11_HexN11_Ac2_S30_pNP	11	11	22	2	30	C142H218N12O205S30	6329.862377
HS_HexA11_HexN11_Ac2_S31_pNP	11	11	22	2	31	C142H218N12O208S31	6409.819192
HS_HexA11_HexN11_Ac2_S32_pNP	11	11	22	2	32	C142H218N12O211S32	6489.776007
HS_HexA11_HexN11_Ac2_S33_pNP	11	11	22	2	33	C142H218N12O214S33	6569.732822
HS_HexA11_HexN11_Ac3_S0_pNP	11	11	22	3	0	C144H220N12O116	3973.168491
HS_HexA11_HexN11_Ac3_S1_pNP	11	11	22	3	1	C144H220N12O119S	4053.125306
HS_HexA11_HexN11_Ac3_S2_pNP	11	11	22	3	2	C144H220N12O122S2	4133.082121
HS_HexA11_HexN11_Ac3_S3_pNP	11	11	22	3	3	C144H220N12O125S3	4213.038936
HS_HexA11_HexN11_Ac3_S4_pNP	11	11	22	3	4	C144H220N12O128S4	4292.995751
HS_HexA11_HexN11_Ac3_S5_pNP	11	11	22	3	5	C144H220N12O131S5	4372.952566
HS_HexA11_HexN11_Ac3_S6_pNP	11	11	22	3	6	C144H220N12O134S6	4452.909381
HS_HexA11_HexN11_Ac3_S7_pNP	11	11	22	3	7	C144H220N12O137S7	4532.866196
HS_HexA11_HexN11_Ac3_S8_pNP	11	11	22	3	8	C144H220N12O140S8	4612.823011
HS_HexA11_HexN11_Ac3_S9_pNP	11	11	22	3	9	C144H220N12O143S9	4692.779826
HS_HexA11_HexN11_Ac3_S10_pNP	11	11	22	3	10	C144H220N12O146S10	4772.736641
HS_HexA11_HexN11_Ac3_S11_pNP	11	11	22	3	11	C144H220N12O149S11	4852.693456
HS_HexA11_HexN11_Ac3_S12_pNP	11	11	22	3	12	C144H220N12O152S12	4932.650271
HS_HexA11_HexN11_Ac3_S13_pNP	11	11	22	3	13	C144H220N12O155S13	5012.607086
HS_HexA11_HexN11_Ac3_S14_pNP	11	11	22	3	14	C144H220N12O158S14	5092.563901
HS_HexA11_HexN11_Ac3_S15_pNP	11	11	22	3	15	C144H220N12O161S15	5172.520717
HS_HexA11_HexN11_Ac3_S16_pNP	11	11	22	3	16	C144H220N12O164S16	5252.477532
HS_HexA11_HexN11_Ac3_S17_pNP	11	11	22	3	17	C144H220N12O167S17	5332.434347
HS_HexA11_HexN11_Ac3_S18_pNP	11	11	22	3	18	C144H220N12O170S18	5412.391162
HS_HexA11_HexN11_Ac3_S19_pNP	11	11	22	3	19	C144H220N12O173S19	5492.347977
HS_HexA11_HexN11_Ac3_S20_pNP	11	11	22	3	20	C144H220N12O176S20	5572.304792
HS_HexA11_HexN11_Ac3_S21_pNP	11	11	22	3	21	C144H220N12O179S21	5652.261607
HS_HexA11_HexN11_Ac3_S22_pNP	11	11	22	3	22	C144H220N12O182S22	5732.218422
HS_HexA11_HexN11_Ac3_S23_pNP	11	11	22	3	23	C144H220N12O185S23	5812.175237
HS_HexA11_HexN11_Ac3_S24_pNP	11	11	22	3	24	C144H220N12O188S24	5892.132052
HS_HexA11_HexN11_Ac3_S25_pNP	11	11	22	3	25	C144H220N12O191S25	5972.088867
HS_HexA11_HexN11_Ac3_S26_pNP	11	11	22	3	26	C144H220N12O194S26	6052.045682
HS_HexA11_HexN11_Ac3_S27_pNP	11	11	22	3	27	C144H220N12O197S27	6132.002497
HS_HexA11_HexN11_Ac3_S28_pNP	11	11	22	3	28	C144H220N12O200S28	6211.959312
HS_HexA11_HexN11_Ac3_S29_pNP	11	11	22	3	29	C144H220N12O203S29	6291.916127
HS_HexA11_HexN11_Ac3_S30_pNP	11	11	22	3	30	C144H220N12O206S30	6371.872942
HS_HexA11_HexN11_Ac3_S31_pNP	11	11	22	3	31	C144H220N12O209S31	6451.829757
HS_HexA11_HexN11_Ac3_S32_pNP	11	11	22	3	32	C144H220N12O212S32	6531.786572
HS_HexA11_HexN11_Ac3_S33_pNP	11	11	22	3	33	C144H220N12O215S33	6611.743387
HS_HexA11_HexN11_Ac4_S0_pNP	11	11	22	4	0	C146H222N12O117	4015.179056
HS_HexA11_HexN11_Ac4_S1_pNP	11	11	22	4	1	C146H222N12O120S	4095.135871
HS_HexA11_HexN11_Ac4_S2_pNP	11	11	22	4	2	C146H222N12O123S2	4175.092686
HS_HexA11_HexN11_Ac4_S3_pNP	11	11	22	4	3	C146H222N12O126S3	4255.049501
HS_HexA11_HexN11_Ac4_S4_pNP	11	11	22	4	4	C146H222N12O129S4	4335.006316
HS_HexA11_HexN11_Ac4_S5_pNP	11	11	22	4	5	C146H222N12O132S5	4414.963131
HS_HexA11_HexN11_Ac4_S6_pNP	11	11	22	4	6	C146H222N12O135S6	4494.919946
HS_HexA11_HexN11_Ac4_S7_pNP	11	11	22	4	7	C146H222N12O138S7	4574.876761
HS_HexA11_HexN11_Ac4_S8_pNP	11	11	22	4	8	C146H222N12O141S8	4654.833576
HS_HexA11_HexN11_Ac4_S9_pNP	11	11	22	4	9	C146H222N12O144S9	4734.790391
HS_HexA11_HexN11_Ac4_S10_pNP	11	11	22	4	10	C146H222N12O147S10	4814.747206
HS_HexA11_HexN11_Ac4_S11_pNP	11	11	22	4	11	C146H222N12O150S11	4894.704021
HS_HexA11_HexN11_Ac4_S12_pNP	11	11	22	4	12	C146H222N12O153S12	4974.660836
HS_HexA11_HexN11_Ac4_S13_pNP	11	11	22	4	13	C146H222N12O156S13	5054.617651
HS_HexA11_HexN11_Ac4_S14_pNP	11	11	22	4	14	C146H222N12O159S14	5134.574466
HS_HexA11_HexN11_Ac4_S15_pNP	11	11	22	4	15	C146H222N12O162S15	5214.531281
HS_HexA11_HexN11_Ac4_S16_pNP	11	11	22	4	16	C146H222N12O165S16	5294.488096
HS_HexA11_HexN11_Ac4_S17_pNP	11	11	22	4	17	C146H222N12O168S17	5374.444911
HS_HexA11_HexN11_Ac4_S18_pNP	11	11	22	4	18	C146H222N12O171S18	5454.401726
HS_HexA11_HexN11_Ac4_S19_pNP	11	11	22	4	19	C146H222N12O174S19	5534.358541
HS_HexA11_HexN11_Ac4_S20_pNP	11	11	22	4	20	C146H222N12O177S20	5614.315356
HS_HexA11_HexN11_Ac4_S21_pNP	11	11	22	4	21	C146H222N12O180S21	5694.272171
HS_HexA11_HexN11_Ac4_S22_pNP	11	11	22	4	22	C146H222N12O183S22	5774.228986
HS_HexA11_HexN11_Ac4_S23_pNP	11	11	22	4	23	C146H222N12O186S23	5854.185801
HS_HexA11_HexN11_Ac4_S24_pNP	11	11	22	4	24	C146H222N12O189S24	5934.142616
HS_HexA11_HexN11_Ac4_S25_pNP	11	11	22	4	25	C146H222N12O192S25	6014.099432
HS_HexA11_HexN11_Ac4_S26_pNP	11	11	22	4	26	C146H222N12O195S26	6094.056247
HS_HexA11_HexN11_Ac4_S27_pNP	11	11	22	4	27	C146H222N12O198S27	6174.013062
HS_HexA11_HexN11_Ac4_S28_pNP	11	11	22	4	28	C146H222N12O201S28	6253.969877
HS_HexA11_HexN11_Ac4_S29_pNP	11	11	22	4	29	C146H222N12O204S29	6333.926692
HS_HexA11_HexN11_Ac4_S30_pNP	11	11	22	4	30	C146H222N12O207S30	6413.883507
HS_HexA11_HexN11_Ac4_S31_pNP	11	11	22	4	31	C146H222N12O210S31	6493.840322
HS_HexA11_HexN11_Ac4_S32_pNP	11	11	22	4	32	C146H222N12O213S32	6573.797137
HS_HexA11_HexN11_Ac4_S33_pNP	11	11	22	4	33	C146H222N12O216S33	6653.753952
HS_HexA11_HexN11_Ac5_S0_pNP	11	11	22	5	0	C148H224N12O118	4057.189620
HS_HexA11_HexN11_Ac5_S1_pNP	11	11	22	5	1	C148H224N12O121S	4137.146435
HS_HexA11_HexN11_Ac5_S2_pNP	11	11	22	5	2	C148H224N12O124S2	4217.103250
HS_HexA11_HexN11_Ac5_S3_pNP	11	11	22	5	3	C148H224N12O127S3	4297.060065
HS_HexA11_HexN11_Ac5_S4_pNP	11	11	22	5	4	C148H224N12O130S4	4377.016881
HS_HexA11_HexN11_Ac5_S5_pNP	11	11	22	5	5	C148H224N12O133S5	4456.973696
HS_HexA11_HexN11_Ac5_S6_pNP	11	11	22	5	6	C148H224N12O136S6	4536.930511
HS_HexA11_HexN11_Ac5_S7_pNP	11	11	22	5	7	C148H224N12O139S7	4616.887326
HS_HexA11_HexN11_Ac5_S8_pNP	11	11	22	5	8	C148H224N12O142S8	4696.844141
HS_HexA11_HexN11_Ac5_S9_pNP	11	11	22	5	9	C148H224N12O145S9	4776.800956
HS_HexA11_HexN11_Ac5_S10_pNP	11	11	22	5	10	C148H224N12O148S10	4856.757771
HS_HexA11_HexN11_Ac5_S11_pNP	11	11	22	5	11	C148H224N12O151S11	4936.714586
HS_HexA11_HexN11_Ac5_S12_pNP	11	11	22	5	12	C148H224N12O154S12	5016.671401
HS_HexA11_HexN11_Ac5_S13_pNP	11	11	22	5	13	C148H224N12O157S13	5096.628216
HS_HexA11_HexN11_Ac5_S14_pNP	11	11	22	5	14	C148H224N12O160S14	5176.585031
HS_HexA11_HexN11_Ac5_S15_pNP	11	11	22	5	15	C148H224N12O163S15	5256.541846
HS_HexA11_HexN11_Ac5_S16_pNP	11	11	22	5	16	C148H224N12O166S16	5336.498661
HS_HexA11_HexN11_Ac5_S17_pNP	11	11	22	5	17	C148H224N12O169S17	5416.455476
HS_HexA11_HexN11_Ac5_S18_pNP	11	11	22	5	18	C148H224N12O172S18	5496.412291
HS_HexA11_HexN11_Ac5_S19_pNP	11	11	22	5	19	C148H224N12O175S19	5576.369106
HS_HexA11_HexN11_Ac5_S20_pNP	11	11	22	5	20	C148H224N12O178S20	5656.325921
HS_HexA11_HexN11_Ac5_S21_pNP	11	11	22	5	21	C148H224N12O181S21	5736.282736
HS_HexA11_HexN11_Ac5_S22_pNP	11	11	22	5	22	C148H224N12O184S22	5816.239551
HS_HexA11_HexN11_Ac5_S23_pNP	11	11	22	5	23	C148H224N12O187S23	5896.196366
HS_HexA11_HexN11_Ac5_S24_pNP	11	11	22	5	24	C148H224N12O190S24	5976.153181
HS_HexA11_HexN11_Ac5_S25_pNP	11	11	22	5	25	C148H224N12O193S25	6056.109996
HS_HexA11_HexN11_Ac5_S26_pNP	11	11	22	5	26	C148H224N12O196S26	6136.066811
HS_HexA11_HexN11_Ac5_S27_pNP	11	11	22	5	27	C148H224N12O199S27	6216.023626
HS_HexA11_HexN11_Ac5_S28_pNP	11	11	22	5	28	C148H224N12O202S28	6295.980441
HS_HexA11_HexN11_Ac5_S29_pNP	11	11	22	5	29	C148H224N12O205S29	6375.937256
HS_HexA11_HexN11_Ac5_S30_pNP	11	11	22	5	30	C148H224N12O208S30	6455.894071
HS_HexA11_HexN11_Ac5_S31_pNP	11	11	22	5	31	C148H224N12O211S31	6535.850886
HS_HexA11_HexN11_Ac5_S32_pNP	11	11	22	5	32	C148H224N12O214S32	6615.807701
HS_HexA11_HexN11_Ac5_S33_pNP	11	11	22	5	33	C148H224N12O217S33	6695.764516
HS_HexA11_HexN11_Ac6_S0_pNP	11	11	22	6	0	C150H226N12O119	4099.200185
HS_HexA11_HexN11_Ac6_S1_pNP	11	11	22	6	1	C150H226N12O122S	4179.157000
HS_HexA11_HexN11_Ac6_S2_pNP	11	11	22	6	2	C150H226N12O125S2	4259.113815
HS_HexA11_HexN11_Ac6_S3_pNP	11	11	22	6	3	C150H226N12O128S3	4339.070630
HS_HexA11_HexN11_Ac6_S4_pNP	11	11	22	6	4	C150H226N12O131S4	4419.027445
HS_HexA11_HexN11_Ac6_S5_pNP	11	11	22	6	5	C150H226N12O134S5	4498.984260
HS_HexA11_HexN11_Ac6_S6_pNP	11	11	22	6	6	C150H226N12O137S6	4578.941075
HS_HexA11_HexN11_Ac6_S7_pNP	11	11	22	6	7	C150H226N12O140S7	4658.897890
HS_HexA11_HexN11_Ac6_S8_pNP	11	11	22	6	8	C150H226N12O143S8	4738.854705
HS_HexA11_HexN11_Ac6_S9_pNP	11	11	22	6	9	C150H226N12O146S9	4818.811520
HS_HexA11_HexN11_Ac6_S10_pNP	11	11	22	6	10	C150H226N12O149S10	4898.768335
HS_HexA11_HexN11_Ac6_S11_pNP	11	11	22	6	11	C150H226N12O152S11	4978.725150
HS_HexA11_HexN11_Ac6_S12_pNP	11	11	22	6	12	C150H226N12O155S12	5058.681965
HS_HexA11_HexN11_Ac6_S13_pNP	11	11	22	6	13	C150H226N12O158S13	5138.638780
HS_HexA11_HexN11_Ac6_S14_pNP	11	11	22	6	14	C150H226N12O161S14	5218.595596
HS_HexA11_HexN11_Ac6_S15_pNP	11	11	22	6	15	C150H226N12O164S15	5298.552411
HS_HexA11_HexN11_Ac6_S16_pNP	11	11	22	6	16	C150H226N12O167S16	5378.509226
HS_HexA11_HexN11_Ac6_S17_pNP	11	11	22	6	17	C150H226N12O170S17	5458.466041
HS_HexA11_HexN11_Ac6_S18_pNP	11	11	22	6	18	C150H226N12O173S18	5538.422856
HS_HexA11_HexN11_Ac6_S19_pNP	11	11	22	6	19	C150H226N12O176S19	5618.379671
HS_HexA11_HexN11_Ac6_S20_pNP	11	11	22	6	20	C150H226N12O179S20	5698.336486
HS_HexA11_HexN11_Ac6_S21_pNP	11	11	22	6	21	C150H226N12O182S21	5778.293301
HS_HexA11_HexN11_Ac6_S22_pNP	11	11	22	6	22	C150H226N12O185S22	5858.250116
HS_HexA11_HexN11_Ac6_S23_pNP	11	11	22	6	23	C150H226N12O188S23	5938.206931
HS_HexA11_HexN11_Ac6_S24_pNP	11	11	22	6	24	C150H226N12O191S24	6018.163746
HS_HexA11_HexN11_Ac6_S25_pNP	11	11	22	6	25	C150H226N12O194S25	6098.120561
HS_HexA11_HexN11_Ac6_S26_pNP	11	11	22	6	26	C150H226N12O197S26	6178.077376
HS_HexA11_HexN11_Ac6_S27_pNP	11	11	22	6	27	C150H226N12O200S27	6258.034191
HS_HexA11_HexN11_Ac6_S28_pNP	11	11	22	6	28	C150H226N12O203S28	6337.991006
HS_HexA11_HexN11_Ac6_S29_pNP	11	11	22	6	29	C150H226N12O206S29	6417.947821
HS_HexA11_HexN11_Ac6_S30_pNP	11	11	22	6	30	C150H226N12O209S30	6497.904636
HS_HexA11_HexN11_Ac6_S31_pNP	11	11	22	6	31	C150H226N12O212S31	6577.861451
HS_HexA11_HexN11_Ac6_S32_pNP	11	11	22	6	32	C150H226N12O215S32	6657.818266
HS_HexA11_HexN11_Ac6_S33_pNP	11	11	22	6	33	C150H226N12O218S33	6737.775081
HS_HexA11_HexN11_Ac7_S0_pNP	11	11	22	7	0	C152H228N12O120	4141.210750
HS_HexA11_HexN11_Ac7_S1_pNP	11	11	22	7	1	C152H228N12O123S	4221.167565
HS_HexA11_HexN11_Ac7_S2_pNP	11	11	22	7	2	C152H228N12O126S2	4301.124380
HS_HexA11_HexN11_Ac7_S3_pNP	11	11	22	7	3	C152H228N12O129S3	4381.081195
HS_HexA11_HexN11_Ac7_S4_pNP	11	11	22	7	4	C152H228N12O132S4	4461.038010
HS_HexA11_HexN11_Ac7_S5_pNP	11	11	22	7	5	C152H228N12O135S5	4540.994825
HS_HexA11_HexN11_Ac7_S6_pNP	11	11	22	7	6	C152H228N12O138S6	4620.951640
HS_HexA11_HexN11_Ac7_S7_pNP	11	11	22	7	7	C152H228N12O141S7	4700.908455
HS_HexA11_HexN11_Ac7_S8_pNP	11	11	22	7	8	C152H228N12O144S8	4780.865270
HS_HexA11_HexN11_Ac7_S9_pNP	11	11	22	7	9	C152H228N12O147S9	4860.822085
HS_HexA11_HexN11_Ac7_S10_pNP	11	11	22	7	10	C152H228N12O150S10	4940.778900
HS_HexA11_HexN11_Ac7_S11_pNP	11	11	22	7	11	C152H228N12O153S11	5020.735715
HS_HexA11_HexN11_Ac7_S12_pNP	11	11	22	7	12	C152H228N12O156S12	5100.692530
HS_HexA11_HexN11_Ac7_S13_pNP	11	11	22	7	13	C152H228N12O159S13	5180.649345
HS_HexA11_HexN11_Ac7_S14_pNP	11	11	22	7	14	C152H228N12O162S14	5260.606160
HS_HexA11_HexN11_Ac7_S15_pNP	11	11	22	7	15	C152H228N12O165S15	5340.562975
HS_HexA11_HexN11_Ac7_S16_pNP	11	11	22	7	16	C152H228N12O168S16	5420.519790
HS_HexA11_HexN11_Ac7_S17_pNP	11	11	22	7	17	C152H228N12O171S17	5500.476605
HS_HexA11_HexN11_Ac7_S18_pNP	11	11	22	7	18	C152H228N12O174S18	5580.433420
HS_HexA11_HexN11_Ac7_S19_pNP	11	11	22	7	19	C152H228N12O177S19	5660.390235
HS_HexA11_HexN11_Ac7_S20_pNP	11	11	22	7	20	C152H228N12O180S20	5740.347050
HS_HexA11_HexN11_Ac7_S21_pNP	11	11	22	7	21	C152H228N12O183S21	5820.303865
HS_HexA11_HexN11_Ac7_S22_pNP	11	11	22	7	22	C152H228N12O186S22	5900.260680
HS_HexA11_HexN11_Ac7_S23_pNP	11	11	22	7	23	C152H228N12O189S23	5980.217496
HS_HexA11_HexN11_Ac7_S24_pNP	11	11	22	7	24	C152H228N12O192S24	6060.174311
HS_HexA11_HexN11_Ac7_S25_pNP	11	11	22	7	25	C152H228N12O195S25	6140.131126
HS_HexA11_HexN11_Ac7_S26_pNP	11	11	22	7	26	C152H228N12O198S26	6220.087941
HS_HexA11_HexN11_Ac7_S27_pNP	11	11	22	7	27	C152H228N12O201S27	6300.044756
HS_HexA11_HexN11_Ac7_S28_pNP	11	11	22	7	28	C152H228N12O204S28	6380.001571
HS_HexA11_HexN11_Ac7_S29_pNP	11	11	22	7	29	C152H228N12O207S29	6459.958386
HS_HexA11_HexN11_Ac7_S30_pNP	11	11	22	7	30	C152H228N12O210S30	6539.915201
HS_HexA11_HexN11_Ac7_S31_pNP	11	11	22	7	31	C152H228N12O213S31	6619.872016
HS_HexA11_HexN11_Ac7_S32_pNP	11	11	22	7	32	C152H228N12O216S32	6699.828831
HS_HexA11_HexN11_Ac7_S33_pNP	11	11	22	7	33	C152H228N12O219S33	6779.785646
HS_HexA11_HexN11_Ac8_S0_pNP	11	11	22	8	0	C154H230N12O121	4183.221314
HS_HexA11_HexN11_Ac8_S1_pNP	11	11	22	8	1	C154H230N12O124S	4263.178129
HS_HexA11_HexN11_Ac8_S2_pNP	11	11	22	8	2	C154H230N12O127S2	4343.134945
HS_HexA11_HexN11_Ac8_S3_pNP	11	11	22	8	3	C154H230N12O130S3	4423.091760
HS_HexA11_HexN11_Ac8_S4_pNP	11	11	22	8	4	C154H230N12O133S4	4503.048575
HS_HexA11_HexN11_Ac8_S5_pNP	11	11	22	8	5	C154H230N12O136S5	4583.005390
HS_HexA11_HexN11_Ac8_S6_pNP	11	11	22	8	6	C154H230N12O139S6	4662.962205
HS_HexA11_HexN11_Ac8_S7_pNP	11	11	22	8	7	C154H230N12O142S7	4742.919020
HS_HexA11_HexN11_Ac8_S8_pNP	11	11	22	8	8	C154H230N12O145S8	4822.875835
HS_HexA11_HexN11_Ac8_S9_pNP	11	11	22	8	9	C154H230N12O148S9	4902.832650
HS_HexA11_HexN11_Ac8_S10_pNP	11	11	22	8	10	C154H230N12O151S10	4982.789465
HS_HexA11_HexN11_Ac8_S11_pNP	11	11	22	8	11	C154H230N12O154S11	5062.746280
HS_HexA11_HexN11_Ac8_S12_pNP	11	11	22	8	12	C154H230N12O157S12	5142.703095
HS_HexA11_HexN11_Ac8_S13_pNP	11	11	22	8	13	C154H230N12O160S13	5222.659910
HS_HexA11_HexN11_Ac8_S14_pNP	11	11	22	8	14	C154H230N12O163S14	5302.616725
HS_HexA11_HexN11_Ac8_S15_pNP	11	11	22	8	15	C154H230N12O166S15	5382.573540
HS_HexA11_HexN11_Ac8_S16_pNP	11	11	22	8	16	C154H230N12O169S16	5462.530355
HS_HexA11_HexN11_Ac8_S17_pNP	11	11	22	8	17	C154H230N12O172S17	5542.487170
HS_HexA11_HexN11_Ac8_S18_pNP	11	11	22	8	18	C154H230N12O175S18	5622.443985
HS_HexA11_HexN11_Ac8_S19_pNP	11	11	22	8	19	C154H230N12O178S19	5702.400800
HS_HexA11_HexN11_Ac8_S20_pNP	11	11	22	8	20	C154H230N12O181S20	5782.357615
HS_HexA11_HexN11_Ac8_S21_pNP	11	11	22	8	21	C154H230N12O184S21	5862.314430
HS_HexA11_HexN11_Ac8_S22_pNP	11	11	22	8	22	C154H230N12O187S22	5942.271245
HS_HexA11_HexN11_Ac8_S23_pNP	11	11	22	8	23	C154H230N12O190S23	6022.228060
HS_HexA11_HexN11_Ac8_S24_pNP	11	11	22	8	24	C154H230N12O193S24	6102.184875
HS_HexA11_HexN11_Ac8_S25_pNP	11	11	22	8	25	C154H230N12O196S25	6182.141690
HS_HexA11_HexN11_Ac8_S26_pNP	11	11	22	8	26	C154H230N12O199S26	6262.098505
HS_HexA11_HexN11_Ac8_S27_pNP	11	11	22	8	27	C154H230N12O202S27	6342.055320
HS_HexA11_HexN11_Ac8_S28_pNP	11	11	22	8	28	C154H230N12O205S28	6422.012135
HS_HexA11_HexN11_Ac8_S29_pNP	11	11	22	8	29	C154H230N12O208S29	6501.968950
HS_HexA11_HexN11_Ac8_S30_pNP	11	11	22	8	30	C154H230N12O211S30	6581.925765
HS_HexA11_HexN11_Ac8_S31_pNP	11	11	22	8	31	C154H230N12O214S31	6661.882580
HS_HexA11_HexN11_Ac8_S32_pNP	11	11	22	8	32	C154H230N12O217S32	6741.839395
HS_HexA11_HexN11_Ac8_S33_pNP	11	11	22	8	33	C154H230N12O220S33	6821.796211
HS_HexA11_HexN11_Ac9_S0_pNP	11	11	22	9	0	C156H232N12O122	4225.231879
HS_HexA11_HexN11_Ac9_S1_pNP	11	11	22	9	1	C156H232N12O125S	4305.188694
HS_HexA11_HexN11_Ac9_S2_pNP	11	11	22	9	2	C156H232N12O128S2	4385.145509
HS_HexA11_HexN11_Ac9_S3_pNP	11	11	22	9	3	C156H232N12O131S3	4465.102324
HS_HexA11_HexN11_Ac9_S4_pNP	11	11	22	9	4	C156H232N12O134S4	4545.059139
HS_HexA11_HexN11_Ac9_S5_pNP	11	11	22	9	5	C156H232N12O137S5	4625.015954
HS_HexA11_HexN11_Ac9_S6_pNP	11	11	22	9	6	C156H232N12O140S6	4704.972769
HS_HexA11_HexN11_Ac9_S7_pNP	11	11	22	9	7	C156H232N12O143S7	4784.929584
HS_HexA11_HexN11_Ac9_S8_pNP	11	11	22	9	8	C156H232N12O146S8	4864.886399
HS_HexA11_HexN11_Ac9_S9_pNP	11	11	22	9	9	C156H232N12O149S9	4944.843214
HS_HexA11_HexN11_Ac9_S10_pNP	11	11	22	9	10	C156H232N12O152S10	5024.800029
HS_HexA11_HexN11_Ac9_S11_pNP	11	11	22	9	11	C156H232N12O155S11	5104.756844
HS_HexA11_HexN11_Ac9_S12_pNP	11	11	22	9	12	C156H232N12O158S12	5184.713660
HS_HexA11_HexN11_Ac9_S13_pNP	11	11	22	9	13	C156H232N12O161S13	5264.670475
HS_HexA11_HexN11_Ac9_S14_pNP	11	11	22	9	14	C156H232N12O164S14	5344.627290
HS_HexA11_HexN11_Ac9_S15_pNP	11	11	22	9	15	C156H232N12O167S15	5424.584105
HS_HexA11_HexN11_Ac9_S16_pNP	11	11	22	9	16	C156H232N12O170S16	5504.540920
HS_HexA11_HexN11_Ac9_S17_pNP	11	11	22	9	17	C156H232N12O173S17	5584.497735
HS_HexA11_HexN11_Ac9_S18_pNP	11	11	22	9	18	C156H232N12O176S18	5664.454550
HS_HexA11_HexN11_Ac9_S19_pNP	11	11	22	9	19	C156H232N12O179S19	5744.411365
HS_HexA11_HexN11_Ac9_S20_pNP	11	11	22	9	20	C156H232N12O182S20	5824.368180
HS_HexA11_HexN11_Ac9_S21_pNP	11	11	22	9	21	C156H232N12O185S21	5904.324995
HS_HexA11_HexN11_Ac9_S22_pNP	11	11	22	9	22	C156H232N12O188S22	5984.281810
HS_HexA11_HexN11_Ac9_S23_pNP	11	11	22	9	23	C156H232N12O191S23	6064.238625
HS_HexA11_HexN11_Ac9_S24_pNP	11	11	22	9	24	C156H232N12O194S24	6144.195440
HS_HexA11_HexN11_Ac9_S25_pNP	11	11	22	9	25	C156H232N12O197S25	6224.152255
HS_HexA11_HexN11_Ac9_S26_pNP	11	11	22	9	26	C156H232N12O200S26	6304.109070
HS_HexA11_HexN11_Ac9_S27_pNP	11	11	22	9	27	C156H232N12O203S27	6384.065885
HS_HexA11_HexN11_Ac9_S28_pNP	11	11	22	9	28	C156H232N12O206S28	6464.022700
HS_HexA11_HexN11_Ac9_S29_pNP	11	11	22	9	29	C156H232N12O209S29	6543.979515
HS_HexA11_HexN11_Ac9_S30_pNP	11	11	22	9	30	C156H232N12O212S30	6623.936330
HS_HexA11_HexN11_Ac9_S31_pNP	11	11	22	9	31	C156H232N12O215S31	6703.893145
HS_HexA11_HexN11_Ac9_S32_pNP	11	11	22	9	32	C156H232N12O218S32	6783.849960
HS_HexA11_HexN11_Ac9_S33_pNP	11	11	22	9	33	C156H232N12O221S33	6863.806775
HS_HexA11_HexN11_Ac10_S0_pNP	11	11	22	10	0	C158H234N12O123	4267.242444
HS_HexA11_HexN11_Ac10_S1_pNP	11	11	22	10	1	C158H234N12O126S	4347.199259
HS_HexA11_HexN11_Ac10_S2_pNP	11	11	22	10	2	C158H234N12O129S2	4427.156074
HS_HexA11_HexN11_Ac10_S3_pNP	11	11	22	10	3	C158H234N12O132S3	4507.112889
HS_HexA11_HexN11_Ac10_S4_pNP	11	11	22	10	4	C158H234N12O135S4	4587.069704
HS_HexA11_HexN11_Ac10_S5_pNP	11	11	22	10	5	C158H234N12O138S5	4667.026519
HS_HexA11_HexN11_Ac10_S6_pNP	11	11	22	10	6	C158H234N12O141S6	4746.983334
HS_HexA11_HexN11_Ac10_S7_pNP	11	11	22	10	7	C158H234N12O144S7	4826.940149
HS_HexA11_HexN11_Ac10_S8_pNP	11	11	22	10	8	C158H234N12O147S8	4906.896964
HS_HexA11_HexN11_Ac10_S9_pNP	11	11	22	10	9	C158H234N12O150S9	4986.853779
HS_HexA11_HexN11_Ac10_S10_pNP	11	11	22	10	10	C158H234N12O153S10	5066.810594
HS_HexA11_HexN11_Ac10_S11_pNP	11	11	22	10	11	C158H234N12O156S11	5146.767409
HS_HexA11_HexN11_Ac10_S12_pNP	11	11	22	10	12	C158H234N12O159S12	5226.724224
HS_HexA11_HexN11_Ac10_S13_pNP	11	11	22	10	13	C158H234N12O162S13	5306.681039
HS_HexA11_HexN11_Ac10_S14_pNP	11	11	22	10	14	C158H234N12O165S14	5386.637854
HS_HexA11_HexN11_Ac10_S15_pNP	11	11	22	10	15	C158H234N12O168S15	5466.594669
HS_HexA11_HexN11_Ac10_S16_pNP	11	11	22	10	16	C158H234N12O171S16	5546.551484
HS_HexA11_HexN11_Ac10_S17_pNP	11	11	22	10	17	C158H234N12O174S17	5626.508299
HS_HexA11_HexN11_Ac10_S18_pNP	11	11	22	10	18	C158H234N12O177S18	5706.465114
HS_HexA11_HexN11_Ac10_S19_pNP	11	11	22	10	19	C158H234N12O180S19	5786.421929
HS_HexA11_HexN11_Ac10_S20_pNP	11	11	22	10	20	C158H234N12O183S20	5866.378744
HS_HexA11_HexN11_Ac10_S21_pNP	11	11	22	10	21	C158H234N12O186S21	5946.335559
HS_HexA11_HexN11_Ac10_S22_pNP	11	11	22	10	22	C158H234N12O189S22	6026.292375
HS_HexA11_HexN11_Ac10_S23_pNP	11	11	22	10	23	C158H234N12O192S23	6106.249190
HS_HexA11_HexN11_Ac10_S24_pNP	11	11	22	10	24	C158H234N12O195S24	6186.206005
HS_HexA11_HexN11_Ac10_S25_pNP	11	11	22	10	25	C158H234N12O198S25	6266.162820
HS_HexA11_HexN11_Ac10_S26_pNP	11	11	22	10	26	C158H234N12O201S26	6346.119635
HS_HexA11_HexN11_Ac10_S27_pNP	11	11	22	10	27	C158H234N12O204S27	6426.076450
HS_HexA11_HexN11_Ac10_S28_pNP	11	11	22	10	28	C158H234N12O207S28	6506.033265
HS_HexA11_HexN11_Ac10_S29_pNP	11	11	22	10	29	C158H234N12O210S29	6585.990080
HS_HexA11_HexN11_Ac10_S30_pNP	11	11	22	10	30	C158H234N12O213S30	6665.946895
HS_HexA11_HexN11_Ac10_S31_pNP	11	11	22	10	31	C158H234N12O216S31	6745.903710
HS_HexA11_HexN11_Ac10_S32_pNP	11	11	22	10	32	C158H234N12O219S32	6825.860525
HS_HexA11_HexN11_Ac10_S33_pNP	11	11	22	10	33	C158H234N12O222S33	6905.817340
HS_HexA11_HexN11_Ac11_S0_pNP	11	11	22	11	0	C160H236N12O124	4309.253008
HS_HexA11_HexN11_Ac11_S1_pNP	11	11	22	11	1	C160H236N12O127S	4389.209824
HS_HexA11_HexN11_Ac11_S2_pNP	11	11	22	11	2	C160H236N12O130S2	4469.166639
HS_HexA11_HexN11_Ac11_S3_pNP	11	11	22	11	3	C160H236N12O133S3	4549.123454
HS_HexA11_HexN11_Ac11_S4_pNP	11	11	22	11	4	C160H236N12O136S4	4629.080269
HS_HexA11_HexN11_Ac11_S5_pNP	11	11	22	11	5	C160H236N12O139S5	4709.037084
HS_HexA11_HexN11_Ac11_S6_pNP	11	11	22	11	6	C160H236N12O142S6	4788.993899
HS_HexA11_HexN11_Ac11_S7_pNP	11	11	22	11	7	C160H236N12O145S7	4868.950714
HS_HexA11_HexN11_Ac11_S8_pNP	11	11	22	11	8	C160H236N12O148S8	4948.907529
HS_HexA11_HexN11_Ac11_S9_pNP	11	11	22	11	9	C160H236N12O151S9	5028.864344
HS_HexA11_HexN11_Ac11_S10_pNP	11	11	22	11	10	C160H236N12O154S10	5108.821159
HS_HexA11_HexN11_Ac11_S11_pNP	11	11	22	11	11	C160H236N12O157S11	5188.777974
HS_HexA11_HexN11_Ac11_S12_pNP	11	11	22	11	12	C160H236N12O160S12	5268.734789
HS_HexA11_HexN11_Ac11_S13_pNP	11	11	22	11	13	C160H236N12O163S13	5348.691604
HS_HexA11_HexN11_Ac11_S14_pNP	11	11	22	11	14	C160H236N12O166S14	5428.648419
HS_HexA11_HexN11_Ac11_S15_pNP	11	11	22	11	15	C160H236N12O169S15	5508.605234
HS_HexA11_HexN11_Ac11_S16_pNP	11	11	22	11	16	C160H236N12O172S16	5588.562049
HS_HexA11_HexN11_Ac11_S17_pNP	11	11	22	11	17	C160H236N12O175S17	5668.518864
HS_HexA11_HexN11_Ac11_S18_pNP	11	11	22	11	18	C160H236N12O178S18	5748.475679
HS_HexA11_HexN11_Ac11_S19_pNP	11	11	22	11	19	C160H236N12O181S19	5828.432494
HS_HexA11_HexN11_Ac11_S20_pNP	11	11	22	11	20	C160H236N12O184S20	5908.389309
HS_HexA11_HexN11_Ac11_S21_pNP	11	11	22	11	21	C160H236N12O187S21	5988.346124
HS_HexA11_HexN11_Ac11_S22_pNP	11	11	22	11	22	C160H236N12O190S22	6068.302939
HS_HexA11_HexN11_Ac11_S23_pNP	11	11	22	11	23	C160H236N12O193S23	6148.259754
HS_HexA11_HexN11_Ac11_S24_pNP	11	11	22	11	24	C160H236N12O196S24	6228.216569
HS_HexA11_HexN11_Ac11_S25_pNP	11	11	22	11	25	C160H236N12O199S25	6308.173384
HS_HexA11_HexN11_Ac11_S26_pNP	11	11	22	11	26	C160H236N12O202S26	6388.130199
HS_HexA11_HexN11_Ac11_S27_pNP	11	11	22	11	27	C160H236N12O205S27	6468.087014
HS_HexA11_HexN11_Ac11_S28_pNP	11	11	22	11	28	C160H236N12O208S28	6548.043829
HS_HexA11_HexN11_Ac11_S29_pNP	11	11	22	11	29	C160H236N12O211S29	6628.000644
HS_HexA11_HexN11_Ac11_S30_pNP	11	11	22	11	30	C160H236N12O214S30	6707.957459
HS_HexA11_HexN11_Ac11_S31_pNP	11	11	22	11	31	C160H236N12O217S31	6787.914275
HS_HexA11_HexN11_Ac11_S32_pNP	11	11	22	11	32	C160H236N12O220S32	6867.871090
HS_HexA11_HexN11_Ac11_S33_pNP	11	11	22	11	33	C160H236N12O223S33	6947.827905
HS_HexA12_HexN11_Ac0_S0_pNP	12	11	23	0	0	C144H222N12O119	4023.168885
HS_HexA12_HexN11_Ac0_S1_pNP	12	11	23	0	1	C144H222N12O122S	4103.125700
HS_HexA12_HexN11_Ac0_S2_pNP	12	11	23	0	2	C144H222N12O125S2	4183.082515
HS_HexA12_HexN11_Ac0_S3_pNP	12	11	23	0	3	C144H222N12O128S3	4263.039330
HS_HexA12_HexN11_Ac0_S4_pNP	12	11	23	0	4	C144H222N12O131S4	4342.996145
HS_HexA12_HexN11_Ac0_S5_pNP	12	11	23	0	5	C144H222N12O134S5	4422.952960
HS_HexA12_HexN11_Ac0_S6_pNP	12	11	23	0	6	C144H222N12O137S6	4502.909775
HS_HexA12_HexN11_Ac0_S7_pNP	12	11	23	0	7	C144H222N12O140S7	4582.866590
HS_HexA12_HexN11_Ac0_S8_pNP	12	11	23	0	8	C144H222N12O143S8	4662.823405
HS_HexA12_HexN11_Ac0_S9_pNP	12	11	23	0	9	C144H222N12O146S9	4742.780220
HS_HexA12_HexN11_Ac0_S10_pNP	12	11	23	0	10	C144H222N12O149S10	4822.737035
HS_HexA12_HexN11_Ac0_S11_pNP	12	11	23	0	11	C144H222N12O152S11	4902.693850
HS_HexA12_HexN11_Ac0_S12_pNP	12	11	23	0	12	C144H222N12O155S12	4982.650665
HS_HexA12_HexN11_Ac0_S13_pNP	12	11	23	0	13	C144H222N12O158S13	5062.607480
HS_HexA12_HexN11_Ac0_S14_pNP	12	11	23	0	14	C144H222N12O161S14	5142.564295
HS_HexA12_HexN11_Ac0_S15_pNP	12	11	23	0	15	C144H222N12O164S15	5222.521110
HS_HexA12_HexN11_Ac0_S16_pNP	12	11	23	0	16	C144H222N12O167S16	5302.477925
HS_HexA12_HexN11_Ac0_S17_pNP	12	11	23	0	17	C144H222N12O170S17	5382.434740
HS_HexA12_HexN11_Ac0_S18_pNP	12	11	23	0	18	C144H222N12O173S18	5462.391556
HS_HexA12_HexN11_Ac0_S19_pNP	12	11	23	0	19	C144H222N12O176S19	5542.348371
HS_HexA12_HexN11_Ac0_S20_pNP	12	11	23	0	20	C144H222N12O179S20	5622.305186
HS_HexA12_HexN11_Ac0_S21_pNP	12	11	23	0	21	C144H222N12O182S21	5702.262001
HS_HexA12_HexN11_Ac0_S22_pNP	12	11	23	0	22	C144H222N12O185S22	5782.218816
HS_HexA12_HexN11_Ac0_S23_pNP	12	11	23	0	23	C144H222N12O188S23	5862.175631
HS_HexA12_HexN11_Ac0_S24_pNP	12	11	23	0	24	C144H222N12O191S24	5942.132446
HS_HexA12_HexN11_Ac0_S25_pNP	12	11	23	0	25	C144H222N12O194S25	6022.089261
HS_HexA12_HexN11_Ac0_S26_pNP	12	11	23	0	26	C144H222N12O197S26	6102.046076
HS_HexA12_HexN11_Ac0_S27_pNP	12	11	23	0	27	C144H222N12O200S27	6182.002891
HS_HexA12_HexN11_Ac0_S28_pNP	12	11	23	0	28	C144H222N12O203S28	6261.959706
HS_HexA12_HexN11_Ac0_S29_pNP	12	11	23	0	29	C144H222N12O206S29	6341.916521
HS_HexA12_HexN11_Ac0_S30_pNP	12	11	23	0	30	C144H222N12O209S30	6421.873336
HS_HexA12_HexN11_Ac0_S31_pNP	12	11	23	0	31	C144H222N12O212S31	6501.830151
HS_HexA12_HexN11_Ac0_S32_pNP	12	11	23	0	32	C144H222N12O215S32	6581.786966
HS_HexA12_HexN11_Ac0_S33_pNP	12	11	23	0	33	C144H222N12O218S33	6661.743781
HS_HexA12_HexN11_Ac1_S0_pNP	12	11	23	1	0	C146H224N12O120	4065.179450
HS_HexA12_HexN11_Ac1_S1_pNP	12	11	23	1	1	C146H224N12O123S	4145.136265
HS_HexA12_HexN11_Ac1_S2_pNP	12	11	23	1	2	C146H224N12O126S2	4225.093080
HS_HexA12_HexN11_Ac1_S3_pNP	12	11	23	1	3	C146H224N12O129S3	4305.049895
HS_HexA12_HexN11_Ac1_S4_pNP	12	11	23	1	4	C146H224N12O132S4	4385.006710
HS_HexA12_HexN11_Ac1_S5_pNP	12	11	23	1	5	C146H224N12O135S5	4464.963525
HS_HexA12_HexN11_Ac1_S6_pNP	12	11	23	1	6	C146H224N12O138S6	4544.920340
HS_HexA12_HexN11_Ac1_S7_pNP	12	11	23	1	7	C146H224N12O141S7	4624.877155
HS_HexA12_HexN11_Ac1_S8_pNP	12	11	23	1	8	C146H224N12O144S8	4704.833970
HS_HexA12_HexN11_Ac1_S9_pNP	12	11	23	1	9	C146H224N12O147S9	4784.790785
HS_HexA12_HexN11_Ac1_S10_pNP	12	11	23	1	10	C146H224N12O150S10	4864.747600
HS_HexA12_HexN11_Ac1_S11_pNP	12	11	23	1	11	C146H224N12O153S11	4944.704415
HS_HexA12_HexN11_Ac1_S12_pNP	12	11	23	1	12	C146H224N12O156S12	5024.661230
HS_HexA12_HexN11_Ac1_S13_pNP	12	11	23	1	13	C146H224N12O159S13	5104.618045
HS_HexA12_HexN11_Ac1_S14_pNP	12	11	23	1	14	C146H224N12O162S14	5184.574860
HS_HexA12_HexN11_Ac1_S15_pNP	12	11	23	1	15	C146H224N12O165S15	5264.531675
HS_HexA12_HexN11_Ac1_S16_pNP	12	11	23	1	16	C146H224N12O168S16	5344.488490
HS_HexA12_HexN11_Ac1_S17_pNP	12	11	23	1	17	C146H224N12O171S17	5424.445305
HS_HexA12_HexN11_Ac1_S18_pNP	12	11	23	1	18	C146H224N12O174S18	5504.402120
HS_HexA12_HexN11_Ac1_S19_pNP	12	11	23	1	19	C146H224N12O177S19	5584.358935
HS_HexA12_HexN11_Ac1_S20_pNP	12	11	23	1	20	C146H224N12O180S20	5664.315750
HS_HexA12_HexN11_Ac1_S21_pNP	12	11	23	1	21	C146H224N12O183S21	5744.272565
HS_HexA12_HexN11_Ac1_S22_pNP	12	11	23	1	22	C146H224N12O186S22	5824.229380
HS_HexA12_HexN11_Ac1_S23_pNP	12	11	23	1	23	C146H224N12O189S23	5904.186195
HS_HexA12_HexN11_Ac1_S24_pNP	12	11	23	1	24	C146H224N12O192S24	5984.143010
HS_HexA12_HexN11_Ac1_S25_pNP	12	11	23	1	25	C146H224N12O195S25	6064.099825
HS_HexA12_HexN11_Ac1_S26_pNP	12	11	23	1	26	C146H224N12O198S26	6144.056640
HS_HexA12_HexN11_Ac1_S27_pNP	12	11	23	1	27	C146H224N12O201S27	6224.013456
HS_HexA12_HexN11_Ac1_S28_pNP	12	11	23	1	28	C146H224N12O204S28	6303.970271
HS_HexA12_HexN11_Ac1_S29_pNP	12	11	23	1	29	C146H224N12O207S29	6383.927086
HS_HexA12_HexN11_Ac1_S30_pNP	12	11	23	1	30	C146H224N12O210S30	6463.883901
HS_HexA12_HexN11_Ac1_S31_pNP	12	11	23	1	31	C146H224N12O213S31	6543.840716
HS_HexA12_HexN11_Ac1_S32_pNP	12	11	23	1	32	C146H224N12O216S32	6623.797531
HS_HexA12_HexN11_Ac1_S33_pNP	12	11	23	1	33	C146H224N12O219S33	6703.754346
HS_HexA12_HexN11_Ac2_S0_pNP	12	11	23	2	0	C148H226N12O121	4107.190014
HS_HexA12_HexN11_Ac2_S1_pNP	12	11	23	2	1	C148H226N12O124S	4187.146829
HS_HexA12_HexN11_Ac2_S2_pNP	12	11	23	2	2	C148H226N12O127S2	4267.103644
HS_HexA12_HexN11_Ac2_S3_pNP	12	11	23	2	3	C148H226N12O130S3	4347.060459
HS_HexA12_HexN11_Ac2_S4_pNP	12	11	23	2	4	C148H226N12O133S4	4427.017274
HS_HexA12_HexN11_Ac2_S5_pNP	12	11	23	2	5	C148H226N12O136S5	4506.974089
HS_HexA12_HexN11_Ac2_S6_pNP	12	11	23	2	6	C148H226N12O139S6	4586.930905
HS_HexA12_HexN11_Ac2_S7_pNP	12	11	23	2	7	C148H226N12O142S7	4666.887720
HS_HexA12_HexN11_Ac2_S8_pNP	12	11	23	2	8	C148H226N12O145S8	4746.844535
HS_HexA12_HexN11_Ac2_S9_pNP	12	11	23	2	9	C148H226N12O148S9	4826.801350
HS_HexA12_HexN11_Ac2_S10_pNP	12	11	23	2	10	C148H226N12O151S10	4906.758165
HS_HexA12_HexN11_Ac2_S11_pNP	12	11	23	2	11	C148H226N12O154S11	4986.714980
HS_HexA12_HexN11_Ac2_S12_pNP	12	11	23	2	12	C148H226N12O157S12	5066.671795
HS_HexA12_HexN11_Ac2_S13_pNP	12	11	23	2	13	C148H226N12O160S13	5146.628610
HS_HexA12_HexN11_Ac2_S14_pNP	12	11	23	2	14	C148H226N12O163S14	5226.585425
HS_HexA12_HexN11_Ac2_S15_pNP	12	11	23	2	15	C148H226N12O166S15	5306.542240
HS_HexA12_HexN11_Ac2_S16_pNP	12	11	23	2	16	C148H226N12O169S16	5386.499055
HS_HexA12_HexN11_Ac2_S17_pNP	12	11	23	2	17	C148H226N12O172S17	5466.455870
HS_HexA12_HexN11_Ac2_S18_pNP	12	11	23	2	18	C148H226N12O175S18	5546.412685
HS_HexA12_HexN11_Ac2_S19_pNP	12	11	23	2	19	C148H226N12O178S19	5626.369500
HS_HexA12_HexN11_Ac2_S20_pNP	12	11	23	2	20	C148H226N12O181S20	5706.326315
HS_HexA12_HexN11_Ac2_S21_pNP	12	11	23	2	21	C148H226N12O184S21	5786.283130
HS_HexA12_HexN11_Ac2_S22_pNP	12	11	23	2	22	C148H226N12O187S22	5866.239945
HS_HexA12_HexN11_Ac2_S23_pNP	12	11	23	2	23	C148H226N12O190S23	5946.196760
HS_HexA12_HexN11_Ac2_S24_pNP	12	11	23	2	24	C148H226N12O193S24	6026.153575
HS_HexA12_HexN11_Ac2_S25_pNP	12	11	23	2	25	C148H226N12O196S25	6106.110390
HS_HexA12_HexN11_Ac2_S26_pNP	12	11	23	2	26	C148H226N12O199S26	6186.067205
HS_HexA12_HexN11_Ac2_S27_pNP	12	11	23	2	27	C148H226N12O202S27	6266.024020
HS_HexA12_HexN11_Ac2_S28_pNP	12	11	23	2	28	C148H226N12O205S28	6345.980835
HS_HexA12_HexN11_Ac2_S29_pNP	12	11	23	2	29	C148H226N12O208S29	6425.937650
HS_HexA12_HexN11_Ac2_S30_pNP	12	11	23	2	30	C148H226N12O211S30	6505.894465
HS_HexA12_HexN11_Ac2_S31_pNP	12	11	23	2	31	C148H226N12O214S31	6585.851280
HS_HexA12_HexN11_Ac2_S32_pNP	12	11	23	2	32	C148H226N12O217S32	6665.808095
HS_HexA12_HexN11_Ac2_S33_pNP	12	11	23	2	33	C148H226N12O220S33	6745.764910
HS_HexA12_HexN11_Ac3_S0_pNP	12	11	23	3	0	C150H228N12O122	4149.200579
HS_HexA12_HexN11_Ac3_S1_pNP	12	11	23	3	1	C150H228N12O125S	4229.157394
HS_HexA12_HexN11_Ac3_S2_pNP	12	11	23	3	2	C150H228N12O128S2	4309.114209
HS_HexA12_HexN11_Ac3_S3_pNP	12	11	23	3	3	C150H228N12O131S3	4389.071024
HS_HexA12_HexN11_Ac3_S4_pNP	12	11	23	3	4	C150H228N12O134S4	4469.027839
HS_HexA12_HexN11_Ac3_S5_pNP	12	11	23	3	5	C150H228N12O137S5	4548.984654
HS_HexA12_HexN11_Ac3_S6_pNP	12	11	23	3	6	C150H228N12O140S6	4628.941469
HS_HexA12_HexN11_Ac3_S7_pNP	12	11	23	3	7	C150H228N12O143S7	4708.898284
HS_HexA12_HexN11_Ac3_S8_pNP	12	11	23	3	8	C150H228N12O146S8	4788.855099
HS_HexA12_HexN11_Ac3_S9_pNP	12	11	23	3	9	C150H228N12O149S9	4868.811914
HS_HexA12_HexN11_Ac3_S10_pNP	12	11	23	3	10	C150H228N12O152S10	4948.768729
HS_HexA12_HexN11_Ac3_S11_pNP	12	11	23	3	11	C150H228N12O155S11	5028.725544
HS_HexA12_HexN11_Ac3_S12_pNP	12	11	23	3	12	C150H228N12O158S12	5108.682359
HS_HexA12_HexN11_Ac3_S13_pNP	12	11	23	3	13	C150H228N12O161S13	5188.639174
HS_HexA12_HexN11_Ac3_S14_pNP	12	11	23	3	14	C150H228N12O164S14	5268.595989
HS_HexA12_HexN11_Ac3_S15_pNP	12	11	23	3	15	C150H228N12O167S15	5348.552804
HS_HexA12_HexN11_Ac3_S16_pNP	12	11	23	3	16	C150H228N12O170S16	5428.509620
HS_HexA12_HexN11_Ac3_S17_pNP	12	11	23	3	17	C150H228N12O173S17	5508.466435
HS_HexA12_HexN11_Ac3_S18_pNP	12	11	23	3	18	C150H228N12O176S18	5588.423250
HS_HexA12_HexN11_Ac3_S19_pNP	12	11	23	3	19	C150H228N12O179S19	5668.380065
HS_HexA12_HexN11_Ac3_S20_pNP	12	11	23	3	20	C150H228N12O182S20	5748.336880
HS_HexA12_HexN11_Ac3_S21_pNP	12	11	23	3	21	C150H228N12O185S21	5828.293695
HS_HexA12_HexN11_Ac3_S22_pNP	12	11	23	3	22	C150H228N12O188S22	5908.250510
HS_HexA12_HexN11_Ac3_S23_pNP	12	11	23	3	23	C150H228N12O191S23	5988.207325
HS_HexA12_HexN11_Ac3_S24_pNP	12	11	23	3	24	C150H228N12O194S24	6068.164140
HS_HexA12_HexN11_Ac3_S25_pNP	12	11	23	3	25	C150H228N12O197S25	6148.120955
HS_HexA12_HexN11_Ac3_S26_pNP	12	11	23	3	26	C150H228N12O200S26	6228.077770
HS_HexA12_HexN11_Ac3_S27_pNP	12	11	23	3	27	C150H228N12O203S27	6308.034585
HS_HexA12_HexN11_Ac3_S28_pNP	12	11	23	3	28	C150H228N12O206S28	6387.991400
HS_HexA12_HexN11_Ac3_S29_pNP	12	11	23	3	29	C150H228N12O209S29	6467.948215
HS_HexA12_HexN11_Ac3_S30_pNP	12	11	23	3	30	C150H228N12O212S30	6547.905030
HS_HexA12_HexN11_Ac3_S31_pNP	12	11	23	3	31	C150H228N12O215S31	6627.861845
HS_HexA12_HexN11_Ac3_S32_pNP	12	11	23	3	32	C150H228N12O218S32	6707.818660
HS_HexA12_HexN11_Ac3_S33_pNP	12	11	23	3	33	C150H228N12O221S33	6787.775475
HS_HexA12_HexN11_Ac4_S0_pNP	12	11	23	4	0	C152H230N12O123	4191.211144
HS_HexA12_HexN11_Ac4_S1_pNP	12	11	23	4	1	C152H230N12O126S	4271.167959
HS_HexA12_HexN11_Ac4_S2_pNP	12	11	23	4	2	C152H230N12O129S2	4351.124774
HS_HexA12_HexN11_Ac4_S3_pNP	12	11	23	4	3	C152H230N12O132S3	4431.081589
HS_HexA12_HexN11_Ac4_S4_pNP	12	11	23	4	4	C152H230N12O135S4	4511.038404
HS_HexA12_HexN11_Ac4_S5_pNP	12	11	23	4	5	C152H230N12O138S5	4590.995219
HS_HexA12_HexN11_Ac4_S6_pNP	12	11	23	4	6	C152H230N12O141S6	4670.952034
HS_HexA12_HexN11_Ac4_S7_pNP	12	11	23	4	7	C152H230N12O144S7	4750.908849
HS_HexA12_HexN11_Ac4_S8_pNP	12	11	23	4	8	C152H230N12O147S8	4830.865664
HS_HexA12_HexN11_Ac4_S9_pNP	12	11	23	4	9	C152H230N12O150S9	4910.822479
HS_HexA12_HexN11_Ac4_S10_pNP	12	11	23	4	10	C152H230N12O153S10	4990.779294
HS_HexA12_HexN11_Ac4_S11_pNP	12	11	23	4	11	C152H230N12O156S11	5070.736109
HS_HexA12_HexN11_Ac4_S12_pNP	12	11	23	4	12	C152H230N12O159S12	5150.692924
HS_HexA12_HexN11_Ac4_S13_pNP	12	11	23	4	13	C152H230N12O162S13	5230.649739
HS_HexA12_HexN11_Ac4_S14_pNP	12	11	23	4	14	C152H230N12O165S14	5310.606554
HS_HexA12_HexN11_Ac4_S15_pNP	12	11	23	4	15	C152H230N12O168S15	5390.563369
HS_HexA12_HexN11_Ac4_S16_pNP	12	11	23	4	16	C152H230N12O171S16	5470.520184
HS_HexA12_HexN11_Ac4_S17_pNP	12	11	23	4	17	C152H230N12O174S17	5550.476999
HS_HexA12_HexN11_Ac4_S18_pNP	12	11	23	4	18	C152H230N12O177S18	5630.433814
HS_HexA12_HexN11_Ac4_S19_pNP	12	11	23	4	19	C152H230N12O180S19	5710.390629
HS_HexA12_HexN11_Ac4_S20_pNP	12	11	23	4	20	C152H230N12O183S20	5790.347444
HS_HexA12_HexN11_Ac4_S21_pNP	12	11	23	4	21	C152H230N12O186S21	5870.304259
HS_HexA12_HexN11_Ac4_S22_pNP	12	11	23	4	22	C152H230N12O189S22	5950.261074
HS_HexA12_HexN11_Ac4_S23_pNP	12	11	23	4	23	C152H230N12O192S23	6030.217889
HS_HexA12_HexN11_Ac4_S24_pNP	12	11	23	4	24	C152H230N12O195S24	6110.174704
HS_HexA12_HexN11_Ac4_S25_pNP	12	11	23	4	25	C152H230N12O198S25	6190.131520
HS_HexA12_HexN11_Ac4_S26_pNP	12	11	23	4	26	C152H230N12O201S26	6270.088335
HS_HexA12_HexN11_Ac4_S27_pNP	12	11	23	4	27	C152H230N12O204S27	6350.045150
HS_HexA12_HexN11_Ac4_S28_pNP	12	11	23	4	28	C152H230N12O207S28	6430.001965
HS_HexA12_HexN11_Ac4_S29_pNP	12	11	23	4	29	C152H230N12O210S29	6509.958780
HS_HexA12_HexN11_Ac4_S30_pNP	12	11	23	4	30	C152H230N12O213S30	6589.915595
HS_HexA12_HexN11_Ac4_S31_pNP	12	11	23	4	31	C152H230N12O216S31	6669.872410
HS_HexA12_HexN11_Ac4_S32_pNP	12	11	23	4	32	C152H230N12O219S32	6749.829225
HS_HexA12_HexN11_Ac4_S33_pNP	12	11	23	4	33	C152H230N12O222S33	6829.786040
HS_HexA12_HexN11_Ac5_S0_pNP	12	11	23	5	0	C154H232N12O124	4233.221708
HS_HexA12_HexN11_Ac5_S1_pNP	12	11	23	5	1	C154H232N12O127S	4313.178523
HS_HexA12_HexN11_Ac5_S2_pNP	12	11	23	5	2	C154H232N12O130S2	4393.135338
HS_HexA12_HexN11_Ac5_S3_pNP	12	11	23	5	3	C154H232N12O133S3	4473.092153
HS_HexA12_HexN11_Ac5_S4_pNP	12	11	23	5	4	C154H232N12O136S4	4553.048968
HS_HexA12_HexN11_Ac5_S5_pNP	12	11	23	5	5	C154H232N12O139S5	4633.005784
HS_HexA12_HexN11_Ac5_S6_pNP	12	11	23	5	6	C154H232N12O142S6	4712.962599
HS_HexA12_HexN11_Ac5_S7_pNP	12	11	23	5	7	C154H232N12O145S7	4792.919414
HS_HexA12_HexN11_Ac5_S8_pNP	12	11	23	5	8	C154H232N12O148S8	4872.876229
HS_HexA12_HexN11_Ac5_S9_pNP	12	11	23	5	9	C154H232N12O151S9	4952.833044
HS_HexA12_HexN11_Ac5_S10_pNP	12	11	23	5	10	C154H232N12O154S10	5032.789859
HS_HexA12_HexN11_Ac5_S11_pNP	12	11	23	5	11	C154H232N12O157S11	5112.746674
HS_HexA12_HexN11_Ac5_S12_pNP	12	11	23	5	12	C154H232N12O160S12	5192.703489
HS_HexA12_HexN11_Ac5_S13_pNP	12	11	23	5	13	C154H232N12O163S13	5272.660304
HS_HexA12_HexN11_Ac5_S14_pNP	12	11	23	5	14	C154H232N12O166S14	5352.617119
HS_HexA12_HexN11_Ac5_S15_pNP	12	11	23	5	15	C154H232N12O169S15	5432.573934
HS_HexA12_HexN11_Ac5_S16_pNP	12	11	23	5	16	C154H232N12O172S16	5512.530749
HS_HexA12_HexN11_Ac5_S17_pNP	12	11	23	5	17	C154H232N12O175S17	5592.487564
HS_HexA12_HexN11_Ac5_S18_pNP	12	11	23	5	18	C154H232N12O178S18	5672.444379
HS_HexA12_HexN11_Ac5_S19_pNP	12	11	23	5	19	C154H232N12O181S19	5752.401194
HS_HexA12_HexN11_Ac5_S20_pNP	12	11	23	5	20	C154H232N12O184S20	5832.358009
HS_HexA12_HexN11_Ac5_S21_pNP	12	11	23	5	21	C154H232N12O187S21	5912.314824
HS_HexA12_HexN11_Ac5_S22_pNP	12	11	23	5	22	C154H232N12O190S22	5992.271639
HS_HexA12_HexN11_Ac5_S23_pNP	12	11	23	5	23	C154H232N12O193S23	6072.228454
HS_HexA12_HexN11_Ac5_S24_pNP	12	11	23	5	24	C154H232N12O196S24	6152.185269
HS_HexA12_HexN11_Ac5_S25_pNP	12	11	23	5	25	C154H232N12O199S25	6232.142084
HS_HexA12_HexN11_Ac5_S26_pNP	12	11	23	5	26	C154H232N12O202S26	6312.098899
HS_HexA12_HexN11_Ac5_S27_pNP	12	11	23	5	27	C154H232N12O205S27	6392.055714
HS_HexA12_HexN11_Ac5_S28_pNP	12	11	23	5	28	C154H232N12O208S28	6472.012529
HS_HexA12_HexN11_Ac5_S29_pNP	12	11	23	5	29	C154H232N12O211S29	6551.969344
HS_HexA12_HexN11_Ac5_S30_pNP	12	11	23	5	30	C154H232N12O214S30	6631.926159
HS_HexA12_HexN11_Ac5_S31_pNP	12	11	23	5	31	C154H232N12O217S31	6711.882974
HS_HexA12_HexN11_Ac5_S32_pNP	12	11	23	5	32	C154H232N12O220S32	6791.839789
HS_HexA12_HexN11_Ac5_S33_pNP	12	11	23	5	33	C154H232N12O223S33	6871.796604
HS_HexA12_HexN11_Ac6_S0_pNP	12	11	23	6	0	C156H234N12O125	4275.232273
HS_HexA12_HexN11_Ac6_S1_pNP	12	11	23	6	1	C156H234N12O128S	4355.189088
HS_HexA12_HexN11_Ac6_S2_pNP	12	11	23	6	2	C156H234N12O131S2	4435.145903
HS_HexA12_HexN11_Ac6_S3_pNP	12	11	23	6	3	C156H234N12O134S3	4515.102718
HS_HexA12_HexN11_Ac6_S4_pNP	12	11	23	6	4	C156H234N12O137S4	4595.059533
HS_HexA12_HexN11_Ac6_S5_pNP	12	11	23	6	5	C156H234N12O140S5	4675.016348
HS_HexA12_HexN11_Ac6_S6_pNP	12	11	23	6	6	C156H234N12O143S6	4754.973163
HS_HexA12_HexN11_Ac6_S7_pNP	12	11	23	6	7	C156H234N12O146S7	4834.929978
HS_HexA12_HexN11_Ac6_S8_pNP	12	11	23	6	8	C156H234N12O149S8	4914.886793
HS_HexA12_HexN11_Ac6_S9_pNP	12	11	23	6	9	C156H234N12O152S9	4994.843608
HS_HexA12_HexN11_Ac6_S10_pNP	12	11	23	6	10	C156H234N12O155S10	5074.800423
HS_HexA12_HexN11_Ac6_S11_pNP	12	11	23	6	11	C156H234N12O158S11	5154.757238
HS_HexA12_HexN11_Ac6_S12_pNP	12	11	23	6	12	C156H234N12O161S12	5234.714053
HS_HexA12_HexN11_Ac6_S13_pNP	12	11	23	6	13	C156H234N12O164S13	5314.670868
HS_HexA12_HexN11_Ac6_S14_pNP	12	11	23	6	14	C156H234N12O167S14	5394.627684
HS_HexA12_HexN11_Ac6_S15_pNP	12	11	23	6	15	C156H234N12O170S15	5474.584499
HS_HexA12_HexN11_Ac6_S16_pNP	12	11	23	6	16	C156H234N12O173S16	5554.541314
HS_HexA12_HexN11_Ac6_S17_pNP	12	11	23	6	17	C156H234N12O176S17	5634.498129
HS_HexA12_HexN11_Ac6_S18_pNP	12	11	23	6	18	C156H234N12O179S18	5714.454944
HS_HexA12_HexN11_Ac6_S19_pNP	12	11	23	6	19	C156H234N12O182S19	5794.411759
HS_HexA12_HexN11_Ac6_S20_pNP	12	11	23	6	20	C156H234N12O185S20	5874.368574
HS_HexA12_HexN11_Ac6_S21_pNP	12	11	23	6	21	C156H234N12O188S21	5954.325389
HS_HexA12_HexN11_Ac6_S22_pNP	12	11	23	6	22	C156H234N12O191S22	6034.282204
HS_HexA12_HexN11_Ac6_S23_pNP	12	11	23	6	23	C156H234N12O194S23	6114.239019
HS_HexA12_HexN11_Ac6_S24_pNP	12	11	23	6	24	C156H234N12O197S24	6194.195834
HS_HexA12_HexN11_Ac6_S25_pNP	12	11	23	6	25	C156H234N12O200S25	6274.152649
HS_HexA12_HexN11_Ac6_S26_pNP	12	11	23	6	26	C156H234N12O203S26	6354.109464
HS_HexA12_HexN11_Ac6_S27_pNP	12	11	23	6	27	C156H234N12O206S27	6434.066279
HS_HexA12_HexN11_Ac6_S28_pNP	12	11	23	6	28	C156H234N12O209S28	6514.023094
HS_HexA12_HexN11_Ac6_S29_pNP	12	11	23	6	29	C156H234N12O212S29	6593.979909
HS_HexA12_HexN11_Ac6_S30_pNP	12	11	23	6	30	C156H234N12O215S30	6673.936724
HS_HexA12_HexN11_Ac6_S31_pNP	12	11	23	6	31	C156H234N12O218S31	6753.893539
HS_HexA12_HexN11_Ac6_S32_pNP	12	11	23	6	32	C156H234N12O221S32	6833.850354
HS_HexA12_HexN11_Ac6_S33_pNP	12	11	23	6	33	C156H234N12O224S33	6913.807169
HS_HexA12_HexN11_Ac7_S0_pNP	12	11	23	7	0	C158H236N12O126	4317.242838
HS_HexA12_HexN11_Ac7_S1_pNP	12	11	23	7	1	C158H236N12O129S	4397.199653
HS_HexA12_HexN11_Ac7_S2_pNP	12	11	23	7	2	C158H236N12O132S2	4477.156468
HS_HexA12_HexN11_Ac7_S3_pNP	12	11	23	7	3	C158H236N12O135S3	4557.113283
HS_HexA12_HexN11_Ac7_S4_pNP	12	11	23	7	4	C158H236N12O138S4	4637.070098
HS_HexA12_HexN11_Ac7_S5_pNP	12	11	23	7	5	C158H236N12O141S5	4717.026913
HS_HexA12_HexN11_Ac7_S6_pNP	12	11	23	7	6	C158H236N12O144S6	4796.983728
HS_HexA12_HexN11_Ac7_S7_pNP	12	11	23	7	7	C158H236N12O147S7	4876.940543
HS_HexA12_HexN11_Ac7_S8_pNP	12	11	23	7	8	C158H236N12O150S8	4956.897358
HS_HexA12_HexN11_Ac7_S9_pNP	12	11	23	7	9	C158H236N12O153S9	5036.854173
HS_HexA12_HexN11_Ac7_S10_pNP	12	11	23	7	10	C158H236N12O156S10	5116.810988
HS_HexA12_HexN11_Ac7_S11_pNP	12	11	23	7	11	C158H236N12O159S11	5196.767803
HS_HexA12_HexN11_Ac7_S12_pNP	12	11	23	7	12	C158H236N12O162S12	5276.724618
HS_HexA12_HexN11_Ac7_S13_pNP	12	11	23	7	13	C158H236N12O165S13	5356.681433
HS_HexA12_HexN11_Ac7_S14_pNP	12	11	23	7	14	C158H236N12O168S14	5436.638248
HS_HexA12_HexN11_Ac7_S15_pNP	12	11	23	7	15	C158H236N12O171S15	5516.595063
HS_HexA12_HexN11_Ac7_S16_pNP	12	11	23	7	16	C158H236N12O174S16	5596.551878
HS_HexA12_HexN11_Ac7_S17_pNP	12	11	23	7	17	C158H236N12O177S17	5676.508693
HS_HexA12_HexN11_Ac7_S18_pNP	12	11	23	7	18	C158H236N12O180S18	5756.465508
HS_HexA12_HexN11_Ac7_S19_pNP	12	11	23	7	19	C158H236N12O183S19	5836.422323
HS_HexA12_HexN11_Ac7_S20_pNP	12	11	23	7	20	C158H236N12O186S20	5916.379138
HS_HexA12_HexN11_Ac7_S21_pNP	12	11	23	7	21	C158H236N12O189S21	5996.335953
HS_HexA12_HexN11_Ac7_S22_pNP	12	11	23	7	22	C158H236N12O192S22	6076.292768
HS_HexA12_HexN11_Ac7_S23_pNP	12	11	23	7	23	C158H236N12O195S23	6156.249583
HS_HexA12_HexN11_Ac7_S24_pNP	12	11	23	7	24	C158H236N12O198S24	6236.206399
HS_HexA12_HexN11_Ac7_S25_pNP	12	11	23	7	25	C158H236N12O201S25	6316.163214
HS_HexA12_HexN11_Ac7_S26_pNP	12	11	23	7	26	C158H236N12O204S26	6396.120029
HS_HexA12_HexN11_Ac7_S27_pNP	12	11	23	7	27	C158H236N12O207S27	6476.076844
HS_HexA12_HexN11_Ac7_S28_pNP	12	11	23	7	28	C158H236N12O210S28	6556.033659
HS_HexA12_HexN11_Ac7_S29_pNP	12	11	23	7	29	C158H236N12O213S29	6635.990474
HS_HexA12_HexN11_Ac7_S30_pNP	12	11	23	7	30	C158H236N12O216S30	6715.947289
HS_HexA12_HexN11_Ac7_S31_pNP	12	11	23	7	31	C158H236N12O219S31	6795.904104
HS_HexA12_HexN11_Ac7_S32_pNP	12	11	23	7	32	C158H236N12O222S32	6875.860919
HS_HexA12_HexN11_Ac7_S33_pNP	12	11	23	7	33	C158H236N12O225S33	6955.817734
HS_HexA12_HexN11_Ac8_S0_pNP	12	11	23	8	0	C160H238N12O127	4359.253402
HS_HexA12_HexN11_Ac8_S1_pNP	12	11	23	8	1	C160H238N12O130S	4439.210217
HS_HexA12_HexN11_Ac8_S2_pNP	12	11	23	8	2	C160H238N12O133S2	4519.167032
HS_HexA12_HexN11_Ac8_S3_pNP	12	11	23	8	3	C160H238N12O136S3	4599.123848
HS_HexA12_HexN11_Ac8_S4_pNP	12	11	23	8	4	C160H238N12O139S4	4679.080663
HS_HexA12_HexN11_Ac8_S5_pNP	12	11	23	8	5	C160H238N12O142S5	4759.037478
HS_HexA12_HexN11_Ac8_S6_pNP	12	11	23	8	6	C160H238N12O145S6	4838.994293
HS_HexA12_HexN11_Ac8_S7_pNP	12	11	23	8	7	C160H238N12O148S7	4918.951108
HS_HexA12_HexN11_Ac8_S8_pNP	12	11	23	8	8	C160H238N12O151S8	4998.907923
HS_HexA12_HexN11_Ac8_S9_pNP	12	11	23	8	9	C160H238N12O154S9	5078.864738
HS_HexA12_HexN11_Ac8_S10_pNP	12	11	23	8	10	C160H238N12O157S10	5158.821553
HS_HexA12_HexN11_Ac8_S11_pNP	12	11	23	8	11	C160H238N12O160S11	5238.778368
HS_HexA12_HexN11_Ac8_S12_pNP	12	11	23	8	12	C160H238N12O163S12	5318.735183
HS_HexA12_HexN11_Ac8_S13_pNP	12	11	23	8	13	C160H238N12O166S13	5398.691998
HS_HexA12_HexN11_Ac8_S14_pNP	12	11	23	8	14	C160H238N12O169S14	5478.648813
HS_HexA12_HexN11_Ac8_S15_pNP	12	11	23	8	15	C160H238N12O172S15	5558.605628
HS_HexA12_HexN11_Ac8_S16_pNP	12	11	23	8	16	C160H238N12O175S16	5638.562443
HS_HexA12_HexN11_Ac8_S17_pNP	12	11	23	8	17	C160H238N12O178S17	5718.519258
HS_HexA12_HexN11_Ac8_S18_pNP	12	11	23	8	18	C160H238N12O181S18	5798.476073
HS_HexA12_HexN11_Ac8_S19_pNP	12	11	23	8	19	C160H238N12O184S19	5878.432888
HS_HexA12_HexN11_Ac8_S20_pNP	12	11	23	8	20	C160H238N12O187S20	5958.389703
HS_HexA12_HexN11_Ac8_S21_pNP	12	11	23	8	21	C160H238N12O190S21	6038.346518
HS_HexA12_HexN11_Ac8_S22_pNP	12	11	23	8	22	C160H238N12O193S22	6118.303333
HS_HexA12_HexN11_Ac8_S23_pNP	12	11	23	8	23	C160H238N12O196S23	6198.260148
HS_HexA12_HexN11_Ac8_S24_pNP	12	11	23	8	24	C160H238N12O199S24	6278.216963
HS_HexA12_HexN11_Ac8_S25_pNP	12	11	23	8	25	C160H238N12O202S25	6358.173778
HS_HexA12_HexN11_Ac8_S26_pNP	12	11	23	8	26	C160H238N12O205S26	6438.130593
HS_HexA12_HexN11_Ac8_S27_pNP	12	11	23	8	27	C160H238N12O208S27	6518.087408
HS_HexA12_HexN11_Ac8_S28_pNP	12	11	23	8	28	C160H238N12O211S28	6598.044223
HS_HexA12_HexN11_Ac8_S29_pNP	12	11	23	8	29	C160H238N12O214S29	6678.001038
HS_HexA12_HexN11_Ac8_S30_pNP	12	11	23	8	30	C160H238N12O217S30	6757.957853
HS_HexA12_HexN11_Ac8_S31_pNP	12	11	23	8	31	C160H238N12O220S31	6837.914668
HS_HexA12_HexN11_Ac8_S32_pNP	12	11	23	8	32	C160H238N12O223S32	6917.871483
HS_HexA12_HexN11_Ac8_S33_pNP	12	11	23	8	33	C160H238N12O226S33	6997.828299
HS_HexA12_HexN11_Ac9_S0_pNP	12	11	23	9	0	C162H240N12O128	4401.263967
HS_HexA12_HexN11_Ac9_S1_pNP	12	11	23	9	1	C162H240N12O131S	4481.220782
HS_HexA12_HexN11_Ac9_S2_pNP	12	11	23	9	2	C162H240N12O134S2	4561.177597
HS_HexA12_HexN11_Ac9_S3_pNP	12	11	23	9	3	C162H240N12O137S3	4641.134412
HS_HexA12_HexN11_Ac9_S4_pNP	12	11	23	9	4	C162H240N12O140S4	4721.091227
HS_HexA12_HexN11_Ac9_S5_pNP	12	11	23	9	5	C162H240N12O143S5	4801.048042
HS_HexA12_HexN11_Ac9_S6_pNP	12	11	23	9	6	C162H240N12O146S6	4881.004857
HS_HexA12_HexN11_Ac9_S7_pNP	12	11	23	9	7	C162H240N12O149S7	4960.961672
HS_HexA12_HexN11_Ac9_S8_pNP	12	11	23	9	8	C162H240N12O152S8	5040.918487
HS_HexA12_HexN11_Ac9_S9_pNP	12	11	23	9	9	C162H240N12O155S9	5120.875302
HS_HexA12_HexN11_Ac9_S10_pNP	12	11	23	9	10	C162H240N12O158S10	5200.832117
HS_HexA12_HexN11_Ac9_S11_pNP	12	11	23	9	11	C162H240N12O161S11	5280.788932
HS_HexA12_HexN11_Ac9_S12_pNP	12	11	23	9	12	C162H240N12O164S12	5360.745747
HS_HexA12_HexN11_Ac9_S13_pNP	12	11	23	9	13	C162H240N12O167S13	5440.702563
HS_HexA12_HexN11_Ac9_S14_pNP	12	11	23	9	14	C162H240N12O170S14	5520.659378
HS_HexA12_HexN11_Ac9_S15_pNP	12	11	23	9	15	C162H240N12O173S15	5600.616193
HS_HexA12_HexN11_Ac9_S16_pNP	12	11	23	9	16	C162H240N12O176S16	5680.573008
HS_HexA12_HexN11_Ac9_S17_pNP	12	11	23	9	17	C162H240N12O179S17	5760.529823
HS_HexA12_HexN11_Ac9_S18_pNP	12	11	23	9	18	C162H240N12O182S18	5840.486638
HS_HexA12_HexN11_Ac9_S19_pNP	12	11	23	9	19	C162H240N12O185S19	5920.443453
HS_HexA12_HexN11_Ac9_S20_pNP	12	11	23	9	20	C162H240N12O188S20	6000.400268
HS_HexA12_HexN11_Ac9_S21_pNP	12	11	23	9	21	C162H240N12O191S21	6080.357083
HS_HexA12_HexN11_Ac9_S22_pNP	12	11	23	9	22	C162H240N12O194S22	6160.313898
HS_HexA12_HexN11_Ac9_S23_pNP	12	11	23	9	23	C162H240N12O197S23	6240.270713
HS_HexA12_HexN11_Ac9_S24_pNP	12	11	23	9	24	C162H240N12O200S24	6320.227528
HS_HexA12_HexN11_Ac9_S25_pNP	12	11	23	9	25	C162H240N12O203S25	6400.184343
HS_HexA12_HexN11_Ac9_S26_pNP	12	11	23	9	26	C162H240N12O206S26	6480.141158
HS_HexA12_HexN11_Ac9_S27_pNP	12	11	23	9	27	C162H240N12O209S27	6560.097973
HS_HexA12_HexN11_Ac9_S28_pNP	12	11	23	9	28	C162H240N12O212S28	6640.054788
HS_HexA12_HexN11_Ac9_S29_pNP	12	11	23	9	29	C162H240N12O215S29	6720.011603
HS_HexA12_HexN11_Ac9_S30_pNP	12	11	23	9	30	C162H240N12O218S30	6799.968418
HS_HexA12_HexN11_Ac9_S31_pNP	12	11	23	9	31	C162H240N12O221S31	6879.925233
HS_HexA12_HexN11_Ac9_S32_pNP	12	11	23	9	32	C162H240N12O224S32	6959.882048
HS_HexA12_HexN11_Ac9_S33_pNP	12	11	23	9	33	C162H240N12O227S33	7039.838863
HS_HexA12_HexN11_Ac10_S0_pNP	12	11	23	10	0	C164H242N12O129	4443.274532
HS_HexA12_HexN11_Ac10_S1_pNP	12	11	23	10	1	C164H242N12O132S	4523.231347
HS_HexA12_HexN11_Ac10_S2_pNP	12	11	23	10	2	C164H242N12O135S2	4603.188162
HS_HexA12_HexN11_Ac10_S3_pNP	12	11	23	10	3	C164H242N12O138S3	4683.144977
HS_HexA12_HexN11_Ac10_S4_pNP	12	11	23	10	4	C164H242N12O141S4	4763.101792
HS_HexA12_HexN11_Ac10_S5_pNP	12	11	23	10	5	C164H242N12O144S5	4843.058607
HS_HexA12_HexN11_Ac10_S6_pNP	12	11	23	10	6	C164H242N12O147S6	4923.015422
HS_HexA12_HexN11_Ac10_S7_pNP	12	11	23	10	7	C164H242N12O150S7	5002.972237
HS_HexA12_HexN11_Ac10_S8_pNP	12	11	23	10	8	C164H242N12O153S8	5082.929052
HS_HexA12_HexN11_Ac10_S9_pNP	12	11	23	10	9	C164H242N12O156S9	5162.885867
HS_HexA12_HexN11_Ac10_S10_pNP	12	11	23	10	10	C164H242N12O159S10	5242.842682
HS_HexA12_HexN11_Ac10_S11_pNP	12	11	23	10	11	C164H242N12O162S11	5322.799497
HS_HexA12_HexN11_Ac10_S12_pNP	12	11	23	10	12	C164H242N12O165S12	5402.756312
HS_HexA12_HexN11_Ac10_S13_pNP	12	11	23	10	13	C164H242N12O168S13	5482.713127
HS_HexA12_HexN11_Ac10_S14_pNP	12	11	23	10	14	C164H242N12O171S14	5562.669942
HS_HexA12_HexN11_Ac10_S15_pNP	12	11	23	10	15	C164H242N12O174S15	5642.626757
HS_HexA12_HexN11_Ac10_S16_pNP	12	11	23	10	16	C164H242N12O177S16	5722.583572
HS_HexA12_HexN11_Ac10_S17_pNP	12	11	23	10	17	C164H242N12O180S17	5802.540387
HS_HexA12_HexN11_Ac10_S18_pNP	12	11	23	10	18	C164H242N12O183S18	5882.497202
HS_HexA12_HexN11_Ac10_S19_pNP	12	11	23	10	19	C164H242N12O186S19	5962.454017
HS_HexA12_HexN11_Ac10_S20_pNP	12	11	23	10	20	C164H242N12O189S20	6042.410832
HS_HexA12_HexN11_Ac10_S21_pNP	12	11	23	10	21	C164H242N12O192S21	6122.367647
HS_HexA12_HexN11_Ac10_S22_pNP	12	11	23	10	22	C164H242N12O195S22	6202.324463
HS_HexA12_HexN11_Ac10_S23_pNP	12	11	23	10	23	C164H242N12O198S23	6282.281278
HS_HexA12_HexN11_Ac10_S24_pNP	12	11	23	10	24	C164H242N12O201S24	6362.238093
HS_HexA12_HexN11_Ac10_S25_pNP	12	11	23	10	25	C164H242N12O204S25	6442.194908
HS_HexA12_HexN11_Ac10_S26_pNP	12	11	23	10	26	C164H242N12O207S26	6522.151723
HS_HexA12_HexN11_Ac10_S27_pNP	12	11	23	10	27	C164H242N12O210S27	6602.108538
HS_HexA12_HexN11_Ac10_S28_pNP	12	11	23	10	28	C164H242N12O213S28	6682.065353
HS_HexA12_HexN11_Ac10_S29_pNP	12	11	23	10	29	C164H242N12O216S29	6762.022168
HS_HexA12_HexN11_Ac10_S30_pNP	12	11	23	10	30	C164H242N12O219S30	6841.978983
HS_HexA12_HexN11_Ac10_S31_pNP	12	11	23	10	31	C164H242N12O222S31	6921.935798
HS_HexA12_HexN11_Ac10_S32_pNP	12	11	23	10	32	C164H242N12O225S32	7001.892613
HS_HexA12_HexN11_Ac10_S33_pNP	12	11	23	10	33	C164H242N12O228S33	7081.849428
HS_HexA12_HexN11_Ac11_S0_pNP	12	11	23	11	0	C166H244N12O130	4485.285096
HS_HexA12_HexN11_Ac11_S1_pNP	12	11	23	11	1	C166H244N12O133S	4565.241911
HS_HexA12_HexN11_Ac11_S2_pNP	12	11	23	11	2	C166H244N12O136S2	4645.198727
HS_HexA12_HexN11_Ac11_S3_pNP	12	11	23	11	3	C166H244N12O139S3	4725.155542
HS_HexA12_HexN11_Ac11_S4_pNP	12	11	23	11	4	C166H244N12O142S4	4805.112357
HS_HexA12_HexN11_Ac11_S5_pNP	12	11	23	11	5	C166H244N12O145S5	4885.069172
HS_HexA12_HexN11_Ac11_S6_pNP	12	11	23	11	6	C166H244N12O148S6	4965.025987
HS_HexA12_HexN11_Ac11_S7_pNP	12	11	23	11	7	C166H244N12O151S7	5044.982802
HS_HexA12_HexN11_Ac11_S8_pNP	12	11	23	11	8	C166H244N12O154S8	5124.939617
HS_HexA12_HexN11_Ac11_S9_pNP	12	11	23	11	9	C166H244N12O157S9	5204.896432
HS_HexA12_HexN11_Ac11_S10_pNP	12	11	23	11	10	C166H244N12O160S10	5284.853247
HS_HexA12_HexN11_Ac11_S11_pNP	12	11	23	11	11	C166H244N12O163S11	5364.810062
HS_HexA12_HexN11_Ac11_S12_pNP	12	11	23	11	12	C166H244N12O166S12	5444.766877
HS_HexA12_HexN11_Ac11_S13_pNP	12	11	23	11	13	C166H244N12O169S13	5524.723692
HS_HexA12_HexN11_Ac11_S14_pNP	12	11	23	11	14	C166H244N12O172S14	5604.680507
HS_HexA12_HexN11_Ac11_S15_pNP	12	11	23	11	15	C166H244N12O175S15	5684.637322
HS_HexA12_HexN11_Ac11_S16_pNP	12	11	23	11	16	C166H244N12O178S16	5764.594137
HS_HexA12_HexN11_Ac11_S17_pNP	12	11	23	11	17	C166H244N12O181S17	5844.550952
HS_HexA12_HexN11_Ac11_S18_pNP	12	11	23	11	18	C166H244N12O184S18	5924.507767
HS_HexA12_HexN11_Ac11_S19_pNP	12	11	23	11	19	C166H244N12O187S19	6004.464582
HS_HexA12_HexN11_Ac11_S20_pNP	12	11	23	11	20	C166H244N12O190S20	6084.421397
HS_HexA12_HexN11_Ac11_S21_pNP	12	11	23	11	21	C166H244N12O193S21	6164.378212
HS_HexA12_HexN11_Ac11_S22_pNP	12	11	23	11	22	C166H244N12O196S22	6244.335027
HS_HexA12_HexN11_Ac11_S23_pNP	12	11	23	11	23	C166H244N12O199S23	6324.291842
HS_HexA12_HexN11_Ac11_S24_pNP	12	11	23	11	24	C166H244N12O202S24	6404.248657
HS_HexA12_HexN11_Ac11_S25_pNP	12	11	23	11	25	C166H244N12O205S25	6484.205472
HS_HexA12_HexN11_Ac11_S26_pNP	12	11	23	11	26	C166H244N12O208S26	6564.162287
HS_HexA12_HexN11_Ac11_S27_pNP	12	11	23	11	27	C166H244N12O211S27	6644.119102
HS_HexA12_HexN11_Ac11_S28_pNP	12	11	23	11	28	C166H244N12O214S28	6724.075917
HS_HexA12_HexN11_Ac11_S29_pNP	12	11	23	11	29	C166H244N12O217S29	6804.032732
HS_HexA12_HexN11_Ac11_S30_pNP	12	11	23	11	30	C166H244N12O220S30	6883.989547
HS_HexA12_HexN11_Ac11_S31_pNP	12	11	23	11	31	C166H244N12O223S31	6963.946362
HS_HexA12_HexN11_Ac11_S32_pNP	12	11	23	11	32	C166H244N12O226S32	7043.903178
HS_HexA12_HexN11_Ac11_S33_pNP	12	11	23	11	33	C166H244N12O229S33	7123.859993
HS_HexA12_HexN12_Ac0_S0_pNP	12	12	24	0	0	C150H233N13O123	4184.237693
HS_HexA12_HexN12_Ac0_S1_pNP	12	12	24	0	1	C150H233N13O126S	4264.194508
HS_HexA12_HexN12_Ac0_S2_pNP	12	12	24	0	2	C150H233N13O129S2	4344.151323
HS_HexA12_HexN12_Ac0_S3_pNP	12	12	24	0	3	C150H233N13O132S3	4424.108138
HS_HexA12_HexN12_Ac0_S4_pNP	12	12	24	0	4	C150H233N13O135S4	4504.064953
HS_HexA12_HexN12_Ac0_S5_pNP	12	12	24	0	5	C150H233N13O138S5	4584.021768
HS_HexA12_HexN12_Ac0_S6_pNP	12	12	24	0	6	C150H233N13O141S6	4663.978583
HS_HexA12_HexN12_Ac0_S7_pNP	12	12	24	0	7	C150H233N13O144S7	4743.935398
HS_HexA12_HexN12_Ac0_S8_pNP	12	12	24	0	8	C150H233N13O147S8	4823.892213
HS_HexA12_HexN12_Ac0_S9_pNP	12	12	24	0	9	C150H233N13O150S9	4903.849028
HS_HexA12_HexN12_Ac0_S10_pNP	12	12	24	0	10	C150H233N13O153S10	4983.805843
HS_HexA12_HexN12_Ac0_S11_pNP	12	12	24	0	11	C150H233N13O156S11	5063.762658
HS_HexA12_HexN12_Ac0_S12_pNP	12	12	24	0	12	C150H233N13O159S12	5143.719473
HS_HexA12_HexN12_Ac0_S13_pNP	12	12	24	0	13	C150H233N13O162S13	5223.676288
HS_HexA12_HexN12_Ac0_S14_pNP	12	12	24	0	14	C150H233N13O165S14	5303.633103
HS_HexA12_HexN12_Ac0_S15_pNP	12	12	24	0	15	C150H233N13O168S15	5383.589918
HS_HexA12_HexN12_Ac0_S16_pNP	12	12	24	0	16	C150H233N13O171S16	5463.546733
HS_HexA12_HexN12_Ac0_S17_pNP	12	12	24	0	17	C150H233N13O174S17	5543.503548
HS_HexA12_HexN12_Ac0_S18_pNP	12	12	24	0	18	C150H233N13O177S18	5623.460363
HS_HexA12_HexN12_Ac0_S19_pNP	12	12	24	0	19	C150H233N13O180S19	5703.417178
HS_HexA12_HexN12_Ac0_S20_pNP	12	12	24	0	20	C150H233N13O183S20	5783.373993
HS_HexA12_HexN12_Ac0_S21_pNP	12	12	24	0	21	C150H233N13O186S21	5863.330808
HS_HexA12_HexN12_Ac0_S22_pNP	12	12	24	0	22	C150H233N13O189S22	5943.287624
HS_HexA12_HexN12_Ac0_S23_pNP	12	12	24	0	23	C150H233N13O192S23	6023.244439
HS_HexA12_HexN12_Ac0_S24_pNP	12	12	24	0	24	C150H233N13O195S24	6103.201254
HS_HexA12_HexN12_Ac0_S25_pNP	12	12	24	0	25	C150H233N13O198S25	6183.158069
HS_HexA12_HexN12_Ac0_S26_pNP	12	12	24	0	26	C150H233N13O201S26	6263.114884
HS_HexA12_HexN12_Ac0_S27_pNP	12	12	24	0	27	C150H233N13O204S27	6343.071699
HS_HexA12_HexN12_Ac0_S28_pNP	12	12	24	0	28	C150H233N13O207S28	6423.028514
HS_HexA12_HexN12_Ac0_S29_pNP	12	12	24	0	29	C150H233N13O210S29	6502.985329
HS_HexA12_HexN12_Ac0_S30_pNP	12	12	24	0	30	C150H233N13O213S30	6582.942144
HS_HexA12_HexN12_Ac0_S31_pNP	12	12	24	0	31	C150H233N13O216S31	6662.898959
HS_HexA12_HexN12_Ac0_S32_pNP	12	12	24	0	32	C150H233N13O219S32	6742.855774
HS_HexA12_HexN12_Ac0_S33_pNP	12	12	24	0	33	C150H233N13O222S33	6822.812589
HS_HexA12_HexN12_Ac0_S34_pNP	12	12	24	0	34	C150H233N13O225S34	6902.769404
HS_HexA12_HexN12_Ac0_S35_pNP	12	12	24	0	35	C150H233N13O228S35	6982.726219
HS_HexA12_HexN12_Ac0_S36_pNP	12	12	24	0	36	C150H233N13O231S36	7062.683034
HS_HexA12_HexN12_Ac1_S0_pNP	12	12	24	1	0	C152H235N13O124	4226.248257
HS_HexA12_HexN12_Ac1_S1_pNP	12	12	24	1	1	C152H235N13O127S	4306.205072
HS_HexA12_HexN12_Ac1_S2_pNP	12	12	24	1	2	C152H235N13O130S2	4386.161888
HS_HexA12_HexN12_Ac1_S3_pNP	12	12	24	1	3	C152H235N13O133S3	4466.118703
HS_HexA12_HexN12_Ac1_S4_pNP	12	12	24	1	4	C152H235N13O136S4	4546.075518
HS_HexA12_HexN12_Ac1_S5_pNP	12	12	24	1	5	C152H235N13O139S5	4626.032333
HS_HexA12_HexN12_Ac1_S6_pNP	12	12	24	1	6	C152H235N13O142S6	4705.989148
HS_HexA12_HexN12_Ac1_S7_pNP	12	12	24	1	7	C152H235N13O145S7	4785.945963
HS_HexA12_HexN12_Ac1_S8_pNP	12	12	24	1	8	C152H235N13O148S8	4865.902778
HS_HexA12_HexN12_Ac1_S9_pNP	12	12	24	1	9	C152H235N13O151S9	4945.859593
HS_HexA12_HexN12_Ac1_S10_pNP	12	12	24	1	10	C152H235N13O154S10	5025.816408
HS_HexA12_HexN12_Ac1_S11_pNP	12	12	24	1	11	C152H235N13O157S11	5105.773223
HS_HexA12_HexN12_Ac1_S12_pNP	12	12	24	1	12	C152H235N13O160S12	5185.730038
HS_HexA12_HexN12_Ac1_S13_pNP	12	12	24	1	13	C152H235N13O163S13	5265.686853
HS_HexA12_HexN12_Ac1_S14_pNP	12	12	24	1	14	C152H235N13O166S14	5345.643668
HS_HexA12_HexN12_Ac1_S15_pNP	12	12	24	1	15	C152H235N13O169S15	5425.600483
HS_HexA12_HexN12_Ac1_S16_pNP	12	12	24	1	16	C152H235N13O172S16	5505.557298
HS_HexA12_HexN12_Ac1_S17_pNP	12	12	24	1	17	C152H235N13O175S17	5585.514113
HS_HexA12_HexN12_Ac1_S18_pNP	12	12	24	1	18	C152H235N13O178S18	5665.470928
HS_HexA12_HexN12_Ac1_S19_pNP	12	12	24	1	19	C152H235N13O181S19	5745.427743
HS_HexA12_HexN12_Ac1_S20_pNP	12	12	24	1	20	C152H235N13O184S20	5825.384558
HS_HexA12_HexN12_Ac1_S21_pNP	12	12	24	1	21	C152H235N13O187S21	5905.341373
HS_HexA12_HexN12_Ac1_S22_pNP	12	12	24	1	22	C152H235N13O190S22	5985.298188
HS_HexA12_HexN12_Ac1_S23_pNP	12	12	24	1	23	C152H235N13O193S23	6065.255003
HS_HexA12_HexN12_Ac1_S24_pNP	12	12	24	1	24	C152H235N13O196S24	6145.211818
HS_HexA12_HexN12_Ac1_S25_pNP	12	12	24	1	25	C152H235N13O199S25	6225.168633
HS_HexA12_HexN12_Ac1_S26_pNP	12	12	24	1	26	C152H235N13O202S26	6305.125448
HS_HexA12_HexN12_Ac1_S27_pNP	12	12	24	1	27	C152H235N13O205S27	6385.082263
HS_HexA12_HexN12_Ac1_S28_pNP	12	12	24	1	28	C152H235N13O208S28	6465.039078
HS_HexA12_HexN12_Ac1_S29_pNP	12	12	24	1	29	C152H235N13O211S29	6544.995893
HS_HexA12_HexN12_Ac1_S30_pNP	12	12	24	1	30	C152H235N13O214S30	6624.952708
HS_HexA12_HexN12_Ac1_S31_pNP	12	12	24	1	31	C152H235N13O217S31	6704.909523
HS_HexA12_HexN12_Ac1_S32_pNP	12	12	24	1	32	C152H235N13O220S32	6784.866339
HS_HexA12_HexN12_Ac1_S33_pNP	12	12	24	1	33	C152H235N13O223S33	6864.823154
HS_HexA12_HexN12_Ac1_S34_pNP	12	12	24	1	34	C152H235N13O226S34	6944.779969
HS_HexA12_HexN12_Ac1_S35_pNP	12	12	24	1	35	C152H235N13O229S35	7024.736784
HS_HexA12_HexN12_Ac1_S36_pNP	12	12	24	1	36	C152H235N13O232S36	7104.693599
HS_HexA12_HexN12_Ac2_S0_pNP	12	12	24	2	0	C154H237N13O125	4268.258822
HS_HexA12_HexN12_Ac2_S1_pNP	12	12	24	2	1	C154H237N13O128S	4348.215637
HS_HexA12_HexN12_Ac2_S2_pNP	12	12	24	2	2	C154H237N13O131S2	4428.172452
HS_HexA12_HexN12_Ac2_S3_pNP	12	12	24	2	3	C154H237N13O134S3	4508.129267
HS_HexA12_HexN12_Ac2_S4_pNP	12	12	24	2	4	C154H237N13O137S4	4588.086082
HS_HexA12_HexN12_Ac2_S5_pNP	12	12	24	2	5	C154H237N13O140S5	4668.042897
HS_HexA12_HexN12_Ac2_S6_pNP	12	12	24	2	6	C154H237N13O143S6	4747.999712
HS_HexA12_HexN12_Ac2_S7_pNP	12	12	24	2	7	C154H237N13O146S7	4827.956527
HS_HexA12_HexN12_Ac2_S8_pNP	12	12	24	2	8	C154H237N13O149S8	4907.913342
HS_HexA12_HexN12_Ac2_S9_pNP	12	12	24	2	9	C154H237N13O152S9	4987.870157
HS_HexA12_HexN12_Ac2_S10_pNP	12	12	24	2	10	C154H237N13O155S10	5067.826972
HS_HexA12_HexN12_Ac2_S11_pNP	12	12	24	2	11	C154H237N13O158S11	5147.783788
HS_HexA12_HexN12_Ac2_S12_pNP	12	12	24	2	12	C154H237N13O161S12	5227.740603
HS_HexA12_HexN12_Ac2_S13_pNP	12	12	24	2	13	C154H237N13O164S13	5307.697418
HS_HexA12_HexN12_Ac2_S14_pNP	12	12	24	2	14	C154H237N13O167S14	5387.654233
HS_HexA12_HexN12_Ac2_S15_pNP	12	12	24	2	15	C154H237N13O170S15	5467.611048
HS_HexA12_HexN12_Ac2_S16_pNP	12	12	24	2	16	C154H237N13O173S16	5547.567863
HS_HexA12_HexN12_Ac2_S17_pNP	12	12	24	2	17	C154H237N13O176S17	5627.524678
HS_HexA12_HexN12_Ac2_S18_pNP	12	12	24	2	18	C154H237N13O179S18	5707.481493
HS_HexA12_HexN12_Ac2_S19_pNP	12	12	24	2	19	C154H237N13O182S19	5787.438308
HS_HexA12_HexN12_Ac2_S20_pNP	12	12	24	2	20	C154H237N13O185S20	5867.395123
HS_HexA12_HexN12_Ac2_S21_pNP	12	12	24	2	21	C154H237N13O188S21	5947.351938
HS_HexA12_HexN12_Ac2_S22_pNP	12	12	24	2	22	C154H237N13O191S22	6027.308753
HS_HexA12_HexN12_Ac2_S23_pNP	12	12	24	2	23	C154H237N13O194S23	6107.265568
HS_HexA12_HexN12_Ac2_S24_pNP	12	12	24	2	24	C154H237N13O197S24	6187.222383
HS_HexA12_HexN12_Ac2_S25_pNP	12	12	24	2	25	C154H237N13O200S25	6267.179198
HS_HexA12_HexN12_Ac2_S26_pNP	12	12	24	2	26	C154H237N13O203S26	6347.136013
HS_HexA12_HexN12_Ac2_S27_pNP	12	12	24	2	27	C154H237N13O206S27	6427.092828
HS_HexA12_HexN12_Ac2_S28_pNP	12	12	24	2	28	C154H237N13O209S28	6507.049643
HS_HexA12_HexN12_Ac2_S29_pNP	12	12	24	2	29	C154H237N13O212S29	6587.006458
HS_HexA12_HexN12_Ac2_S30_pNP	12	12	24	2	30	C154H237N13O215S30	6666.963273
HS_HexA12_HexN12_Ac2_S31_pNP	12	12	24	2	31	C154H237N13O218S31	6746.920088
HS_HexA12_HexN12_Ac2_S32_pNP	12	12	24	2	32	C154H237N13O221S32	6826.876903
HS_HexA12_HexN12_Ac2_S33_pNP	12	12	24	2	33	C154H237N13O224S33	6906.833718
HS_HexA12_HexN12_Ac2_S34_pNP	12	12	24	2	34	C154H237N13O227S34	6986.790533
HS_HexA12_HexN12_Ac2_S35_pNP	12	12	24	2	35	C154H237N13O230S35	7066.747348
HS_HexA12_HexN12_Ac2_S36_pNP	12	12	24	2	36	C154H237N13O233S36	7146.704163
HS_HexA12_HexN12_Ac3_S0_pNP	12	12	24	3	0	C156H239N13O126	4310.269387
HS_HexA12_HexN12_Ac3_S1_pNP	12	12	24	3	1	C156H239N13O129S	4390.226202
HS_HexA12_HexN12_Ac3_S2_pNP	12	12	24	3	2	C156H239N13O132S2	4470.183017
HS_HexA12_HexN12_Ac3_S3_pNP	12	12	24	3	3	C156H239N13O135S3	4550.139832
HS_HexA12_HexN12_Ac3_S4_pNP	12	12	24	3	4	C156H239N13O138S4	4630.096647
HS_HexA12_HexN12_Ac3_S5_pNP	12	12	24	3	5	C156H239N13O141S5	4710.053462
HS_HexA12_HexN12_Ac3_S6_pNP	12	12	24	3	6	C156H239N13O144S6	4790.010277
HS_HexA12_HexN12_Ac3_S7_pNP	12	12	24	3	7	C156H239N13O147S7	4869.967092
HS_HexA12_HexN12_Ac3_S8_pNP	12	12	24	3	8	C156H239N13O150S8	4949.923907
HS_HexA12_HexN12_Ac3_S9_pNP	12	12	24	3	9	C156H239N13O153S9	5029.880722
HS_HexA12_HexN12_Ac3_S10_pNP	12	12	24	3	10	C156H239N13O156S10	5109.837537
HS_HexA12_HexN12_Ac3_S11_pNP	12	12	24	3	11	C156H239N13O159S11	5189.794352
HS_HexA12_HexN12_Ac3_S12_pNP	12	12	24	3	12	C156H239N13O162S12	5269.751167
HS_HexA12_HexN12_Ac3_S13_pNP	12	12	24	3	13	C156H239N13O165S13	5349.707982
HS_HexA12_HexN12_Ac3_S14_pNP	12	12	24	3	14	C156H239N13O168S14	5429.664797
HS_HexA12_HexN12_Ac3_S15_pNP	12	12	24	3	15	C156H239N13O171S15	5509.621612
HS_HexA12_HexN12_Ac3_S16_pNP	12	12	24	3	16	C156H239N13O174S16	5589.578427
HS_HexA12_HexN12_Ac3_S17_pNP	12	12	24	3	17	C156H239N13O177S17	5669.535242
HS_HexA12_HexN12_Ac3_S18_pNP	12	12	24	3	18	C156H239N13O180S18	5749.492057
HS_HexA12_HexN12_Ac3_S19_pNP	12	12	24	3	19	C156H239N13O183S19	5829.448872
HS_HexA12_HexN12_Ac3_S20_pNP	12	12	24	3	20	C156H239N13O186S20	5909.405687
HS_HexA12_HexN12_Ac3_S21_pNP	12	12	24	3	21	C156H239N13O189S21	5989.362503
HS_HexA12_HexN12_Ac3_S22_pNP	12	12	24	3	22	C156H239N13O192S22	6069.319318
HS_HexA12_HexN12_Ac3_S23_pNP	12	12	24	3	23	C156H239N13O195S23	6149.276133
HS_HexA12_HexN12_Ac3_S24_pNP	12	12	24	3	24	C156H239N13O198S24	6229.232948
HS_HexA12_HexN12_Ac3_S25_pNP	12	12	24	3	25	C156H239N13O201S25	6309.189763
HS_HexA12_HexN12_Ac3_S26_pNP	12	12	24	3	26	C156H239N13O204S26	6389.146578
HS_HexA12_HexN12_Ac3_S27_pNP	12	12	24	3	27	C156H239N13O207S27	6469.103393
HS_HexA12_HexN12_Ac3_S28_pNP	12	12	24	3	28	C156H239N13O210S28	6549.060208
HS_HexA12_HexN12_Ac3_S29_pNP	12	12	24	3	29	C156H239N13O213S29	6629.017023
HS_HexA12_HexN12_Ac3_S30_pNP	12	12	24	3	30	C156H239N13O216S30	6708.973838
HS_HexA12_HexN12_Ac3_S31_pNP	12	12	24	3	31	C156H239N13O219S31	6788.930653
HS_HexA12_HexN12_Ac3_S32_pNP	12	12	24	3	32	C156H239N13O222S32	6868.887468
HS_HexA12_HexN12_Ac3_S33_pNP	12	12	24	3	33	C156H239N13O225S33	6948.844283
HS_HexA12_HexN12_Ac3_S34_pNP	12	12	24	3	34	C156H239N13O228S34	7028.801098
HS_HexA12_HexN12_Ac3_S35_pNP	12	12	24	3	35	C156H239N13O231S35	7108.757913
HS_HexA12_HexN12_Ac3_S36_pNP	12	12	24	3	36	C156H239N13O234S36	7188.714728
HS_HexA12_HexN12_Ac4_S0_pNP	12	12	24	4	0	C158H241N13O127	4352.279952
HS_HexA12_HexN12_Ac4_S1_pNP	12	12	24	4	1	C158H241N13O130S	4432.236767
HS_HexA12_HexN12_Ac4_S2_pNP	12	12	24	4	2	C158H241N13O133S2	4512.193582
HS_HexA12_HexN12_Ac4_S3_pNP	12	12	24	4	3	C158H241N13O136S3	4592.150397
HS_HexA12_HexN12_Ac4_S4_pNP	12	12	24	4	4	C158H241N13O139S4	4672.107212
HS_HexA12_HexN12_Ac4_S5_pNP	12	12	24	4	5	C158H241N13O142S5	4752.064027
HS_HexA12_HexN12_Ac4_S6_pNP	12	12	24	4	6	C158H241N13O145S6	4832.020842
HS_HexA12_HexN12_Ac4_S7_pNP	12	12	24	4	7	C158H241N13O148S7	4911.977657
HS_HexA12_HexN12_Ac4_S8_pNP	12	12	24	4	8	C158H241N13O151S8	4991.934472
HS_HexA12_HexN12_Ac4_S9_pNP	12	12	24	4	9	C158H241N13O154S9	5071.891287
HS_HexA12_HexN12_Ac4_S10_pNP	12	12	24	4	10	C158H241N13O157S10	5151.848102
HS_HexA12_HexN12_Ac4_S11_pNP	12	12	24	4	11	C158H241N13O160S11	5231.804917
HS_HexA12_HexN12_Ac4_S12_pNP	12	12	24	4	12	C158H241N13O163S12	5311.761732
HS_HexA12_HexN12_Ac4_S13_pNP	12	12	24	4	13	C158H241N13O166S13	5391.718547
HS_HexA12_HexN12_Ac4_S14_pNP	12	12	24	4	14	C158H241N13O169S14	5471.675362
HS_HexA12_HexN12_Ac4_S15_pNP	12	12	24	4	15	C158H241N13O172S15	5551.632177
HS_HexA12_HexN12_Ac4_S16_pNP	12	12	24	4	16	C158H241N13O175S16	5631.588992
HS_HexA12_HexN12_Ac4_S17_pNP	12	12	24	4	17	C158H241N13O178S17	5711.545807
HS_HexA12_HexN12_Ac4_S18_pNP	12	12	24	4	18	C158H241N13O181S18	5791.502622
HS_HexA12_HexN12_Ac4_S19_pNP	12	12	24	4	19	C158H241N13O184S19	5871.459437
HS_HexA12_HexN12_Ac4_S20_pNP	12	12	24	4	20	C158H241N13O187S20	5951.416252
HS_HexA12_HexN12_Ac4_S21_pNP	12	12	24	4	21	C158H241N13O190S21	6031.373067
HS_HexA12_HexN12_Ac4_S22_pNP	12	12	24	4	22	C158H241N13O193S22	6111.329882
HS_HexA12_HexN12_Ac4_S23_pNP	12	12	24	4	23	C158H241N13O196S23	6191.286697
HS_HexA12_HexN12_Ac4_S24_pNP	12	12	24	4	24	C158H241N13O199S24	6271.243512
HS_HexA12_HexN12_Ac4_S25_pNP	12	12	24	4	25	C158H241N13O202S25	6351.200327
HS_HexA12_HexN12_Ac4_S26_pNP	12	12	24	4	26	C158H241N13O205S26	6431.157142
HS_HexA12_HexN12_Ac4_S27_pNP	12	12	24	4	27	C158H241N13O208S27	6511.113957
HS_HexA12_HexN12_Ac4_S28_pNP	12	12	24	4	28	C158H241N13O211S28	6591.070772
HS_HexA12_HexN12_Ac4_S29_pNP	12	12	24	4	29	C158H241N13O214S29	6671.027587
HS_HexA12_HexN12_Ac4_S30_pNP	12	12	24	4	30	C158H241N13O217S30	6750.984403
HS_HexA12_HexN12_Ac4_S31_pNP	12	12	24	4	31	C158H241N13O220S31	6830.941218
HS_HexA12_HexN12_Ac4_S32_pNP	12	12	24	4	32	C158H241N13O223S32	6910.898033
HS_HexA12_HexN12_Ac4_S33_pNP	12	12	24	4	33	C158H241N13O226S33	6990.854848
HS_HexA12_HexN12_Ac4_S34_pNP	12	12	24	4	34	C158H241N13O229S34	7070.811663
HS_HexA12_HexN12_Ac4_S35_pNP	12	12	24	4	35	C158H241N13O232S35	7150.768478
HS_HexA12_HexN12_Ac4_S36_pNP	12	12	24	4	36	C158H241N13O235S36	7230.725293
HS_HexA12_HexN12_Ac5_S0_pNP	12	12	24	5	0	C160H243N13O128	4394.290516
HS_HexA12_HexN12_Ac5_S1_pNP	12	12	24	5	1	C160H243N13O131S	4474.247331
HS_HexA12_HexN12_Ac5_S2_pNP	12	12	24	5	2	C160H243N13O134S2	4554.204146
HS_HexA12_HexN12_Ac5_S3_pNP	12	12	24	5	3	C160H243N13O137S3	4634.160961
HS_HexA12_HexN12_Ac5_S4_pNP	12	12	24	5	4	C160H243N13O140S4	4714.117776
HS_HexA12_HexN12_Ac5_S5_pNP	12	12	24	5	5	C160H243N13O143S5	4794.074591
HS_HexA12_HexN12_Ac5_S6_pNP	12	12	24	5	6	C160H243N13O146S6	4874.031406
HS_HexA12_HexN12_Ac5_S7_pNP	12	12	24	5	7	C160H243N13O149S7	4953.988221
HS_HexA12_HexN12_Ac5_S8_pNP	12	12	24	5	8	C160H243N13O152S8	5033.945036
HS_HexA12_HexN12_Ac5_S9_pNP	12	12	24	5	9	C160H243N13O155S9	5113.901851
HS_HexA12_HexN12_Ac5_S10_pNP	12	12	24	5	10	C160H243N13O158S10	5193.858667
HS_HexA12_HexN12_Ac5_S11_pNP	12	12	24	5	11	C160H243N13O161S11	5273.815482
HS_HexA12_HexN12_Ac5_S12_pNP	12	12	24	5	12	C160H243N13O164S12	5353.772297
HS_HexA12_HexN12_Ac5_S13_pNP	12	12	24	5	13	C160H243N13O167S13	5433.729112
HS_HexA12_HexN12_Ac5_S14_pNP	12	12	24	5	14	C160H243N13O170S14	5513.685927
HS_HexA12_HexN12_Ac5_S15_pNP	12	12	24	5	15	C160H243N13O173S15	5593.642742
HS_HexA12_HexN12_Ac5_S16_pNP	12	12	24	5	16	C160H243N13O176S16	5673.599557
HS_HexA12_HexN12_Ac5_S17_pNP	12	12	24	5	17	C160H243N13O179S17	5753.556372
HS_HexA12_HexN12_Ac5_S18_pNP	12	12	24	5	18	C160H243N13O182S18	5833.513187
HS_HexA12_HexN12_Ac5_S19_pNP	12	12	24	5	19	C160H243N13O185S19	5913.470002
HS_HexA12_HexN12_Ac5_S20_pNP	12	12	24	5	20	C160H243N13O188S20	5993.426817
HS_HexA12_HexN12_Ac5_S21_pNP	12	12	24	5	21	C160H243N13O191S21	6073.383632
HS_HexA12_HexN12_Ac5_S22_pNP	12	12	24	5	22	C160H243N13O194S22	6153.340447
HS_HexA12_HexN12_Ac5_S23_pNP	12	12	24	5	23	C160H243N13O197S23	6233.297262
HS_HexA12_HexN12_Ac5_S24_pNP	12	12	24	5	24	C160H243N13O200S24	6313.254077
HS_HexA12_HexN12_Ac5_S25_pNP	12	12	24	5	25	C160H243N13O203S25	6393.210892
HS_HexA12_HexN12_Ac5_S26_pNP	12	12	24	5	26	C160H243N13O206S26	6473.167707
HS_HexA12_HexN12_Ac5_S27_pNP	12	12	24	5	27	C160H243N13O209S27	6553.124522
HS_HexA12_HexN12_Ac5_S28_pNP	12	12	24	5	28	C160H243N13O212S28	6633.081337
HS_HexA12_HexN12_Ac5_S29_pNP	12	12	24	5	29	C160H243N13O215S29	6713.038152
HS_HexA12_HexN12_Ac5_S30_pNP	12	12	24	5	30	C160H243N13O218S30	6792.994967
HS_HexA12_HexN12_Ac5_S31_pNP	12	12	24	5	31	C160H243N13O221S31	6872.951782
HS_HexA12_HexN12_Ac5_S32_pNP	12	12	24	5	32	C160H243N13O224S32	6952.908597
HS_HexA12_HexN12_Ac5_S33_pNP	12	12	24	5	33	C160H243N13O227S33	7032.865412
HS_HexA12_HexN12_Ac5_S34_pNP	12	12	24	5	34	C160H243N13O230S34	7112.822227
HS_HexA12_HexN12_Ac5_S35_pNP	12	12	24	5	35	C160H243N13O233S35	7192.779042
HS_HexA12_HexN12_Ac5_S36_pNP	12	12	24	5	36	C160H243N13O236S36	7272.735857
HS_HexA12_HexN12_Ac6_S0_pNP	12	12	24	6	0	C162H245N13O129	4436.301081
HS_HexA12_HexN12_Ac6_S1_pNP	12	12	24	6	1	C162H245N13O132S	4516.257896
HS_HexA12_HexN12_Ac6_S2_pNP	12	12	24	6	2	C162H245N13O135S2	4596.214711
HS_HexA12_HexN12_Ac6_S3_pNP	12	12	24	6	3	C162H245N13O138S3	4676.171526
HS_HexA12_HexN12_Ac6_S4_pNP	12	12	24	6	4	C162H245N13O141S4	4756.128341
HS_HexA12_HexN12_Ac6_S5_pNP	12	12	24	6	5	C162H245N13O144S5	4836.085156
HS_HexA12_HexN12_Ac6_S6_pNP	12	12	24	6	6	C162H245N13O147S6	4916.041971
HS_HexA12_HexN12_Ac6_S7_pNP	12	12	24	6	7	C162H245N13O150S7	4995.998786
HS_HexA12_HexN12_Ac6_S8_pNP	12	12	24	6	8	C162H245N13O153S8	5075.955601
HS_HexA12_HexN12_Ac6_S9_pNP	12	12	24	6	9	C162H245N13O156S9	5155.912416
HS_HexA12_HexN12_Ac6_S10_pNP	12	12	24	6	10	C162H245N13O159S10	5235.869231
HS_HexA12_HexN12_Ac6_S11_pNP	12	12	24	6	11	C162H245N13O162S11	5315.826046
HS_HexA12_HexN12_Ac6_S12_pNP	12	12	24	6	12	C162H245N13O165S12	5395.782861
HS_HexA12_HexN12_Ac6_S13_pNP	12	12	24	6	13	C162H245N13O168S13	5475.739676
HS_HexA12_HexN12_Ac6_S14_pNP	12	12	24	6	14	C162H245N13O171S14	5555.696491
HS_HexA12_HexN12_Ac6_S15_pNP	12	12	24	6	15	C162H245N13O174S15	5635.653306
HS_HexA12_HexN12_Ac6_S16_pNP	12	12	24	6	16	C162H245N13O177S16	5715.610121
HS_HexA12_HexN12_Ac6_S17_pNP	12	12	24	6	17	C162H245N13O180S17	5795.566936
HS_HexA12_HexN12_Ac6_S18_pNP	12	12	24	6	18	C162H245N13O183S18	5875.523751
HS_HexA12_HexN12_Ac6_S19_pNP	12	12	24	6	19	C162H245N13O186S19	5955.480567
HS_HexA12_HexN12_Ac6_S20_pNP	12	12	24	6	20	C162H245N13O189S20	6035.437382
HS_HexA12_HexN12_Ac6_S21_pNP	12	12	24	6	21	C162H245N13O192S21	6115.394197
HS_HexA12_HexN12_Ac6_S22_pNP	12	12	24	6	22	C162H245N13O195S22	6195.351012
HS_HexA12_HexN12_Ac6_S23_pNP	12	12	24	6	23	C162H245N13O198S23	6275.307827
HS_HexA12_HexN12_Ac6_S24_pNP	12	12	24	6	24	C162H245N13O201S24	6355.264642
HS_HexA12_HexN12_Ac6_S25_pNP	12	12	24	6	25	C162H245N13O204S25	6435.221457
HS_HexA12_HexN12_Ac6_S26_pNP	12	12	24	6	26	C162H245N13O207S26	6515.178272
HS_HexA12_HexN12_Ac6_S27_pNP	12	12	24	6	27	C162H245N13O210S27	6595.135087
HS_HexA12_HexN12_Ac6_S28_pNP	12	12	24	6	28	C162H245N13O213S28	6675.091902
HS_HexA12_HexN12_Ac6_S29_pNP	12	12	24	6	29	C162H245N13O216S29	6755.048717
HS_HexA12_HexN12_Ac6_S30_pNP	12	12	24	6	30	C162H245N13O219S30	6835.005532
HS_HexA12_HexN12_Ac6_S31_pNP	12	12	24	6	31	C162H245N13O222S31	6914.962347
HS_HexA12_HexN12_Ac6_S32_pNP	12	12	24	6	32	C162H245N13O225S32	6994.919162
HS_HexA12_HexN12_Ac6_S33_pNP	12	12	24	6	33	C162H245N13O228S33	7074.875977
HS_HexA12_HexN12_Ac6_S34_pNP	12	12	24	6	34	C162H245N13O231S34	7154.832792
HS_HexA12_HexN12_Ac6_S35_pNP	12	12	24	6	35	C162H245N13O234S35	7234.789607
HS_HexA12_HexN12_Ac6_S36_pNP	12	12	24	6	36	C162H245N13O237S36	7314.746422
HS_HexA12_HexN12_Ac7_S0_pNP	12	12	24	7	0	C164H247N13O130	4478.311646
HS_HexA12_HexN12_Ac7_S1_pNP	12	12	24	7	1	C164H247N13O133S	4558.268461
HS_HexA12_HexN12_Ac7_S2_pNP	12	12	24	7	2	C164H247N13O136S2	4638.225276
HS_HexA12_HexN12_Ac7_S3_pNP	12	12	24	7	3	C164H247N13O139S3	4718.182091
HS_HexA12_HexN12_Ac7_S4_pNP	12	12	24	7	4	C164H247N13O142S4	4798.138906
HS_HexA12_HexN12_Ac7_S5_pNP	12	12	24	7	5	C164H247N13O145S5	4878.095721
HS_HexA12_HexN12_Ac7_S6_pNP	12	12	24	7	6	C164H247N13O148S6	4958.052536
HS_HexA12_HexN12_Ac7_S7_pNP	12	12	24	7	7	C164H247N13O151S7	5038.009351
HS_HexA12_HexN12_Ac7_S8_pNP	12	12	24	7	8	C164H247N13O154S8	5117.966166
HS_HexA12_HexN12_Ac7_S9_pNP	12	12	24	7	9	C164H247N13O157S9	5197.922981
HS_HexA12_HexN12_Ac7_S10_pNP	12	12	24	7	10	C164H247N13O160S10	5277.879796
HS_HexA12_HexN12_Ac7_S11_pNP	12	12	24	7	11	C164H247N13O163S11	5357.836611
HS_HexA12_HexN12_Ac7_S12_pNP	12	12	24	7	12	C164H247N13O166S12	5437.793426
HS_HexA12_HexN12_Ac7_S13_pNP	12	12	24	7	13	C164H247N13O169S13	5517.750241
HS_HexA12_HexN12_Ac7_S14_pNP	12	12	24	7	14	C164H247N13O172S14	5597.707056
HS_HexA12_HexN12_Ac7_S15_pNP	12	12	24	7	15	C164H247N13O175S15	5677.663871
HS_HexA12_HexN12_Ac7_S16_pNP	12	12	24	7	16	C164H247N13O178S16	5757.620686
HS_HexA12_HexN12_Ac7_S17_pNP	12	12	24	7	17	C164H247N13O181S17	5837.577501
HS_HexA12_HexN12_Ac7_S18_pNP	12	12	24	7	18	C164H247N13O184S18	5917.534316
HS_HexA12_HexN12_Ac7_S19_pNP	12	12	24	7	19	C164H247N13O187S19	5997.491131
HS_HexA12_HexN12_Ac7_S20_pNP	12	12	24	7	20	C164H247N13O190S20	6077.447946
HS_HexA12_HexN12_Ac7_S21_pNP	12	12	24	7	21	C164H247N13O193S21	6157.404761
HS_HexA12_HexN12_Ac7_S22_pNP	12	12	24	7	22	C164H247N13O196S22	6237.361576
HS_HexA12_HexN12_Ac7_S23_pNP	12	12	24	7	23	C164H247N13O199S23	6317.318391
HS_HexA12_HexN12_Ac7_S24_pNP	12	12	24	7	24	C164H247N13O202S24	6397.275206
HS_HexA12_HexN12_Ac7_S25_pNP	12	12	24	7	25	C164H247N13O205S25	6477.232021
HS_HexA12_HexN12_Ac7_S26_pNP	12	12	24	7	26	C164H247N13O208S26	6557.188836
HS_HexA12_HexN12_Ac7_S27_pNP	12	12	24	7	27	C164H247N13O211S27	6637.145651
HS_HexA12_HexN12_Ac7_S28_pNP	12	12	24	7	28	C164H247N13O214S28	6717.102466
HS_HexA12_HexN12_Ac7_S29_pNP	12	12	24	7	29	C164H247N13O217S29	6797.059282
HS_HexA12_HexN12_Ac7_S30_pNP	12	12	24	7	30	C164H247N13O220S30	6877.016097
HS_HexA12_HexN12_Ac7_S31_pNP	12	12	24	7	31	C164H247N13O223S31	6956.972912
HS_HexA12_HexN12_Ac7_S32_pNP	12	12	24	7	32	C164H247N13O226S32	7036.929727
HS_HexA12_HexN12_Ac7_S33_pNP	12	12	24	7	33	C164H247N13O229S33	7116.886542
HS_HexA12_HexN12_Ac7_S34_pNP	12	12	24	7	34	C164H247N13O232S34	7196.843357
HS_HexA12_HexN12_Ac7_S35_pNP	12	12	24	7	35	C164H247N13O235S35	7276.800172
HS_HexA12_HexN12_Ac7_S36_pNP	12	12	24	7	36	C164H247N13O238S36	7356.756987
HS_HexA12_HexN12_Ac8_S0_pNP	12	12	24	8	0	C166H249N13O131	4520.322210
HS_HexA12_HexN12_Ac8_S1_pNP	12	12	24	8	1	C166H249N13O134S	4600.279025
HS_HexA12_HexN12_Ac8_S2_pNP	12	12	24	8	2	C166H249N13O137S2	4680.235840
HS_HexA12_HexN12_Ac8_S3_pNP	12	12	24	8	3	C166H249N13O140S3	4760.192655
HS_HexA12_HexN12_Ac8_S4_pNP	12	12	24	8	4	C166H249N13O143S4	4840.149470
HS_HexA12_HexN12_Ac8_S5_pNP	12	12	24	8	5	C166H249N13O146S5	4920.106285
HS_HexA12_HexN12_Ac8_S6_pNP	12	12	24	8	6	C166H249N13O149S6	5000.063100
HS_HexA12_HexN12_Ac8_S7_pNP	12	12	24	8	7	C166H249N13O152S7	5080.019915
HS_HexA12_HexN12_Ac8_S8_pNP	12	12	24	8	8	C166H249N13O155S8	5159.976731
HS_HexA12_HexN12_Ac8_S9_pNP	12	12	24	8	9	C166H249N13O158S9	5239.933546
HS_HexA12_HexN12_Ac8_S10_pNP	12	12	24	8	10	C166H249N13O161S10	5319.890361
HS_HexA12_HexN12_Ac8_S11_pNP	12	12	24	8	11	C166H249N13O164S11	5399.847176
HS_HexA12_HexN12_Ac8_S12_pNP	12	12	24	8	12	C166H249N13O167S12	5479.803991
HS_HexA12_HexN12_Ac8_S13_pNP	12	12	24	8	13	C166H249N13O170S13	5559.760806
HS_HexA12_HexN12_Ac8_S14_pNP	12	12	24	8	14	C166H249N13O173S14	5639.717621
HS_HexA12_HexN12_Ac8_S15_pNP	12	12	24	8	15	C166H249N13O176S15	5719.674436
HS_HexA12_HexN12_Ac8_S16_pNP	12	12	24	8	16	C166H249N13O179S16	5799.631251
HS_HexA12_HexN12_Ac8_S17_pNP	12	12	24	8	17	C166H249N13O182S17	5879.588066
HS_HexA12_HexN12_Ac8_S18_pNP	12	12	24	8	18	C166H249N13O185S18	5959.544881
HS_HexA12_HexN12_Ac8_S19_pNP	12	12	24	8	19	C166H249N13O188S19	6039.501696
HS_HexA12_HexN12_Ac8_S20_pNP	12	12	24	8	20	C166H249N13O191S20	6119.458511
HS_HexA12_HexN12_Ac8_S21_pNP	12	12	24	8	21	C166H249N13O194S21	6199.415326
HS_HexA12_HexN12_Ac8_S22_pNP	12	12	24	8	22	C166H249N13O197S22	6279.372141
HS_HexA12_HexN12_Ac8_S23_pNP	12	12	24	8	23	C166H249N13O200S23	6359.328956
HS_HexA12_HexN12_Ac8_S24_pNP	12	12	24	8	24	C166H249N13O203S24	6439.285771
HS_HexA12_HexN12_Ac8_S25_pNP	12	12	24	8	25	C166H249N13O206S25	6519.242586
HS_HexA12_HexN12_Ac8_S26_pNP	12	12	24	8	26	C166H249N13O209S26	6599.199401
HS_HexA12_HexN12_Ac8_S27_pNP	12	12	24	8	27	C166H249N13O212S27	6679.156216
HS_HexA12_HexN12_Ac8_S28_pNP	12	12	24	8	28	C166H249N13O215S28	6759.113031
HS_HexA12_HexN12_Ac8_S29_pNP	12	12	24	8	29	C166H249N13O218S29	6839.069846
HS_HexA12_HexN12_Ac8_S30_pNP	12	12	24	8	30	C166H249N13O221S30	6919.026661
HS_HexA12_HexN12_Ac8_S31_pNP	12	12	24	8	31	C166H249N13O224S31	6998.983476
HS_HexA12_HexN12_Ac8_S32_pNP	12	12	24	8	32	C166H249N13O227S32	7078.940291
HS_HexA12_HexN12_Ac8_S33_pNP	12	12	24	8	33	C166H249N13O230S33	7158.897106
HS_HexA12_HexN12_Ac8_S34_pNP	12	12	24	8	34	C166H249N13O233S34	7238.853921
HS_HexA12_HexN12_Ac8_S35_pNP	12	12	24	8	35	C166H249N13O236S35	7318.810736
HS_HexA12_HexN12_Ac8_S36_pNP	12	12	24	8	36	C166H249N13O239S36	7398.767551
HS_HexA12_HexN12_Ac9_S0_pNP	12	12	24	9	0	C168H251N13O132	4562.332775
HS_HexA12_HexN12_Ac9_S1_pNP	12	12	24	9	1	C168H251N13O135S	4642.289590
HS_HexA12_HexN12_Ac9_S2_pNP	12	12	24	9	2	C168H251N13O138S2	4722.246405
HS_HexA12_HexN12_Ac9_S3_pNP	12	12	24	9	3	C168H251N13O141S3	4802.203220
HS_HexA12_HexN12_Ac9_S4_pNP	12	12	24	9	4	C168H251N13O144S4	4882.160035
HS_HexA12_HexN12_Ac9_S5_pNP	12	12	24	9	5	C168H251N13O147S5	4962.116850
HS_HexA12_HexN12_Ac9_S6_pNP	12	12	24	9	6	C168H251N13O150S6	5042.073665
HS_HexA12_HexN12_Ac9_S7_pNP	12	12	24	9	7	C168H251N13O153S7	5122.030480
HS_HexA12_HexN12_Ac9_S8_pNP	12	12	24	9	8	C168H251N13O156S8	5201.987295
HS_HexA12_HexN12_Ac9_S9_pNP	12	12	24	9	9	C168H251N13O159S9	5281.944110
HS_HexA12_HexN12_Ac9_S10_pNP	12	12	24	9	10	C168H251N13O162S10	5361.900925
HS_HexA12_HexN12_Ac9_S11_pNP	12	12	24	9	11	C168H251N13O165S11	5441.857740
HS_HexA12_HexN12_Ac9_S12_pNP	12	12	24	9	12	C168H251N13O168S12	5521.814555
HS_HexA12_HexN12_Ac9_S13_pNP	12	12	24	9	13	C168H251N13O171S13	5601.771370
HS_HexA12_HexN12_Ac9_S14_pNP	12	12	24	9	14	C168H251N13O174S14	5681.728185
HS_HexA12_HexN12_Ac9_S15_pNP	12	12	24	9	15	C168H251N13O177S15	5761.685000
HS_HexA12_HexN12_Ac9_S16_pNP	12	12	24	9	16	C168H251N13O180S16	5841.641815
HS_HexA12_HexN12_Ac9_S17_pNP	12	12	24	9	17	C168H251N13O183S17	5921.598630
HS_HexA12_HexN12_Ac9_S18_pNP	12	12	24	9	18	C168H251N13O186S18	6001.555446
HS_HexA12_HexN12_Ac9_S19_pNP	12	12	24	9	19	C168H251N13O189S19	6081.512261
HS_HexA12_HexN12_Ac9_S20_pNP	12	12	24	9	20	C168H251N13O192S20	6161.469076
HS_HexA12_HexN12_Ac9_S21_pNP	12	12	24	9	21	C168H251N13O195S21	6241.425891
HS_HexA12_HexN12_Ac9_S22_pNP	12	12	24	9	22	C168H251N13O198S22	6321.382706
HS_HexA12_HexN12_Ac9_S23_pNP	12	12	24	9	23	C168H251N13O201S23	6401.339521
HS_HexA12_HexN12_Ac9_S24_pNP	12	12	24	9	24	C168H251N13O204S24	6481.296336
HS_HexA12_HexN12_Ac9_S25_pNP	12	12	24	9	25	C168H251N13O207S25	6561.253151
HS_HexA12_HexN12_Ac9_S26_pNP	12	12	24	9	26	C168H251N13O210S26	6641.209966
HS_HexA12_HexN12_Ac9_S27_pNP	12	12	24	9	27	C168H251N13O213S27	6721.166781
HS_HexA12_HexN12_Ac9_S28_pNP	12	12	24	9	28	C168H251N13O216S28	6801.123596
HS_HexA12_HexN12_Ac9_S29_pNP	12	12	24	9	29	C168H251N13O219S29	6881.080411
HS_HexA12_HexN12_Ac9_S30_pNP	12	12	24	9	30	C168H251N13O222S30	6961.037226
HS_HexA12_HexN12_Ac9_S31_pNP	12	12	24	9	31	C168H251N13O225S31	7040.994041
HS_HexA12_HexN12_Ac9_S32_pNP	12	12	24	9	32	C168H251N13O228S32	7120.950856
HS_HexA12_HexN12_Ac9_S33_pNP	12	12	24	9	33	C168H251N13O231S33	7200.907671
HS_HexA12_HexN12_Ac9_S34_pNP	12	12	24	9	34	C168H251N13O234S34	7280.864486
HS_HexA12_HexN12_Ac9_S35_pNP	12	12	24	9	35	C168H251N13O237S35	7360.821301
HS_HexA12_HexN12_Ac9_S36_pNP	12	12	24	9	36	C168H251N13O240S36	7440.778116
HS_HexA12_HexN12_Ac10_S0_pNP	12	12	24	10	0	C170H253N13O133	4604.343340
HS_HexA12_HexN12_Ac10_S1_pNP	12	12	24	10	1	C170H253N13O136S	4684.300155
HS_HexA12_HexN12_Ac10_S2_pNP	12	12	24	10	2	C170H253N13O139S2	4764.256970
HS_HexA12_HexN12_Ac10_S3_pNP	12	12	24	10	3	C170H253N13O142S3	4844.213785
HS_HexA12_HexN12_Ac10_S4_pNP	12	12	24	10	4	C170H253N13O145S4	4924.170600
HS_HexA12_HexN12_Ac10_S5_pNP	12	12	24	10	5	C170H253N13O148S5	5004.127415
HS_HexA12_HexN12_Ac10_S6_pNP	12	12	24	10	6	C170H253N13O151S6	5084.084230
HS_HexA12_HexN12_Ac10_S7_pNP	12	12	24	10	7	C170H253N13O154S7	5164.041045
HS_HexA12_HexN12_Ac10_S8_pNP	12	12	24	10	8	C170H253N13O157S8	5243.997860
HS_HexA12_HexN12_Ac10_S9_pNP	12	12	24	10	9	C170H253N13O160S9	5323.954675
HS_HexA12_HexN12_Ac10_S10_pNP	12	12	24	10	10	C170H253N13O163S10	5403.911490
HS_HexA12_HexN12_Ac10_S11_pNP	12	12	24	10	11	C170H253N13O166S11	5483.868305
HS_HexA12_HexN12_Ac10_S12_pNP	12	12	24	10	12	C170H253N13O169S12	5563.825120
HS_HexA12_HexN12_Ac10_S13_pNP	12	12	24	10	13	C170H253N13O172S13	5643.781935
HS_HexA12_HexN12_Ac10_S14_pNP	12	12	24	10	14	C170H253N13O175S14	5723.738750
HS_HexA12_HexN12_Ac10_S15_pNP	12	12	24	10	15	C170H253N13O178S15	5803.695565
HS_HexA12_HexN12_Ac10_S16_pNP	12	12	24	10	16	C170H253N13O181S16	5883.652380
HS_HexA12_HexN12_Ac10_S17_pNP	12	12	24	10	17	C170H253N13O184S17	5963.609195
HS_HexA12_HexN12_Ac10_S18_pNP	12	12	24	10	18	C170H253N13O187S18	6043.566010
HS_HexA12_HexN12_Ac10_S19_pNP	12	12	24	10	19	C170H253N13O190S19	6123.522825
HS_HexA12_HexN12_Ac10_S20_pNP	12	12	24	10	20	C170H253N13O193S20	6203.479640
HS_HexA12_HexN12_Ac10_S21_pNP	12	12	24	10	21	C170H253N13O196S21	6283.436455
HS_HexA12_HexN12_Ac10_S22_pNP	12	12	24	10	22	C170H253N13O199S22	6363.393270
HS_HexA12_HexN12_Ac10_S23_pNP	12	12	24	10	23	C170H253N13O202S23	6443.350085
HS_HexA12_HexN12_Ac10_S24_pNP	12	12	24	10	24	C170H253N13O205S24	6523.306900
HS_HexA12_HexN12_Ac10_S25_pNP	12	12	24	10	25	C170H253N13O208S25	6603.263715
HS_HexA12_HexN12_Ac10_S26_pNP	12	12	24	10	26	C170H253N13O211S26	6683.220530
HS_HexA12_HexN12_Ac10_S27_pNP	12	12	24	10	27	C170H253N13O214S27	6763.177346
HS_HexA12_HexN12_Ac10_S28_pNP	12	12	24	10	28	C170H253N13O217S28	6843.134161
HS_HexA12_HexN12_Ac10_S29_pNP	12	12	24	10	29	C170H253N13O220S29	6923.090976
HS_HexA12_HexN12_Ac10_S30_pNP	12	12	24	10	30	C170H253N13O223S30	7003.047791
HS_HexA12_HexN12_Ac10_S31_pNP	12	12	24	10	31	C170H253N13O226S31	7083.004606
HS_HexA12_HexN12_Ac10_S32_pNP	12	12	24	10	32	C170H253N13O229S32	7162.961421
HS_HexA12_HexN12_Ac10_S33_pNP	12	12	24	10	33	C170H253N13O232S33	7242.918236
HS_HexA12_HexN12_Ac10_S34_pNP	12	12	24	10	34	C170H253N13O235S34	7322.875051
HS_HexA12_HexN12_Ac10_S35_pNP	12	12	24	10	35	C170H253N13O238S35	7402.831866
HS_HexA12_HexN12_Ac10_S36_pNP	12	12	24	10	36	C170H253N13O241S36	7482.788681
HS_HexA12_HexN12_Ac11_S0_pNP	12	12	24	11	0	C172H255N13O134	4646.353904
HS_HexA12_HexN12_Ac11_S1_pNP	12	12	24	11	1	C172H255N13O137S	4726.310719
HS_HexA12_HexN12_Ac11_S2_pNP	12	12	24	11	2	C172H255N13O140S2	4806.267534
HS_HexA12_HexN12_Ac11_S3_pNP	12	12	24	11	3	C172H255N13O143S3	4886.224349
HS_HexA12_HexN12_Ac11_S4_pNP	12	12	24	11	4	C172H255N13O146S4	4966.181164
HS_HexA12_HexN12_Ac11_S5_pNP	12	12	24	11	5	C172H255N13O149S5	5046.137979
HS_HexA12_HexN12_Ac11_S6_pNP	12	12	24	11	6	C172H255N13O152S6	5126.094794
HS_HexA12_HexN12_Ac11_S7_pNP	12	12	24	11	7	C172H255N13O155S7	5206.051610
HS_HexA12_HexN12_Ac11_S8_pNP	12	12	24	11	8	C172H255N13O158S8	5286.008425
HS_HexA12_HexN12_Ac11_S9_pNP	12	12	24	11	9	C172H255N13O161S9	5365.965240
HS_HexA12_HexN12_Ac11_S10_pNP	12	12	24	11	10	C172H255N13O164S10	5445.922055
HS_HexA12_HexN12_Ac11_S11_pNP	12	12	24	11	11	C172H255N13O167S11	5525.878870
HS_HexA12_HexN12_Ac11_S12_pNP	12	12	24	11	12	C172H255N13O170S12	5605.835685
HS_HexA12_HexN12_Ac11_S13_pNP	12	12	24	11	13	C172H255N13O173S13	5685.792500
HS_HexA12_HexN12_Ac11_S14_pNP	12	12	24	11	14	C172H255N13O176S14	5765.749315
HS_HexA12_HexN12_Ac11_S15_pNP	12	12	24	11	15	C172H255N13O179S15	5845.706130
HS_HexA12_HexN12_Ac11_S16_pNP	12	12	24	11	16	C172H255N13O182S16	5925.662945
HS_HexA12_HexN12_Ac11_S17_pNP	12	12	24	11	17	C172H255N13O185S17	6005.619760
HS_HexA12_HexN12_Ac11_S18_pNP	12	12	24	11	18	C172H255N13O188S18	6085.576575
HS_HexA12_HexN12_Ac11_S19_pNP	12	12	24	11	19	C172H255N13O191S19	6165.533390
HS_HexA12_HexN12_Ac11_S20_pNP	12	12	24	11	20	C172H255N13O194S20	6245.490205
HS_HexA12_HexN12_Ac11_S21_pNP	12	12	24	11	21	C172H255N13O197S21	6325.447020
HS_HexA12_HexN12_Ac11_S22_pNP	12	12	24	11	22	C172H255N13O200S22	6405.403835
HS_HexA12_HexN12_Ac11_S23_pNP	12	12	24	11	23	C172H255N13O203S23	6485.360650
HS_HexA12_HexN12_Ac11_S24_pNP	12	12	24	11	24	C172H255N13O206S24	6565.317465
HS_HexA12_HexN12_Ac11_S25_pNP	12	12	24	11	25	C172H255N13O209S25	6645.274280
HS_HexA12_HexN12_Ac11_S26_pNP	12	12	24	11	26	C172H255N13O212S26	6725.231095
HS_HexA12_HexN12_Ac11_S27_pNP	12	12	24	11	27	C172H255N13O215S27	6805.187910
HS_HexA12_HexN12_Ac11_S28_pNP	12	12	24	11	28	C172H255N13O218S28	6885.144725
HS_HexA12_HexN12_Ac11_S29_pNP	12	12	24	11	29	C172H255N13O221S29	6965.101540
HS_HexA12_HexN12_Ac11_S30_pNP	12	12	24	11	30	C172H255N13O224S30	7045.058355
HS_HexA12_HexN12_Ac11_S31_pNP	12	12	24	11	31	C172H255N13O227S31	7125.015170
HS_HexA12_HexN12_Ac11_S32_pNP	12	12	24	11	32	C172H255N13O230S32	7204.971985
HS_HexA12_HexN12_Ac11_S33_pNP	12	12	24	11	33	C172H255N13O233S33	7284.928800
HS_HexA12_HexN12_Ac11_S34_pNP	12	12	24	11	34	C172H255N13O236S34	7364.885615
HS_HexA12_HexN12_Ac11_S35_pNP	12	12	24	11	35	C172H255N13O239S35	7444.842430
HS_HexA12_HexN12_Ac11_S36_pNP	12	12	24	11	36	C172H255N13O242S36	7524.799245
HS_HexA12_HexN12_Ac12_S0_pNP	12	12	24	12	0	C174H257N13O135	4688.364469
HS_HexA12_HexN12_Ac12_S1_pNP	12	12	24	12	1	C174H257N13O138S	4768.321284
HS_HexA12_HexN12_Ac12_S2_pNP	12	12	24	12	2	C174H257N13O141S2	4848.278099
HS_HexA12_HexN12_Ac12_S3_pNP	12	12	24	12	3	C174H257N13O144S3	4928.234914
HS_HexA12_HexN12_Ac12_S4_pNP	12	12	24	12	4	C174H257N13O147S4	5008.191729
HS_HexA12_HexN12_Ac12_S5_pNP	12	12	24	12	5	C174H257N13O150S5	5088.148544
HS_HexA12_HexN12_Ac12_S6_pNP	12	12	24	12	6	C174H257N13O153S6	5168.105359
HS_HexA12_HexN12_Ac12_S7_pNP	12	12	24	12	7	C174H257N13O156S7	5248.062174
HS_HexA12_HexN12_Ac12_S8_pNP	12	12	24	12	8	C174H257N13O159S8	5328.018989
HS_HexA12_HexN12_Ac12_S9_pNP	12	12	24	12	9	C174H257N13O162S9	5407.975804
HS_HexA12_HexN12_Ac12_S10_pNP	12	12	24	12	10	C174H257N13O165S10	5487.932619
HS_HexA12_HexN12_Ac12_S11_pNP	12	12	24	12	11	C174H257N13O168S11	5567.889434
HS_HexA12_HexN12_Ac12_S12_pNP	12	12	24	12	12	C174H257N13O171S12	5647.846249
HS_HexA12_HexN12_Ac12_S13_pNP	12	12	24	12	13	C174H257N13O174S13	5727.803064
HS_HexA12_HexN12_Ac12_S14_pNP	12	12	24	12	14	C174H257N13O177S14	5807.759879
HS_HexA12_HexN12_Ac12_S15_pNP	12	12	24	12	15	C174H257N13O180S15	5887.716694
HS_HexA12_HexN12_Ac12_S16_pNP	12	12	24	12	16	C174H257N13O183S16	5967.673510
HS_HexA12_HexN12_Ac12_S17_pNP	12	12	24	12	17	C174H257N13O186S17	6047.630325
HS_HexA12_HexN12_Ac12_S18_pNP	12	12	24	12	18	C174H257N13O189S18	6127.587140
HS_HexA12_HexN12_Ac12_S19_pNP	12	12	24	12	19	C174H257N13O192S19	6207.543955
HS_HexA12_HexN12_Ac12_S20_pNP	12	12	24	12	20	C174H257N13O195S20	6287.500770
HS_HexA12_HexN12_Ac12_S21_pNP	12	12	24	12	21	C174H257N13O198S21	6367.457585
HS_HexA12_HexN12_Ac12_S22_pNP	12	12	24	12	22	C174H257N13O201S22	6447.414400
HS_HexA12_HexN12_Ac12_S23_pNP	12	12	24	12	23	C174H257N13O204S23	6527.371215
HS_HexA12_HexN12_Ac12_S24_pNP	12	12	24	12	24	C174H257N13O207S24	6607.328030
HS_HexA12_HexN12_Ac12_S25_pNP	12	12	24	12	25	C174H257N13O210S25	6687.284845
HS_HexA12_HexN12_Ac12_S26_pNP	12	12	24	12	26	C174H257N13O213S26	6767.241660
HS_HexA12_HexN12_Ac12_S27_pNP	12	12	24	12	27	C174H257N13O216S27	6847.198475
HS_HexA12_HexN12_Ac12_S28_pNP	12	12	24	12	28	C174H257N13O219S28	6927.155290
HS_HexA12_HexN12_Ac12_S29_pNP	12	12	24	12	29	C174H257N13O222S29	7007.112105
HS_HexA12_HexN12_Ac12_S30_pNP	12	12	24	12	30	C174H257N13O225S30	7087.068920
HS_HexA12_HexN12_Ac12_S31_pNP	12	12	24	12	31	C174H257N13O228S31	7167.025735
HS_HexA12_HexN12_Ac12_S32_pNP	12	12	24	12	32	C174H257N13O231S32	7246.982550
HS_HexA12_HexN12_Ac12_S33_pNP	12	12	24	12	33	C174H257N13O234S33	7326.939365
HS_HexA12_HexN12_Ac12_S34_pNP	12	12	24	12	34	C174H257N13O237S34	7406.896180
HS_HexA12_HexN12_Ac12_S35_pNP	12	12	24	12	35	C174H257N13O240S35	7486.852995
HS_HexA12_HexN12_Ac12_S36_pNP	12	12	24	12	36	C174H257N13O243S36	7566.809810
HS_HexA13_HexN12_Ac0_S0_pNP	13	12	25	0	0	C156H241N13O129	4360.269781
HS_HexA13_HexN12_Ac0_S1_pNP	13	12	25	0	1	C156H241N13O132S	4440.226596
HS_HexA13_HexN12_Ac0_S2_pNP	13	12	25	0	2	C156H241N13O135S2	4520.183411
HS_HexA13_HexN12_Ac0_S3_pNP	13	12	25	0	3	C156H241N13O138S3	4600.140226
HS_HexA13_HexN12_Ac0_S4_pNP	13	12	25	0	4	C156H241N13O141S4	4680.097041
HS_HexA13_HexN12_Ac0_S5_pNP	13	12	25	0	5	C156H241N13O144S5	4760.053856
HS_HexA13_HexN12_Ac0_S6_pNP	13	12	25	0	6	C156H241N13O147S6	4840.010671
HS_HexA13_HexN12_Ac0_S7_pNP	13	12	25	0	7	C156H241N13O150S7	4919.967486
HS_HexA13_HexN12_Ac0_S8_pNP	13	12	25	0	8	C156H241N13O153S8	4999.924301
HS_HexA13_HexN12_Ac0_S9_pNP	13	12	25	0	9	C156H241N13O156S9	5079.881116
HS_HexA13_HexN12_Ac0_S10_pNP	13	12	25	0	10	C156H241N13O159S10	5159.837931
HS_HexA13_HexN12_Ac0_S11_pNP	13	12	25	0	11	C156H241N13O162S11	5239.794746
HS_HexA13_HexN12_Ac0_S12_pNP	13	12	25	0	12	C156H241N13O165S12	5319.751561
HS_HexA13_HexN12_Ac0_S13_pNP	13	12	25	0	13	C156H241N13O168S13	5399.708376
HS_HexA13_HexN12_Ac0_S14_pNP	13	12	25	0	14	C156H241N13O171S14	5479.665191
HS_HexA13_HexN12_Ac0_S15_pNP	13	12	25	0	15	C156H241N13O174S15	5559.622006
HS_HexA13_HexN12_Ac0_S16_pNP	13	12	25	0	16	C156H241N13O177S16	5639.578821
HS_HexA13_HexN12_Ac0_S17_pNP	13	12	25	0	17	C156H241N13O180S17	5719.535636
HS_HexA13_HexN12_Ac0_S18_pNP	13	12	25	0	18	C156H241N13O183S18	5799.492451
HS_HexA13_HexN12_Ac0_S19_pNP	13	12	25	0	19	C156H241N13O186S19	5879.449266
HS_HexA13_HexN12_Ac0_S20_pNP	13	12	25	0	20	C156H241N13O189S20	5959.406081
HS_HexA13_HexN12_Ac0_S21_pNP	13	12	25	0	21	C156H241N13O192S21	6039.362896
HS_HexA13_HexN12_Ac0_S22_pNP	13	12	25	0	22	C156H241N13O195S22	6119.319711
HS_HexA13_HexN12_Ac0_S23_pNP	13	12	25	0	23	C156H241N13O198S23	6199.276527
HS_HexA13_HexN12_Ac0_S24_pNP	13	12	25	0	24	C156H241N13O201S24	6279.233342
HS_HexA13_HexN12_Ac0_S25_pNP	13	12	25	0	25	C156H241N13O204S25	6359.190157
HS_HexA13_HexN12_Ac0_S26_pNP	13	12	25	0	26	C156H241N13O207S26	6439.146972
HS_HexA13_HexN12_Ac0_S27_pNP	13	12	25	0	27	C156H241N13O210S27	6519.103787
HS_HexA13_HexN12_Ac0_S28_pNP	13	12	25	0	28	C156H241N13O213S28	6599.060602
HS_HexA13_HexN12_Ac0_S29_pNP	13	12	25	0	29	C156H241N13O216S29	6679.017417
HS_HexA13_HexN12_Ac0_S30_pNP	13	12	25	0	30	C156H241N13O219S30	6758.974232
HS_HexA13_HexN12_Ac0_S31_pNP	13	12	25	0	31	C156H241N13O222S31	6838.931047
HS_HexA13_HexN12_Ac0_S32_pNP	13	12	25	0	32	C156H241N13O225S32	6918.887862
HS_HexA13_HexN12_Ac0_S33_pNP	13	12	25	0	33	C156H241N13O228S33	6998.844677
HS_HexA13_HexN12_Ac0_S34_pNP	13	12	25	0	34	C156H241N13O231S34	7078.801492
HS_HexA13_HexN12_Ac0_S35_pNP	13	12	25	0	35	C156H241N13O234S35	7158.758307
HS_HexA13_HexN12_Ac0_S36_pNP	13	12	25	0	36	C156H241N13O237S36	7238.715122
HS_HexA13_HexN12_Ac1_S0_pNP	13	12	25	1	0	C158H243N13O130	4402.280345
HS_HexA13_HexN12_Ac1_S1_pNP	13	12	25	1	1	C158H243N13O133S	4482.237160
HS_HexA13_HexN12_Ac1_S2_pNP	13	12	25	1	2	C158H243N13O136S2	4562.193975
HS_HexA13_HexN12_Ac1_S3_pNP	13	12	25	1	3	C158H243N13O139S3	4642.150791
HS_HexA13_HexN12_Ac1_S4_pNP	13	12	25	1	4	C158H243N13O142S4	4722.107606
HS_HexA13_HexN12_Ac1_S5_pNP	13	12	25	1	5	C158H243N13O145S5	4802.064421
HS_HexA13_HexN12_Ac1_S6_pNP	13	12	25	1	6	C158H243N13O148S6	4882.021236
HS_HexA13_HexN12_Ac1_S7_pNP	13	12	25	1	7	C158H243N13O151S7	4961.978051
HS_HexA13_HexN12_Ac1_S8_pNP	13	12	25	1	8	C158H243N13O154S8	5041.934866
HS_HexA13_HexN12_Ac1_S9_pNP	13	12	25	1	9	C158H243N13O157S9	5121.891681
HS_HexA13_HexN12_Ac1_S10_pNP	13	12	25	1	10	C158H243N13O160S10	5201.848496
HS_HexA13_HexN12_Ac1_S11_pNP	13	12	25	1	11	C158H243N13O163S11	5281.805311
HS_HexA13_HexN12_Ac1_S12_pNP	13	12	25	1	12	C158H243N13O166S12	5361.762126
HS_HexA13_HexN12_Ac1_S13_pNP	13	12	25	1	13	C158H243N13O169S13	5441.718941
HS_HexA13_HexN12_Ac1_S14_pNP	13	12	25	1	14	C158H243N13O172S14	5521.675756
HS_HexA13_HexN12_Ac1_S15_pNP	13	12	25	1	15	C158H243N13O175S15	5601.632571
HS_HexA13_HexN12_Ac1_S16_pNP	13	12	25	1	16	C158H243N13O178S16	5681.589386
HS_HexA13_HexN12_Ac1_S17_pNP	13	12	25	1	17	C158H243N13O181S17	5761.546201
HS_HexA13_HexN12_Ac1_S18_pNP	13	12	25	1	18	C158H243N13O184S18	5841.503016
HS_HexA13_HexN12_Ac1_S19_pNP	13	12	25	1	19	C158H243N13O187S19	5921.459831
HS_HexA13_HexN12_Ac1_S20_pNP	13	12	25	1	20	C158H243N13O190S20	6001.416646
HS_HexA13_HexN12_Ac1_S21_pNP	13	12	25	1	21	C158H243N13O193S21	6081.373461
HS_HexA13_HexN12_Ac1_S22_pNP	13	12	25	1	22	C158H243N13O196S22	6161.330276
HS_HexA13_HexN12_Ac1_S23_pNP	13	12	25	1	23	C158H243N13O199S23	6241.287091
HS_HexA13_HexN12_Ac1_S24_pNP	13	12	25	1	24	C158H243N13O202S24	6321.243906
HS_HexA13_HexN12_Ac1_S25_pNP	13	12	25	1	25	C158H243N13O205S25	6401.200721
HS_HexA13_HexN12_Ac1_S26_pNP	13	12	25	1	26	C158H243N13O208S26	6481.157536
HS_HexA13_HexN12_Ac1_S27_pNP	13	12	25	1	27	C158H243N13O211S27	6561.114351
HS_HexA13_HexN12_Ac1_S28_pNP	13	12	25	1	28	C158H243N13O214S28	6641.071166
HS_HexA13_HexN12_Ac1_S29_pNP	13	12	25	1	29	C158H243N13O217S29	6721.027981
HS_HexA13_HexN12_Ac1_S30_pNP	13	12	25	1	30	C158H243N13O220S30	6800.984796
HS_HexA13_HexN12_Ac1_S31_pNP	13	12	25	1	31	C158H243N13O223S31	6880.941611
HS_HexA13_HexN12_Ac1_S32_pNP	13	12	25	1	32	C158H243N13O226S32	6960.898426
HS_HexA13_HexN12_Ac1_S33_pNP	13	12	25	1	33	C158H243N13O229S33	7040.855242
HS_HexA13_HexN12_Ac1_S34_pNP	13	12	25	1	34	C158H243N13O232S34	7120.812057
HS_HexA13_HexN12_Ac1_S35_pNP	13	12	25	1	35	C158H243N13O235S35	7200.768872
HS_HexA13_HexN12_Ac1_S36_pNP	13	12	25	1	36	C158H243N13O238S36	7280.725687
HS_HexA13_HexN12_Ac2_S0_pNP	13	12	25	2	0	C160H245N13O131	4444.290910
HS_HexA13_HexN12_Ac2_S1_pNP	13	12	25	2	1	C160H245N13O134S	4524.247725
HS_HexA13_HexN12_Ac2_S2_pNP	13	12	25	2	2	C160H245N13O137S2	4604.204540
HS_HexA13_HexN12_Ac2_S3_pNP	13	12	25	2	3	C160H245N13O140S3	4684.161355
HS_HexA13_HexN12_Ac2_S4_pNP	13	12	25	2	4	C160H245N13O143S4	4764.118170
HS_HexA13_HexN12_Ac2_S5_pNP	13	12	25	2	5	C160H245N13O146S5	4844.074985
HS_HexA13_HexN12_Ac2_S6_pNP	13	12	25	2	6	C160H245N13O149S6	4924.031800
HS_HexA13_HexN12_Ac2_S7_pNP	13	12	25	2	7	C160H245N13O152S7	5003.988615
HS_HexA13_HexN12_Ac2_S8_pNP	13	12	25	2	8	C160H245N13O155S8	5083.945430
HS_HexA13_HexN12_Ac2_S9_pNP	13	12	25	2	9	C160H245N13O158S9	5163.902245
HS_HexA13_HexN12_Ac2_S10_pNP	13	12	25	2	10	C160H245N13O161S10	5243.859060
HS_HexA13_HexN12_Ac2_S11_pNP	13	12	25	2	11	C160H245N13O164S11	5323.815875
HS_HexA13_HexN12_Ac2_S12_pNP	13	12	25	2	12	C160H245N13O167S12	5403.772691
HS_HexA13_HexN12_Ac2_S13_pNP	13	12	25	2	13	C160H245N13O170S13	5483.729506
HS_HexA13_HexN12_Ac2_S14_pNP	13	12	25	2	14	C160H245N13O173S14	5563.686321
HS_HexA13_HexN12_Ac2_S15_pNP	13	12	25	2	15	C160H245N13O176S15	5643.643136
HS_HexA13_HexN12_Ac2_S16_pNP	13	12	25	2	16	C160H245N13O179S16	5723.599951
HS_HexA13_HexN12_Ac2_S17_pNP	13	12	25	2	17	C160H245N13O182S17	5803.556766
HS_HexA13_HexN12_Ac2_S18_pNP	13	12	25	2	18	C160H245N13O185S18	5883.513581
HS_HexA13_HexN12_Ac2_S19_pNP	13	12	25	2	19	C160H245N13O188S19	5963.470396
HS_HexA13_HexN12_Ac2_S20_pNP	13	12	25	2	20	C160H245N13O191S20	6043.427211
HS_HexA13_HexN12_Ac2_S21_pNP	13	12	25	2	21	C160H245N13O194S21	6123.384026
HS_HexA13_HexN12_Ac2_S22_pNP	13	12	25	2	22	C160H245N13O197S22	6203.340841
HS_HexA13_HexN12_Ac2_S23_pNP	13	12	25	2	23	C160H245N13O200S23	6283.297656
HS_HexA13_HexN12_Ac2_S24_pNP	13	12	25	2	24	C160H245N13O203S24	6363.254471
HS_HexA13_HexN12_Ac2_S25_pNP	13	12	25	2	25	C160H245N13O206S25	6443.211286
HS_HexA13_HexN12_Ac2_S26_pNP	13	12	25	2	26	C160H245N13O209S26	6523.168101
HS_HexA13_HexN12_Ac2_S27_pNP	13	12	25	2	27	C160H245N13O212S27	6603.124916
HS_HexA13_HexN12_Ac2_S28_pNP	13	12	25	2	28	C160H245N13O215S28	6683.081731
HS_HexA13_HexN12_Ac2_S29_pNP	13	12	25	2	29	C160H245N13O218S29	6763.038546
HS_HexA13_HexN12_Ac2_S30_pNP	13	12	25	2	30	C160H245N13O221S30	6842.995361
HS_HexA13_HexN12_Ac2_S31_pNP	13	12	25	2	31	C160H245N13O224S31	6922.952176
HS_HexA13_HexN12_Ac2_S32_pNP	13	12	25	2	32	C160H245N13O227S32	7002.908991
HS_HexA13_HexN12_Ac2_S33_pNP	13	12	25	2	33	C160H245N13O230S33	7082.865806
HS_HexA13_HexN12_Ac2_S34_pNP	13	12	25	2	34	C160H245N13O233S34	7162.822621
HS_HexA13_HexN12_Ac2_S35_pNP	13	12	25	2	35	C160H245N13O236S35	7242.779436
HS_HexA13_HexN12_Ac2_S36_pNP	13	12	25	2	36	C160H245N13O239S36	7322.736251
HS_HexA13_HexN12_Ac3_S0_pNP	13	12	25	3	0	C162H247N13O132	4486.301475
HS_HexA13_HexN12_Ac3_S1_pNP	13	12	25	3	1	C162H247N13O135S	4566.258290
HS_HexA13_HexN12_Ac3_S2_pNP	13	12	25	3	2	C162H247N13O138S2	4646.215105
HS_HexA13_HexN12_Ac3_S3_pNP	13	12	25	3	3	C162H247N13O141S3	4726.171920
HS_HexA13_HexN12_Ac3_S4_pNP	13	12	25	3	4	C162H247N13O144S4	4806.128735
HS_HexA13_HexN12_Ac3_S5_pNP	13	12	25	3	5	C162H247N13O147S5	4886.085550
HS_HexA13_HexN12_Ac3_S6_pNP	13	12	25	3	6	C162H247N13O150S6	4966.042365
HS_HexA13_HexN12_Ac3_S7_pNP	13	12	25	3	7	C162H247N13O153S7	5045.999180
HS_HexA13_HexN12_Ac3_S8_pNP	13	12	25	3	8	C162H247N13O156S8	5125.955995
HS_HexA13_HexN12_Ac3_S9_pNP	13	12	25	3	9	C162H247N13O159S9	5205.912810
HS_HexA13_HexN12_Ac3_S10_pNP	13	12	25	3	10	C162H247N13O162S10	5285.869625
HS_HexA13_HexN12_Ac3_S11_pNP	13	12	25	3	11	C162H247N13O165S11	5365.826440
HS_HexA13_HexN12_Ac3_S12_pNP	13	12	25	3	12	C162H247N13O168S12	5445.783255
HS_HexA13_HexN12_Ac3_S13_pNP	13	12	25	3	13	C162H247N13O171S13	5525.740070
HS_HexA13_HexN12_Ac3_S14_pNP	13	12	25	3	14	C162H247N13O174S14	5605.696885
HS_HexA13_HexN12_Ac3_S15_pNP	13	12	25	3	15	C162H247N13O177S15	5685.653700
HS_HexA13_HexN12_Ac3_S16_pNP	13	12	25	3	16	C162H247N13O180S16	5765.610515
HS_HexA13_HexN12_Ac3_S17_pNP	13	12	25	3	17	C162H247N13O183S17	5845.567330
HS_HexA13_HexN12_Ac3_S18_pNP	13	12	25	3	18	C162H247N13O186S18	5925.524145
HS_HexA13_HexN12_Ac3_S19_pNP	13	12	25	3	19	C162H247N13O189S19	6005.480960
HS_HexA13_HexN12_Ac3_S20_pNP	13	12	25	3	20	C162H247N13O192S20	6085.437775
HS_HexA13_HexN12_Ac3_S21_pNP	13	12	25	3	21	C162H247N13O195S21	6165.394590
HS_HexA13_HexN12_Ac3_S22_pNP	13	12	25	3	22	C162H247N13O198S22	6245.351406
HS_HexA13_HexN12_Ac3_S23_pNP	13	12	25	3	23	C162H247N13O201S23	6325.308221
HS_HexA13_HexN12_Ac3_S24_pNP	13	12	25	3	24	C162H247N13O204S24	6405.265036
HS_HexA13_HexN12_Ac3_S25_pNP	13	12	25	3	25	C162H247N13O207S25	6485.221851
HS_HexA13_HexN12_Ac3_S26_pNP	13	12	25	3	26	C162H247N13O210S26	6565.178666
HS_HexA13_HexN12_Ac3_S27_pNP	13	12	25	3	27	C162H247N13O213S27	6645.135481
HS_HexA13_HexN12_Ac3_S28_pNP	13	12	25	3	28	C162H247N13O216S28	6725.092296
HS_HexA13_HexN12_Ac3_S29_pNP	13	12	25	3	29	C162H247N13O219S29	6805.049111
HS_HexA13_HexN12_Ac3_S30_pNP	13	12	25	3	30	C162H247N13O222S30	6885.005926
HS_HexA13_HexN12_Ac3_S31_pNP	13	12	25	3	31	C162H247N13O225S31	6964.962741
HS_HexA13_HexN12_Ac3_S32_pNP	13	12	25	3	32	C162H247N13O228S32	7044.919556
HS_HexA13_HexN12_Ac3_S33_pNP	13	12	25	3	33	C162H247N13O231S33	7124.876371
HS_HexA13_HexN12_Ac3_S34_pNP	13	12	25	3	34	C162H247N13O234S34	7204.833186
HS_HexA13_HexN12_Ac3_S35_pNP	13	12	25	3	35	C162H247N13O237S35	7284.790001
HS_HexA13_HexN12_Ac3_S36_pNP	13	12	25	3	36	C162H247N13O240S36	7364.746816
HS_HexA13_HexN12_Ac4_S0_pNP	13	12	25	4	0	C164H249N13O133	4528.312039
HS_HexA13_HexN12_Ac4_S1_pNP	13	12	25	4	1	C164H249N13O136S	4608.268855
HS_HexA13_HexN12_Ac4_S2_pNP	13	12	25	4	2	C164H249N13O139S2	4688.225670
HS_HexA13_HexN12_Ac4_S3_pNP	13	12	25	4	3	C164H249N13O142S3	4768.182485
HS_HexA13_HexN12_Ac4_S4_pNP	13	12	25	4	4	C164H249N13O145S4	4848.139300
HS_HexA13_HexN12_Ac4_S5_pNP	13	12	25	4	5	C164H249N13O148S5	4928.096115
HS_HexA13_HexN12_Ac4_S6_pNP	13	12	25	4	6	C164H249N13O151S6	5008.052930
HS_HexA13_HexN12_Ac4_S7_pNP	13	12	25	4	7	C164H249N13O154S7	5088.009745
HS_HexA13_HexN12_Ac4_S8_pNP	13	12	25	4	8	C164H249N13O157S8	5167.966560
HS_HexA13_HexN12_Ac4_S9_pNP	13	12	25	4	9	C164H249N13O160S9	5247.923375
HS_HexA13_HexN12_Ac4_S10_pNP	13	12	25	4	10	C164H249N13O163S10	5327.880190
HS_HexA13_HexN12_Ac4_S11_pNP	13	12	25	4	11	C164H249N13O166S11	5407.837005
HS_HexA13_HexN12_Ac4_S12_pNP	13	12	25	4	12	C164H249N13O169S12	5487.793820
HS_HexA13_HexN12_Ac4_S13_pNP	13	12	25	4	13	C164H249N13O172S13	5567.750635
HS_HexA13_HexN12_Ac4_S14_pNP	13	12	25	4	14	C164H249N13O175S14	5647.707450
HS_HexA13_HexN12_Ac4_S15_pNP	13	12	25	4	15	C164H249N13O178S15	5727.664265
HS_HexA13_HexN12_Ac4_S16_pNP	13	12	25	4	16	C164H249N13O181S16	5807.621080
HS_HexA13_HexN12_Ac4_S17_pNP	13	12	25	4	17	C164H249N13O184S17	5887.577895
HS_HexA13_HexN12_Ac4_S18_pNP	13	12	25	4	18	C164H249N13O187S18	5967.534710
HS_HexA13_HexN12_Ac4_S19_pNP	13	12	25	4	19	C164H249N13O190S19	6047.491525
HS_HexA13_HexN12_Ac4_S20_pNP	13	12	25	4	20	C164H249N13O193S20	6127.448340
HS_HexA13_HexN12_Ac4_S21_pNP	13	12	25	4	21	C164H249N13O196S21	6207.405155
HS_HexA13_HexN12_Ac4_S22_pNP	13	12	25	4	22	C164H249N13O199S22	6287.361970
HS_HexA13_HexN12_Ac4_S23_pNP	13	12	25	4	23	C164H249N13O202S23	6367.318785
HS_HexA13_HexN12_Ac4_S24_pNP	13	12	25	4	24	C164H249N13O205S24	6447.275600
HS_HexA13_HexN12_Ac4_S25_pNP	13	12	25	4	25	C164H249N13O208S25	6527.232415
HS_HexA13_HexN12_Ac4_S26_pNP	13	12	25	4	26	C164H249N13O211S26	6607.189230
HS_HexA13_HexN12_Ac4_S27_pNP	13	12	25	4	27	C164H249N13O214S27	6687.146045
HS_HexA13_HexN12_Ac4_S28_pNP	13	12	25	4	28	C164H249N13O217S28	6767.102860
HS_HexA13_HexN12_Ac4_S29_pNP	13	12	25	4	29	C164H249N13O220S29	6847.059675
HS_HexA13_HexN12_Ac4_S30_pNP	13	12	25	4	30	C164H249N13O223S30	6927.016490
HS_HexA13_HexN12_Ac4_S31_pNP	13	12	25	4	31	C164H249N13O226S31	7006.973306
HS_HexA13_HexN12_Ac4_S32_pNP	13	12	25	4	32	C164H249N13O229S32	7086.930121
HS_HexA13_HexN12_Ac4_S33_pNP	13	12	25	4	33	C164H249N13O232S33	7166.886936
HS_HexA13_HexN12_Ac4_S34_pNP	13	12	25	4	34	C164H249N13O235S34	7246.843751
HS_HexA13_HexN12_Ac4_S35_pNP	13	12	25	4	35	C164H249N13O238S35	7326.800566
HS_HexA13_HexN12_Ac4_S36_pNP	13	12	25	4	36	C164H249N13O241S36	7406.757381
HS_HexA13_HexN12_Ac5_S0_pNP	13	12	25	5	0	C166H251N13O134	4570.322604
HS_HexA13_HexN12_Ac5_S1_pNP	13	12	25	5	1	C166H251N13O137S	4650.279419
HS_HexA13_HexN12_Ac5_S2_pNP	13	12	25	5	2	C166H251N13O140S2	4730.236234
HS_HexA13_HexN12_Ac5_S3_pNP	13	12	25	5	3	C166H251N13O143S3	4810.193049
HS_HexA13_HexN12_Ac5_S4_pNP	13	12	25	5	4	C166H251N13O146S4	4890.149864
HS_HexA13_HexN12_Ac5_S5_pNP	13	12	25	5	5	C166H251N13O149S5	4970.106679
HS_HexA13_HexN12_Ac5_S6_pNP	13	12	25	5	6	C166H251N13O152S6	5050.063494
HS_HexA13_HexN12_Ac5_S7_pNP	13	12	25	5	7	C166H251N13O155S7	5130.020309
HS_HexA13_HexN12_Ac5_S8_pNP	13	12	25	5	8	C166H251N13O158S8	5209.977124
HS_HexA13_HexN12_Ac5_S9_pNP	13	12	25	5	9	C166H251N13O161S9	5289.933939
HS_HexA13_HexN12_Ac5_S10_pNP	13	12	25	5	10	C166H251N13O164S10	5369.890755
HS_HexA13_HexN12_Ac5_S11_pNP	13	12	25	5	11	C166H251N13O167S11	5449.847570
HS_HexA13_HexN12_Ac5_S12_pNP	13	12	25	5	12	C166H251N13O170S12	5529.804385
HS_HexA13_HexN12_Ac5_S13_pNP	13	12	25	5	13	C166H251N13O173S13	5609.761200
HS_HexA13_HexN12_Ac5_S14_pNP	13	12	25	5	14	C166H251N13O176S14	5689.718015
HS_HexA13_HexN12_Ac5_S15_pNP	13	12	25	5	15	C166H251N13O179S15	5769.674830
HS_HexA13_HexN12_Ac5_S16_pNP	13	12	25	5	16	C166H251N13O182S16	5849.631645
HS_HexA13_HexN12_Ac5_S17_pNP	13	12	25	5	17	C166H251N13O185S17	5929.588460
HS_HexA13_HexN12_Ac5_S18_pNP	13	12	25	5	18	C166H251N13O188S18	6009.545275
HS_HexA13_HexN12_Ac5_S19_pNP	13	12	25	5	19	C166H251N13O191S19	6089.502090
HS_HexA13_HexN12_Ac5_S20_pNP	13	12	25	5	20	C166H251N13O194S20	6169.458905
HS_HexA13_HexN12_Ac5_S21_pNP	13	12	25	5	21	C166H251N13O197S21	6249.415720
HS_HexA13_HexN12_Ac5_S22_pNP	13	12	25	5	22	C166H251N13O200S22	6329.372535
HS_HexA13_HexN12_Ac5_S23_pNP	13	12	25	5	23	C166H251N13O203S23	6409.329350
HS_HexA13_HexN12_Ac5_S24_pNP	13	12	25	5	24	C166H251N13O206S24	6489.286165
HS_HexA13_HexN12_Ac5_S25_pNP	13	12	25	5	25	C166H251N13O209S25	6569.242980
HS_HexA13_HexN12_Ac5_S26_pNP	13	12	25	5	26	C166H251N13O212S26	6649.199795
HS_HexA13_HexN12_Ac5_S27_pNP	13	12	25	5	27	C166H251N13O215S27	6729.156610
HS_HexA13_HexN12_Ac5_S28_pNP	13	12	25	5	28	C166H251N13O218S28	6809.113425
HS_HexA13_HexN12_Ac5_S29_pNP	13	12	25	5	29	C166H251N13O221S29	6889.070240
HS_HexA13_HexN12_Ac5_S30_pNP	13	12	25	5	30	C166H251N13O224S30	6969.027055
HS_HexA13_HexN12_Ac5_S31_pNP	13	12	25	5	31	C166H251N13O227S31	7048.983870
HS_HexA13_HexN12_Ac5_S32_pNP	13	12	25	5	32	C166H251N13O230S32	7128.940685
HS_HexA13_HexN12_Ac5_S33_pNP	13	12	25	5	33	C166H251N13O233S33	7208.897500
HS_HexA13_HexN12_Ac5_S34_pNP	13	12	25	5	34	C166H251N13O236S34	7288.854315
HS_HexA13_HexN12_Ac5_S35_pNP	13	12	25	5	35	C166H251N13O239S35	7368.811130
HS_HexA13_HexN12_Ac5_S36_pNP	13	12	25	5	36	C166H251N13O242S36	7448.767945
HS_HexA13_HexN12_Ac6_S0_pNP	13	12	25	6	0	C168H253N13O135	4612.333169
HS_HexA13_HexN12_Ac6_S1_pNP	13	12	25	6	1	C168H253N13O138S	4692.289984
HS_HexA13_HexN12_Ac6_S2_pNP	13	12	25	6	2	C168H253N13O141S2	4772.246799
HS_HexA13_HexN12_Ac6_S3_pNP	13	12	25	6	3	C168H253N13O144S3	4852.203614
HS_HexA13_HexN12_Ac6_S4_pNP	13	12	25	6	4	C168H253N13O147S4	4932.160429
HS_HexA13_HexN12_Ac6_S5_pNP	13	12	25	6	5	C168H253N13O150S5	5012.117244
HS_HexA13_HexN12_Ac6_S6_pNP	13	12	25	6	6	C168H253N13O153S6	5092.074059
HS_HexA13_HexN12_Ac6_S7_pNP	13	12	25	6	7	C168H253N13O156S7	5172.030874
HS_HexA13_HexN12_Ac6_S8_pNP	13	12	25	6	8	C168H253N13O159S8	5251.987689
HS_HexA13_HexN12_Ac6_S9_pNP	13	12	25	6	9	C168H253N13O162S9	5331.944504
HS_HexA13_HexN12_Ac6_S10_pNP	13	12	25	6	10	C168H253N13O165S10	5411.901319
HS_HexA13_HexN12_Ac6_S11_pNP	13	12	25	6	11	C168H253N13O168S11	5491.858134
HS_HexA13_HexN12_Ac6_S12_pNP	13	12	25	6	12	C168H253N13O171S12	5571.814949
HS_HexA13_HexN12_Ac6_S13_pNP	13	12	25	6	13	C168H253N13O174S13	5651.771764
HS_HexA13_HexN12_Ac6_S14_pNP	13	12	25	6	14	C168H253N13O177S14	5731.728579
HS_HexA13_HexN12_Ac6_S15_pNP	13	12	25	6	15	C168H253N13O180S15	5811.685394
HS_HexA13_HexN12_Ac6_S16_pNP	13	12	25	6	16	C168H253N13O183S16	5891.642209
HS_HexA13_HexN12_Ac6_S17_pNP	13	12	25	6	17	C168H253N13O186S17	5971.599024
HS_HexA13_HexN12_Ac6_S18_pNP	13	12	25	6	18	C168H253N13O189S18	6051.555839
HS_HexA13_HexN12_Ac6_S19_pNP	13	12	25	6	19	C168H253N13O192S19	6131.512654
HS_HexA13_HexN12_Ac6_S20_pNP	13	12	25	6	20	C168H253N13O195S20	6211.469470
HS_HexA13_HexN12_Ac6_S21_pNP	13	12	25	6	21	C168H253N13O198S21	6291.426285
HS_HexA13_HexN12_Ac6_S22_pNP	13	12	25	6	22	C168H253N13O201S22	6371.383100
HS_HexA13_HexN12_Ac6_S23_pNP	13	12	25	6	23	C168H253N13O204S23	6451.339915
HS_HexA13_HexN12_Ac6_S24_pNP	13	12	25	6	24	C168H253N13O207S24	6531.296730
HS_HexA13_HexN12_Ac6_S25_pNP	13	12	25	6	25	C168H253N13O210S25	6611.253545
HS_HexA13_HexN12_Ac6_S26_pNP	13	12	25	6	26	C168H253N13O213S26	6691.210360
HS_HexA13_HexN12_Ac6_S27_pNP	13	12	25	6	27	C168H253N13O216S27	6771.167175
HS_HexA13_HexN12_Ac6_S28_pNP	13	12	25	6	28	C168H253N13O219S28	6851.123990
HS_HexA13_HexN12_Ac6_S29_pNP	13	12	25	6	29	C168H253N13O222S29	6931.080805
HS_HexA13_HexN12_Ac6_S30_pNP	13	12	25	6	30	C168H253N13O225S30	7011.037620
HS_HexA13_HexN12_Ac6_S31_pNP	13	12	25	6	31	C168H253N13O228S31	7090.994435
HS_HexA13_HexN12_Ac6_S32_pNP	13	12	25	6	32	C168H253N13O231S32	7170.951250
HS_HexA13_HexN12_Ac6_S33_pNP	13	12	25	6	33	C168H253N13O234S33	7250.908065
HS_HexA13_HexN12_Ac6_S34_pNP	13	12	25	6	34	C168H253N13O237S34	7330.864880
HS_HexA13_HexN12_Ac6_S35_pNP	13	12	25	6	35	C168H253N13O240S35	7410.821695
HS_HexA13_HexN12_Ac6_S36_pNP	13	12	25	6	36	C168H253N13O243S36	7490.778510
HS_HexA13_HexN12_Ac7_S0_pNP	13	12	25	7	0	C170H255N13O136	4654.343734
HS_HexA13_HexN12_Ac7_S1_pNP	13	12	25	7	1	C170H255N13O139S	4734.300549
HS_HexA13_HexN12_Ac7_S2_pNP	13	12	25	7	2	C170H255N13O142S2	4814.257364
HS_HexA13_HexN12_Ac7_S3_pNP	13	12	25	7	3	C170H255N13O145S3	4894.214179
HS_HexA13_HexN12_Ac7_S4_pNP	13	12	25	7	4	C170H255N13O148S4	4974.170994
HS_HexA13_HexN12_Ac7_S5_pNP	13	12	25	7	5	C170H255N13O151S5	5054.127809
HS_HexA13_HexN12_Ac7_S6_pNP	13	12	25	7	6	C170H255N13O154S6	5134.084624
HS_HexA13_HexN12_Ac7_S7_pNP	13	12	25	7	7	C170H255N13O157S7	5214.041439
HS_HexA13_HexN12_Ac7_S8_pNP	13	12	25	7	8	C170H255N13O160S8	5293.998254
HS_HexA13_HexN12_Ac7_S9_pNP	13	12	25	7	9	C170H255N13O163S9	5373.955069
HS_HexA13_HexN12_Ac7_S10_pNP	13	12	25	7	10	C170H255N13O166S10	5453.911884
HS_HexA13_HexN12_Ac7_S11_pNP	13	12	25	7	11	C170H255N13O169S11	5533.868699
HS_HexA13_HexN12_Ac7_S12_pNP	13	12	25	7	12	C170H255N13O172S12	5613.825514
HS_HexA13_HexN12_Ac7_S13_pNP	13	12	25	7	13	C170H255N13O175S13	5693.782329
HS_HexA13_HexN12_Ac7_S14_pNP	13	12	25	7	14	C170H255N13O178S14	5773.739144
HS_HexA13_HexN12_Ac7_S15_pNP	13	12	25	7	15	C170H255N13O181S15	5853.695959
HS_HexA13_HexN12_Ac7_S16_pNP	13	12	25	7	16	C170H255N13O184S16	5933.652774
HS_HexA13_HexN12_Ac7_S17_pNP	13	12	25	7	17	C170H255N13O187S17	6013.609589
HS_HexA13_HexN12_Ac7_S18_pNP	13	12	25	7	18	C170H255N13O190S18	6093.566404
HS_HexA13_HexN12_Ac7_S19_pNP	13	12	25	7	19	C170H255N13O193S19	6173.523219
HS_HexA13_HexN12_Ac7_S20_pNP	13	12	25	7	20	C170H255N13O196S20	6253.480034
HS_HexA13_HexN12_Ac7_S21_pNP	13	12	25	7	21	C170H255N13O199S21	6333.436849
HS_HexA13_HexN12_Ac7_S22_pNP	13	12	25	7	22	C170H255N13O202S22	6413.393664
HS_HexA13_HexN12_Ac7_S23_pNP	13	12	25	7	23	C170H255N13O205S23	6493.350479
HS_HexA13_HexN12_Ac7_S24_pNP	13	12	25	7	24	C170H255N13O208S24	6573.307294
HS_HexA13_HexN12_Ac7_S25_pNP	13	12	25	7	25	C170H255N13O211S25	6653.264109
HS_HexA13_HexN12_Ac7_S26_pNP	13	12	25	7	26	C170H255N13O214S26	6733.220924
HS_HexA13_HexN12_Ac7_S27_pNP	13	12	25	7	27	C170H255N13O217S27	6813.177739
HS_HexA13_HexN12_Ac7_S28_pNP	13	12	25	7	28	C170H255N13O220S28	6893.134554
HS_HexA13_HexN12_Ac7_S29_pNP	13	12	25	7	29	C170H255N13O223S29	6973.091369
HS_HexA13_HexN12_Ac7_S30_pNP	13	12	25	7	30	C170H255N13O226S30	7053.048185
HS_HexA13_HexN12_Ac7_S31_pNP	13	12	25	7	31	C170H255N13O229S31	7133.005000
HS_HexA13_HexN12_Ac7_S32_pNP	13	12	25	7	32	C170H255N13O232S32	7212.961815
HS_HexA13_HexN12_Ac7_S33_pNP	13	12	25	7	33	C170H255N13O235S33	7292.918630
HS_HexA13_HexN12_Ac7_S34_pNP	13	12	25	7	34	C170H255N13O238S34	7372.875445
HS_HexA13_HexN12_Ac7_S35_pNP	13	12	25	7	35	C170H255N13O241S35	7452.832260
HS_HexA13_HexN12_Ac7_S36_pNP	13	12	25	7	36	C170H255N13O244S36	7532.789075
HS_HexA13_HexN12_Ac8_S0_pNP	13	12	25	8	0	C172H257N13O137	4696.354298
HS_HexA13_HexN12_Ac8_S1_pNP	13	12	25	8	1	C172H257N13O140S	4776.311113
HS_HexA13_HexN12_Ac8_S2_pNP	13	12	25	8	2	C172H257N13O143S2	4856.267928
HS_HexA13_HexN12_Ac8_S3_pNP	13	12	25	8	3	C172H257N13O146S3	4936.224743
HS_HexA13_HexN12_Ac8_S4_pNP	13	12	25	8	4	C172H257N13O149S4	5016.181558
HS_HexA13_HexN12_Ac8_S5_pNP	13	12	25	8	5	C172H257N13O152S5	5096.138373
HS_HexA13_HexN12_Ac8_S6_pNP	13	12	25	8	6	C172H257N13O155S6	5176.095188
HS_HexA13_HexN12_Ac8_S7_pNP	13	12	25	8	7	C172H257N13O158S7	5256.052003
HS_HexA13_HexN12_Ac8_S8_pNP	13	12	25	8	8	C172H257N13O161S8	5336.008818
HS_HexA13_HexN12_Ac8_S9_pNP	13	12	25	8	9	C172H257N13O164S9	5415.965634
HS_HexA13_HexN12_Ac8_S10_pNP	13	12	25	8	10	C172H257N13O167S10	5495.922449
HS_HexA13_HexN12_Ac8_S11_pNP	13	12	25	8	11	C172H257N13O170S11	5575.879264
HS_HexA13_HexN12_Ac8_S12_pNP	13	12	25	8	12	C172H257N13O173S12	5655.836079
HS_HexA13_HexN12_Ac8_S13_pNP	13	12	25	8	13	C172H257N13O176S13	5735.792894
HS_HexA13_HexN12_Ac8_S14_pNP	13	12	25	8	14	C172H257N13O179S14	5815.749709
HS_HexA13_HexN12_Ac8_S15_pNP	13	12	25	8	15	C172H257N13O182S15	5895.706524
HS_HexA13_HexN12_Ac8_S16_pNP	13	12	25	8	16	C172H257N13O185S16	5975.663339
HS_HexA13_HexN12_Ac8_S17_pNP	13	12	25	8	17	C172H257N13O188S17	6055.620154
HS_HexA13_HexN12_Ac8_S18_pNP	13	12	25	8	18	C172H257N13O191S18	6135.576969
HS_HexA13_HexN12_Ac8_S19_pNP	13	12	25	8	19	C172H257N13O194S19	6215.533784
HS_HexA13_HexN12_Ac8_S20_pNP	13	12	25	8	20	C172H257N13O197S20	6295.490599
HS_HexA13_HexN12_Ac8_S21_pNP	13	12	25	8	21	C172H257N13O200S21	6375.447414
HS_HexA13_HexN12_Ac8_S22_pNP	13	12	25	8	22	C172H257N13O203S22	6455.404229
HS_HexA13_HexN12_Ac8_S23_pNP	13	12	25	8	23	C172H257N13O206S23	6535.361044
HS_HexA13_HexN12_Ac8_S24_pNP	13	12	25	8	24	C172H257N13O209S24	6615.317859
HS_HexA13_HexN12_Ac8_S25_pNP	13	12	25	8	25	C172H257N13O212S25	6695.274674
HS_HexA13_HexN12_Ac8_S26_pNP	13	12	25	8	26	C172H257N13O215S26	6775.231489
HS_HexA13_HexN12_Ac8_S27_pNP	13	12	25	8	27	C172H257N13O218S27	6855.188304
HS_HexA13_HexN12_Ac8_S28_pNP	13	12	25	8	28	C172H257N13O221S28	6935.145119
HS_HexA13_HexN12_Ac8_S29_pNP	13	12	25	8	29	C172H257N13O224S29	7015.101934
HS_HexA13_HexN12_Ac8_S30_pNP	13	12	25	8	30	C172H257N13O227S30	7095.058749
HS_HexA13_HexN12_Ac8_S31_pNP	13	12	25	8	31	C172H257N13O230S31	7175.015564
HS_HexA13_HexN12_Ac8_S32_pNP	13	12	25	8	32	C172H257N13O233S32	7254.972379
HS_HexA13_HexN12_Ac8_S33_pNP	13	12	25	8	33	C172H257N13O236S33	7334.929194
HS_HexA13_HexN12_Ac8_S34_pNP	13	12	25	8	34	C172H257N13O239S34	7414.886009
HS_HexA13_HexN12_Ac8_S35_pNP	13	12	25	8	35	C172H257N13O242S35	7494.842824
HS_HexA13_HexN12_Ac8_S36_pNP	13	12	25	8	36	C172H257N13O245S36	7574.799639
HS_HexA13_HexN12_Ac9_S0_pNP	13	12	25	9	0	C174H259N13O138	4738.364863
HS_HexA13_HexN12_Ac9_S1_pNP	13	12	25	9	1	C174H259N13O141S	4818.321678
HS_HexA13_HexN12_Ac9_S2_pNP	13	12	25	9	2	C174H259N13O144S2	4898.278493
HS_HexA13_HexN12_Ac9_S3_pNP	13	12	25	9	3	C174H259N13O147S3	4978.235308
HS_HexA13_HexN12_Ac9_S4_pNP	13	12	25	9	4	C174H259N13O150S4	5058.192123
HS_HexA13_HexN12_Ac9_S5_pNP	13	12	25	9	5	C174H259N13O153S5	5138.148938
HS_HexA13_HexN12_Ac9_S6_pNP	13	12	25	9	6	C174H259N13O156S6	5218.105753
HS_HexA13_HexN12_Ac9_S7_pNP	13	12	25	9	7	C174H259N13O159S7	5298.062568
HS_HexA13_HexN12_Ac9_S8_pNP	13	12	25	9	8	C174H259N13O162S8	5378.019383
HS_HexA13_HexN12_Ac9_S9_pNP	13	12	25	9	9	C174H259N13O165S9	5457.976198
HS_HexA13_HexN12_Ac9_S10_pNP	13	12	25	9	10	C174H259N13O168S10	5537.933013
HS_HexA13_HexN12_Ac9_S11_pNP	13	12	25	9	11	C174H259N13O171S11	5617.889828
HS_HexA13_HexN12_Ac9_S12_pNP	13	12	25	9	12	C174H259N13O174S12	5697.846643
HS_HexA13_HexN12_Ac9_S13_pNP	13	12	25	9	13	C174H259N13O177S13	5777.803458
HS_HexA13_HexN12_Ac9_S14_pNP	13	12	25	9	14	C174H259N13O180S14	5857.760273
HS_HexA13_HexN12_Ac9_S15_pNP	13	12	25	9	15	C174H259N13O183S15	5937.717088
HS_HexA13_HexN12_Ac9_S16_pNP	13	12	25	9	16	C174H259N13O186S16	6017.673903
HS_HexA13_HexN12_Ac9_S17_pNP	13	12	25	9	17	C174H259N13O189S17	6097.630718
HS_HexA13_HexN12_Ac9_S18_pNP	13	12	25	9	18	C174H259N13O192S18	6177.587534
HS_HexA13_HexN12_Ac9_S19_pNP	13	12	25	9	19	C174H259N13O195S19	6257.544349
HS_HexA13_HexN12_Ac9_S20_pNP	13	12	25	9	20	C174H259N13O198S20	6337.501164
HS_HexA13_HexN12_Ac9_S21_pNP	13	12	25	9	21	C174H259N13O201S21	6417.457979
HS_HexA13_HexN12_Ac9_S22_pNP	13	12	25	9	22	C174H259N13O204S22	6497.414794
HS_HexA13_HexN12_Ac9_S23_pNP	13	12	25	9	23	C174H259N13O207S23	6577.371609
HS_HexA13_HexN12_Ac9_S24_pNP	13	12	25	9	24	C174H259N13O210S24	6657.328424
HS_HexA13_HexN12_Ac9_S25_pNP	13	12	25	9	25	C174H259N13O213S25	6737.285239
HS_HexA13_HexN12_Ac9_S26_pNP	13	12	25	9	26	C174H259N13O216S26	6817.242054
HS_HexA13_HexN12_Ac9_S27_pNP	13	12	25	9	27	C174H259N13O219S27	6897.198869
HS_HexA13_HexN12_Ac9_S28_pNP	13	12	25	9	28	C174H259N13O222S28	6977.155684
HS_HexA13_HexN12_Ac9_S29_pNP	13	12	25	9	29	C174H259N13O225S29	7057.112499
HS_HexA13_HexN12_Ac9_S30_pNP	13	12	25	9	30	C174H259N13O228S30	7137.069314
HS_HexA13_HexN12_Ac9_S31_pNP	13	12	25	9	31	C174H259N13O231S31	7217.026129
HS_HexA13_HexN12_Ac9_S32_pNP	13	12	25	9	32	C174H259N13O234S32	7296.982944
HS_HexA13_HexN12_Ac9_S33_pNP	13	12	25	9	33	C174H259N13O237S33	7376.939759
HS_HexA13_HexN12_Ac9_S34_pNP	13	12	25	9	34	C174H259N13O240S34	7456.896574
HS_HexA13_HexN12_Ac9_S35_pNP	13	12	25	9	35	C174H259N13O243S35	7536.853389
HS_HexA13_HexN12_Ac9_S36_pNP	13	12	25	9	36	C174H259N13O246S36	7616.810204
HS_HexA13_HexN12_Ac10_S0_pNP	13	12	25	10	0	C176H261N13O139	4780.375428
HS_HexA13_HexN12_Ac10_S1_pNP	13	12	25	10	1	C176H261N13O142S	4860.332243
HS_HexA13_HexN12_Ac10_S2_pNP	13	12	25	10	2	C176H261N13O145S2	4940.289058
HS_HexA13_HexN12_Ac10_S3_pNP	13	12	25	10	3	C176H261N13O148S3	5020.245873
HS_HexA13_HexN12_Ac10_S4_pNP	13	12	25	10	4	C176H261N13O151S4	5100.202688
HS_HexA13_HexN12_Ac10_S5_pNP	13	12	25	10	5	C176H261N13O154S5	5180.159503
HS_HexA13_HexN12_Ac10_S6_pNP	13	12	25	10	6	C176H261N13O157S6	5260.116318
HS_HexA13_HexN12_Ac10_S7_pNP	13	12	25	10	7	C176H261N13O160S7	5340.073133
HS_HexA13_HexN12_Ac10_S8_pNP	13	12	25	10	8	C176H261N13O163S8	5420.029948
HS_HexA13_HexN12_Ac10_S9_pNP	13	12	25	10	9	C176H261N13O166S9	5499.986763
HS_HexA13_HexN12_Ac10_S10_pNP	13	12	25	10	10	C176H261N13O169S10	5579.943578
HS_HexA13_HexN12_Ac10_S11_pNP	13	12	25	10	11	C176H261N13O172S11	5659.900393
HS_HexA13_HexN12_Ac10_S12_pNP	13	12	25	10	12	C176H261N13O175S12	5739.857208
HS_HexA13_HexN12_Ac10_S13_pNP	13	12	25	10	13	C176H261N13O178S13	5819.814023
HS_HexA13_HexN12_Ac10_S14_pNP	13	12	25	10	14	C176H261N13O181S14	5899.770838
HS_HexA13_HexN12_Ac10_S15_pNP	13	12	25	10	15	C176H261N13O184S15	5979.727653
HS_HexA13_HexN12_Ac10_S16_pNP	13	12	25	10	16	C176H261N13O187S16	6059.684468
HS_HexA13_HexN12_Ac10_S17_pNP	13	12	25	10	17	C176H261N13O190S17	6139.641283
HS_HexA13_HexN12_Ac10_S18_pNP	13	12	25	10	18	C176H261N13O193S18	6219.598098
HS_HexA13_HexN12_Ac10_S19_pNP	13	12	25	10	19	C176H261N13O196S19	6299.554913
HS_HexA13_HexN12_Ac10_S20_pNP	13	12	25	10	20	C176H261N13O199S20	6379.511728
HS_HexA13_HexN12_Ac10_S21_pNP	13	12	25	10	21	C176H261N13O202S21	6459.468543
HS_HexA13_HexN12_Ac10_S22_pNP	13	12	25	10	22	C176H261N13O205S22	6539.425358
HS_HexA13_HexN12_Ac10_S23_pNP	13	12	25	10	23	C176H261N13O208S23	6619.382173
HS_HexA13_HexN12_Ac10_S24_pNP	13	12	25	10	24	C176H261N13O211S24	6699.338988
HS_HexA13_HexN12_Ac10_S25_pNP	13	12	25	10	25	C176H261N13O214S25	6779.295803
HS_HexA13_HexN12_Ac10_S26_pNP	13	12	25	10	26	C176H261N13O217S26	6859.252618
HS_HexA13_HexN12_Ac10_S27_pNP	13	12	25	10	27	C176H261N13O220S27	6939.209433
HS_HexA13_HexN12_Ac10_S28_pNP	13	12	25	10	28	C176H261N13O223S28	7019.166249
HS_HexA13_HexN12_Ac10_S29_pNP	13	12	25	10	29	C176H261N13O226S29	7099.123064
HS_HexA13_HexN12_Ac10_S30_pNP	13	12	25	10	30	C176H261N13O229S30	7179.079879
HS_HexA13_HexN12_Ac10_S31_pNP	13	12	25	10	31	C176H261N13O232S31	7259.036694
HS_HexA13_HexN12_Ac10_S32_pNP	13	12	25	10	32	C176H261N13O235S32	7338.993509
HS_HexA13_HexN12_Ac10_S33_pNP	13	12	25	10	33	C176H261N13O238S33	7418.950324
HS_HexA13_HexN12_Ac10_S34_pNP	13	12	25	10	34	C176H261N13O241S34	7498.907139
HS_HexA13_HexN12_Ac10_S35_pNP	13	12	25	10	35	C176H261N13O244S35	7578.863954
HS_HexA13_HexN12_Ac10_S36_pNP	13	12	25	10	36	C176H261N13O247S36	7658.820769
HS_HexA13_HexN12_Ac11_S0_pNP	13	12	25	11	0	C178H263N13O140	4822.385992
HS_HexA13_HexN12_Ac11_S1_pNP	13	12	25	11	1	C178H263N13O143S	4902.342807
HS_HexA13_HexN12_Ac11_S2_pNP	13	12	25	11	2	C178H263N13O146S2	4982.299622
HS_HexA13_HexN12_Ac11_S3_pNP	13	12	25	11	3	C178H263N13O149S3	5062.256437
HS_HexA13_HexN12_Ac11_S4_pNP	13	12	25	11	4	C178H263N13O152S4	5142.213252
HS_HexA13_HexN12_Ac11_S5_pNP	13	12	25	11	5	C178H263N13O155S5	5222.170067
HS_HexA13_HexN12_Ac11_S6_pNP	13	12	25	11	6	C178H263N13O158S6	5302.126882
HS_HexA13_HexN12_Ac11_S7_pNP	13	12	25	11	7	C178H263N13O161S7	5382.083698
HS_HexA13_HexN12_Ac11_S8_pNP	13	12	25	11	8	C178H263N13O164S8	5462.040513
HS_HexA13_HexN12_Ac11_S9_pNP	13	12	25	11	9	C178H263N13O167S9	5541.997328
HS_HexA13_HexN12_Ac11_S10_pNP	13	12	25	11	10	C178H263N13O170S10	5621.954143
HS_HexA13_HexN12_Ac11_S11_pNP	13	12	25	11	11	C178H263N13O173S11	5701.910958
HS_HexA13_HexN12_Ac11_S12_pNP	13	12	25	11	12	C178H263N13O176S12	5781.867773
HS_HexA13_HexN12_Ac11_S13_pNP	13	12	25	11	13	C178H263N13O179S13	5861.824588
HS_HexA13_HexN12_Ac11_S14_pNP	13	12	25	11	14	C178H263N13O182S14	5941.781403
HS_HexA13_HexN12_Ac11_S15_pNP	13	12	25	11	15	C178H263N13O185S15	6021.738218
HS_HexA13_HexN12_Ac11_S16_pNP	13	12	25	11	16	C178H263N13O188S16	6101.695033
HS_HexA13_HexN12_Ac11_S17_pNP	13	12	25	11	17	C178H263N13O191S17	6181.651848
HS_HexA13_HexN12_Ac11_S18_pNP	13	12	25	11	18	C178H263N13O194S18	6261.608663
HS_HexA13_HexN12_Ac11_S19_pNP	13	12	25	11	19	C178H263N13O197S19	6341.565478
HS_HexA13_HexN12_Ac11_S20_pNP	13	12	25	11	20	C178H263N13O200S20	6421.522293
HS_HexA13_HexN12_Ac11_S21_pNP	13	12	25	11	21	C178H263N13O203S21	6501.479108
HS_HexA13_HexN12_Ac11_S22_pNP	13	12	25	11	22	C178H263N13O206S22	6581.435923
HS_HexA13_HexN12_Ac11_S23_pNP	13	12	25	11	23	C178H263N13O209S23	6661.392738
HS_HexA13_HexN12_Ac11_S24_pNP	13	12	25	11	24	C178H263N13O212S24	6741.349553
HS_HexA13_HexN12_Ac11_S25_pNP	13	12	25	11	25	C178H263N13O215S25	6821.306368
HS_HexA13_HexN12_Ac11_S26_pNP	13	12	25	11	26	C178H263N13O218S26	6901.263183
HS_HexA13_HexN12_Ac11_S27_pNP	13	12	25	11	27	C178H263N13O221S27	6981.219998
HS_HexA13_HexN12_Ac11_S28_pNP	13	12	25	11	28	C178H263N13O224S28	7061.176813
HS_HexA13_HexN12_Ac11_S29_pNP	13	12	25	11	29	C178H263N13O227S29	7141.133628
HS_HexA13_HexN12_Ac11_S30_pNP	13	12	25	11	30	C178H263N13O230S30	7221.090443
HS_HexA13_HexN12_Ac11_S31_pNP	13	12	25	11	31	C178H263N13O233S31	7301.047258
HS_HexA13_HexN12_Ac11_S32_pNP	13	12	25	11	32	C178H263N13O236S32	7381.004073
HS_HexA13_HexN12_Ac11_S33_pNP	13	12	25	11	33	C178H263N13O239S33	7460.960888
HS_HexA13_HexN12_Ac11_S34_pNP	13	12	25	11	34	C178H263N13O242S34	7540.917703
HS_HexA13_HexN12_Ac11_S35_pNP	13	12	25	11	35	C178H263N13O245S35	7620.874518
HS_HexA13_HexN12_Ac11_S36_pNP	13	12	25	11	36	C178H263N13O248S36	7700.831333
HS_HexA13_HexN12_Ac12_S0_pNP	13	12	25	12	0	C180H265N13O141	4864.396557
HS_HexA13_HexN12_Ac12_S1_pNP	13	12	25	12	1	C180H265N13O144S	4944.353372
HS_HexA13_HexN12_Ac12_S2_pNP	13	12	25	12	2	C180H265N13O147S2	5024.310187
HS_HexA13_HexN12_Ac12_S3_pNP	13	12	25	12	3	C180H265N13O150S3	5104.267002
HS_HexA13_HexN12_Ac12_S4_pNP	13	12	25	12	4	C180H265N13O153S4	5184.223817
HS_HexA13_HexN12_Ac12_S5_pNP	13	12	25	12	5	C180H265N13O156S5	5264.180632
HS_HexA13_HexN12_Ac12_S6_pNP	13	12	25	12	6	C180H265N13O159S6	5344.137447
HS_HexA13_HexN12_Ac12_S7_pNP	13	12	25	12	7	C180H265N13O162S7	5424.094262
HS_HexA13_HexN12_Ac12_S8_pNP	13	12	25	12	8	C180H265N13O165S8	5504.051077
HS_HexA13_HexN12_Ac12_S9_pNP	13	12	25	12	9	C180H265N13O168S9	5584.007892
HS_HexA13_HexN12_Ac12_S10_pNP	13	12	25	12	10	C180H265N13O171S10	5663.964707
HS_HexA13_HexN12_Ac12_S11_pNP	13	12	25	12	11	C180H265N13O174S11	5743.921522
HS_HexA13_HexN12_Ac12_S12_pNP	13	12	25	12	12	C180H265N13O177S12	5823.878337
HS_HexA13_HexN12_Ac12_S13_pNP	13	12	25	12	13	C180H265N13O180S13	5903.835152
HS_HexA13_HexN12_Ac12_S14_pNP	13	12	25	12	14	C180H265N13O183S14	5983.791967
HS_HexA13_HexN12_Ac12_S15_pNP	13	12	25	12	15	C180H265N13O186S15	6063.748782
HS_HexA13_HexN12_Ac12_S16_pNP	13	12	25	12	16	C180H265N13O189S16	6143.705597
HS_HexA13_HexN12_Ac12_S17_pNP	13	12	25	12	17	C180H265N13O192S17	6223.662413
HS_HexA13_HexN12_Ac12_S18_pNP	13	12	25	12	18	C180H265N13O195S18	6303.619228
HS_HexA13_HexN12_Ac12_S19_pNP	13	12	25	12	19	C180H265N13O198S19	6383.576043
HS_HexA13_HexN12_Ac12_S20_pNP	13	12	25	12	20	C180H265N13O201S20	6463.532858
HS_HexA13_HexN12_Ac12_S21_pNP	13	12	25	12	21	C180H265N13O204S21	6543.489673
HS_HexA13_HexN12_Ac12_S22_pNP	13	12	25	12	22	C180H265N13O207S22	6623.446488
HS_HexA13_HexN12_Ac12_S23_pNP	13	12	25	12	23	C180H265N13O210S23	6703.403303
HS_HexA13_HexN12_Ac12_S24_pNP	13	12	25	12	24	C180H265N13O213S24	6783.360118
HS_HexA13_HexN12_Ac12_S25_pNP	13	12	25	12	25	C180H265N13O216S25	6863.316933
HS_HexA13_HexN12_Ac12_S26_pNP	13	12	25	12	26	C180H265N13O219S26	6943.273748
HS_HexA13_HexN12_Ac12_S27_pNP	13	12	25	12	27	C180H265N13O222S27	7023.230563
HS_HexA13_HexN12_Ac12_S28_pNP	13	12	25	12	28	C180H265N13O225S28	7103.187378
HS_HexA13_HexN12_Ac12_S29_pNP	13	12	25	12	29	C180H265N13O228S29	7183.144193
HS_HexA13_HexN12_Ac12_S30_pNP	13	12	25	12	30	C180H265N13O231S30	7263.101008
HS_HexA13_HexN12_Ac12_S31_pNP	13	12	25	12	31	C180H265N13O234S31	7343.057823
HS_HexA13_HexN12_Ac12_S32_pNP	13	12	25	12	32	C180H265N13O237S32	7423.014638
HS_HexA13_HexN12_Ac12_S33_pNP	13	12	25	12	33	C180H265N13O240S33	7502.971453
HS_HexA13_HexN12_Ac12_S34_pNP	13	12	25	12	34	C180H265N13O243S34	7582.928268
HS_HexA13_HexN12_Ac12_S35_pNP	13	12	25	12	35	C180H265N13O246S35	7662.885083
HS_HexA13_HexN12_Ac12_S36_pNP	13	12	25	12	36	C180H265N13O249S36	7742.841898
HS_HexA13_HexN13_Ac0_S0_pNP	13	13	26	0	0	C162H252N14O133	4521.338589
HS_HexA13_HexN13_Ac0_S1_pNP	13	13	26	0	1	C162H252N14O136S	4601.295404
HS_HexA13_HexN13_Ac0_S2_pNP	13	13	26	0	2	C162H252N14O139S2	4681.252219
HS_HexA13_HexN13_Ac0_S3_pNP	13	13	26	0	3	C162H252N14O142S3	4761.209034
HS_HexA13_HexN13_Ac0_S4_pNP	13	13	26	0	4	C162H252N14O145S4	4841.165849
HS_HexA13_HexN13_Ac0_S5_pNP	13	13	26	0	5	C162H252N14O148S5	4921.122664
HS_HexA13_HexN13_Ac0_S6_pNP	13	13	26	0	6	C162H252N14O151S6	5001.079479
HS_HexA13_HexN13_Ac0_S7_pNP	13	13	26	0	7	C162H252N14O154S7	5081.036294
HS_HexA13_HexN13_Ac0_S8_pNP	13	13	26	0	8	C162H252N14O157S8	5160.993109
HS_HexA13_HexN13_Ac0_S9_pNP	13	13	26	0	9	C162H252N14O160S9	5240.949924
HS_HexA13_HexN13_Ac0_S10_pNP	13	13	26	0	10	C162H252N14O163S10	5320.906739
HS_HexA13_HexN13_Ac0_S11_pNP	13	13	26	0	11	C162H252N14O166S11	5400.863554
HS_HexA13_HexN13_Ac0_S12_pNP	13	13	26	0	12	C162H252N14O169S12	5480.820369
HS_HexA13_HexN13_Ac0_S13_pNP	13	13	26	0	13	C162H252N14O172S13	5560.777184
HS_HexA13_HexN13_Ac0_S14_pNP	13	13	26	0	14	C162H252N14O175S14	5640.733999
HS_HexA13_HexN13_Ac0_S15_pNP	13	13	26	0	15	C162H252N14O178S15	5720.690814
HS_HexA13_HexN13_Ac0_S16_pNP	13	13	26	0	16	C162H252N14O181S16	5800.647629
HS_HexA13_HexN13_Ac0_S17_pNP	13	13	26	0	17	C162H252N14O184S17	5880.604444
HS_HexA13_HexN13_Ac0_S18_pNP	13	13	26	0	18	C162H252N14O187S18	5960.561259
HS_HexA13_HexN13_Ac0_S19_pNP	13	13	26	0	19	C162H252N14O190S19	6040.518074
HS_HexA13_HexN13_Ac0_S20_pNP	13	13	26	0	20	C162H252N14O193S20	6120.474889
HS_HexA13_HexN13_Ac0_S21_pNP	13	13	26	0	21	C162H252N14O196S21	6200.431704
HS_HexA13_HexN13_Ac0_S22_pNP	13	13	26	0	22	C162H252N14O199S22	6280.388519
HS_HexA13_HexN13_Ac0_S23_pNP	13	13	26	0	23	C162H252N14O202S23	6360.345334
HS_HexA13_HexN13_Ac0_S24_pNP	13	13	26	0	24	C162H252N14O205S24	6440.302149
HS_HexA13_HexN13_Ac0_S25_pNP	13	13	26	0	25	C162H252N14O208S25	6520.258964
HS_HexA13_HexN13_Ac0_S26_pNP	13	13	26	0	26	C162H252N14O211S26	6600.215779
HS_HexA13_HexN13_Ac0_S27_pNP	13	13	26	0	27	C162H252N14O214S27	6680.172594
HS_HexA13_HexN13_Ac0_S28_pNP	13	13	26	0	28	C162H252N14O217S28	6760.129410
HS_HexA13_HexN13_Ac0_S29_pNP	13	13	26	0	29	C162H252N14O220S29	6840.086225
HS_HexA13_HexN13_Ac0_S30_pNP	13	13	26	0	30	C162H252N14O223S30	6920.043040
HS_HexA13_HexN13_Ac0_S31_pNP	13	13	26	0	31	C162H252N14O226S31	6999.999855
HS_HexA13_HexN13_Ac0_S32_pNP	13	13	26	0	32	C162H252N14O229S32	7079.956670
HS_HexA13_HexN13_Ac0_S33_pNP	13	13	26	0	33	C162H252N14O232S33	7159.913485
HS_HexA13_HexN13_Ac0_S34_pNP	13	13	26	0	34	C162H252N14O235S34	7239.870300
HS_HexA13_HexN13_Ac0_S35_pNP	13	13	26	0	35	C162H252N14O238S35	7319.827115
HS_HexA13_HexN13_Ac0_S36_pNP	13	13	26	0	36	C162H252N14O241S36	7399.783930
HS_HexA13_HexN13_Ac0_S37_pNP	13	13	26	0	37	C162H252N14O244S37	7479.740745
HS_HexA13_HexN13_Ac0_S38_pNP	13	13	26	0	38	C162H252N14O247S38	7559.697560
HS_HexA13_HexN13_Ac0_S39_pNP	13	13	26	0	39	C162H252N14O250S39	7639.654375
HS_HexA13_HexN13_Ac1_S0_pNP	13	13	26	1	0	C164H254N14O134	4563.349153
HS_HexA13_HexN13_Ac1_S1_pNP	13	13	26	1	1	C164H254N14O137S	4643.305968
HS_HexA13_HexN13_Ac1_S2_pNP	13	13	26	1	2	C164H254N14O140S2	4723.262783
HS_HexA13_HexN13_Ac1_S3_pNP	13	13	26	1	3	C164H254N14O143S3	4803.219598
HS_HexA13_HexN13_Ac1_S4_pNP	13	13	26	1	4	C164H254N14O146S4	4883.176413
HS_HexA13_HexN13_Ac1_S5_pNP	13	13	26	1	5	C164H254N14O149S5	4963.133228
HS_HexA13_HexN13_Ac1_S6_pNP	13	13	26	1	6	C164H254N14O152S6	5043.090043
HS_HexA13_HexN13_Ac1_S7_pNP	13	13	26	1	7	C164H254N14O155S7	5123.046859
HS_HexA13_HexN13_Ac1_S8_pNP	13	13	26	1	8	C164H254N14O158S8	5203.003674
HS_HexA13_HexN13_Ac1_S9_pNP	13	13	26	1	9	C164H254N14O161S9	5282.960489
HS_HexA13_HexN13_Ac1_S10_pNP	13	13	26	1	10	C164H254N14O164S10	5362.917304
HS_HexA13_HexN13_Ac1_S11_pNP	13	13	26	1	11	C164H254N14O167S11	5442.874119
HS_HexA13_HexN13_Ac1_S12_pNP	13	13	26	1	12	C164H254N14O170S12	5522.830934
HS_HexA13_HexN13_Ac1_S13_pNP	13	13	26	1	13	C164H254N14O173S13	5602.787749
HS_HexA13_HexN13_Ac1_S14_pNP	13	13	26	1	14	C164H254N14O176S14	5682.744564
HS_HexA13_HexN13_Ac1_S15_pNP	13	13	26	1	15	C164H254N14O179S15	5762.701379
HS_HexA13_HexN13_Ac1_S16_pNP	13	13	26	1	16	C164H254N14O182S16	5842.658194
HS_HexA13_HexN13_Ac1_S17_pNP	13	13	26	1	17	C164H254N14O185S17	5922.615009
HS_HexA13_HexN13_Ac1_S18_pNP	13	13	26	1	18	C164H254N14O188S18	6002.571824
HS_HexA13_HexN13_Ac1_S19_pNP	13	13	26	1	19	C164H254N14O191S19	6082.528639
HS_HexA13_HexN13_Ac1_S20_pNP	13	13	26	1	20	C164H254N14O194S20	6162.485454
HS_HexA13_HexN13_Ac1_S21_pNP	13	13	26	1	21	C164H254N14O197S21	6242.442269
HS_HexA13_HexN13_Ac1_S22_pNP	13	13	26	1	22	C164H254N14O200S22	6322.399084
HS_HexA13_HexN13_Ac1_S23_pNP	13	13	26	1	23	C164H254N14O203S23	6402.355899
HS_HexA13_HexN13_Ac1_S24_pNP	13	13	26	1	24	C164H254N14O206S24	6482.312714
HS_HexA13_HexN13_Ac1_S25_pNP	13	13	26	1	25	C164H254N14O209S25	6562.269529
HS_HexA13_HexN13_Ac1_S26_pNP	13	13	26	1	26	C164H254N14O212S26	6642.226344
HS_HexA13_HexN13_Ac1_S27_pNP	13	13	26	1	27	C164H254N14O215S27	6722.183159
HS_HexA13_HexN13_Ac1_S28_pNP	13	13	26	1	28	C164H254N14O218S28	6802.139974
HS_HexA13_HexN13_Ac1_S29_pNP	13	13	26	1	29	C164H254N14O221S29	6882.096789
HS_HexA13_HexN13_Ac1_S30_pNP	13	13	26	1	30	C164H254N14O224S30	6962.053604
HS_HexA13_HexN13_Ac1_S31_pNP	13	13	26	1	31	C164H254N14O227S31	7042.010419
HS_HexA13_HexN13_Ac1_S32_pNP	13	13	26	1	32	C164H254N14O230S32	7121.967234
HS_HexA13_HexN13_Ac1_S33_pNP	13	13	26	1	33	C164H254N14O233S33	7201.924049
HS_HexA13_HexN13_Ac1_S34_pNP	13	13	26	1	34	C164H254N14O236S34	7281.880864
HS_HexA13_HexN13_Ac1_S35_pNP	13	13	26	1	35	C164H254N14O239S35	7361.837679
HS_HexA13_HexN13_Ac1_S36_pNP	13	13	26	1	36	C164H254N14O242S36	7441.794494
HS_HexA13_HexN13_Ac1_S37_pNP	13	13	26	1	37	C164H254N14O245S37	7521.751309
HS_HexA13_HexN13_Ac1_S38_pNP	13	13	26	1	38	C164H254N14O248S38	7601.708125
HS_HexA13_HexN13_Ac1_S39_pNP	13	13	26	1	39	C164H254N14O251S39	7681.664940
HS_HexA13_HexN13_Ac2_S0_pNP	13	13	26	2	0	C166H256N14O135	4605.359718
HS_HexA13_HexN13_Ac2_S1_pNP	13	13	26	2	1	C166H256N14O138S	4685.316533
HS_HexA13_HexN13_Ac2_S2_pNP	13	13	26	2	2	C166H256N14O141S2	4765.273348
HS_HexA13_HexN13_Ac2_S3_pNP	13	13	26	2	3	C166H256N14O144S3	4845.230163
HS_HexA13_HexN13_Ac2_S4_pNP	13	13	26	2	4	C166H256N14O147S4	4925.186978
HS_HexA13_HexN13_Ac2_S5_pNP	13	13	26	2	5	C166H256N14O150S5	5005.143793
HS_HexA13_HexN13_Ac2_S6_pNP	13	13	26	2	6	C166H256N14O153S6	5085.100608
HS_HexA13_HexN13_Ac2_S7_pNP	13	13	26	2	7	C166H256N14O156S7	5165.057423
HS_HexA13_HexN13_Ac2_S8_pNP	13	13	26	2	8	C166H256N14O159S8	5245.014238
HS_HexA13_HexN13_Ac2_S9_pNP	13	13	26	2	9	C166H256N14O162S9	5324.971053
HS_HexA13_HexN13_Ac2_S10_pNP	13	13	26	2	10	C166H256N14O165S10	5404.927868
HS_HexA13_HexN13_Ac2_S11_pNP	13	13	26	2	11	C166H256N14O168S11	5484.884683
HS_HexA13_HexN13_Ac2_S12_pNP	13	13	26	2	12	C166H256N14O171S12	5564.841498
HS_HexA13_HexN13_Ac2_S13_pNP	13	13	26	2	13	C166H256N14O174S13	5644.798313
HS_HexA13_HexN13_Ac2_S14_pNP	13	13	26	2	14	C166H256N14O177S14	5724.755128
HS_HexA13_HexN13_Ac2_S15_pNP	13	13	26	2	15	C166H256N14O180S15	5804.711943
HS_HexA13_HexN13_Ac2_S16_pNP	13	13	26	2	16	C166H256N14O183S16	5884.668758
HS_HexA13_HexN13_Ac2_S17_pNP	13	13	26	2	17	C166H256N14O186S17	5964.625574
HS_HexA13_HexN13_Ac2_S18_pNP	13	13	26	2	18	C166H256N14O189S18	6044.582389
HS_HexA13_HexN13_Ac2_S19_pNP	13	13	26	2	19	C166H256N14O192S19	6124.539204
HS_HexA13_HexN13_Ac2_S20_pNP	13	13	26	2	20	C166H256N14O195S20	6204.496019
HS_HexA13_HexN13_Ac2_S21_pNP	13	13	26	2	21	C166H256N14O198S21	6284.452834
HS_HexA13_HexN13_Ac2_S22_pNP	13	13	26	2	22	C166H256N14O201S22	6364.409649
HS_HexA13_HexN13_Ac2_S23_pNP	13	13	26	2	23	C166H256N14O204S23	6444.366464
HS_HexA13_HexN13_Ac2_S24_pNP	13	13	26	2	24	C166H256N14O207S24	6524.323279
HS_HexA13_HexN13_Ac2_S25_pNP	13	13	26	2	25	C166H256N14O210S25	6604.280094
HS_HexA13_HexN13_Ac2_S26_pNP	13	13	26	2	26	C166H256N14O213S26	6684.236909
HS_HexA13_HexN13_Ac2_S27_pNP	13	13	26	2	27	C166H256N14O216S27	6764.193724
HS_HexA13_HexN13_Ac2_S28_pNP	13	13	26	2	28	C166H256N14O219S28	6844.150539
HS_HexA13_HexN13_Ac2_S29_pNP	13	13	26	2	29	C166H256N14O222S29	6924.107354
HS_HexA13_HexN13_Ac2_S30_pNP	13	13	26	2	30	C166H256N14O225S30	7004.064169
HS_HexA13_HexN13_Ac2_S31_pNP	13	13	26	2	31	C166H256N14O228S31	7084.020984
HS_HexA13_HexN13_Ac2_S32_pNP	13	13	26	2	32	C166H256N14O231S32	7163.977799
HS_HexA13_HexN13_Ac2_S33_pNP	13	13	26	2	33	C166H256N14O234S33	7243.934614
HS_HexA13_HexN13_Ac2_S34_pNP	13	13	26	2	34	C166H256N14O237S34	7323.891429
HS_HexA13_HexN13_Ac2_S35_pNP	13	13	26	2	35	C166H256N14O240S35	7403.848244
HS_HexA13_HexN13_Ac2_S36_pNP	13	13	26	2	36	C166H256N14O243S36	7483.805059
HS_HexA13_HexN13_Ac2_S37_pNP	13	13	26	2	37	C166H256N14O246S37	7563.761874
HS_HexA13_HexN13_Ac2_S38_pNP	13	13	26	2	38	C166H256N14O249S38	7643.718689
HS_HexA13_HexN13_Ac2_S39_pNP	13	13	26	2	39	C166H256N14O252S39	7723.675504
HS_HexA13_HexN13_Ac3_S0_pNP	13	13	26	3	0	C168H258N14O136	4647.370283
HS_HexA13_HexN13_Ac3_S1_pNP	13	13	26	3	1	C168H258N14O139S	4727.327098
HS_HexA13_HexN13_Ac3_S2_pNP	13	13	26	3	2	C168H258N14O142S2	4807.283913
HS_HexA13_HexN13_Ac3_S3_pNP	13	13	26	3	3	C168H258N14O145S3	4887.240728
HS_HexA13_HexN13_Ac3_S4_pNP	13	13	26	3	4	C168H258N14O148S4	4967.197543
HS_HexA13_HexN13_Ac3_S5_pNP	13	13	26	3	5	C168H258N14O151S5	5047.154358
HS_HexA13_HexN13_Ac3_S6_pNP	13	13	26	3	6	C168H258N14O154S6	5127.111173
HS_HexA13_HexN13_Ac3_S7_pNP	13	13	26	3	7	C168H258N14O157S7	5207.067988
HS_HexA13_HexN13_Ac3_S8_pNP	13	13	26	3	8	C168H258N14O160S8	5287.024803
HS_HexA13_HexN13_Ac3_S9_pNP	13	13	26	3	9	C168H258N14O163S9	5366.981618
HS_HexA13_HexN13_Ac3_S10_pNP	13	13	26	3	10	C168H258N14O166S10	5446.938433
HS_HexA13_HexN13_Ac3_S11_pNP	13	13	26	3	11	C168H258N14O169S11	5526.895248
HS_HexA13_HexN13_Ac3_S12_pNP	13	13	26	3	12	C168H258N14O172S12	5606.852063
HS_HexA13_HexN13_Ac3_S13_pNP	13	13	26	3	13	C168H258N14O175S13	5686.808878
HS_HexA13_HexN13_Ac3_S14_pNP	13	13	26	3	14	C168H258N14O178S14	5766.765693
HS_HexA13_HexN13_Ac3_S15_pNP	13	13	26	3	15	C168H258N14O181S15	5846.722508
HS_HexA13_HexN13_Ac3_S16_pNP	13	13	26	3	16	C168H258N14O184S16	5926.679323
HS_HexA13_HexN13_Ac3_S17_pNP	13	13	26	3	17	C168H258N14O187S17	6006.636138
HS_HexA13_HexN13_Ac3_S18_pNP	13	13	26	3	18	C168H258N14O190S18	6086.592953
HS_HexA13_HexN13_Ac3_S19_pNP	13	13	26	3	19	C168H258N14O193S19	6166.549768
HS_HexA13_HexN13_Ac3_S20_pNP	13	13	26	3	20	C168H258N14O196S20	6246.506583
HS_HexA13_HexN13_Ac3_S21_pNP	13	13	26	3	21	C168H258N14O199S21	6326.463398
HS_HexA13_HexN13_Ac3_S22_pNP	13	13	26	3	22	C168H258N14O202S22	6406.420213
HS_HexA13_HexN13_Ac3_S23_pNP	13	13	26	3	23	C168H258N14O205S23	6486.377028
HS_HexA13_HexN13_Ac3_S24_pNP	13	13	26	3	24	C168H258N14O208S24	6566.333843
HS_HexA13_HexN13_Ac3_S25_pNP	13	13	26	3	25	C168H258N14O211S25	6646.290658
HS_HexA13_HexN13_Ac3_S26_pNP	13	13	26	3	26	C168H258N14O214S26	6726.247473
HS_HexA13_HexN13_Ac3_S27_pNP	13	13	26	3	27	C168H258N14O217S27	6806.204289
HS_HexA13_HexN13_Ac3_S28_pNP	13	13	26	3	28	C168H258N14O220S28	6886.161104
HS_HexA13_HexN13_Ac3_S29_pNP	13	13	26	3	29	C168H258N14O223S29	6966.117919
HS_HexA13_HexN13_Ac3_S30_pNP	13	13	26	3	30	C168H258N14O226S30	7046.074734
HS_HexA13_HexN13_Ac3_S31_pNP	13	13	26	3	31	C168H258N14O229S31	7126.031549
HS_HexA13_HexN13_Ac3_S32_pNP	13	13	26	3	32	C168H258N14O232S32	7205.988364
HS_HexA13_HexN13_Ac3_S33_pNP	13	13	26	3	33	C168H258N14O235S33	7285.945179
HS_HexA13_HexN13_Ac3_S34_pNP	13	13	26	3	34	C168H258N14O238S34	7365.901994
HS_HexA13_HexN13_Ac3_S35_pNP	13	13	26	3	35	C168H258N14O241S35	7445.858809
HS_HexA13_HexN13_Ac3_S36_pNP	13	13	26	3	36	C168H258N14O244S36	7525.815624
HS_HexA13_HexN13_Ac3_S37_pNP	13	13	26	3	37	C168H258N14O247S37	7605.772439
HS_HexA13_HexN13_Ac3_S38_pNP	13	13	26	3	38	C168H258N14O250S38	7685.729254
HS_HexA13_HexN13_Ac3_S39_pNP	13	13	26	3	39	C168H258N14O253S39	7765.686069
HS_HexA13_HexN13_Ac4_S0_pNP	13	13	26	4	0	C170H260N14O137	4689.380847
HS_HexA13_HexN13_Ac4_S1_pNP	13	13	26	4	1	C170H260N14O140S	4769.337662
HS_HexA13_HexN13_Ac4_S2_pNP	13	13	26	4	2	C170H260N14O143S2	4849.294477
HS_HexA13_HexN13_Ac4_S3_pNP	13	13	26	4	3	C170H260N14O146S3	4929.251292
HS_HexA13_HexN13_Ac4_S4_pNP	13	13	26	4	4	C170H260N14O149S4	5009.208107
HS_HexA13_HexN13_Ac4_S5_pNP	13	13	26	4	5	C170H260N14O152S5	5089.164922
HS_HexA13_HexN13_Ac4_S6_pNP	13	13	26	4	6	C170H260N14O155S6	5169.121738
HS_HexA13_HexN13_Ac4_S7_pNP	13	13	26	4	7	C170H260N14O158S7	5249.078553
HS_HexA13_HexN13_Ac4_S8_pNP	13	13	26	4	8	C170H260N14O161S8	5329.035368
HS_HexA13_HexN13_Ac4_S9_pNP	13	13	26	4	9	C170H260N14O164S9	5408.992183
HS_HexA13_HexN13_Ac4_S10_pNP	13	13	26	4	10	C170H260N14O167S10	5488.948998
HS_HexA13_HexN13_Ac4_S11_pNP	13	13	26	4	11	C170H260N14O170S11	5568.905813
HS_HexA13_HexN13_Ac4_S12_pNP	13	13	26	4	12	C170H260N14O173S12	5648.862628
HS_HexA13_HexN13_Ac4_S13_pNP	13	13	26	4	13	C170H260N14O176S13	5728.819443
HS_HexA13_HexN13_Ac4_S14_pNP	13	13	26	4	14	C170H260N14O179S14	5808.776258
HS_HexA13_HexN13_Ac4_S15_pNP	13	13	26	4	15	C170H260N14O182S15	5888.733073
HS_HexA13_HexN13_Ac4_S16_pNP	13	13	26	4	16	C170H260N14O185S16	5968.689888
HS_HexA13_HexN13_Ac4_S17_pNP	13	13	26	4	17	C170H260N14O188S17	6048.646703
HS_HexA13_HexN13_Ac4_S18_pNP	13	13	26	4	18	C170H260N14O191S18	6128.603518
HS_HexA13_HexN13_Ac4_S19_pNP	13	13	26	4	19	C170H260N14O194S19	6208.560333
HS_HexA13_HexN13_Ac4_S20_pNP	13	13	26	4	20	C170H260N14O197S20	6288.517148
HS_HexA13_HexN13_Ac4_S21_pNP	13	13	26	4	21	C170H260N14O200S21	6368.473963
HS_HexA13_HexN13_Ac4_S22_pNP	13	13	26	4	22	C170H260N14O203S22	6448.430778
HS_HexA13_HexN13_Ac4_S23_pNP	13	13	26	4	23	C170H260N14O206S23	6528.387593
HS_HexA13_HexN13_Ac4_S24_pNP	13	13	26	4	24	C170H260N14O209S24	6608.344408
HS_HexA13_HexN13_Ac4_S25_pNP	13	13	26	4	25	C170H260N14O212S25	6688.301223
HS_HexA13_HexN13_Ac4_S26_pNP	13	13	26	4	26	C170H260N14O215S26	6768.258038
HS_HexA13_HexN13_Ac4_S27_pNP	13	13	26	4	27	C170H260N14O218S27	6848.214853
HS_HexA13_HexN13_Ac4_S28_pNP	13	13	26	4	28	C170H260N14O221S28	6928.171668
HS_HexA13_HexN13_Ac4_S29_pNP	13	13	26	4	29	C170H260N14O224S29	7008.128483
HS_HexA13_HexN13_Ac4_S30_pNP	13	13	26	4	30	C170H260N14O227S30	7088.085298
HS_HexA13_HexN13_Ac4_S31_pNP	13	13	26	4	31	C170H260N14O230S31	7168.042113
HS_HexA13_HexN13_Ac4_S32_pNP	13	13	26	4	32	C170H260N14O233S32	7247.998928
HS_HexA13_HexN13_Ac4_S33_pNP	13	13	26	4	33	C170H260N14O236S33	7327.955743
HS_HexA13_HexN13_Ac4_S34_pNP	13	13	26	4	34	C170H260N14O239S34	7407.912558
HS_HexA13_HexN13_Ac4_S35_pNP	13	13	26	4	35	C170H260N14O242S35	7487.869373
HS_HexA13_HexN13_Ac4_S36_pNP	13	13	26	4	36	C170H260N14O245S36	7567.826189
HS_HexA13_HexN13_Ac4_S37_pNP	13	13	26	4	37	C170H260N14O248S37	7647.783004
HS_HexA13_HexN13_Ac4_S38_pNP	13	13	26	4	38	C170H260N14O251S38	7727.739819
HS_HexA13_HexN13_Ac4_S39_pNP	13	13	26	4	39	C170H260N14O254S39	7807.696634
HS_HexA13_HexN13_Ac5_S0_pNP	13	13	26	5	0	C172H262N14O138	4731.391412
HS_HexA13_HexN13_Ac5_S1_pNP	13	13	26	5	1	C172H262N14O141S	4811.348227
HS_HexA13_HexN13_Ac5_S2_pNP	13	13	26	5	2	C172H262N14O144S2	4891.305042
HS_HexA13_HexN13_Ac5_S3_pNP	13	13	26	5	3	C172H262N14O147S3	4971.261857
HS_HexA13_HexN13_Ac5_S4_pNP	13	13	26	5	4	C172H262N14O150S4	5051.218672
HS_HexA13_HexN13_Ac5_S5_pNP	13	13	26	5	5	C172H262N14O153S5	5131.175487
HS_HexA13_HexN13_Ac5_S6_pNP	13	13	26	5	6	C172H262N14O156S6	5211.132302
HS_HexA13_HexN13_Ac5_S7_pNP	13	13	26	5	7	C172H262N14O159S7	5291.089117
HS_HexA13_HexN13_Ac5_S8_pNP	13	13	26	5	8	C172H262N14O162S8	5371.045932
HS_HexA13_HexN13_Ac5_S9_pNP	13	13	26	5	9	C172H262N14O165S9	5451.002747
HS_HexA13_HexN13_Ac5_S10_pNP	13	13	26	5	10	C172H262N14O168S10	5530.959562
HS_HexA13_HexN13_Ac5_S11_pNP	13	13	26	5	11	C172H262N14O171S11	5610.916377
HS_HexA13_HexN13_Ac5_S12_pNP	13	13	26	5	12	C172H262N14O174S12	5690.873192
HS_HexA13_HexN13_Ac5_S13_pNP	13	13	26	5	13	C172H262N14O177S13	5770.830007
HS_HexA13_HexN13_Ac5_S14_pNP	13	13	26	5	14	C172H262N14O180S14	5850.786822
HS_HexA13_HexN13_Ac5_S15_pNP	13	13	26	5	15	C172H262N14O183S15	5930.743638
HS_HexA13_HexN13_Ac5_S16_pNP	13	13	26	5	16	C172H262N14O186S16	6010.700453
HS_HexA13_HexN13_Ac5_S17_pNP	13	13	26	5	17	C172H262N14O189S17	6090.657268
HS_HexA13_HexN13_Ac5_S18_pNP	13	13	26	5	18	C172H262N14O192S18	6170.614083
HS_HexA13_HexN13_Ac5_S19_pNP	13	13	26	5	19	C172H262N14O195S19	6250.570898
HS_HexA13_HexN13_Ac5_S20_pNP	13	13	26	5	20	C172H262N14O198S20	6330.527713
HS_HexA13_HexN13_Ac5_S21_pNP	13	13	26	5	21	C172H262N14O201S21	6410.484528
HS_HexA13_HexN13_Ac5_S22_pNP	13	13	26	5	22	C172H262N14O204S22	6490.441343
HS_HexA13_HexN13_Ac5_S23_pNP	13	13	26	5	23	C172H262N14O207S23	6570.398158
HS_HexA13_HexN13_Ac5_S24_pNP	13	13	26	5	24	C172H262N14O210S24	6650.354973
HS_HexA13_HexN13_Ac5_S25_pNP	13	13	26	5	25	C172H262N14O213S25	6730.311788
HS_HexA13_HexN13_Ac5_S26_pNP	13	13	26	5	26	C172H262N14O216S26	6810.268603
HS_HexA13_HexN13_Ac5_S27_pNP	13	13	26	5	27	C172H262N14O219S27	6890.225418
HS_HexA13_HexN13_Ac5_S28_pNP	13	13	26	5	28	C172H262N14O222S28	6970.182233
HS_HexA13_HexN13_Ac5_S29_pNP	13	13	26	5	29	C172H262N14O225S29	7050.139048
HS_HexA13_HexN13_Ac5_S30_pNP	13	13	26	5	30	C172H262N14O228S30	7130.095863
HS_HexA13_HexN13_Ac5_S31_pNP	13	13	26	5	31	C172H262N14O231S31	7210.052678
HS_HexA13_HexN13_Ac5_S32_pNP	13	13	26	5	32	C172H262N14O234S32	7290.009493
HS_HexA13_HexN13_Ac5_S33_pNP	13	13	26	5	33	C172H262N14O237S33	7369.966308
HS_HexA13_HexN13_Ac5_S34_pNP	13	13	26	5	34	C172H262N14O240S34	7449.923123
HS_HexA13_HexN13_Ac5_S35_pNP	13	13	26	5	35	C172H262N14O243S35	7529.879938
HS_HexA13_HexN13_Ac5_S36_pNP	13	13	26	5	36	C172H262N14O246S36	7609.836753
HS_HexA13_HexN13_Ac5_S37_pNP	13	13	26	5	37	C172H262N14O249S37	7689.793568
HS_HexA13_HexN13_Ac5_S38_pNP	13	13	26	5	38	C172H262N14O252S38	7769.750383
HS_HexA13_HexN13_Ac5_S39_pNP	13	13	26	5	39	C172H262N14O255S39	7849.707198
HS_HexA13_HexN13_Ac6_S0_pNP	13	13	26	6	0	C174H264N14O139	4773.401977
HS_HexA13_HexN13_Ac6_S1_pNP	13	13	26	6	1	C174H264N14O142S	4853.358792
HS_HexA13_HexN13_Ac6_S2_pNP	13	13	26	6	2	C174H264N14O145S2	4933.315607
HS_HexA13_HexN13_Ac6_S3_pNP	13	13	26	6	3	C174H264N14O148S3	5013.272422
HS_HexA13_HexN13_Ac6_S4_pNP	13	13	26	6	4	C174H264N14O151S4	5093.229237
HS_HexA13_HexN13_Ac6_S5_pNP	13	13	26	6	5	C174H264N14O154S5	5173.186052
HS_HexA13_HexN13_Ac6_S6_pNP	13	13	26	6	6	C174H264N14O157S6	5253.142867
HS_HexA13_HexN13_Ac6_S7_pNP	13	13	26	6	7	C174H264N14O160S7	5333.099682
HS_HexA13_HexN13_Ac6_S8_pNP	13	13	26	6	8	C174H264N14O163S8	5413.056497
HS_HexA13_HexN13_Ac6_S9_pNP	13	13	26	6	9	C174H264N14O166S9	5493.013312
HS_HexA13_HexN13_Ac6_S10_pNP	13	13	26	6	10	C174H264N14O169S10	5572.970127
HS_HexA13_HexN13_Ac6_S11_pNP	13	13	26	6	11	C174H264N14O172S11	5652.926942
HS_HexA13_HexN13_Ac6_S12_pNP	13	13	26	6	12	C174H264N14O175S12	5732.883757
HS_HexA13_HexN13_Ac6_S13_pNP	13	13	26	6	13	C174H264N14O178S13	5812.840572
HS_HexA13_HexN13_Ac6_S14_pNP	13	13	26	6	14	C174H264N14O181S14	5892.797387
HS_HexA13_HexN13_Ac6_S15_pNP	13	13	26	6	15	C174H264N14O184S15	5972.754202
HS_HexA13_HexN13_Ac6_S16_pNP	13	13	26	6	16	C174H264N14O187S16	6052.711017
HS_HexA13_HexN13_Ac6_S17_pNP	13	13	26	6	17	C174H264N14O190S17	6132.667832
HS_HexA13_HexN13_Ac6_S18_pNP	13	13	26	6	18	C174H264N14O193S18	6212.624647
HS_HexA13_HexN13_Ac6_S19_pNP	13	13	26	6	19	C174H264N14O196S19	6292.581462
HS_HexA13_HexN13_Ac6_S20_pNP	13	13	26	6	20	C174H264N14O199S20	6372.538277
HS_HexA13_HexN13_Ac6_S21_pNP	13	13	26	6	21	C174H264N14O202S21	6452.495092
HS_HexA13_HexN13_Ac6_S22_pNP	13	13	26	6	22	C174H264N14O205S22	6532.451907
HS_HexA13_HexN13_Ac6_S23_pNP	13	13	26	6	23	C174H264N14O208S23	6612.408722
HS_HexA13_HexN13_Ac6_S24_pNP	13	13	26	6	24	C174H264N14O211S24	6692.365537
HS_HexA13_HexN13_Ac6_S25_pNP	13	13	26	6	25	C174H264N14O214S25	6772.322353
HS_HexA13_HexN13_Ac6_S26_pNP	13	13	26	6	26	C174H264N14O217S26	6852.279168
HS_HexA13_HexN13_Ac6_S27_pNP	13	13	26	6	27	C174H264N14O220S27	6932.235983
HS_HexA13_HexN13_Ac6_S28_pNP	13	13	26	6	28	C174H264N14O223S28	7012.192798
HS_HexA13_HexN13_Ac6_S29_pNP	13	13	26	6	29	C174H264N14O226S29	7092.149613
HS_HexA13_HexN13_Ac6_S30_pNP	13	13	26	6	30	C174H264N14O229S30	7172.106428
HS_HexA13_HexN13_Ac6_S31_pNP	13	13	26	6	31	C174H264N14O232S31	7252.063243
HS_HexA13_HexN13_Ac6_S32_pNP	13	13	26	6	32	C174H264N14O235S32	7332.020058
HS_HexA13_HexN13_Ac6_S33_pNP	13	13	26	6	33	C174H264N14O238S33	7411.976873
HS_HexA13_HexN13_Ac6_S34_pNP	13	13	26	6	34	C174H264N14O241S34	7491.933688
HS_HexA13_HexN13_Ac6_S35_pNP	13	13	26	6	35	C174H264N14O244S35	7571.890503
HS_HexA13_HexN13_Ac6_S36_pNP	13	13	26	6	36	C174H264N14O247S36	7651.847318
HS_HexA13_HexN13_Ac6_S37_pNP	13	13	26	6	37	C174H264N14O250S37	7731.804133
HS_HexA13_HexN13_Ac6_S38_pNP	13	13	26	6	38	C174H264N14O253S38	7811.760948
HS_HexA13_HexN13_Ac6_S39_pNP	13	13	26	6	39	C174H264N14O256S39	7891.717763
HS_HexA13_HexN13_Ac7_S0_pNP	13	13	26	7	0	C176H266N14O140	4815.412541
HS_HexA13_HexN13_Ac7_S1_pNP	13	13	26	7	1	C176H266N14O143S	4895.369356
HS_HexA13_HexN13_Ac7_S2_pNP	13	13	26	7	2	C176H266N14O146S2	4975.326171
HS_HexA13_HexN13_Ac7_S3_pNP	13	13	26	7	3	C176H266N14O149S3	5055.282986
HS_HexA13_HexN13_Ac7_S4_pNP	13	13	26	7	4	C176H266N14O152S4	5135.239802
HS_HexA13_HexN13_Ac7_S5_pNP	13	13	26	7	5	C176H266N14O155S5	5215.196617
HS_HexA13_HexN13_Ac7_S6_pNP	13	13	26	7	6	C176H266N14O158S6	5295.153432
HS_HexA13_HexN13_Ac7_S7_pNP	13	13	26	7	7	C176H266N14O161S7	5375.110247
HS_HexA13_HexN13_Ac7_S8_pNP	13	13	26	7	8	C176H266N14O164S8	5455.067062
HS_HexA13_HexN13_Ac7_S9_pNP	13	13	26	7	9	C176H266N14O167S9	5535.023877
HS_HexA13_HexN13_Ac7_S10_pNP	13	13	26	7	10	C176H266N14O170S10	5614.980692
HS_HexA13_HexN13_Ac7_S11_pNP	13	13	26	7	11	C176H266N14O173S11	5694.937507
HS_HexA13_HexN13_Ac7_S12_pNP	13	13	26	7	12	C176H266N14O176S12	5774.894322
HS_HexA13_HexN13_Ac7_S13_pNP	13	13	26	7	13	C176H266N14O179S13	5854.851137
HS_HexA13_HexN13_Ac7_S14_pNP	13	13	26	7	14	C176H266N14O182S14	5934.807952
HS_HexA13_HexN13_Ac7_S15_pNP	13	13	26	7	15	C176H266N14O185S15	6014.764767
HS_HexA13_HexN13_Ac7_S16_pNP	13	13	26	7	16	C176H266N14O188S16	6094.721582
HS_HexA13_HexN13_Ac7_S17_pNP	13	13	26	7	17	C176H266N14O191S17	6174.678397
HS_HexA13_HexN13_Ac7_S18_pNP	13	13	26	7	18	C176H266N14O194S18	6254.635212
HS_HexA13_HexN13_Ac7_S19_pNP	13	13	26	7	19	C176H266N14O197S19	6334.592027
HS_HexA13_HexN13_Ac7_S20_pNP	13	13	26	7	20	C176H266N14O200S20	6414.548842
HS_HexA13_HexN13_Ac7_S21_pNP	13	13	26	7	21	C176H266N14O203S21	6494.505657
HS_HexA13_HexN13_Ac7_S22_pNP	13	13	26	7	22	C176H266N14O206S22	6574.462472
HS_HexA13_HexN13_Ac7_S23_pNP	13	13	26	7	23	C176H266N14O209S23	6654.419287
HS_HexA13_HexN13_Ac7_S24_pNP	13	13	26	7	24	C176H266N14O212S24	6734.376102
HS_HexA13_HexN13_Ac7_S25_pNP	13	13	26	7	25	C176H266N14O215S25	6814.332917
HS_HexA13_HexN13_Ac7_S26_pNP	13	13	26	7	26	C176H266N14O218S26	6894.289732
HS_HexA13_HexN13_Ac7_S27_pNP	13	13	26	7	27	C176H266N14O221S27	6974.246547
HS_HexA13_HexN13_Ac7_S28_pNP	13	13	26	7	28	C176H266N14O224S28	7054.203362
HS_HexA13_HexN13_Ac7_S29_pNP	13	13	26	7	29	C176H266N14O227S29	7134.160177
HS_HexA13_HexN13_Ac7_S30_pNP	13	13	26	7	30	C176H266N14O230S30	7214.116992
HS_HexA13_HexN13_Ac7_S31_pNP	13	13	26	7	31	C176H266N14O233S31	7294.073807
HS_HexA13_HexN13_Ac7_S32_pNP	13	13	26	7	32	C176H266N14O236S32	7374.030622
HS_HexA13_HexN13_Ac7_S33_pNP	13	13	26	7	33	C176H266N14O239S33	7453.987437
HS_HexA13_HexN13_Ac7_S34_pNP	13	13	26	7	34	C176H266N14O242S34	7533.944253
HS_HexA13_HexN13_Ac7_S35_pNP	13	13	26	7	35	C176H266N14O245S35	7613.901068
HS_HexA13_HexN13_Ac7_S36_pNP	13	13	26	7	36	C176H266N14O248S36	7693.857883
HS_HexA13_HexN13_Ac7_S37_pNP	13	13	26	7	37	C176H266N14O251S37	7773.814698
HS_HexA13_HexN13_Ac7_S38_pNP	13	13	26	7	38	C176H266N14O254S38	7853.771513
HS_HexA13_HexN13_Ac7_S39_pNP	13	13	26	7	39	C176H266N14O257S39	7933.728328
HS_HexA13_HexN13_Ac8_S0_pNP	13	13	26	8	0	C178H268N14O141	4857.423106
HS_HexA13_HexN13_Ac8_S1_pNP	13	13	26	8	1	C178H268N14O144S	4937.379921
HS_HexA13_HexN13_Ac8_S2_pNP	13	13	26	8	2	C178H268N14O147S2	5017.336736
HS_HexA13_HexN13_Ac8_S3_pNP	13	13	26	8	3	C178H268N14O150S3	5097.293551
HS_HexA13_HexN13_Ac8_S4_pNP	13	13	26	8	4	C178H268N14O153S4	5177.250366
HS_HexA13_HexN13_Ac8_S5_pNP	13	13	26	8	5	C178H268N14O156S5	5257.207181
HS_HexA13_HexN13_Ac8_S6_pNP	13	13	26	8	6	C178H268N14O159S6	5337.163996
HS_HexA13_HexN13_Ac8_S7_pNP	13	13	26	8	7	C178H268N14O162S7	5417.120811
HS_HexA13_HexN13_Ac8_S8_pNP	13	13	26	8	8	C178H268N14O165S8	5497.077626
HS_HexA13_HexN13_Ac8_S9_pNP	13	13	26	8	9	C178H268N14O168S9	5577.034441
HS_HexA13_HexN13_Ac8_S10_pNP	13	13	26	8	10	C178H268N14O171S10	5656.991256
HS_HexA13_HexN13_Ac8_S11_pNP	13	13	26	8	11	C178H268N14O174S11	5736.948071
HS_HexA13_HexN13_Ac8_S12_pNP	13	13	26	8	12	C178H268N14O177S12	5816.904886
HS_HexA13_HexN13_Ac8_S13_pNP	13	13	26	8	13	C178H268N14O180S13	5896.861701
HS_HexA13_HexN13_Ac8_S14_pNP	13	13	26	8	14	C178H268N14O183S14	5976.818517
HS_HexA13_HexN13_Ac8_S15_pNP	13	13	26	8	15	C178H268N14O186S15	6056.775332
HS_HexA13_HexN13_Ac8_S16_pNP	13	13	26	8	16	C178H268N14O189S16	6136.732147
HS_HexA13_HexN13_Ac8_S17_pNP	13	13	26	8	17	C178H268N14O192S17	6216.688962
HS_HexA13_HexN13_Ac8_S18_pNP	13	13	26	8	18	C178H268N14O195S18	6296.645777
HS_HexA13_HexN13_Ac8_S19_pNP	13	13	26	8	19	C178H268N14O198S19	6376.602592
HS_HexA13_HexN13_Ac8_S20_pNP	13	13	26	8	20	C178H268N14O201S20	6456.559407
HS_HexA13_HexN13_Ac8_S21_pNP	13	13	26	8	21	C178H268N14O204S21	6536.516222
HS_HexA13_HexN13_Ac8_S22_pNP	13	13	26	8	22	C178H268N14O207S22	6616.473037
HS_HexA13_HexN13_Ac8_S23_pNP	13	13	26	8	23	C178H268N14O210S23	6696.429852
HS_HexA13_HexN13_Ac8_S24_pNP	13	13	26	8	24	C178H268N14O213S24	6776.386667
HS_HexA13_HexN13_Ac8_S25_pNP	13	13	26	8	25	C178H268N14O216S25	6856.343482
HS_HexA13_HexN13_Ac8_S26_pNP	13	13	26	8	26	C178H268N14O219S26	6936.300297
HS_HexA13_HexN13_Ac8_S27_pNP	13	13	26	8	27	C178H268N14O222S27	7016.257112
HS_HexA13_HexN13_Ac8_S28_pNP	13	13	26	8	28	C178H268N14O225S28	7096.213927
HS_HexA13_HexN13_Ac8_S29_pNP	13	13	26	8	29	C178H268N14O228S29	7176.170742
HS_HexA13_HexN13_Ac8_S30_pNP	13	13	26	8	30	C178H268N14O231S30	7256.127557
HS_HexA13_HexN13_Ac8_S31_pNP	13	13	26	8	31	C178H268N14O234S31	7336.084372
HS_HexA13_HexN13_Ac8_S32_pNP	13	13	26	8	32	C178H268N14O237S32	7416.041187
HS_HexA13_HexN13_Ac8_S33_pNP	13	13	26	8	33	C178H268N14O240S33	7495.998002
HS_HexA13_HexN13_Ac8_S34_pNP	13	13	26	8	34	C178H268N14O243S34	7575.954817
HS_HexA13_HexN13_Ac8_S35_pNP	13	13	26	8	35	C178H268N14O246S35	7655.911632
HS_HexA13_HexN13_Ac8_S36_pNP	13	13	26	8	36	C178H268N14O249S36	7735.868447
HS_HexA13_HexN13_Ac8_S37_pNP	13	13	26	8	37	C178H268N14O252S37	7815.825262
HS_HexA13_HexN13_Ac8_S38_pNP	13	13	26	8	38	C178H268N14O255S38	7895.782077
HS_HexA13_HexN13_Ac8_S39_pNP	13	13	26	8	39	C178H268N14O258S39	7975.738892
HS_HexA13_HexN13_Ac9_S0_pNP	13	13	26	9	0	C180H270N14O142	4899.433671
HS_HexA13_HexN13_Ac9_S1_pNP	13	13	26	9	1	C180H270N14O145S	4979.390486
HS_HexA13_HexN13_Ac9_S2_pNP	13	13	26	9	2	C180H270N14O148S2	5059.347301
HS_HexA13_HexN13_Ac9_S3_pNP	13	13	26	9	3	C180H270N14O151S3	5139.304116
HS_HexA13_HexN13_Ac9_S4_pNP	13	13	26	9	4	C180H270N14O154S4	5219.260931
HS_HexA13_HexN13_Ac9_S5_pNP	13	13	26	9	5	C180H270N14O157S5	5299.217746
HS_HexA13_HexN13_Ac9_S6_pNP	13	13	26	9	6	C180H270N14O160S6	5379.174561
HS_HexA13_HexN13_Ac9_S7_pNP	13	13	26	9	7	C180H270N14O163S7	5459.131376
HS_HexA13_HexN13_Ac9_S8_pNP	13	13	26	9	8	C180H270N14O166S8	5539.088191
HS_HexA13_HexN13_Ac9_S9_pNP	13	13	26	9	9	C180H270N14O169S9	5619.045006
HS_HexA13_HexN13_Ac9_S10_pNP	13	13	26	9	10	C180H270N14O172S10	5699.001821
HS_HexA13_HexN13_Ac9_S11_pNP	13	13	26	9	11	C180H270N14O175S11	5778.958636
HS_HexA13_HexN13_Ac9_S12_pNP	13	13	26	9	12	C180H270N14O178S12	5858.915451
HS_HexA13_HexN13_Ac9_S13_pNP	13	13	26	9	13	C180H270N14O181S13	5938.872266
HS_HexA13_HexN13_Ac9_S14_pNP	13	13	26	9	14	C180H270N14O184S14	6018.829081
HS_HexA13_HexN13_Ac9_S15_pNP	13	13	26	9	15	C180H270N14O187S15	6098.785896
HS_HexA13_HexN13_Ac9_S16_pNP	13	13	26	9	16	C180H270N14O190S16	6178.742711
HS_HexA13_HexN13_Ac9_S17_pNP	13	13	26	9	17	C180H270N14O193S17	6258.699526
HS_HexA13_HexN13_Ac9_S18_pNP	13	13	26	9	18	C180H270N14O196S18	6338.656341
HS_HexA13_HexN13_Ac9_S19_pNP	13	13	26	9	19	C180H270N14O199S19	6418.613156
HS_HexA13_HexN13_Ac9_S20_pNP	13	13	26	9	20	C180H270N14O202S20	6498.569971
HS_HexA13_HexN13_Ac9_S21_pNP	13	13	26	9	21	C180H270N14O205S21	6578.526786
HS_HexA13_HexN13_Ac9_S22_pNP	13	13	26	9	22	C180H270N14O208S22	6658.483601
HS_HexA13_HexN13_Ac9_S23_pNP	13	13	26	9	23	C180H270N14O211S23	6738.440417
HS_HexA13_HexN13_Ac9_S24_pNP	13	13	26	9	24	C180H270N14O214S24	6818.397232
HS_HexA13_HexN13_Ac9_S25_pNP	13	13	26	9	25	C180H270N14O217S25	6898.354047
HS_HexA13_HexN13_Ac9_S26_pNP	13	13	26	9	26	C180H270N14O220S26	6978.310862
HS_HexA13_HexN13_Ac9_S27_pNP	13	13	26	9	27	C180H270N14O223S27	7058.267677
HS_HexA13_HexN13_Ac9_S28_pNP	13	13	26	9	28	C180H270N14O226S28	7138.224492
HS_HexA13_HexN13_Ac9_S29_pNP	13	13	26	9	29	C180H270N14O229S29	7218.181307
HS_HexA13_HexN13_Ac9_S30_pNP	13	13	26	9	30	C180H270N14O232S30	7298.138122
HS_HexA13_HexN13_Ac9_S31_pNP	13	13	26	9	31	C180H270N14O235S31	7378.094937
HS_HexA13_HexN13_Ac9_S32_pNP	13	13	26	9	32	C180H270N14O238S32	7458.051752
HS_HexA13_HexN13_Ac9_S33_pNP	13	13	26	9	33	C180H270N14O241S33	7538.008567
HS_HexA13_HexN13_Ac9_S34_pNP	13	13	26	9	34	C180H270N14O244S34	7617.965382
HS_HexA13_HexN13_Ac9_S35_pNP	13	13	26	9	35	C180H270N14O247S35	7697.922197
HS_HexA13_HexN13_Ac9_S36_pNP	13	13	26	9	36	C180H270N14O250S36	7777.879012
HS_HexA13_HexN13_Ac9_S37_pNP	13	13	26	9	37	C180H270N14O253S37	7857.835827
HS_HexA13_HexN13_Ac9_S38_pNP	13	13	26	9	38	C180H270N14O256S38	7937.792642
HS_HexA13_HexN13_Ac9_S39_pNP	13	13	26	9	39	C180H270N14O259S39	8017.749457
HS_HexA13_HexN13_Ac10_S0_pNP	13	13	26	10	0	C182H272N14O143	4941.444235
HS_HexA13_HexN13_Ac10_S1_pNP	13	13	26	10	1	C182H272N14O146S	5021.401050
HS_HexA13_HexN13_Ac10_S2_pNP	13	13	26	10	2	C182H272N14O149S2	5101.357865
HS_HexA13_HexN13_Ac10_S3_pNP	13	13	26	10	3	C182H272N14O152S3	5181.314681
HS_HexA13_HexN13_Ac10_S4_pNP	13	13	26	10	4	C182H272N14O155S4	5261.271496
HS_HexA13_HexN13_Ac10_S5_pNP	13	13	26	10	5	C182H272N14O158S5	5341.228311
HS_HexA13_HexN13_Ac10_S6_pNP	13	13	26	10	6	C182H272N14O161S6	5421.185126
HS_HexA13_HexN13_Ac10_S7_pNP	13	13	26	10	7	C182H272N14O164S7	5501.141941
HS_HexA13_HexN13_Ac10_S8_pNP	13	13	26	10	8	C182H272N14O167S8	5581.098756
HS_HexA13_HexN13_Ac10_S9_pNP	13	13	26	10	9	C182H272N14O170S9	5661.055571
HS_HexA13_HexN13_Ac10_S10_pNP	13	13	26	10	10	C182H272N14O173S10	5741.012386
HS_HexA13_HexN13_Ac10_S11_pNP	13	13	26	10	11	C182H272N14O176S11	5820.969201
HS_HexA13_HexN13_Ac10_S12_pNP	13	13	26	10	12	C182H272N14O179S12	5900.926016
HS_HexA13_HexN13_Ac10_S13_pNP	13	13	26	10	13	C182H272N14O182S13	5980.882831
HS_HexA13_HexN13_Ac10_S14_pNP	13	13	26	10	14	C182H272N14O185S14	6060.839646
HS_HexA13_HexN13_Ac10_S15_pNP	13	13	26	10	15	C182H272N14O188S15	6140.796461
HS_HexA13_HexN13_Ac10_S16_pNP	13	13	26	10	16	C182H272N14O191S16	6220.753276
HS_HexA13_HexN13_Ac10_S17_pNP	13	13	26	10	17	C182H272N14O194S17	6300.710091
HS_HexA13_HexN13_Ac10_S18_pNP	13	13	26	10	18	C182H272N14O197S18	6380.666906
HS_HexA13_HexN13_Ac10_S19_pNP	13	13	26	10	19	C182H272N14O200S19	6460.623721
HS_HexA13_HexN13_Ac10_S20_pNP	13	13	26	10	20	C182H272N14O203S20	6540.580536
HS_HexA13_HexN13_Ac10_S21_pNP	13	13	26	10	21	C182H272N14O206S21	6620.537351
HS_HexA13_HexN13_Ac10_S22_pNP	13	13	26	10	22	C182H272N14O209S22	6700.494166
HS_HexA13_HexN13_Ac10_S23_pNP	13	13	26	10	23	C182H272N14O212S23	6780.450981
HS_HexA13_HexN13_Ac10_S24_pNP	13	13	26	10	24	C182H272N14O215S24	6860.407796
HS_HexA13_HexN13_Ac10_S25_pNP	13	13	26	10	25	C182H272N14O218S25	6940.364611
HS_HexA13_HexN13_Ac10_S26_pNP	13	13	26	10	26	C182H272N14O221S26	7020.321426
HS_HexA13_HexN13_Ac10_S27_pNP	13	13	26	10	27	C182H272N14O224S27	7100.278241
HS_HexA13_HexN13_Ac10_S28_pNP	13	13	26	10	28	C182H272N14O227S28	7180.235056
HS_HexA13_HexN13_Ac10_S29_pNP	13	13	26	10	29	C182H272N14O230S29	7260.191871
HS_HexA13_HexN13_Ac10_S30_pNP	13	13	26	10	30	C182H272N14O233S30	7340.148686
HS_HexA13_HexN13_Ac10_S31_pNP	13	13	26	10	31	C182H272N14O236S31	7420.105501
HS_HexA13_HexN13_Ac10_S32_pNP	13	13	26	10	32	C182H272N14O239S32	7500.062316
HS_HexA13_HexN13_Ac10_S33_pNP	13	13	26	10	33	C182H272N14O242S33	7580.019132
HS_HexA13_HexN13_Ac10_S34_pNP	13	13	26	10	34	C182H272N14O245S34	7659.975947
HS_HexA13_HexN13_Ac10_S35_pNP	13	13	26	10	35	C182H272N14O248S35	7739.932762
HS_HexA13_HexN13_Ac10_S36_pNP	13	13	26	10	36	C182H272N14O251S36	7819.889577
HS_HexA13_HexN13_Ac10_S37_pNP	13	13	26	10	37	C182H272N14O254S37	7899.846392
HS_HexA13_HexN13_Ac10_S38_pNP	13	13	26	10	38	C182H272N14O257S38	7979.803207
HS_HexA13_HexN13_Ac10_S39_pNP	13	13	26	10	39	C182H272N14O260S39	8059.760022
HS_HexA13_HexN13_Ac11_S0_pNP	13	13	26	11	0	C184H274N14O144	4983.454800
HS_HexA13_HexN13_Ac11_S1_pNP	13	13	26	11	1	C184H274N14O147S	5063.411615
HS_HexA13_HexN13_Ac11_S2_pNP	13	13	26	11	2	C184H274N14O150S2	5143.368430
HS_HexA13_HexN13_Ac11_S3_pNP	13	13	26	11	3	C184H274N14O153S3	5223.325245
HS_HexA13_HexN13_Ac11_S4_pNP	13	13	26	11	4	C184H274N14O156S4	5303.282060
HS_HexA13_HexN13_Ac11_S5_pNP	13	13	26	11	5	C184H274N14O159S5	5383.238875
HS_HexA13_HexN13_Ac11_S6_pNP	13	13	26	11	6	C184H274N14O162S6	5463.195690
HS_HexA13_HexN13_Ac11_S7_pNP	13	13	26	11	7	C184H274N14O165S7	5543.152505
HS_HexA13_HexN13_Ac11_S8_pNP	13	13	26	11	8	C184H274N14O168S8	5623.109320
HS_HexA13_HexN13_Ac11_S9_pNP	13	13	26	11	9	C184H274N14O171S9	5703.066135
HS_HexA13_HexN13_Ac11_S10_pNP	13	13	26	11	10	C184H274N14O174S10	5783.022950
HS_HexA13_HexN13_Ac11_S11_pNP	13	13	26	11	11	C184H274N14O177S11	5862.979765
HS_HexA13_HexN13_Ac11_S12_pNP	13	13	26	11	12	C184H274N14O180S12	5942.936581
HS_HexA13_HexN13_Ac11_S13_pNP	13	13	26	11	13	C184H274N14O183S13	6022.893396
HS_HexA13_HexN13_Ac11_S14_pNP	13	13	26	11	14	C184H274N14O186S14	6102.850211
HS_HexA13_HexN13_Ac11_S15_pNP	13	13	26	11	15	C184H274N14O189S15	6182.807026
HS_HexA13_HexN13_Ac11_S16_pNP	13	13	26	11	16	C184H274N14O192S16	6262.763841
HS_HexA13_HexN13_Ac11_S17_pNP	13	13	26	11	17	C184H274N14O195S17	6342.720656
HS_HexA13_HexN13_Ac11_S18_pNP	13	13	26	11	18	C184H274N14O198S18	6422.677471
HS_HexA13_HexN13_Ac11_S19_pNP	13	13	26	11	19	C184H274N14O201S19	6502.634286
HS_HexA13_HexN13_Ac11_S20_pNP	13	13	26	11	20	C184H274N14O204S20	6582.591101
HS_HexA13_HexN13_Ac11_S21_pNP	13	13	26	11	21	C184H274N14O207S21	6662.547916
HS_HexA13_HexN13_Ac11_S22_pNP	13	13	26	11	22	C184H274N14O210S22	6742.504731
HS_HexA13_HexN13_Ac11_S23_pNP	13	13	26	11	23	C184H274N14O213S23	6822.461546
HS_HexA13_HexN13_Ac11_S24_pNP	13	13	26	11	24	C184H274N14O216S24	6902.418361
HS_HexA13_HexN13_Ac11_S25_pNP	13	13	26	11	25	C184H274N14O219S25	6982.375176
HS_HexA13_HexN13_Ac11_S26_pNP	13	13	26	11	26	C184H274N14O222S26	7062.331991
HS_HexA13_HexN13_Ac11_S27_pNP	13	13	26	11	27	C184H274N14O225S27	7142.288806
HS_HexA13_HexN13_Ac11_S28_pNP	13	13	26	11	28	C184H274N14O228S28	7222.245621
HS_HexA13_HexN13_Ac11_S29_pNP	13	13	26	11	29	C184H274N14O231S29	7302.202436
HS_HexA13_HexN13_Ac11_S30_pNP	13	13	26	11	30	C184H274N14O234S30	7382.159251
HS_HexA13_HexN13_Ac11_S31_pNP	13	13	26	11	31	C184H274N14O237S31	7462.116066
HS_HexA13_HexN13_Ac11_S32_pNP	13	13	26	11	32	C184H274N14O240S32	7542.072881
HS_HexA13_HexN13_Ac11_S33_pNP	13	13	26	11	33	C184H274N14O243S33	7622.029696
HS_HexA13_HexN13_Ac11_S34_pNP	13	13	26	11	34	C184H274N14O246S34	7701.986511
HS_HexA13_HexN13_Ac11_S35_pNP	13	13	26	11	35	C184H274N14O249S35	7781.943326
HS_HexA13_HexN13_Ac11_S36_pNP	13	13	26	11	36	C184H274N14O252S36	7861.900141
HS_HexA13_HexN13_Ac11_S37_pNP	13	13	26	11	37	C184H274N14O255S37	7941.856956
HS_HexA13_HexN13_Ac11_S38_pNP	13	13	26	11	38	C184H274N14O258S38	8021.813771
HS_HexA13_HexN13_Ac11_S39_pNP	13	13	26	11	39	C184H274N14O261S39	8101.770586
HS_HexA13_HexN13_Ac12_S0_pNP	13	13	26	12	0	C186H276N14O145	5025.465365
HS_HexA13_HexN13_Ac12_S1_pNP	13	13	26	12	1	C186H276N14O148S	5105.422180
HS_HexA13_HexN13_Ac12_S2_pNP	13	13	26	12	2	C186H276N14O151S2	5185.378995
HS_HexA13_HexN13_Ac12_S3_pNP	13	13	26	12	3	C186H276N14O154S3	5265.335810
HS_HexA13_HexN13_Ac12_S4_pNP	13	13	26	12	4	C186H276N14O157S4	5345.292625
HS_HexA13_HexN13_Ac12_S5_pNP	13	13	26	12	5	C186H276N14O160S5	5425.249440
HS_HexA13_HexN13_Ac12_S6_pNP	13	13	26	12	6	C186H276N14O163S6	5505.206255
HS_HexA13_HexN13_Ac12_S7_pNP	13	13	26	12	7	C186H276N14O166S7	5585.163070
HS_HexA13_HexN13_Ac12_S8_pNP	13	13	26	12	8	C186H276N14O169S8	5665.119885
HS_HexA13_HexN13_Ac12_S9_pNP	13	13	26	12	9	C186H276N14O172S9	5745.076700
HS_HexA13_HexN13_Ac12_S10_pNP	13	13	26	12	10	C186H276N14O175S10	5825.033515
HS_HexA13_HexN13_Ac12_S11_pNP	13	13	26	12	11	C186H276N14O178S11	5904.990330
HS_HexA13_HexN13_Ac12_S12_pNP	13	13	26	12	12	C186H276N14O181S12	5984.947145
HS_HexA13_HexN13_Ac12_S13_pNP	13	13	26	12	13	C186H276N14O184S13	6064.903960
HS_HexA13_HexN13_Ac12_S14_pNP	13	13	26	12	14	C186H276N14O187S14	6144.860775
HS_HexA13_HexN13_Ac12_S15_pNP	13	13	26	12	15	C186H276N14O190S15	6224.817590
HS_HexA13_HexN13_Ac12_S16_pNP	13	13	26	12	16	C186H276N14O193S16	6304.774405
HS_HexA13_HexN13_Ac12_S17_pNP	13	13	26	12	17	C186H276N14O196S17	6384.731220
HS_HexA13_HexN13_Ac12_S18_pNP	13	13	26	12	18	C186H276N14O199S18	6464.688035
HS_HexA13_HexN13_Ac12_S19_pNP	13	13	26	12	19	C186H276N14O202S19	6544.644850
HS_HexA13_HexN13_Ac12_S20_pNP	13	13	26	12	20	C186H276N14O205S20	6624.601665
HS_HexA13_HexN13_Ac12_S21_pNP	13	13	26	12	21	C186H276N14O208S21	6704.558480
HS_HexA13_HexN13_Ac12_S22_pNP	13	13	26	12	22	C186H276N14O211S22	6784.515296
HS_HexA13_HexN13_Ac12_S23_pNP	13	13	26	12	23	C186H276N14O214S23	6864.472111
HS_HexA13_HexN13_Ac12_S24_pNP	13	13	26	12	24	C186H276N14O217S24	6944.428926
HS_HexA13_HexN13_Ac12_S25_pNP	13	13	26	12	25	C186H276N14O220S25	7024.385741
HS_HexA13_HexN13_Ac12_S26_pNP	13	13	26	12	26	C186H276N14O223S26	7104.342556
HS_HexA13_HexN13_Ac12_S27_pNP	13	13	26	12	27	C186H276N14O226S27	7184.299371
HS_HexA13_HexN13_Ac12_S28_pNP	13	13	26	12	28	C186H276N14O229S28	7264.256186
HS_HexA13_HexN13_Ac12_S29_pNP	13	13	26	12	29	C186H276N14O232S29	7344.213001
HS_HexA13_HexN13_Ac12_S30_pNP	13	13	26	12	30	C186H276N14O235S30	7424.169816
HS_HexA13_HexN13_Ac12_S31_pNP	13	13	26	12	31	C186H276N14O238S31	7504.126631
HS_HexA13_HexN13_Ac12_S32_pNP	13	13	26	12	32	C186H276N14O241S32	7584.083446
HS_HexA13_HexN13_Ac12_S33_pNP	13	13	26	12	33	C186H276N14O244S33	7664.040261
HS_HexA13_HexN13_Ac12_S34_pNP	13	13	26	12	34	C186H276N14O247S34	7743.997076
HS_HexA13_HexN13_Ac12_S35_pNP	13	13	26	12	35	C186H276N14O250S35	7823.953891
HS_HexA13_HexN13_Ac12_S36_pNP	13	13	26	12	36	C186H276N14O253S36	7903.910706
HS_HexA13_HexN13_Ac12_S37_pNP	13	13	26	12	37	C186H276N14O256S37	7983.867521
HS_HexA13_HexN13_Ac12_S38_pNP	13	13	26	12	38	C186H276N14O259S38	8063.824336
HS_HexA13_HexN13_Ac12_S39_pNP	13	13	26	12	39	C186H276N14O262S39	8143.781151
HS_HexA13_HexN13_Ac13_S0_pNP	13	13	26	13	0	C188H278N14O146	5067.475929
HS_HexA13_HexN13_Ac13_S1_pNP	13	13	26	13	1	C188H278N14O149S	5147.432745
HS_HexA13_HexN13_Ac13_S2_pNP	13	13	26	13	2	C188H278N14O152S2	5227.389560
HS_HexA13_HexN13_Ac13_S3_pNP	13	13	26	13	3	C188H278N14O155S3	5307.346375
HS_HexA13_HexN13_Ac13_S4_pNP	13	13	26	13	4	C188H278N14O158S4	5387.303190
HS_HexA13_HexN13_Ac13_S5_pNP	13	13	26	13	5	C188H278N14O161S5	5467.260005
HS_HexA13_HexN13_Ac13_S6_pNP	13	13	26	13	6	C188H278N14O164S6	5547.216820
HS_HexA13_HexN13_Ac13_S7_pNP	13	13	26	13	7	C188H278N14O167S7	5627.173635
HS_HexA13_HexN13_Ac13_S8_pNP	13	13	26	13	8	C188H278N14O170S8	5707.130450
HS_HexA13_HexN13_Ac13_S9_pNP	13	13	26	13	9	C188H278N14O173S9	5787.087265
HS_HexA13_HexN13_Ac13_S10_pNP	13	13	26	13	10	C188H278N14O176S10	5867.044080
HS_HexA13_HexN13_Ac13_S11_pNP	13	13	26	13	11	C188H278N14O179S11	5947.000895
HS_HexA13_HexN13_Ac13_S12_pNP	13	13	26	13	12	C188H278N14O182S12	6026.957710
HS_HexA13_HexN13_Ac13_S13_pNP	13	13	26	13	13	C188H278N14O185S13	6106.914525
HS_HexA13_HexN13_Ac13_S14_pNP	13	13	26	13	14	C188H278N14O188S14	6186.871340
HS_HexA13_HexN13_Ac13_S15_pNP	13	13	26	13	15	C188H278N14O191S15	6266.828155
HS_HexA13_HexN13_Ac13_S16_pNP	13	13	26	13	16	C188H278N14O194S16	6346.784970
HS_HexA13_HexN13_Ac13_S17_pNP	13	13	26	13	17	C188H278N14O197S17	6426.741785
HS_HexA13_HexN13_Ac13_S18_pNP	13	13	26	13	18	C188H278N14O200S18	6506.698600
HS_HexA13_HexN13_Ac13_S19_pNP	13	13	26	13	19	C188H278N14O203S19	6586.655415
HS_HexA13_HexN13_Ac13_S20_pNP	13	13	26	13	20	C188H278N14O206S20	6666.612230
HS_HexA13_HexN13_Ac13_S21_pNP	13	13	26	13	21	C188H278N14O209S21	6746.569045
HS_HexA13_HexN13_Ac13_S22_pNP	13	13	26	13	22	C188H278N14O212S22	6826.525860
HS_HexA13_HexN13_Ac13_S23_pNP	13	13	26	13	23	C188H278N14O215S23	6906.482675
HS_HexA13_HexN13_Ac13_S24_pNP	13	13	26	13	24	C188H278N14O218S24	6986.439490
HS_HexA13_HexN13_Ac13_S25_pNP	13	13	26	13	25	C188H278N14O221S25	7066.396305
HS_HexA13_HexN13_Ac13_S26_pNP	13	13	26	13	26	C188H278N14O224S26	7146.353120
HS_HexA13_HexN13_Ac13_S27_pNP	13	13	26	13	27	C188H278N14O227S27	7226.309935
HS_HexA13_HexN13_Ac13_S28_pNP	13	13	26	13	28	C188H278N14O230S28	7306.266750
HS_HexA13_HexN13_Ac13_S29_pNP	13	13	26	13	29	C188H278N14O233S29	7386.223565
HS_HexA13_HexN13_Ac13_S30_pNP	13	13	26	13	30	C188H278N14O236S30	7466.180380
HS_HexA13_HexN13_Ac13_S31_pNP	13	13	26	13	31	C188H278N14O239S31	7546.137196
HS_HexA13_HexN13_Ac13_S32_pNP	13	13	26	13	32	C188H278N14O242S32	7626.094011
HS_HexA13_HexN13_Ac13_S33_pNP	13	13	26	13	33	C188H278N14O245S33	7706.050826
HS_HexA13_HexN13_Ac13_S34_pNP	13	13	26	13	34	C188H278N14O248S34	7786.007641
HS_HexA13_HexN13_Ac13_S35_pNP	13	13	26	13	35	C188H278N14O251S35	7865.964456
HS_HexA13_HexN13_Ac13_S36_pNP	13	13	26	13	36	C188H278N14O254S36	7945.921271
HS_HexA13_HexN13_Ac13_S37_pNP	13	13	26	13	37	C188H278N14O257S37	8025.878086
HS_HexA13_HexN13_Ac13_S38_pNP	13	13	26	13	38	C188H278N14O260S38	8105.834901
HS_HexA13_HexN13_Ac13_S39_pNP	13	13	26	13	39	C188H278N14O263S39	8185.791716
HS_HexA14_HexN13_Ac0_S0_pNP	14	13	27	0	0	C168H260N14O139	4697.370677
HS_HexA14_HexN13_Ac0_S1_pNP	14	13	27	0	1	C168H260N14O142S	4777.327492
HS_HexA14_HexN13_Ac0_S2_pNP	14	13	27	0	2	C168H260N14O145S2	4857.284307
HS_HexA14_HexN13_Ac0_S3_pNP	14	13	27	0	3	C168H260N14O148S3	4937.241122
HS_HexA14_HexN13_Ac0_S4_pNP	14	13	27	0	4	C168H260N14O151S4	5017.197937
HS_HexA14_HexN13_Ac0_S5_pNP	14	13	27	0	5	C168H260N14O154S5	5097.154752
HS_HexA14_HexN13_Ac0_S6_pNP	14	13	27	0	6	C168H260N14O157S6	5177.111567
HS_HexA14_HexN13_Ac0_S7_pNP	14	13	27	0	7	C168H260N14O160S7	5257.068382
HS_HexA14_HexN13_Ac0_S8_pNP	14	13	27	0	8	C168H260N14O163S8	5337.025197
HS_HexA14_HexN13_Ac0_S9_pNP	14	13	27	0	9	C168H260N14O166S9	5416.982012
HS_HexA14_HexN13_Ac0_S10_pNP	14	13	27	0	10	C168H260N14O169S10	5496.938827
HS_HexA14_HexN13_Ac0_S11_pNP	14	13	27	0	11	C168H260N14O172S11	5576.895642
HS_HexA14_HexN13_Ac0_S12_pNP	14	13	27	0	12	C168H260N14O175S12	5656.852457
HS_HexA14_HexN13_Ac0_S13_pNP	14	13	27	0	13	C168H260N14O178S13	5736.809272
HS_HexA14_HexN13_Ac0_S14_pNP	14	13	27	0	14	C168H260N14O181S14	5816.766087
HS_HexA14_HexN13_Ac0_S15_pNP	14	13	27	0	15	C168H260N14O184S15	5896.722902
HS_HexA14_HexN13_Ac0_S16_pNP	14	13	27	0	16	C168H260N14O187S16	5976.679717
HS_HexA14_HexN13_Ac0_S17_pNP	14	13	27	0	17	C168H260N14O190S17	6056.636532
HS_HexA14_HexN13_Ac0_S18_pNP	14	13	27	0	18	C168H260N14O193S18	6136.593347
HS_HexA14_HexN13_Ac0_S19_pNP	14	13	27	0	19	C168H260N14O196S19	6216.550162
HS_HexA14_HexN13_Ac0_S20_pNP	14	13	27	0	20	C168H260N14O199S20	6296.506977
HS_HexA14_HexN13_Ac0_S21_pNP	14	13	27	0	21	C168H260N14O202S21	6376.463792
HS_HexA14_HexN13_Ac0_S22_pNP	14	13	27	0	22	C168H260N14O205S22	6456.420607
HS_HexA14_HexN13_Ac0_S23_pNP	14	13	27	0	23	C168H260N14O208S23	6536.377422
HS_HexA14_HexN13_Ac0_S24_pNP	14	13	27	0	24	C168H260N14O211S24	6616.334237
HS_HexA14_HexN13_Ac0_S25_pNP	14	13	27	0	25	C168H260N14O214S25	6696.291052
HS_HexA14_HexN13_Ac0_S26_pNP	14	13	27	0	26	C168H260N14O217S26	6776.247867
HS_HexA14_HexN13_Ac0_S27_pNP	14	13	27	0	27	C168H260N14O220S27	6856.204682
HS_HexA14_HexN13_Ac0_S28_pNP	14	13	27	0	28	C168H260N14O223S28	6936.161497
HS_HexA14_HexN13_Ac0_S29_pNP	14	13	27	0	29	C168H260N14O226S29	7016.118313
HS_HexA14_HexN13_Ac0_S30_pNP	14	13	27	0	30	C168H260N14O229S30	7096.075128
HS_HexA14_HexN13_Ac0_S31_pNP	14	13	27	0	31	C168H260N14O232S31	7176.031943
HS_HexA14_HexN13_Ac0_S32_pNP	14	13	27	0	32	C168H260N14O235S32	7255.988758
HS_HexA14_HexN13_Ac0_S33_pNP	14	13	27	0	33	C168H260N14O238S33	7335.945573
HS_HexA14_HexN13_Ac0_S34_pNP	14	13	27	0	34	C168H260N14O241S34	7415.902388
HS_HexA14_HexN13_Ac0_S35_pNP	14	13	27	0	35	C168H260N14O244S35	7495.859203
HS_HexA14_HexN13_Ac0_S36_pNP	14	13	27	0	36	C168H260N14O247S36	7575.816018
HS_HexA14_HexN13_Ac0_S37_pNP	14	13	27	0	37	C168H260N14O250S37	7655.772833
HS_HexA14_HexN13_Ac0_S38_pNP	14	13	27	0	38	C168H260N14O253S38	7735.729648
HS_HexA14_HexN13_Ac0_S39_pNP	14	13	27	0	39	C168H260N14O256S39	7815.686463
HS_HexA14_HexN13_Ac1_S0_pNP	14	13	27	1	0	C170H262N14O140	4739.381241
HS_HexA14_HexN13_Ac1_S1_pNP	14	13	27	1	1	C170H262N14O143S	4819.338056
HS_HexA14_HexN13_Ac1_S2_pNP	14	13	27	1	2	C170H262N14O146S2	4899.294871
HS_HexA14_HexN13_Ac1_S3_pNP	14	13	27	1	3	C170H262N14O149S3	4979.251686
HS_HexA14_HexN13_Ac1_S4_pNP	14	13	27	1	4	C170H262N14O152S4	5059.208501
HS_HexA14_HexN13_Ac1_S5_pNP	14	13	27	1	5	C170H262N14O155S5	5139.165316
HS_HexA14_HexN13_Ac1_S6_pNP	14	13	27	1	6	C170H262N14O158S6	5219.122131
HS_HexA14_HexN13_Ac1_S7_pNP	14	13	27	1	7	C170H262N14O161S7	5299.078946
HS_HexA14_HexN13_Ac1_S8_pNP	14	13	27	1	8	C170H262N14O164S8	5379.035762
HS_HexA14_HexN13_Ac1_S9_pNP	14	13	27	1	9	C170H262N14O167S9	5458.992577
HS_HexA14_HexN13_Ac1_S10_pNP	14	13	27	1	10	C170H262N14O170S10	5538.949392
HS_HexA14_HexN13_Ac1_S11_pNP	14	13	27	1	11	C170H262N14O173S11	5618.906207
HS_HexA14_HexN13_Ac1_S12_pNP	14	13	27	1	12	C170H262N14O176S12	5698.863022
HS_HexA14_HexN13_Ac1_S13_pNP	14	13	27	1	13	C170H262N14O179S13	5778.819837
HS_HexA14_HexN13_Ac1_S14_pNP	14	13	27	1	14	C170H262N14O182S14	5858.776652
HS_HexA14_HexN13_Ac1_S15_pNP	14	13	27	1	15	C170H262N14O185S15	5938.733467
HS_HexA14_HexN13_Ac1_S16_pNP	14	13	27	1	16	C170H262N14O188S16	6018.690282
HS_HexA14_HexN13_Ac1_S17_pNP	14	13	27	1	17	C170H262N14O191S17	6098.647097
HS_HexA14_HexN13_Ac1_S18_pNP	14	13	27	1	18	C170H262N14O194S18	6178.603912
HS_HexA14_HexN13_Ac1_S19_pNP	14	13	27	1	19	C170H262N14O197S19	6258.560727
HS_HexA14_HexN13_Ac1_S20_pNP	14	13	27	1	20	C170H262N14O200S20	6338.517542
HS_HexA14_HexN13_Ac1_S21_pNP	14	13	27	1	21	C170H262N14O203S21	6418.474357
HS_HexA14_HexN13_Ac1_S22_pNP	14	13	27	1	22	C170H262N14O206S22	6498.431172
HS_HexA14_HexN13_Ac1_S23_pNP	14	13	27	1	23	C170H262N14O209S23	6578.387987
HS_HexA14_HexN13_Ac1_S24_pNP	14	13	27	1	24	C170H262N14O212S24	6658.344802
HS_HexA14_HexN13_Ac1_S25_pNP	14	13	27	1	25	C170H262N14O215S25	6738.301617
HS_HexA14_HexN13_Ac1_S26_pNP	14	13	27	1	26	C170H262N14O218S26	6818.258432
HS_HexA14_HexN13_Ac1_S27_pNP	14	13	27	1	27	C170H262N14O221S27	6898.215247
HS_HexA14_HexN13_Ac1_S28_pNP	14	13	27	1	28	C170H262N14O224S28	6978.172062
HS_HexA14_HexN13_Ac1_S29_pNP	14	13	27	1	29	C170H262N14O227S29	7058.128877
HS_HexA14_HexN13_Ac1_S30_pNP	14	13	27	1	30	C170H262N14O230S30	7138.085692
HS_HexA14_HexN13_Ac1_S31_pNP	14	13	27	1	31	C170H262N14O233S31	7218.042507
HS_HexA14_HexN13_Ac1_S32_pNP	14	13	27	1	32	C170H262N14O236S32	7297.999322
HS_HexA14_HexN13_Ac1_S33_pNP	14	13	27	1	33	C170H262N14O239S33	7377.956137
HS_HexA14_HexN13_Ac1_S34_pNP	14	13	27	1	34	C170H262N14O242S34	7457.912952
HS_HexA14_HexN13_Ac1_S35_pNP	14	13	27	1	35	C170H262N14O245S35	7537.869767
HS_HexA14_HexN13_Ac1_S36_pNP	14	13	27	1	36	C170H262N14O248S36	7617.826582
HS_HexA14_HexN13_Ac1_S37_pNP	14	13	27	1	37	C170H262N14O251S37	7697.783397
HS_HexA14_HexN13_Ac1_S38_pNP	14	13	27	1	38	C170H262N14O254S38	7777.740213
HS_HexA14_HexN13_Ac1_S39_pNP	14	13	27	1	39	C170H262N14O257S39	7857.697028
HS_HexA14_HexN13_Ac2_S0_pNP	14	13	27	2	0	C172H264N14O141	4781.391806
HS_HexA14_HexN13_Ac2_S1_pNP	14	13	27	2	1	C172H264N14O144S	4861.348621
HS_HexA14_HexN13_Ac2_S2_pNP	14	13	27	2	2	C172H264N14O147S2	4941.305436
HS_HexA14_HexN13_Ac2_S3_pNP	14	13	27	2	3	C172H264N14O150S3	5021.262251
HS_HexA14_HexN13_Ac2_S4_pNP	14	13	27	2	4	C172H264N14O153S4	5101.219066
HS_HexA14_HexN13_Ac2_S5_pNP	14	13	27	2	5	C172H264N14O156S5	5181.175881
HS_HexA14_HexN13_Ac2_S6_pNP	14	13	27	2	6	C172H264N14O159S6	5261.132696
HS_HexA14_HexN13_Ac2_S7_pNP	14	13	27	2	7	C172H264N14O162S7	5341.089511
HS_HexA14_HexN13_Ac2_S8_pNP	14	13	27	2	8	C172H264N14O165S8	5421.046326
HS_HexA14_HexN13_Ac2_S9_pNP	14	13	27	2	9	C172H264N14O168S9	5501.003141
HS_HexA14_HexN13_Ac2_S10_pNP	14	13	27	2	10	C172H264N14O171S10	5580.959956
HS_HexA14_HexN13_Ac2_S11_pNP	14	13	27	2	11	C172H264N14O174S11	5660.916771
HS_HexA14_HexN13_Ac2_S12_pNP	14	13	27	2	12	C172H264N14O177S12	5740.873586
HS_HexA14_HexN13_Ac2_S13_pNP	14	13	27	2	13	C172H264N14O180S13	5820.830401
HS_HexA14_HexN13_Ac2_S14_pNP	14	13	27	2	14	C172H264N14O183S14	5900.787216
HS_HexA14_HexN13_Ac2_S15_pNP	14	13	27	2	15	C172H264N14O186S15	5980.744031
HS_HexA14_HexN13_Ac2_S16_pNP	14	13	27	2	16	C172H264N14O189S16	6060.700846
HS_HexA14_HexN13_Ac2_S17_pNP	14	13	27	2	17	C172H264N14O192S17	6140.657661
HS_HexA14_HexN13_Ac2_S18_pNP	14	13	27	2	18	C172H264N14O195S18	6220.614477
HS_HexA14_HexN13_Ac2_S19_pNP	14	13	27	2	19	C172H264N14O198S19	6300.571292
HS_HexA14_HexN13_Ac2_S20_pNP	14	13	27	2	20	C172H264N14O201S20	6380.528107
HS_HexA14_HexN13_Ac2_S21_pNP	14	13	27	2	21	C172H264N14O204S21	6460.484922
HS_HexA14_HexN13_Ac2_S22_pNP	14	13	27	2	22	C172H264N14O207S22	6540.441737
HS_HexA14_HexN13_Ac2_S23_pNP	14	13	27	2	23	C172H264N14O210S23	6620.398552
HS_HexA14_HexN13_Ac2_S24_pNP	14	13	27	2	24	C172H264N14O213S24	6700.355367
HS_HexA14_HexN13_Ac2_S25_pNP	14	13	27	2	25	C172H264N14O216S25	6780.312182
HS_HexA14_HexN13_Ac2_S26_pNP	14	13	27	2	26	C172H264N14O219S26	6860.268997
HS_HexA14_HexN13_Ac2_S27_pNP	14	13	27	2	27	C172H264N14O222S27	6940.225812
HS_HexA14_HexN13_Ac2_S28_pNP	14	13	27	2	28	C172H264N14O225S28	7020.182627
HS_HexA14_HexN13_Ac2_S29_pNP	14	13	27	2	29	C172H264N14O228S29	7100.139442
HS_HexA14_HexN13_Ac2_S30_pNP	14	13	27	2	30	C172H264N14O231S30	7180.096257
HS_HexA14_HexN13_Ac2_S31_pNP	14	13	27	2	31	C172H264N14O234S31	7260.053072
HS_HexA14_HexN13_Ac2_S32_pNP	14	13	27	2	32	C172H264N14O237S32	7340.009887
HS_HexA14_HexN13_Ac2_S33_pNP	14	13	27	2	33	C172H264N14O240S33	7419.966702
HS_HexA14_HexN13_Ac2_S34_pNP	14	13	27	2	34	C172H264N14O243S34	7499.923517
HS_HexA14_HexN13_Ac2_S35_pNP	14	13	27	2	35	C172H264N14O246S35	7579.880332
HS_HexA14_HexN13_Ac2_S36_pNP	14	13	27	2	36	C172H264N14O249S36	7659.837147
HS_HexA14_HexN13_Ac2_S37_pNP	14	13	27	2	37	C172H264N14O252S37	7739.793962
HS_HexA14_HexN13_Ac2_S38_pNP	14	13	27	2	38	C172H264N14O255S38	7819.750777
HS_HexA14_HexN13_Ac2_S39_pNP	14	13	27	2	39	C172H264N14O258S39	7899.707592
HS_HexA14_HexN13_Ac3_S0_pNP	14	13	27	3	0	C174H266N14O142	4823.402371
HS_HexA14_HexN13_Ac3_S1_pNP	14	13	27	3	1	C174H266N14O145S	4903.359186
HS_HexA14_HexN13_Ac3_S2_pNP	14	13	27	3	2	C174H266N14O148S2	4983.316001
HS_HexA14_HexN13_Ac3_S3_pNP	14	13	27	3	3	C174H266N14O151S3	5063.272816
HS_HexA14_HexN13_Ac3_S4_pNP	14	13	27	3	4	C174H266N14O154S4	5143.229631
HS_HexA14_HexN13_Ac3_S5_pNP	14	13	27	3	5	C174H266N14O157S5	5223.186446
HS_HexA14_HexN13_Ac3_S6_pNP	14	13	27	3	6	C174H266N14O160S6	5303.143261
HS_HexA14_HexN13_Ac3_S7_pNP	14	13	27	3	7	C174H266N14O163S7	5383.100076
HS_HexA14_HexN13_Ac3_S8_pNP	14	13	27	3	8	C174H266N14O166S8	5463.056891
HS_HexA14_HexN13_Ac3_S9_pNP	14	13	27	3	9	C174H266N14O169S9	5543.013706
HS_HexA14_HexN13_Ac3_S10_pNP	14	13	27	3	10	C174H266N14O172S10	5622.970521
HS_HexA14_HexN13_Ac3_S11_pNP	14	13	27	3	11	C174H266N14O175S11	5702.927336
HS_HexA14_HexN13_Ac3_S12_pNP	14	13	27	3	12	C174H266N14O178S12	5782.884151
HS_HexA14_HexN13_Ac3_S13_pNP	14	13	27	3	13	C174H266N14O181S13	5862.840966
HS_HexA14_HexN13_Ac3_S14_pNP	14	13	27	3	14	C174H266N14O184S14	5942.797781
HS_HexA14_HexN13_Ac3_S15_pNP	14	13	27	3	15	C174H266N14O187S15	6022.754596
HS_HexA14_HexN13_Ac3_S16_pNP	14	13	27	3	16	C174H266N14O190S16	6102.711411
HS_HexA14_HexN13_Ac3_S17_pNP	14	13	27	3	17	C174H266N14O193S17	6182.668226
HS_HexA14_HexN13_Ac3_S18_pNP	14	13	27	3	18	C174H266N14O196S18	6262.625041
HS_HexA14_HexN13_Ac3_S19_pNP	14	13	27	3	19	C174H266N14O199S19	6342.581856
HS_HexA14_HexN13_Ac3_S20_pNP	14	13	27	3	20	C174H266N14O202S20	6422.538671
HS_HexA14_HexN13_Ac3_S21_pNP	14	13	27	3	21	C174H266N14O205S21	6502.495486
HS_HexA14_HexN13_Ac3_S22_pNP	14	13	27	3	22	C174H266N14O208S22	6582.452301
HS_HexA14_HexN13_Ac3_S23_pNP	14	13	27	3	23	C174H266N14O211S23	6662.409116
HS_HexA14_HexN13_Ac3_S24_pNP	14	13	27	3	24	C174H266N14O214S24	6742.365931
HS_HexA14_HexN13_Ac3_S25_pNP	14	13	27	3	25	C174H266N14O217S25	6822.322746
HS_HexA14_HexN13_Ac3_S26_pNP	14	13	27	3	26	C174H266N14O220S26	6902.279561
HS_HexA14_HexN13_Ac3_S27_pNP	14	13	27	3	27	C174H266N14O223S27	6982.236377
HS_HexA14_HexN13_Ac3_S28_pNP	14	13	27	3	28	C174H266N14O226S28	7062.193192
HS_HexA14_HexN13_Ac3_S29_pNP	14	13	27	3	29	C174H266N14O229S29	7142.150007
HS_HexA14_HexN13_Ac3_S30_pNP	14	13	27	3	30	C174H266N14O232S30	7222.106822
HS_HexA14_HexN13_Ac3_S31_pNP	14	13	27	3	31	C174H266N14O235S31	7302.063637
HS_HexA14_HexN13_Ac3_S32_pNP	14	13	27	3	32	C174H266N14O238S32	7382.020452
HS_HexA14_HexN13_Ac3_S33_pNP	14	13	27	3	33	C174H266N14O241S33	7461.977267
HS_HexA14_HexN13_Ac3_S34_pNP	14	13	27	3	34	C174H266N14O244S34	7541.934082
HS_HexA14_HexN13_Ac3_S35_pNP	14	13	27	3	35	C174H266N14O247S35	7621.890897
HS_HexA14_HexN13_Ac3_S36_pNP	14	13	27	3	36	C174H266N14O250S36	7701.847712
HS_HexA14_HexN13_Ac3_S37_pNP	14	13	27	3	37	C174H266N14O253S37	7781.804527
HS_HexA14_HexN13_Ac3_S38_pNP	14	13	27	3	38	C174H266N14O256S38	7861.761342
HS_HexA14_HexN13_Ac3_S39_pNP	14	13	27	3	39	C174H266N14O259S39	7941.718157
HS_HexA14_HexN13_Ac4_S0_pNP	14	13	27	4	0	C176H268N14O143	4865.412935
HS_HexA14_HexN13_Ac4_S1_pNP	14	13	27	4	1	C176H268N14O146S	4945.369750
HS_HexA14_HexN13_Ac4_S2_pNP	14	13	27	4	2	C176H268N14O149S2	5025.326565
HS_HexA14_HexN13_Ac4_S3_pNP	14	13	27	4	3	C176H268N14O152S3	5105.283380
HS_HexA14_HexN13_Ac4_S4_pNP	14	13	27	4	4	C176H268N14O155S4	5185.240195
HS_HexA14_HexN13_Ac4_S5_pNP	14	13	27	4	5	C176H268N14O158S5	5265.197010
HS_HexA14_HexN13_Ac4_S6_pNP	14	13	27	4	6	C176H268N14O161S6	5345.153825
HS_HexA14_HexN13_Ac4_S7_pNP	14	13	27	4	7	C176H268N14O164S7	5425.110641
HS_HexA14_HexN13_Ac4_S8_pNP	14	13	27	4	8	C176H268N14O167S8	5505.067456
HS_HexA14_HexN13_Ac4_S9_pNP	14	13	27	4	9	C176H268N14O170S9	5585.024271
HS_HexA14_HexN13_Ac4_S10_pNP	14	13	27	4	10	C176H268N14O173S10	5664.981086
HS_HexA14_HexN13_Ac4_S11_pNP	14	13	27	4	11	C176H268N14O176S11	5744.937901
HS_HexA14_HexN13_Ac4_S12_pNP	14	13	27	4	12	C176H268N14O179S12	5824.894716
HS_HexA14_HexN13_Ac4_S13_pNP	14	13	27	4	13	C176H268N14O182S13	5904.851531
HS_HexA14_HexN13_Ac4_S14_pNP	14	13	27	4	14	C176H268N14O185S14	5984.808346
HS_HexA14_HexN13_Ac4_S15_pNP	14	13	27	4	15	C176H268N14O188S15	6064.765161
HS_HexA14_HexN13_Ac4_S16_pNP	14	13	27	4	16	C176H268N14O191S16	6144.721976
HS_HexA14_HexN13_Ac4_S17_pNP	14	13	27	4	17	C176H268N14O194S17	6224.678791
HS_HexA14_HexN13_Ac4_S18_pNP	14	13	27	4	18	C176H268N14O197S18	6304.635606
HS_HexA14_HexN13_Ac4_S19_pNP	14	13	27	4	19	C176H268N14O200S19	6384.592421
HS_HexA14_HexN13_Ac4_S20_pNP	14	13	27	4	20	C176H268N14O203S20	6464.549236
HS_HexA14_HexN13_Ac4_S21_pNP	14	13	27	4	21	C176H268N14O206S21	6544.506051
HS_HexA14_HexN13_Ac4_S22_pNP	14	13	27	4	22	C176H268N14O209S22	6624.462866
HS_HexA14_HexN13_Ac4_S23_pNP	14	13	27	4	23	C176H268N14O212S23	6704.419681
HS_HexA14_HexN13_Ac4_S24_pNP	14	13	27	4	24	C176H268N14O215S24	6784.376496
HS_HexA14_HexN13_Ac4_S25_pNP	14	13	27	4	25	C176H268N14O218S25	6864.333311
HS_HexA14_HexN13_Ac4_S26_pNP	14	13	27	4	26	C176H268N14O221S26	6944.290126
HS_HexA14_HexN13_Ac4_S27_pNP	14	13	27	4	27	C176H268N14O224S27	7024.246941
HS_HexA14_HexN13_Ac4_S28_pNP	14	13	27	4	28	C176H268N14O227S28	7104.203756
HS_HexA14_HexN13_Ac4_S29_pNP	14	13	27	4	29	C176H268N14O230S29	7184.160571
HS_HexA14_HexN13_Ac4_S30_pNP	14	13	27	4	30	C176H268N14O233S30	7264.117386
HS_HexA14_HexN13_Ac4_S31_pNP	14	13	27	4	31	C176H268N14O236S31	7344.074201
HS_HexA14_HexN13_Ac4_S32_pNP	14	13	27	4	32	C176H268N14O239S32	7424.031016
HS_HexA14_HexN13_Ac4_S33_pNP	14	13	27	4	33	C176H268N14O242S33	7503.987831
HS_HexA14_HexN13_Ac4_S34_pNP	14	13	27	4	34	C176H268N14O245S34	7583.944646
HS_HexA14_HexN13_Ac4_S35_pNP	14	13	27	4	35	C176H268N14O248S35	7663.901461
HS_HexA14_HexN13_Ac4_S36_pNP	14	13	27	4	36	C176H268N14O251S36	7743.858276
HS_HexA14_HexN13_Ac4_S37_pNP	14	13	27	4	37	C176H268N14O254S37	7823.815092
HS_HexA14_HexN13_Ac4_S38_pNP	14	13	27	4	38	C176H268N14O257S38	7903.771907
HS_HexA14_HexN13_Ac4_S39_pNP	14	13	27	4	39	C176H268N14O260S39	7983.728722
HS_HexA14_HexN13_Ac5_S0_pNP	14	13	27	5	0	C178H270N14O144	4907.423500
HS_HexA14_HexN13_Ac5_S1_pNP	14	13	27	5	1	C178H270N14O147S	4987.380315
HS_HexA14_HexN13_Ac5_S2_pNP	14	13	27	5	2	C178H270N14O150S2	5067.337130
HS_HexA14_HexN13_Ac5_S3_pNP	14	13	27	5	3	C178H270N14O153S3	5147.293945
HS_HexA14_HexN13_Ac5_S4_pNP	14	13	27	5	4	C178H270N14O156S4	5227.250760
HS_HexA14_HexN13_Ac5_S5_pNP	14	13	27	5	5	C178H270N14O159S5	5307.207575
HS_HexA14_HexN13_Ac5_S6_pNP	14	13	27	5	6	C178H270N14O162S6	5387.164390
HS_HexA14_HexN13_Ac5_S7_pNP	14	13	27	5	7	C178H270N14O165S7	5467.121205
HS_HexA14_HexN13_Ac5_S8_pNP	14	13	27	5	8	C178H270N14O168S8	5547.078020
HS_HexA14_HexN13_Ac5_S9_pNP	14	13	27	5	9	C178H270N14O171S9	5627.034835
HS_HexA14_HexN13_Ac5_S10_pNP	14	13	27	5	10	C178H270N14O174S10	5706.991650
HS_HexA14_HexN13_Ac5_S11_pNP	14	13	27	5	11	C178H270N14O177S11	5786.948465
HS_HexA14_HexN13_Ac5_S12_pNP	14	13	27	5	12	C178H270N14O180S12	5866.905280
HS_HexA14_HexN13_Ac5_S13_pNP	14	13	27	5	13	C178H270N14O183S13	5946.862095
HS_HexA14_HexN13_Ac5_S14_pNP	14	13	27	5	14	C178H270N14O186S14	6026.818910
HS_HexA14_HexN13_Ac5_S15_pNP	14	13	27	5	15	C178H270N14O189S15	6106.775725
HS_HexA14_HexN13_Ac5_S16_pNP	14	13	27	5	16	C178H270N14O192S16	6186.732541
HS_HexA14_HexN13_Ac5_S17_pNP	14	13	27	5	17	C178H270N14O195S17	6266.689356
HS_HexA14_HexN13_Ac5_S18_pNP	14	13	27	5	18	C178H270N14O198S18	6346.646171
HS_HexA14_HexN13_Ac5_S19_pNP	14	13	27	5	19	C178H270N14O201S19	6426.602986
HS_HexA14_HexN13_Ac5_S20_pNP	14	13	27	5	20	C178H270N14O204S20	6506.559801
HS_HexA14_HexN13_Ac5_S21_pNP	14	13	27	5	21	C178H270N14O207S21	6586.516616
HS_HexA14_HexN13_Ac5_S22_pNP	14	13	27	5	22	C178H270N14O210S22	6666.473431
HS_HexA14_HexN13_Ac5_S23_pNP	14	13	27	5	23	C178H270N14O213S23	6746.430246
HS_HexA14_HexN13_Ac5_S24_pNP	14	13	27	5	24	C178H270N14O216S24	6826.387061
HS_HexA14_HexN13_Ac5_S25_pNP	14	13	27	5	25	C178H270N14O219S25	6906.343876
HS_HexA14_HexN13_Ac5_S26_pNP	14	13	27	5	26	C178H270N14O222S26	6986.300691
HS_HexA14_HexN13_Ac5_S27_pNP	14	13	27	5	27	C178H270N14O225S27	7066.257506
HS_HexA14_HexN13_Ac5_S28_pNP	14	13	27	5	28	C178H270N14O228S28	7146.214321
HS_HexA14_HexN13_Ac5_S29_pNP	14	13	27	5	29	C178H270N14O231S29	7226.171136
HS_HexA14_HexN13_Ac5_S30_pNP	14	13	27	5	30	C178H270N14O234S30	7306.127951
HS_HexA14_HexN13_Ac5_S31_pNP	14	13	27	5	31	C178H270N14O237S31	7386.084766
HS_HexA14_HexN13_Ac5_S32_pNP	14	13	27	5	32	C178H270N14O240S32	7466.041581
HS_HexA14_HexN13_Ac5_S33_pNP	14	13	27	5	33	C178H270N14O243S33	7545.998396
HS_HexA14_HexN13_Ac5_S34_pNP	14	13	27	5	34	C178H270N14O246S34	7625.955211
HS_HexA14_HexN13_Ac5_S35_pNP	14	13	27	5	35	C178H270N14O249S35	7705.912026
HS_HexA14_HexN13_Ac5_S36_pNP	14	13	27	5	36	C178H270N14O252S36	7785.868841
HS_HexA14_HexN13_Ac5_S37_pNP	14	13	27	5	37	C178H270N14O255S37	7865.825656
HS_HexA14_HexN13_Ac5_S38_pNP	14	13	27	5	38	C178H270N14O258S38	7945.782471
HS_HexA14_HexN13_Ac5_S39_pNP	14	13	27	5	39	C178H270N14O261S39	8025.739286
HS_HexA14_HexN13_Ac6_S0_pNP	14	13	27	6	0	C180H272N14O145	4949.434065
HS_HexA14_HexN13_Ac6_S1_pNP	14	13	27	6	1	C180H272N14O148S	5029.390880
HS_HexA14_HexN13_Ac6_S2_pNP	14	13	27	6	2	C180H272N14O151S2	5109.347695
HS_HexA14_HexN13_Ac6_S3_pNP	14	13	27	6	3	C180H272N14O154S3	5189.304510
HS_HexA14_HexN13_Ac6_S4_pNP	14	13	27	6	4	C180H272N14O157S4	5269.261325
HS_HexA14_HexN13_Ac6_S5_pNP	14	13	27	6	5	C180H272N14O160S5	5349.218140
HS_HexA14_HexN13_Ac6_S6_pNP	14	13	27	6	6	C180H272N14O163S6	5429.174955
HS_HexA14_HexN13_Ac6_S7_pNP	14	13	27	6	7	C180H272N14O166S7	5509.131770
HS_HexA14_HexN13_Ac6_S8_pNP	14	13	27	6	8	C180H272N14O169S8	5589.088585
HS_HexA14_HexN13_Ac6_S9_pNP	14	13	27	6	9	C180H272N14O172S9	5669.045400
HS_HexA14_HexN13_Ac6_S10_pNP	14	13	27	6	10	C180H272N14O175S10	5749.002215
HS_HexA14_HexN13_Ac6_S11_pNP	14	13	27	6	11	C180H272N14O178S11	5828.959030
HS_HexA14_HexN13_Ac6_S12_pNP	14	13	27	6	12	C180H272N14O181S12	5908.915845
HS_HexA14_HexN13_Ac6_S13_pNP	14	13	27	6	13	C180H272N14O184S13	5988.872660
HS_HexA14_HexN13_Ac6_S14_pNP	14	13	27	6	14	C180H272N14O187S14	6068.829475
HS_HexA14_HexN13_Ac6_S15_pNP	14	13	27	6	15	C180H272N14O190S15	6148.786290
HS_HexA14_HexN13_Ac6_S16_pNP	14	13	27	6	16	C180H272N14O193S16	6228.743105
HS_HexA14_HexN13_Ac6_S17_pNP	14	13	27	6	17	C180H272N14O196S17	6308.699920
HS_HexA14_HexN13_Ac6_S18_pNP	14	13	27	6	18	C180H272N14O199S18	6388.656735
HS_HexA14_HexN13_Ac6_S19_pNP	14	13	27	6	19	C180H272N14O202S19	6468.613550
HS_HexA14_HexN13_Ac6_S20_pNP	14	13	27	6	20	C180H272N14O205S20	6548.570365
HS_HexA14_HexN13_Ac6_S21_pNP	14	13	27	6	21	C180H272N14O208S21	6628.527180
HS_HexA14_HexN13_Ac6_S22_pNP	14	13	27	6	22	C180H272N14O211S22	6708.483995
HS_HexA14_HexN13_Ac6_S23_pNP	14	13	27	6	23	C180H272N14O214S23	6788.440810
HS_HexA14_HexN13_Ac6_S24_pNP	14	13	27	6	24	C180H272N14O217S24	6868.397625
HS_HexA14_HexN13_Ac6_S25_pNP	14	13	27	6	25	C180H272N14O220S25	6948.354440
HS_HexA14_HexN13_Ac6_S26_pNP	14	13	27	6	26	C180H272N14O223S26	7028.311256
HS_HexA14_HexN13_Ac6_S27_pNP	14	13	27	6	27	C180H272N14O226S27	7108.268071
HS_HexA14_HexN13_Ac6_S28_pNP	14	13	27	6	28	C180H272N14O229S28	7188.224886
HS_HexA14_HexN13_Ac6_S29_pNP	14	13	27	6	29	C180H272N14O232S29	7268.181701
HS_HexA14_HexN13_Ac6_S30_pNP	14	13	27	6	30	C180H272N14O235S30	7348.138516
HS_HexA14_HexN13_Ac6_S31_pNP	14	13	27	6	31	C180H272N14O238S31	7428.095331
HS_HexA14_HexN13_Ac6_S32_pNP	14	13	27	6	32	C180H272N14O241S32	7508.052146
HS_HexA14_HexN13_Ac6_S33_pNP	14	13	27	6	33	C180H272N14O244S33	7588.008961
HS_HexA14_HexN13_Ac6_S34_pNP	14	13	27	6	34	C180H272N14O247S34	7667.965776
HS_HexA14_HexN13_Ac6_S35_pNP	14	13	27	6	35	C180H272N14O250S35	7747.922591
HS_HexA14_HexN13_Ac6_S36_pNP	14	13	27	6	36	C180H272N14O253S36	7827.879406
HS_HexA14_HexN13_Ac6_S37_pNP	14	13	27	6	37	C180H272N14O256S37	7907.836221
HS_HexA14_HexN13_Ac6_S38_pNP	14	13	27	6	38	C180H272N14O259S38	7987.793036
HS_HexA14_HexN13_Ac6_S39_pNP	14	13	27	6	39	C180H272N14O262S39	8067.749851
HS_HexA14_HexN13_Ac7_S0_pNP	14	13	27	7	0	C182H274N14O146	4991.444629
HS_HexA14_HexN13_Ac7_S1_pNP	14	13	27	7	1	C182H274N14O149S	5071.401444
HS_HexA14_HexN13_Ac7_S2_pNP	14	13	27	7	2	C182H274N14O152S2	5151.358259
HS_HexA14_HexN13_Ac7_S3_pNP	14	13	27	7	3	C182H274N14O155S3	5231.315074
HS_HexA14_HexN13_Ac7_S4_pNP	14	13	27	7	4	C182H274N14O158S4	5311.271889
HS_HexA14_HexN13_Ac7_S5_pNP	14	13	27	7	5	C182H274N14O161S5	5391.228705
HS_HexA14_HexN13_Ac7_S6_pNP	14	13	27	7	6	C182H274N14O164S6	5471.185520
HS_HexA14_HexN13_Ac7_S7_pNP	14	13	27	7	7	C182H274N14O167S7	5551.142335
HS_HexA14_HexN13_Ac7_S8_pNP	14	13	27	7	8	C182H274N14O170S8	5631.099150
HS_HexA14_HexN13_Ac7_S9_pNP	14	13	27	7	9	C182H274N14O173S9	5711.055965
HS_HexA14_HexN13_Ac7_S10_pNP	14	13	27	7	10	C182H274N14O176S10	5791.012780
HS_HexA14_HexN13_Ac7_S11_pNP	14	13	27	7	11	C182H274N14O179S11	5870.969595
HS_HexA14_HexN13_Ac7_S12_pNP	14	13	27	7	12	C182H274N14O182S12	5950.926410
HS_HexA14_HexN13_Ac7_S13_pNP	14	13	27	7	13	C182H274N14O185S13	6030.883225
HS_HexA14_HexN13_Ac7_S14_pNP	14	13	27	7	14	C182H274N14O188S14	6110.840040
HS_HexA14_HexN13_Ac7_S15_pNP	14	13	27	7	15	C182H274N14O191S15	6190.796855
HS_HexA14_HexN13_Ac7_S16_pNP	14	13	27	7	16	C182H274N14O194S16	6270.753670
HS_HexA14_HexN13_Ac7_S17_pNP	14	13	27	7	17	C182H274N14O197S17	6350.710485
HS_HexA14_HexN13_Ac7_S18_pNP	14	13	27	7	18	C182H274N14O200S18	6430.667300
HS_HexA14_HexN13_Ac7_S19_pNP	14	13	27	7	19	C182H274N14O203S19	6510.624115
HS_HexA14_HexN13_Ac7_S20_pNP	14	13	27	7	20	C182H274N14O206S20	6590.580930
HS_HexA14_HexN13_Ac7_S21_pNP	14	13	27	7	21	C182H274N14O209S21	6670.537745
HS_HexA14_HexN13_Ac7_S22_pNP	14	13	27	7	22	C182H274N14O212S22	6750.494560
HS_HexA14_HexN13_Ac7_S23_pNP	14	13	27	7	23	C182H274N14O215S23	6830.451375
HS_HexA14_HexN13_Ac7_S24_pNP	14	13	27	7	24	C182H274N14O218S24	6910.408190
HS_HexA14_HexN13_Ac7_S25_pNP	14	13	27	7	25	C182H274N14O221S25	6990.365005
HS_HexA14_HexN13_Ac7_S26_pNP	14	13	27	7	26	C182H274N14O224S26	7070.321820
HS_HexA14_HexN13_Ac7_S27_pNP	14	13	27	7	27	C182H274N14O227S27	7150.278635
HS_HexA14_HexN13_Ac7_S28_pNP	14	13	27	7	28	C182H274N14O230S28	7230.235450
HS_HexA14_HexN13_Ac7_S29_pNP	14	13	27	7	29	C182H274N14O233S29	7310.192265
HS_HexA14_HexN13_Ac7_S30_pNP	14	13	27	7	30	C182H274N14O236S30	7390.149080
HS_HexA14_HexN13_Ac7_S31_pNP	14	13	27	7	31	C182H274N14O239S31	7470.105895
HS_HexA14_HexN13_Ac7_S32_pNP	14	13	27	7	32	C182H274N14O242S32	7550.062710
HS_HexA14_HexN13_Ac7_S33_pNP	14	13	27	7	33	C182H274N14O245S33	7630.019525
HS_HexA14_HexN13_Ac7_S34_pNP	14	13	27	7	34	C182H274N14O248S34	7709.976340
HS_HexA14_HexN13_Ac7_S35_pNP	14	13	27	7	35	C182H274N14O251S35	7789.933156
HS_HexA14_HexN13_Ac7_S36_pNP	14	13	27	7	36	C182H274N14O254S36	7869.889971
HS_HexA14_HexN13_Ac7_S37_pNP	14	13	27	7	37	C182H274N14O257S37	7949.846786
HS_HexA14_HexN13_Ac7_S38_pNP	14	13	27	7	38	C182H274N14O260S38	8029.803601
HS_HexA14_HexN13_Ac7_S39_pNP	14	13	27	7	39	C182H274N14O263S39	8109.760416
HS_HexA14_HexN13_Ac8_S0_pNP	14	13	27	8	0	C184H276N14O147	5033.455194
HS_HexA14_HexN13_Ac8_S1_pNP	14	13	27	8	1	C184H276N14O150S	5113.412009
HS_HexA14_HexN13_Ac8_S2_pNP	14	13	27	8	2	C184H276N14O153S2	5193.368824
HS_HexA14_HexN13_Ac8_S3_pNP	14	13	27	8	3	C184H276N14O156S3	5273.325639
HS_HexA14_HexN13_Ac8_S4_pNP	14	13	27	8	4	C184H276N14O159S4	5353.282454
HS_HexA14_HexN13_Ac8_S5_pNP	14	13	27	8	5	C184H276N14O162S5	5433.239269
HS_HexA14_HexN13_Ac8_S6_pNP	14	13	27	8	6	C184H276N14O165S6	5513.196084
HS_HexA14_HexN13_Ac8_S7_pNP	14	13	27	8	7	C184H276N14O168S7	5593.152899
HS_HexA14_HexN13_Ac8_S8_pNP	14	13	27	8	8	C184H276N14O171S8	5673.109714
HS_HexA14_HexN13_Ac8_S9_pNP	14	13	27	8	9	C184H276N14O174S9	5753.066529
HS_HexA14_HexN13_Ac8_S10_pNP	14	13	27	8	10	C184H276N14O177S10	5833.023344
HS_HexA14_HexN13_Ac8_S11_pNP	14	13	27	8	11	C184H276N14O180S11	5912.980159
HS_HexA14_HexN13_Ac8_S12_pNP	14	13	27	8	12	C184H276N14O183S12	5992.936974
HS_HexA14_HexN13_Ac8_S13_pNP	14	13	27	8	13	C184H276N14O186S13	6072.893789
HS_HexA14_HexN13_Ac8_S14_pNP	14	13	27	8	14	C184H276N14O189S14	6152.850604
HS_HexA14_HexN13_Ac8_S15_pNP	14	13	27	8	15	C184H276N14O192S15	6232.807420
HS_HexA14_HexN13_Ac8_S16_pNP	14	13	27	8	16	C184H276N14O195S16	6312.764235
HS_HexA14_HexN13_Ac8_S17_pNP	14	13	27	8	17	C184H276N14O198S17	6392.721050
HS_HexA14_HexN13_Ac8_S18_pNP	14	13	27	8	18	C184H276N14O201S18	6472.677865
HS_HexA14_HexN13_Ac8_S19_pNP	14	13	27	8	19	C184H276N14O204S19	6552.634680
HS_HexA14_HexN13_Ac8_S20_pNP	14	13	27	8	20	C184H276N14O207S20	6632.591495
HS_HexA14_HexN13_Ac8_S21_pNP	14	13	27	8	21	C184H276N14O210S21	6712.548310
HS_HexA14_HexN13_Ac8_S22_pNP	14	13	27	8	22	C184H276N14O213S22	6792.505125
HS_HexA14_HexN13_Ac8_S23_pNP	14	13	27	8	23	C184H276N14O216S23	6872.461940
HS_HexA14_HexN13_Ac8_S24_pNP	14	13	27	8	24	C184H276N14O219S24	6952.418755
HS_HexA14_HexN13_Ac8_S25_pNP	14	13	27	8	25	C184H276N14O222S25	7032.375570
HS_HexA14_HexN13_Ac8_S26_pNP	14	13	27	8	26	C184H276N14O225S26	7112.332385
HS_HexA14_HexN13_Ac8_S27_pNP	14	13	27	8	27	C184H276N14O228S27	7192.289200
HS_HexA14_HexN13_Ac8_S28_pNP	14	13	27	8	28	C184H276N14O231S28	7272.246015
HS_HexA14_HexN13_Ac8_S29_pNP	14	13	27	8	29	C184H276N14O234S29	7352.202830
HS_HexA14_HexN13_Ac8_S30_pNP	14	13	27	8	30	C184H276N14O237S30	7432.159645
HS_HexA14_HexN13_Ac8_S31_pNP	14	13	27	8	31	C184H276N14O240S31	7512.116460
HS_HexA14_HexN13_Ac8_S32_pNP	14	13	27	8	32	C184H276N14O243S32	7592.073275
HS_HexA14_HexN13_Ac8_S33_pNP	14	13	27	8	33	C184H276N14O246S33	7672.030090
HS_HexA14_HexN13_Ac8_S34_pNP	14	13	27	8	34	C184H276N14O249S34	7751.986905
HS_HexA14_HexN13_Ac8_S35_pNP	14	13	27	8	35	C184H276N14O252S35	7831.943720
HS_HexA14_HexN13_Ac8_S36_pNP	14	13	27	8	36	C184H276N14O255S36	7911.900535
HS_HexA14_HexN13_Ac8_S37_pNP	14	13	27	8	37	C184H276N14O258S37	7991.857350
HS_HexA14_HexN13_Ac8_S38_pNP	14	13	27	8	38	C184H276N14O261S38	8071.814165
HS_HexA14_HexN13_Ac8_S39_pNP	14	13	27	8	39	C184H276N14O264S39	8151.770980
HS_HexA14_HexN13_Ac9_S0_pNP	14	13	27	9	0	C186H278N14O148	5075.465759
HS_HexA14_HexN13_Ac9_S1_pNP	14	13	27	9	1	C186H278N14O151S	5155.422574
HS_HexA14_HexN13_Ac9_S2_pNP	14	13	27	9	2	C186H278N14O154S2	5235.379389
HS_HexA14_HexN13_Ac9_S3_pNP	14	13	27	9	3	C186H278N14O157S3	5315.336204
HS_HexA14_HexN13_Ac9_S4_pNP	14	13	27	9	4	C186H278N14O160S4	5395.293019
HS_HexA14_HexN13_Ac9_S5_pNP	14	13	27	9	5	C186H278N14O163S5	5475.249834
HS_HexA14_HexN13_Ac9_S6_pNP	14	13	27	9	6	C186H278N14O166S6	5555.206649
HS_HexA14_HexN13_Ac9_S7_pNP	14	13	27	9	7	C186H278N14O169S7	5635.163464
HS_HexA14_HexN13_Ac9_S8_pNP	14	13	27	9	8	C186H278N14O172S8	5715.120279
HS_HexA14_HexN13_Ac9_S9_pNP	14	13	27	9	9	C186H278N14O175S9	5795.077094
HS_HexA14_HexN13_Ac9_S10_pNP	14	13	27	9	10	C186H278N14O178S10	5875.033909
HS_HexA14_HexN13_Ac9_S11_pNP	14	13	27	9	11	C186H278N14O181S11	5954.990724
HS_HexA14_HexN13_Ac9_S12_pNP	14	13	27	9	12	C186H278N14O184S12	6034.947539
HS_HexA14_HexN13_Ac9_S13_pNP	14	13	27	9	13	C186H278N14O187S13	6114.904354
HS_HexA14_HexN13_Ac9_S14_pNP	14	13	27	9	14	C186H278N14O190S14	6194.861169
HS_HexA14_HexN13_Ac9_S15_pNP	14	13	27	9	15	C186H278N14O193S15	6274.817984
HS_HexA14_HexN13_Ac9_S16_pNP	14	13	27	9	16	C186H278N14O196S16	6354.774799
HS_HexA14_HexN13_Ac9_S17_pNP	14	13	27	9	17	C186H278N14O199S17	6434.731614
HS_HexA14_HexN13_Ac9_S18_pNP	14	13	27	9	18	C186H278N14O202S18	6514.688429
HS_HexA14_HexN13_Ac9_S19_pNP	14	13	27	9	19	C186H278N14O205S19	6594.645244
HS_HexA14_HexN13_Ac9_S20_pNP	14	13	27	9	20	C186H278N14O208S20	6674.602059
HS_HexA14_HexN13_Ac9_S21_pNP	14	13	27	9	21	C186H278N14O211S21	6754.558874
HS_HexA14_HexN13_Ac9_S22_pNP	14	13	27	9	22	C186H278N14O214S22	6834.515689
HS_HexA14_HexN13_Ac9_S23_pNP	14	13	27	9	23	C186H278N14O217S23	6914.472504
HS_HexA14_HexN13_Ac9_S24_pNP	14	13	27	9	24	C186H278N14O220S24	6994.429320
HS_HexA14_HexN13_Ac9_S25_pNP	14	13	27	9	25	C186H278N14O223S25	7074.386135
HS_HexA14_HexN13_Ac9_S26_pNP	14	13	27	9	26	C186H278N14O226S26	7154.342950
HS_HexA14_HexN13_Ac9_S27_pNP	14	13	27	9	27	C186H278N14O229S27	7234.299765
HS_HexA14_HexN13_Ac9_S28_pNP	14	13	27	9	28	C186H278N14O232S28	7314.256580
HS_HexA14_HexN13_Ac9_S29_pNP	14	13	27	9	29	C186H278N14O235S29	7394.213395
HS_HexA14_HexN13_Ac9_S30_pNP	14	13	27	9	30	C186H278N14O238S30	7474.170210
HS_HexA14_HexN13_Ac9_S31_pNP	14	13	27	9	31	C186H278N14O241S31	7554.127025
HS_HexA14_HexN13_Ac9_S32_pNP	14	13	27	9	32	C186H278N14O244S32	7634.083840
HS_HexA14_HexN13_Ac9_S33_pNP	14	13	27	9	33	C186H278N14O247S33	7714.040655
HS_HexA14_HexN13_Ac9_S34_pNP	14	13	27	9	34	C186H278N14O250S34	7793.997470
HS_HexA14_HexN13_Ac9_S35_pNP	14	13	27	9	35	C186H278N14O253S35	7873.954285
HS_HexA14_HexN13_Ac9_S36_pNP	14	13	27	9	36	C186H278N14O256S36	7953.911100
HS_HexA14_HexN13_Ac9_S37_pNP	14	13	27	9	37	C186H278N14O259S37	8033.867915
HS_HexA14_HexN13_Ac9_S38_pNP	14	13	27	9	38	C186H278N14O262S38	8113.824730
HS_HexA14_HexN13_Ac9_S39_pNP	14	13	27	9	39	C186H278N14O265S39	8193.781545
HS_HexA14_HexN13_Ac10_S0_pNP	14	13	27	10	0	C188H280N14O149	5117.476323
HS_HexA14_HexN13_Ac10_S1_pNP	14	13	27	10	1	C188H280N14O152S	5197.433138
HS_HexA14_HexN13_Ac10_S2_pNP	14	13	27	10	2	C188H280N14O155S2	5277.389953
HS_HexA14_HexN13_Ac10_S3_pNP	14	13	27	10	3	C188H280N14O158S3	5357.346769
HS_HexA14_HexN13_Ac10_S4_pNP	14	13	27	10	4	C188H280N14O161S4	5437.303584
HS_HexA14_HexN13_Ac10_S5_pNP	14	13	27	10	5	C188H280N14O164S5	5517.260399
HS_HexA14_HexN13_Ac10_S6_pNP	14	13	27	10	6	C188H280N14O167S6	5597.217214
HS_HexA14_HexN13_Ac10_S7_pNP	14	13	27	10	7	C188H280N14O170S7	5677.174029
HS_HexA14_HexN13_Ac10_S8_pNP	14	13	27	10	8	C188H280N14O173S8	5757.130844
HS_HexA14_HexN13_Ac10_S9_pNP	14	13	27	10	9	C188H280N14O176S9	5837.087659
HS_HexA14_HexN13_Ac10_S10_pNP	14	13	27	10	10	C188H280N14O179S10	5917.044474
HS_HexA14_HexN13_Ac10_S11_pNP	14	13	27	10	11	C188H280N14O182S11	5997.001289
HS_HexA14_HexN13_Ac10_S12_pNP	14	13	27	10	12	C188H280N14O185S12	6076.958104
HS_HexA14_HexN13_Ac10_S13_pNP	14	13	27	10	13	C188H280N14O188S13	6156.914919
HS_HexA14_HexN13_Ac10_S14_pNP	14	13	27	10	14	C188H280N14O191S14	6236.871734
HS_HexA14_HexN13_Ac10_S15_pNP	14	13	27	10	15	C188H280N14O194S15	6316.828549
HS_HexA14_HexN13_Ac10_S16_pNP	14	13	27	10	16	C188H280N14O197S16	6396.785364
HS_HexA14_HexN13_Ac10_S17_pNP	14	13	27	10	17	C188H280N14O200S17	6476.742179
HS_HexA14_HexN13_Ac10_S18_pNP	14	13	27	10	18	C188H280N14O203S18	6556.698994
HS_HexA14_HexN13_Ac10_S19_pNP	14	13	27	10	19	C188H280N14O206S19	6636.655809
HS_HexA14_HexN13_Ac10_S20_pNP	14	13	27	10	20	C188H280N14O209S20	6716.612624
HS_HexA14_HexN13_Ac10_S21_pNP	14	13	27	10	21	C188H280N14O212S21	6796.569439
HS_HexA14_HexN13_Ac10_S22_pNP	14	13	27	10	22	C188H280N14O215S22	6876.526254
HS_HexA14_HexN13_Ac10_S23_pNP	14	13	27	10	23	C188H280N14O218S23	6956.483069
HS_HexA14_HexN13_Ac10_S24_pNP	14	13	27	10	24	C188H280N14O221S24	7036.439884
HS_HexA14_HexN13_Ac10_S25_pNP	14	13	27	10	25	C188H280N14O224S25	7116.396699
HS_HexA14_HexN13_Ac10_S26_pNP	14	13	27	10	26	C188H280N14O227S26	7196.353514
HS_HexA14_HexN13_Ac10_S27_pNP	14	13	27	10	27	C188H280N14O230S27	7276.310329
HS_HexA14_HexN13_Ac10_S28_pNP	14	13	27	10	28	C188H280N14O233S28	7356.267144
HS_HexA14_HexN13_Ac10_S29_pNP	14	13	27	10	29	C188H280N14O236S29	7436.223959
HS_HexA14_HexN13_Ac10_S30_pNP	14	13	27	10	30	C188H280N14O239S30	7516.180774
HS_HexA14_HexN13_Ac10_S31_pNP	14	13	27	10	31	C188H280N14O242S31	7596.137589
HS_HexA14_HexN13_Ac10_S32_pNP	14	13	27	10	32	C188H280N14O245S32	7676.094404
HS_HexA14_HexN13_Ac10_S33_pNP	14	13	27	10	33	C188H280N14O248S33	7756.051219
HS_HexA14_HexN13_Ac10_S34_pNP	14	13	27	10	34	C188H280N14O251S34	7836.008035
HS_HexA14_HexN13_Ac10_S35_pNP	14	13	27	10	35	C188H280N14O254S35	7915.964850
HS_HexA14_HexN13_Ac10_S36_pNP	14	13	27	10	36	C188H280N14O257S36	7995.921665
HS_HexA14_HexN13_Ac10_S37_pNP	14	13	27	10	37	C188H280N14O260S37	8075.878480
HS_HexA14_HexN13_Ac10_S38_pNP	14	13	27	10	38	C188H280N14O263S38	8155.835295
HS_HexA14_HexN13_Ac10_S39_pNP	14	13	27	10	39	C188H280N14O266S39	8235.792110
HS_HexA14_HexN13_Ac11_S0_pNP	14	13	27	11	0	C190H282N14O150	5159.486888
HS_HexA14_HexN13_Ac11_S1_pNP	14	13	27	11	1	C190H282N14O153S	5239.443703
HS_HexA14_HexN13_Ac11_S2_pNP	14	13	27	11	2	C190H282N14O156S2	5319.400518
HS_HexA14_HexN13_Ac11_S3_pNP	14	13	27	11	3	C190H282N14O159S3	5399.357333
HS_HexA14_HexN13_Ac11_S4_pNP	14	13	27	11	4	C190H282N14O162S4	5479.314148
HS_HexA14_HexN13_Ac11_S5_pNP	14	13	27	11	5	C190H282N14O165S5	5559.270963
HS_HexA14_HexN13_Ac11_S6_pNP	14	13	27	11	6	C190H282N14O168S6	5639.227778
HS_HexA14_HexN13_Ac11_S7_pNP	14	13	27	11	7	C190H282N14O171S7	5719.184593
HS_HexA14_HexN13_Ac11_S8_pNP	14	13	27	11	8	C190H282N14O174S8	5799.141408
HS_HexA14_HexN13_Ac11_S9_pNP	14	13	27	11	9	C190H282N14O177S9	5879.098223
HS_HexA14_HexN13_Ac11_S10_pNP	14	13	27	11	10	C190H282N14O180S10	5959.055038
HS_HexA14_HexN13_Ac11_S11_pNP	14	13	27	11	11	C190H282N14O183S11	6039.011853
HS_HexA14_HexN13_Ac11_S12_pNP	14	13	27	11	12	C190H282N14O186S12	6118.968668
HS_HexA14_HexN13_Ac11_S13_pNP	14	13	27	11	13	C190H282N14O189S13	6198.925484
HS_HexA14_HexN13_Ac11_S14_pNP	14	13	27	11	14	C190H282N14O192S14	6278.882299
HS_HexA14_HexN13_Ac11_S15_pNP	14	13	27	11	15	C190H282N14O195S15	6358.839114
HS_HexA14_HexN13_Ac11_S16_pNP	14	13	27	11	16	C190H282N14O198S16	6438.795929
HS_HexA14_HexN13_Ac11_S17_pNP	14	13	27	11	17	C190H282N14O201S17	6518.752744
HS_HexA14_HexN13_Ac11_S18_pNP	14	13	27	11	18	C190H282N14O204S18	6598.709559
HS_HexA14_HexN13_Ac11_S19_pNP	14	13	27	11	19	C190H282N14O207S19	6678.666374
HS_HexA14_HexN13_Ac11_S20_pNP	14	13	27	11	20	C190H282N14O210S20	6758.623189
HS_HexA14_HexN13_Ac11_S21_pNP	14	13	27	11	21	C190H282N14O213S21	6838.580004
HS_HexA14_HexN13_Ac11_S22_pNP	14	13	27	11	22	C190H282N14O216S22	6918.536819
HS_HexA14_HexN13_Ac11_S23_pNP	14	13	27	11	23	C190H282N14O219S23	6998.493634
HS_HexA14_HexN13_Ac11_S24_pNP	14	13	27	11	24	C190H282N14O222S24	7078.450449
HS_HexA14_HexN13_Ac11_S25_pNP	14	13	27	11	25	C190H282N14O225S25	7158.407264
HS_HexA14_HexN13_Ac11_S26_pNP	14	13	27	11	26	C190H282N14O228S26	7238.364079
HS_HexA14_HexN13_Ac11_S27_pNP	14	13	27	11	27	C190H282N14O231S27	7318.320894
HS_HexA14_HexN13_Ac11_S28_pNP	14	13	27	11	28	C190H282N14O234S28	7398.277709
HS_HexA14_HexN13_Ac11_S29_pNP	14	13	27	11	29	C190H282N14O237S29	7478.234524
HS_HexA14_HexN13_Ac11_S30_pNP	14	13	27	11	30	C190H282N14O240S30	7558.191339
HS_HexA14_HexN13_Ac11_S31_pNP	14	13	27	11	31	C190H282N14O243S31	7638.148154
HS_HexA14_HexN13_Ac11_S32_pNP	14	13	27	11	32	C190H282N14O246S32	7718.104969
HS_HexA14_HexN13_Ac11_S33_pNP	14	13	27	11	33	C190H282N14O249S33	7798.061784
HS_HexA14_HexN13_Ac11_S34_pNP	14	13	27	11	34	C190H282N14O252S34	7878.018599
HS_HexA14_HexN13_Ac11_S35_pNP	14	13	27	11	35	C190H282N14O255S35	7957.975414
HS_HexA14_HexN13_Ac11_S36_pNP	14	13	27	11	36	C190H282N14O258S36	8037.932229
HS_HexA14_HexN13_Ac11_S37_pNP	14	13	27	11	37	C190H282N14O261S37	8117.889044
HS_HexA14_HexN13_Ac11_S38_pNP	14	13	27	11	38	C190H282N14O264S38	8197.845859
HS_HexA14_HexN13_Ac11_S39_pNP	14	13	27	11	39	C190H282N14O267S39	8277.802674
HS_HexA14_HexN13_Ac12_S0_pNP	14	13	27	12	0	C192H284N14O151	5201.497453
HS_HexA14_HexN13_Ac12_S1_pNP	14	13	27	12	1	C192H284N14O154S	5281.454268
HS_HexA14_HexN13_Ac12_S2_pNP	14	13	27	12	2	C192H284N14O157S2	5361.411083
HS_HexA14_HexN13_Ac12_S3_pNP	14	13	27	12	3	C192H284N14O160S3	5441.367898
HS_HexA14_HexN13_Ac12_S4_pNP	14	13	27	12	4	C192H284N14O163S4	5521.324713
HS_HexA14_HexN13_Ac12_S5_pNP	14	13	27	12	5	C192H284N14O166S5	5601.281528
HS_HexA14_HexN13_Ac12_S6_pNP	14	13	27	12	6	C192H284N14O169S6	5681.238343
HS_HexA14_HexN13_Ac12_S7_pNP	14	13	27	12	7	C192H284N14O172S7	5761.195158
HS_HexA14_HexN13_Ac12_S8_pNP	14	13	27	12	8	C192H284N14O175S8	5841.151973
HS_HexA14_HexN13_Ac12_S9_pNP	14	13	27	12	9	C192H284N14O178S9	5921.108788
HS_HexA14_HexN13_Ac12_S10_pNP	14	13	27	12	10	C192H284N14O181S10	6001.065603
HS_HexA14_HexN13_Ac12_S11_pNP	14	13	27	12	11	C192H284N14O184S11	6081.022418
HS_HexA14_HexN13_Ac12_S12_pNP	14	13	27	12	12	C192H284N14O187S12	6160.979233
HS_HexA14_HexN13_Ac12_S13_pNP	14	13	27	12	13	C192H284N14O190S13	6240.936048
HS_HexA14_HexN13_Ac12_S14_pNP	14	13	27	12	14	C192H284N14O193S14	6320.892863
HS_HexA14_HexN13_Ac12_S15_pNP	14	13	27	12	15	C192H284N14O196S15	6400.849678
HS_HexA14_HexN13_Ac12_S16_pNP	14	13	27	12	16	C192H284N14O199S16	6480.806493
HS_HexA14_HexN13_Ac12_S17_pNP	14	13	27	12	17	C192H284N14O202S17	6560.763308
HS_HexA14_HexN13_Ac12_S18_pNP	14	13	27	12	18	C192H284N14O205S18	6640.720123
HS_HexA14_HexN13_Ac12_S19_pNP	14	13	27	12	19	C192H284N14O208S19	6720.676938
HS_HexA14_HexN13_Ac12_S20_pNP	14	13	27	12	20	C192H284N14O211S20	6800.633753
HS_HexA14_HexN13_Ac12_S21_pNP	14	13	27	12	21	C192H284N14O214S21	6880.590568
HS_HexA14_HexN13_Ac12_S22_pNP	14	13	27	12	22	C192H284N14O217S22	6960.547383
HS_HexA14_HexN13_Ac12_S23_pNP	14	13	27	12	23	C192H284N14O220S23	7040.504199
HS_HexA14_HexN13_Ac12_S24_pNP	14	13	27	12	24	C192H284N14O223S24	7120.461014
HS_HexA14_HexN13_Ac12_S25_pNP	14	13	27	12	25	C192H284N14O226S25	7200.417829
HS_HexA14_HexN13_Ac12_S26_pNP	14	13	27	12	26	C192H284N14O229S26	7280.374644
HS_HexA14_HexN13_Ac12_S27_pNP	14	13	27	12	27	C192H284N14O232S27	7360.331459
HS_HexA14_HexN13_Ac12_S28_pNP	14	13	27	12	28	C192H284N14O235S28	7440.288274
HS_HexA14_HexN13_Ac12_S29_pNP	14	13	27	12	29	C192H284N14O238S29	7520.245089
HS_HexA14_HexN13_Ac12_S30_pNP	14	13	27	12	30	C192H284N14O241S30	7600.201904
HS_HexA14_HexN13_Ac12_S31_pNP	14	13	27	12	31	C192H284N14O244S31	7680.158719
HS_HexA14_HexN13_Ac12_S32_pNP	14	13	27	12	32	C192H284N14O247S32	7760.115534
HS_HexA14_HexN13_Ac12_S33_pNP	14	13	27	12	33	C192H284N14O250S33	7840.072349
HS_HexA14_HexN13_Ac12_S34_pNP	14	13	27	12	34	C192H284N14O253S34	7920.029164
HS_HexA14_HexN13_Ac12_S35_pNP	14	13	27	12	35	C192H284N14O256S35	7999.985979
HS_HexA14_HexN13_Ac12_S36_pNP	14	13	27	12	36	C192H284N14O259S36	8079.942794
HS_HexA14_HexN13_Ac12_S37_pNP	14	13	27	12	37	C192H284N14O262S37	8159.899609
HS_HexA14_HexN13_Ac12_S38_pNP	14	13	27	12	38	C192H284N14O265S38	8239.856424
HS_HexA14_HexN13_Ac12_S39_pNP	14	13	27	12	39	C192H284N14O268S39	8319.813239
HS_HexA14_HexN13_Ac13_S0_pNP	14	13	27	13	0	C194H286N14O152	5243.508017
HS_HexA14_HexN13_Ac13_S1_pNP	14	13	27	13	1	C194H286N14O155S	5323.464832
HS_HexA14_HexN13_Ac13_S2_pNP	14	13	27	13	2	C194H286N14O158S2	5403.421648
HS_HexA14_HexN13_Ac13_S3_pNP	14	13	27	13	3	C194H286N14O161S3	5483.378463
HS_HexA14_HexN13_Ac13_S4_pNP	14	13	27	13	4	C194H286N14O164S4	5563.335278
HS_HexA14_HexN13_Ac13_S5_pNP	14	13	27	13	5	C194H286N14O167S5	5643.292093
HS_HexA14_HexN13_Ac13_S6_pNP	14	13	27	13	6	C194H286N14O170S6	5723.248908
HS_HexA14_HexN13_Ac13_S7_pNP	14	13	27	13	7	C194H286N14O173S7	5803.205723
HS_HexA14_HexN13_Ac13_S8_pNP	14	13	27	13	8	C194H286N14O176S8	5883.162538
HS_HexA14_HexN13_Ac13_S9_pNP	14	13	27	13	9	C194H286N14O179S9	5963.119353
HS_HexA14_HexN13_Ac13_S10_pNP	14	13	27	13	10	C194H286N14O182S10	6043.076168
HS_HexA14_HexN13_Ac13_S11_pNP	14	13	27	13	11	C194H286N14O185S11	6123.032983
HS_HexA14_HexN13_Ac13_S12_pNP	14	13	27	13	12	C194H286N14O188S12	6202.989798
HS_HexA14_HexN13_Ac13_S13_pNP	14	13	27	13	13	C194H286N14O191S13	6282.946613
HS_HexA14_HexN13_Ac13_S14_pNP	14	13	27	13	14	C194H286N14O194S14	6362.903428
HS_HexA14_HexN13_Ac13_S15_pNP	14	13	27	13	15	C194H286N14O197S15	6442.860243
HS_HexA14_HexN13_Ac13_S16_pNP	14	13	27	13	16	C194H286N14O200S16	6522.817058
HS_HexA14_HexN13_Ac13_S17_pNP	14	13	27	13	17	C194H286N14O203S17	6602.773873
HS_HexA14_HexN13_Ac13_S18_pNP	14	13	27	13	18	C194H286N14O206S18	6682.730688
HS_HexA14_HexN13_Ac13_S19_pNP	14	13	27	13	19	C194H286N14O209S19	6762.687503
HS_HexA14_HexN13_Ac13_S20_pNP	14	13	27	13	20	C194H286N14O212S20	6842.644318
HS_HexA14_HexN13_Ac13_S21_pNP	14	13	27	13	21	C194H286N14O215S21	6922.601133
HS_HexA14_HexN13_Ac13_S22_pNP	14	13	27	13	22	C194H286N14O218S22	7002.557948
HS_HexA14_HexN13_Ac13_S23_pNP	14	13	27	13	23	C194H286N14O221S23	7082.514763
HS_HexA14_HexN13_Ac13_S24_pNP	14	13	27	13	24	C194H286N14O224S24	7162.471578
HS_HexA14_HexN13_Ac13_S25_pNP	14	13	27	13	25	C194H286N14O227S25	7242.428393
HS_HexA14_HexN13_Ac13_S26_pNP	14	13	27	13	26	C194H286N14O230S26	7322.385208
HS_HexA14_HexN13_Ac13_S27_pNP	14	13	27	13	27	C194H286N14O233S27	7402.342023
HS_HexA14_HexN13_Ac13_S28_pNP	14	13	27	13	28	C194H286N14O236S28	7482.298838
HS_HexA14_HexN13_Ac13_S29_pNP	14	13	27	13	29	C194H286N14O239S29	7562.255653
HS_HexA14_HexN13_Ac13_S30_pNP	14	13	27	13	30	C194H286N14O242S30	7642.212468
HS_HexA14_HexN13_Ac13_S31_pNP	14	13	27	13	31	C194H286N14O245S31	7722.169283
HS_HexA14_HexN13_Ac13_S32_pNP	14	13	27	13	32	C194H286N14O248S32	7802.126099
HS_HexA14_HexN13_Ac13_S33_pNP	14	13	27	13	33	C194H286N14O251S33	7882.082914
HS_HexA14_HexN13_Ac13_S34_pNP	14	13	27	13	34	C194H286N14O254S34	7962.039729
HS_HexA14_HexN13_Ac13_S35_pNP	14	13	27	13	35	C194H286N14O257S35	8041.996544
HS_HexA14_HexN13_Ac13_S36_pNP	14	13	27	13	36	C194H286N14O260S36	8121.953359
HS_HexA14_HexN13_Ac13_S37_pNP	14	13	27	13	37	C194H286N14O263S37	8201.910174
HS_HexA14_HexN13_Ac13_S38_pNP	14	13	27	13	38	C194H286N14O266S38	8281.866989
HS_HexA14_HexN13_Ac13_S39_pNP	14	13	27	13	39	C194H286N14O269S39	8361.823804
HS_HexA14_HexN14_Ac0_S0_pNP	14	14	28	0	0	C174H271N15O143	4858.439484
HS_HexA14_HexN14_Ac0_S1_pNP	14	14	28	0	1	C174H271N15O146S	4938.396299
HS_HexA14_HexN14_Ac0_S2_pNP	14	14	28	0	2	C174H271N15O149S2	5018.353114
HS_HexA14_HexN14_Ac0_S3_pNP	14	14	28	0	3	C174H271N15O152S3	5098.309929
HS_HexA14_HexN14_Ac0_S4_pNP	14	14	28	0	4	C174H271N15O155S4	5178.266745
HS_HexA14_HexN14_Ac0_S5_pNP	14	14	28	0	5	C174H271N15O158S5	5258.223560
HS_HexA14_HexN14_Ac0_S6_pNP	14	14	28	0	6	C174H271N15O161S6	5338.180375
HS_HexA14_HexN14_Ac0_S7_pNP	14	14	28	0	7	C174H271N15O164S7	5418.137190
HS_HexA14_HexN14_Ac0_S8_pNP	14	14	28	0	8	C174H271N15O167S8	5498.094005
HS_HexA14_HexN14_Ac0_S9_pNP	14	14	28	0	9	C174H271N15O170S9	5578.050820
HS_HexA14_HexN14_Ac0_S10_pNP	14	14	28	0	10	C174H271N15O173S10	5658.007635
HS_HexA14_HexN14_Ac0_S11_pNP	14	14	28	0	11	C174H271N15O176S11	5737.964450
HS_HexA14_HexN14_Ac0_S12_pNP	14	14	28	0	12	C174H271N15O179S12	5817.921265
HS_HexA14_HexN14_Ac0_S13_pNP	14	14	28	0	13	C174H271N15O182S13	5897.878080
HS_HexA14_HexN14_Ac0_S14_pNP	14	14	28	0	14	C174H271N15O185S14	5977.834895
HS_HexA14_HexN14_Ac0_S15_pNP	14	14	28	0	15	C174H271N15O188S15	6057.791710
HS_HexA14_HexN14_Ac0_S16_pNP	14	14	28	0	16	C174H271N15O191S16	6137.748525
HS_HexA14_HexN14_Ac0_S17_pNP	14	14	28	0	17	C174H271N15O194S17	6217.705340
HS_HexA14_HexN14_Ac0_S18_pNP	14	14	28	0	18	C174H271N15O197S18	6297.662155
HS_HexA14_HexN14_Ac0_S19_pNP	14	14	28	0	19	C174H271N15O200S19	6377.618970
HS_HexA14_HexN14_Ac0_S20_pNP	14	14	28	0	20	C174H271N15O203S20	6457.575785
HS_HexA14_HexN14_Ac0_S21_pNP	14	14	28	0	21	C174H271N15O206S21	6537.532600
HS_HexA14_HexN14_Ac0_S22_pNP	14	14	28	0	22	C174H271N15O209S22	6617.489415
HS_HexA14_HexN14_Ac0_S23_pNP	14	14	28	0	23	C174H271N15O212S23	6697.446230
HS_HexA14_HexN14_Ac0_S24_pNP	14	14	28	0	24	C174H271N15O215S24	6777.403045
HS_HexA14_HexN14_Ac0_S25_pNP	14	14	28	0	25	C174H271N15O218S25	6857.359860
HS_HexA14_HexN14_Ac0_S26_pNP	14	14	28	0	26	C174H271N15O221S26	6937.316675
HS_HexA14_HexN14_Ac0_S27_pNP	14	14	28	0	27	C174H271N15O224S27	7017.273490
HS_HexA14_HexN14_Ac0_S28_pNP	14	14	28	0	28	C174H271N15O227S28	7097.230305
HS_HexA14_HexN14_Ac0_S29_pNP	14	14	28	0	29	C174H271N15O230S29	7177.187120
HS_HexA14_HexN14_Ac0_S30_pNP	14	14	28	0	30	C174H271N15O233S30	7257.143935
HS_HexA14_HexN14_Ac0_S31_pNP	14	14	28	0	31	C174H271N15O236S31	7337.100750
HS_HexA14_HexN14_Ac0_S32_pNP	14	14	28	0	32	C174H271N15O239S32	7417.057565
HS_HexA14_HexN14_Ac0_S33_pNP	14	14	28	0	33	C174H271N15O242S33	7497.014380
HS_HexA14_HexN14_Ac0_S34_pNP	14	14	28	0	34	C174H271N15O245S34	7576.971196
HS_HexA14_HexN14_Ac0_S35_pNP	14	14	28	0	35	C174H271N15O248S35	7656.928011
HS_HexA14_HexN14_Ac0_S36_pNP	14	14	28	0	36	C174H271N15O251S36	7736.884826
HS_HexA14_HexN14_Ac0_S37_pNP	14	14	28	0	37	C174H271N15O254S37	7816.841641
HS_HexA14_HexN14_Ac0_S38_pNP	14	14	28	0	38	C174H271N15O257S38	7896.798456
HS_HexA14_HexN14_Ac0_S39_pNP	14	14	28	0	39	C174H271N15O260S39	7976.755271
HS_HexA14_HexN14_Ac0_S40_pNP	14	14	28	0	40	C174H271N15O263S40	8056.712086
HS_HexA14_HexN14_Ac0_S41_pNP	14	14	28	0	41	C174H271N15O266S41	8136.668901
HS_HexA14_HexN14_Ac0_S42_pNP	14	14	28	0	42	C174H271N15O269S42	8216.625716
HS_HexA14_HexN14_Ac1_S0_pNP	14	14	28	1	0	C176H273N15O144	4900.450049
HS_HexA14_HexN14_Ac1_S1_pNP	14	14	28	1	1	C176H273N15O147S	4980.406864
HS_HexA14_HexN14_Ac1_S2_pNP	14	14	28	1	2	C176H273N15O150S2	5060.363679
HS_HexA14_HexN14_Ac1_S3_pNP	14	14	28	1	3	C176H273N15O153S3	5140.320494
HS_HexA14_HexN14_Ac1_S4_pNP	14	14	28	1	4	C176H273N15O156S4	5220.277309
HS_HexA14_HexN14_Ac1_S5_pNP	14	14	28	1	5	C176H273N15O159S5	5300.234124
HS_HexA14_HexN14_Ac1_S6_pNP	14	14	28	1	6	C176H273N15O162S6	5380.190939
HS_HexA14_HexN14_Ac1_S7_pNP	14	14	28	1	7	C176H273N15O165S7	5460.147754
HS_HexA14_HexN14_Ac1_S8_pNP	14	14	28	1	8	C176H273N15O168S8	5540.104569
HS_HexA14_HexN14_Ac1_S9_pNP	14	14	28	1	9	C176H273N15O171S9	5620.061384
HS_HexA14_HexN14_Ac1_S10_pNP	14	14	28	1	10	C176H273N15O174S10	5700.018199
HS_HexA14_HexN14_Ac1_S11_pNP	14	14	28	1	11	C176H273N15O177S11	5779.975014
HS_HexA14_HexN14_Ac1_S12_pNP	14	14	28	1	12	C176H273N15O180S12	5859.931829
HS_HexA14_HexN14_Ac1_S13_pNP	14	14	28	1	13	C176H273N15O183S13	5939.888645
HS_HexA14_HexN14_Ac1_S14_pNP	14	14	28	1	14	C176H273N15O186S14	6019.845460
HS_HexA14_HexN14_Ac1_S15_pNP	14	14	28	1	15	C176H273N15O189S15	6099.802275
HS_HexA14_HexN14_Ac1_S16_pNP	14	14	28	1	16	C176H273N15O192S16	6179.759090
HS_HexA14_HexN14_Ac1_S17_pNP	14	14	28	1	17	C176H273N15O195S17	6259.715905
HS_HexA14_HexN14_Ac1_S18_pNP	14	14	28	1	18	C176H273N15O198S18	6339.672720
HS_HexA14_HexN14_Ac1_S19_pNP	14	14	28	1	19	C176H273N15O201S19	6419.629535
HS_HexA14_HexN14_Ac1_S20_pNP	14	14	28	1	20	C176H273N15O204S20	6499.586350
HS_HexA14_HexN14_Ac1_S21_pNP	14	14	28	1	21	C176H273N15O207S21	6579.543165
HS_HexA14_HexN14_Ac1_S22_pNP	14	14	28	1	22	C176H273N15O210S22	6659.499980
HS_HexA14_HexN14_Ac1_S23_pNP	14	14	28	1	23	C176H273N15O213S23	6739.456795
HS_HexA14_HexN14_Ac1_S24_pNP	14	14	28	1	24	C176H273N15O216S24	6819.413610
HS_HexA14_HexN14_Ac1_S25_pNP	14	14	28	1	25	C176H273N15O219S25	6899.370425
HS_HexA14_HexN14_Ac1_S26_pNP	14	14	28	1	26	C176H273N15O222S26	6979.327240
HS_HexA14_HexN14_Ac1_S27_pNP	14	14	28	1	27	C176H273N15O225S27	7059.284055
HS_HexA14_HexN14_Ac1_S28_pNP	14	14	28	1	28	C176H273N15O228S28	7139.240870
HS_HexA14_HexN14_Ac1_S29_pNP	14	14	28	1	29	C176H273N15O231S29	7219.197685
HS_HexA14_HexN14_Ac1_S30_pNP	14	14	28	1	30	C176H273N15O234S30	7299.154500
HS_HexA14_HexN14_Ac1_S31_pNP	14	14	28	1	31	C176H273N15O237S31	7379.111315
HS_HexA14_HexN14_Ac1_S32_pNP	14	14	28	1	32	C176H273N15O240S32	7459.068130
HS_HexA14_HexN14_Ac1_S33_pNP	14	14	28	1	33	C176H273N15O243S33	7539.024945
HS_HexA14_HexN14_Ac1_S34_pNP	14	14	28	1	34	C176H273N15O246S34	7618.981760
HS_HexA14_HexN14_Ac1_S35_pNP	14	14	28	1	35	C176H273N15O249S35	7698.938575
HS_HexA14_HexN14_Ac1_S36_pNP	14	14	28	1	36	C176H273N15O252S36	7778.895390
HS_HexA14_HexN14_Ac1_S37_pNP	14	14	28	1	37	C176H273N15O255S37	7858.852205
HS_HexA14_HexN14_Ac1_S38_pNP	14	14	28	1	38	C176H273N15O258S38	7938.809020
HS_HexA14_HexN14_Ac1_S39_pNP	14	14	28	1	39	C176H273N15O261S39	8018.765835
HS_HexA14_HexN14_Ac1_S40_pNP	14	14	28	1	40	C176H273N15O264S40	8098.722650
HS_HexA14_HexN14_Ac1_S41_pNP	14	14	28	1	41	C176H273N15O267S41	8178.679465
HS_HexA14_HexN14_Ac1_S42_pNP	14	14	28	1	42	C176H273N15O270S42	8258.636280
HS_HexA14_HexN14_Ac2_S0_pNP	14	14	28	2	0	C178H275N15O145	4942.460614
HS_HexA14_HexN14_Ac2_S1_pNP	14	14	28	2	1	C178H275N15O148S	5022.417429
HS_HexA14_HexN14_Ac2_S2_pNP	14	14	28	2	2	C178H275N15O151S2	5102.374244
HS_HexA14_HexN14_Ac2_S3_pNP	14	14	28	2	3	C178H275N15O154S3	5182.331059
HS_HexA14_HexN14_Ac2_S4_pNP	14	14	28	2	4	C178H275N15O157S4	5262.287874
HS_HexA14_HexN14_Ac2_S5_pNP	14	14	28	2	5	C178H275N15O160S5	5342.244689
HS_HexA14_HexN14_Ac2_S6_pNP	14	14	28	2	6	C178H275N15O163S6	5422.201504
HS_HexA14_HexN14_Ac2_S7_pNP	14	14	28	2	7	C178H275N15O166S7	5502.158319
HS_HexA14_HexN14_Ac2_S8_pNP	14	14	28	2	8	C178H275N15O169S8	5582.115134
HS_HexA14_HexN14_Ac2_S9_pNP	14	14	28	2	9	C178H275N15O172S9	5662.071949
HS_HexA14_HexN14_Ac2_S10_pNP	14	14	28	2	10	C178H275N15O175S10	5742.028764
HS_HexA14_HexN14_Ac2_S11_pNP	14	14	28	2	11	C178H275N15O178S11	5821.985579
HS_HexA14_HexN14_Ac2_S12_pNP	14	14	28	2	12	C178H275N15O181S12	5901.942394
HS_HexA14_HexN14_Ac2_S13_pNP	14	14	28	2	13	C178H275N15O184S13	5981.899209
HS_HexA14_HexN14_Ac2_S14_pNP	14	14	28	2	14	C178H275N15O187S14	6061.856024
HS_HexA14_HexN14_Ac2_S15_pNP	14	14	28	2	15	C178H275N15O190S15	6141.812839
HS_HexA14_HexN14_Ac2_S16_pNP	14	14	28	2	16	C178H275N15O193S16	6221.769654
HS_HexA14_HexN14_Ac2_S17_pNP	14	14	28	2	17	C178H275N15O196S17	6301.726469
HS_HexA14_HexN14_Ac2_S18_pNP	14	14	28	2	18	C178H275N15O199S18	6381.683284
HS_HexA14_HexN14_Ac2_S19_pNP	14	14	28	2	19	C178H275N15O202S19	6461.640099
HS_HexA14_HexN14_Ac2_S20_pNP	14	14	28	2	20	C178H275N15O205S20	6541.596914
HS_HexA14_HexN14_Ac2_S21_pNP	14	14	28	2	21	C178H275N15O208S21	6621.553729
HS_HexA14_HexN14_Ac2_S22_pNP	14	14	28	2	22	C178H275N15O211S22	6701.510544
HS_HexA14_HexN14_Ac2_S23_pNP	14	14	28	2	23	C178H275N15O214S23	6781.467360
HS_HexA14_HexN14_Ac2_S24_pNP	14	14	28	2	24	C178H275N15O217S24	6861.424175
HS_HexA14_HexN14_Ac2_S25_pNP	14	14	28	2	25	C178H275N15O220S25	6941.380990
HS_HexA14_HexN14_Ac2_S26_pNP	14	14	28	2	26	C178H275N15O223S26	7021.337805
HS_HexA14_HexN14_Ac2_S27_pNP	14	14	28	2	27	C178H275N15O226S27	7101.294620
HS_HexA14_HexN14_Ac2_S28_pNP	14	14	28	2	28	C178H275N15O229S28	7181.251435
HS_HexA14_HexN14_Ac2_S29_pNP	14	14	28	2	29	C178H275N15O232S29	7261.208250
HS_HexA14_HexN14_Ac2_S30_pNP	14	14	28	2	30	C178H275N15O235S30	7341.165065
HS_HexA14_HexN14_Ac2_S31_pNP	14	14	28	2	31	C178H275N15O238S31	7421.121880
HS_HexA14_HexN14_Ac2_S32_pNP	14	14	28	2	32	C178H275N15O241S32	7501.078695
HS_HexA14_HexN14_Ac2_S33_pNP	14	14	28	2	33	C178H275N15O244S33	7581.035510
HS_HexA14_HexN14_Ac2_S34_pNP	14	14	28	2	34	C178H275N15O247S34	7660.992325
HS_HexA14_HexN14_Ac2_S35_pNP	14	14	28	2	35	C178H275N15O250S35	7740.949140
HS_HexA14_HexN14_Ac2_S36_pNP	14	14	28	2	36	C178H275N15O253S36	7820.905955
HS_HexA14_HexN14_Ac2_S37_pNP	14	14	28	2	37	C178H275N15O256S37	7900.862770
HS_HexA14_HexN14_Ac2_S38_pNP	14	14	28	2	38	C178H275N15O259S38	7980.819585
HS_HexA14_HexN14_Ac2_S39_pNP	14	14	28	2	39	C178H275N15O262S39	8060.776400
HS_HexA14_HexN14_Ac2_S40_pNP	14	14	28	2	40	C178H275N15O265S40	8140.733215
HS_HexA14_HexN14_Ac2_S41_pNP	14	14	28	2	41	C178H275N15O268S41	8220.690030
HS_HexA14_HexN14_Ac2_S42_pNP	14	14	28	2	42	C178H275N15O271S42	8300.646845
HS_HexA14_HexN14_Ac3_S0_pNP	14	14	28	3	0	C180H277N15O146	4984.471178
HS_HexA14_HexN14_Ac3_S1_pNP	14	14	28	3	1	C180H277N15O149S	5064.427993
HS_HexA14_HexN14_Ac3_S2_pNP	14	14	28	3	2	C180H277N15O152S2	5144.384809
HS_HexA14_HexN14_Ac3_S3_pNP	14	14	28	3	3	C180H277N15O155S3	5224.341624
HS_HexA14_HexN14_Ac3_S4_pNP	14	14	28	3	4	C180H277N15O158S4	5304.298439
HS_HexA14_HexN14_Ac3_S5_pNP	14	14	28	3	5	C180H277N15O161S5	5384.255254
HS_HexA14_HexN14_Ac3_S6_pNP	14	14	28	3	6	C180H277N15O164S6	5464.212069
HS_HexA14_HexN14_Ac3_S7_pNP	14	14	28	3	7	C180H277N15O167S7	5544.168884
HS_HexA14_HexN14_Ac3_S8_pNP	14	14	28	3	8	C180H277N15O170S8	5624.125699
HS_HexA14_HexN14_Ac3_S9_pNP	14	14	28	3	9	C180H277N15O173S9	5704.082514
HS_HexA14_HexN14_Ac3_S10_pNP	14	14	28	3	10	C180H277N15O176S10	5784.039329
HS_HexA14_HexN14_Ac3_S11_pNP	14	14	28	3	11	C180H277N15O179S11	5863.996144
HS_HexA14_HexN14_Ac3_S12_pNP	14	14	28	3	12	C180H277N15O182S12	5943.952959
HS_HexA14_HexN14_Ac3_S13_pNP	14	14	28	3	13	C180H277N15O185S13	6023.909774
HS_HexA14_HexN14_Ac3_S14_pNP	14	14	28	3	14	C180H277N15O188S14	6103.866589
HS_HexA14_HexN14_Ac3_S15_pNP	14	14	28	3	15	C180H277N15O191S15	6183.823404
HS_HexA14_HexN14_Ac3_S16_pNP	14	14	28	3	16	C180H277N15O194S16	6263.780219
HS_HexA14_HexN14_Ac3_S17_pNP	14	14	28	3	17	C180H277N15O197S17	6343.737034
HS_HexA14_HexN14_Ac3_S18_pNP	14	14	28	3	18	C180H277N15O200S18	6423.693849
HS_HexA14_HexN14_Ac3_S19_pNP	14	14	28	3	19	C180H277N15O203S19	6503.650664
HS_HexA14_HexN14_Ac3_S20_pNP	14	14	28	3	20	C180H277N15O206S20	6583.607479
HS_HexA14_HexN14_Ac3_S21_pNP	14	14	28	3	21	C180H277N15O209S21	6663.564294
HS_HexA14_HexN14_Ac3_S22_pNP	14	14	28	3	22	C180H277N15O212S22	6743.521109
HS_HexA14_HexN14_Ac3_S23_pNP	14	14	28	3	23	C180H277N15O215S23	6823.477924
HS_HexA14_HexN14_Ac3_S24_pNP	14	14	28	3	24	C180H277N15O218S24	6903.434739
HS_HexA14_HexN14_Ac3_S25_pNP	14	14	28	3	25	C180H277N15O221S25	6983.391554
HS_HexA14_HexN14_Ac3_S26_pNP	14	14	28	3	26	C180H277N15O224S26	7063.348369
HS_HexA14_HexN14_Ac3_S27_pNP	14	14	28	3	27	C180H277N15O227S27	7143.305184
HS_HexA14_HexN14_Ac3_S28_pNP	14	14	28	3	28	C180H277N15O230S28	7223.261999
HS_HexA14_HexN14_Ac3_S29_pNP	14	14	28	3	29	C180H277N15O233S29	7303.218814
HS_HexA14_HexN14_Ac3_S30_pNP	14	14	28	3	30	C180H277N15O236S30	7383.175629
HS_HexA14_HexN14_Ac3_S31_pNP	14	14	28	3	31	C180H277N15O239S31	7463.132444
HS_HexA14_HexN14_Ac3_S32_pNP	14	14	28	3	32	C180H277N15O242S32	7543.089260
HS_HexA14_HexN14_Ac3_S33_pNP	14	14	28	3	33	C180H277N15O245S33	7623.046075
HS_HexA14_HexN14_Ac3_S34_pNP	14	14	28	3	34	C180H277N15O248S34	7703.002890
HS_HexA14_HexN14_Ac3_S35_pNP	14	14	28	3	35	C180H277N15O251S35	7782.959705
HS_HexA14_HexN14_Ac3_S36_pNP	14	14	28	3	36	C180H277N15O254S36	7862.916520
HS_HexA14_HexN14_Ac3_S37_pNP	14	14	28	3	37	C180H277N15O257S37	7942.873335
HS_HexA14_HexN14_Ac3_S38_pNP	14	14	28	3	38	C180H277N15O260S38	8022.830150
HS_HexA14_HexN14_Ac3_S39_pNP	14	14	28	3	39	C180H277N15O263S39	8102.786965
HS_HexA14_HexN14_Ac3_S40_pNP	14	14	28	3	40	C180H277N15O266S40	8182.743780
HS_HexA14_HexN14_Ac3_S41_pNP	14	14	28	3	41	C180H277N15O269S41	8262.700595
HS_HexA14_HexN14_Ac3_S42_pNP	14	14	28	3	42	C180H277N15O272S42	8342.657410
HS_HexA14_HexN14_Ac4_S0_pNP	14	14	28	4	0	C182H279N15O147	5026.481743
HS_HexA14_HexN14_Ac4_S1_pNP	14	14	28	4	1	C182H279N15O150S	5106.438558
HS_HexA14_HexN14_Ac4_S2_pNP	14	14	28	4	2	C182H279N15O153S2	5186.395373
HS_HexA14_HexN14_Ac4_S3_pNP	14	14	28	4	3	C182H279N15O156S3	5266.352188
HS_HexA14_HexN14_Ac4_S4_pNP	14	14	28	4	4	C182H279N15O159S4	5346.309003
HS_HexA14_HexN14_Ac4_S5_pNP	14	14	28	4	5	C182H279N15O162S5	5426.265818
HS_HexA14_HexN14_Ac4_S6_pNP	14	14	28	4	6	C182H279N15O165S6	5506.222633
HS_HexA14_HexN14_Ac4_S7_pNP	14	14	28	4	7	C182H279N15O168S7	5586.179448
HS_HexA14_HexN14_Ac4_S8_pNP	14	14	28	4	8	C182H279N15O171S8	5666.136263
HS_HexA14_HexN14_Ac4_S9_pNP	14	14	28	4	9	C182H279N15O174S9	5746.093078
HS_HexA14_HexN14_Ac4_S10_pNP	14	14	28	4	10	C182H279N15O177S10	5826.049893
HS_HexA14_HexN14_Ac4_S11_pNP	14	14	28	4	11	C182H279N15O180S11	5906.006708
HS_HexA14_HexN14_Ac4_S12_pNP	14	14	28	4	12	C182H279N15O183S12	5985.963524
HS_HexA14_HexN14_Ac4_S13_pNP	14	14	28	4	13	C182H279N15O186S13	6065.920339
HS_HexA14_HexN14_Ac4_S14_pNP	14	14	28	4	14	C182H279N15O189S14	6145.877154
HS_HexA14_HexN14_Ac4_S15_pNP	14	14	28	4	15	C182H279N15O192S15	6225.833969
HS_HexA14_HexN14_Ac4_S16_pNP	14	14	28	4	16	C182H279N15O195S16	6305.790784
HS_HexA14_HexN14_Ac4_S17_pNP	14	14	28	4	17	C182H279N15O198S17	6385.747599
HS_HexA14_HexN14_Ac4_S18_pNP	14	14	28	4	18	C182H279N15O201S18	6465.704414
HS_HexA14_HexN14_Ac4_S19_pNP	14	14	28	4	19	C182H279N15O204S19	6545.661229
HS_HexA14_HexN14_Ac4_S20_pNP	14	14	28	4	20	C182H279N15O207S20	6625.618044
HS_HexA14_HexN14_Ac4_S21_pNP	14	14	28	4	21	C182H279N15O210S21	6705.574859
HS_HexA14_HexN14_Ac4_S22_pNP	14	14	28	4	22	C182H279N15O213S22	6785.531674
HS_HexA14_HexN14_Ac4_S23_pNP	14	14	28	4	23	C182H279N15O216S23	6865.488489
HS_HexA14_HexN14_Ac4_S24_pNP	14	14	28	4	24	C182H279N15O219S24	6945.445304
HS_HexA14_HexN14_Ac4_S25_pNP	14	14	28	4	25	C182H279N15O222S25	7025.402119
HS_HexA14_HexN14_Ac4_S26_pNP	14	14	28	4	26	C182H279N15O225S26	7105.358934
HS_HexA14_HexN14_Ac4_S27_pNP	14	14	28	4	27	C182H279N15O228S27	7185.315749
HS_HexA14_HexN14_Ac4_S28_pNP	14	14	28	4	28	C182H279N15O231S28	7265.272564
HS_HexA14_HexN14_Ac4_S29_pNP	14	14	28	4	29	C182H279N15O234S29	7345.229379
HS_HexA14_HexN14_Ac4_S30_pNP	14	14	28	4	30	C182H279N15O237S30	7425.186194
HS_HexA14_HexN14_Ac4_S31_pNP	14	14	28	4	31	C182H279N15O240S31	7505.143009
HS_HexA14_HexN14_Ac4_S32_pNP	14	14	28	4	32	C182H279N15O243S32	7585.099824
HS_HexA14_HexN14_Ac4_S33_pNP	14	14	28	4	33	C182H279N15O246S33	7665.056639
HS_HexA14_HexN14_Ac4_S34_pNP	14	14	28	4	34	C182H279N15O249S34	7745.013454
HS_HexA14_HexN14_Ac4_S35_pNP	14	14	28	4	35	C182H279N15O252S35	7824.970269
HS_HexA14_HexN14_Ac4_S36_pNP	14	14	28	4	36	C182H279N15O255S36	7904.927084
HS_HexA14_HexN14_Ac4_S37_pNP	14	14	28	4	37	C182H279N15O258S37	7984.883899
HS_HexA14_HexN14_Ac4_S38_pNP	14	14	28	4	38	C182H279N15O261S38	8064.840714
HS_HexA14_HexN14_Ac4_S39_pNP	14	14	28	4	39	C182H279N15O264S39	8144.797529
HS_HexA14_HexN14_Ac4_S40_pNP	14	14	28	4	40	C182H279N15O267S40	8224.754344
HS_HexA14_HexN14_Ac4_S41_pNP	14	14	28	4	41	C182H279N15O270S41	8304.711159
HS_HexA14_HexN14_Ac4_S42_pNP	14	14	28	4	42	C182H279N15O273S42	8384.667975
HS_HexA14_HexN14_Ac5_S0_pNP	14	14	28	5	0	C184H281N15O148	5068.492308
HS_HexA14_HexN14_Ac5_S1_pNP	14	14	28	5	1	C184H281N15O151S	5148.449123
HS_HexA14_HexN14_Ac5_S2_pNP	14	14	28	5	2	C184H281N15O154S2	5228.405938
HS_HexA14_HexN14_Ac5_S3_pNP	14	14	28	5	3	C184H281N15O157S3	5308.362753
HS_HexA14_HexN14_Ac5_S4_pNP	14	14	28	5	4	C184H281N15O160S4	5388.319568
HS_HexA14_HexN14_Ac5_S5_pNP	14	14	28	5	5	C184H281N15O163S5	5468.276383
HS_HexA14_HexN14_Ac5_S6_pNP	14	14	28	5	6	C184H281N15O166S6	5548.233198
HS_HexA14_HexN14_Ac5_S7_pNP	14	14	28	5	7	C184H281N15O169S7	5628.190013
HS_HexA14_HexN14_Ac5_S8_pNP	14	14	28	5	8	C184H281N15O172S8	5708.146828
HS_HexA14_HexN14_Ac5_S9_pNP	14	14	28	5	9	C184H281N15O175S9	5788.103643
HS_HexA14_HexN14_Ac5_S10_pNP	14	14	28	5	10	C184H281N15O178S10	5868.060458
HS_HexA14_HexN14_Ac5_S11_pNP	14	14	28	5	11	C184H281N15O181S11	5948.017273
HS_HexA14_HexN14_Ac5_S12_pNP	14	14	28	5	12	C184H281N15O184S12	6027.974088
HS_HexA14_HexN14_Ac5_S13_pNP	14	14	28	5	13	C184H281N15O187S13	6107.930903
HS_HexA14_HexN14_Ac5_S14_pNP	14	14	28	5	14	C184H281N15O190S14	6187.887718
HS_HexA14_HexN14_Ac5_S15_pNP	14	14	28	5	15	C184H281N15O193S15	6267.844533
HS_HexA14_HexN14_Ac5_S16_pNP	14	14	28	5	16	C184H281N15O196S16	6347.801348
HS_HexA14_HexN14_Ac5_S17_pNP	14	14	28	5	17	C184H281N15O199S17	6427.758163
HS_HexA14_HexN14_Ac5_S18_pNP	14	14	28	5	18	C184H281N15O202S18	6507.714978
HS_HexA14_HexN14_Ac5_S19_pNP	14	14	28	5	19	C184H281N15O205S19	6587.671793
HS_HexA14_HexN14_Ac5_S20_pNP	14	14	28	5	20	C184H281N15O208S20	6667.628608
HS_HexA14_HexN14_Ac5_S21_pNP	14	14	28	5	21	C184H281N15O211S21	6747.585424
HS_HexA14_HexN14_Ac5_S22_pNP	14	14	28	5	22	C184H281N15O214S22	6827.542239
HS_HexA14_HexN14_Ac5_S23_pNP	14	14	28	5	23	C184H281N15O217S23	6907.499054
HS_HexA14_HexN14_Ac5_S24_pNP	14	14	28	5	24	C184H281N15O220S24	6987.455869
HS_HexA14_HexN14_Ac5_S25_pNP	14	14	28	5	25	C184H281N15O223S25	7067.412684
HS_HexA14_HexN14_Ac5_S26_pNP	14	14	28	5	26	C184H281N15O226S26	7147.369499
HS_HexA14_HexN14_Ac5_S27_pNP	14	14	28	5	27	C184H281N15O229S27	7227.326314
HS_HexA14_HexN14_Ac5_S28_pNP	14	14	28	5	28	C184H281N15O232S28	7307.283129
HS_HexA14_HexN14_Ac5_S29_pNP	14	14	28	5	29	C184H281N15O235S29	7387.239944
HS_HexA14_HexN14_Ac5_S30_pNP	14	14	28	5	30	C184H281N15O238S30	7467.196759
HS_HexA14_HexN14_Ac5_S31_pNP	14	14	28	5	31	C184H281N15O241S31	7547.153574
HS_HexA14_HexN14_Ac5_S32_pNP	14	14	28	5	32	C184H281N15O244S32	7627.110389
HS_HexA14_HexN14_Ac5_S33_pNP	14	14	28	5	33	C184H281N15O247S33	7707.067204
HS_HexA14_HexN14_Ac5_S34_pNP	14	14	28	5	34	C184H281N15O250S34	7787.024019
HS_HexA14_HexN14_Ac5_S35_pNP	14	14	28	5	35	C184H281N15O253S35	7866.980834
HS_HexA14_HexN14_Ac5_S36_pNP	14	14	28	5	36	C184H281N15O256S36	7946.937649
HS_HexA14_HexN14_Ac5_S37_pNP	14	14	28	5	37	C184H281N15O259S37	8026.894464
HS_HexA14_HexN14_Ac5_S38_pNP	14	14	28	5	38	C184H281N15O262S38	8106.851279
HS_HexA14_HexN14_Ac5_S39_pNP	14	14	28	5	39	C184H281N15O265S39	8186.808094
HS_HexA14_HexN14_Ac5_S40_pNP	14	14	28	5	40	C184H281N15O268S40	8266.764909
HS_HexA14_HexN14_Ac5_S41_pNP	14	14	28	5	41	C184H281N15O271S41	8346.721724
HS_HexA14_HexN14_Ac5_S42_pNP	14	14	28	5	42	C184H281N15O274S42	8426.678539
HS_HexA14_HexN14_Ac6_S0_pNP	14	14	28	6	0	C186H283N15O149	5110.502873
HS_HexA14_HexN14_Ac6_S1_pNP	14	14	28	6	1	C186H283N15O152S	5190.459688
HS_HexA14_HexN14_Ac6_S2_pNP	14	14	28	6	2	C186H283N15O155S2	5270.416503
HS_HexA14_HexN14_Ac6_S3_pNP	14	14	28	6	3	C186H283N15O158S3	5350.373318
HS_HexA14_HexN14_Ac6_S4_pNP	14	14	28	6	4	C186H283N15O161S4	5430.330133
HS_HexA14_HexN14_Ac6_S5_pNP	14	14	28	6	5	C186H283N15O164S5	5510.286948
HS_HexA14_HexN14_Ac6_S6_pNP	14	14	28	6	6	C186H283N15O167S6	5590.243763
HS_HexA14_HexN14_Ac6_S7_pNP	14	14	28	6	7	C186H283N15O170S7	5670.200578
HS_HexA14_HexN14_Ac6_S8_pNP	14	14	28	6	8	C186H283N15O173S8	5750.157393
HS_HexA14_HexN14_Ac6_S9_pNP	14	14	28	6	9	C186H283N15O176S9	5830.114208
HS_HexA14_HexN14_Ac6_S10_pNP	14	14	28	6	10	C186H283N15O179S10	5910.071023
HS_HexA14_HexN14_Ac6_S11_pNP	14	14	28	6	11	C186H283N15O182S11	5990.027838
HS_HexA14_HexN14_Ac6_S12_pNP	14	14	28	6	12	C186H283N15O185S12	6069.984653
HS_HexA14_HexN14_Ac6_S13_pNP	14	14	28	6	13	C186H283N15O188S13	6149.941468
HS_HexA14_HexN14_Ac6_S14_pNP	14	14	28	6	14	C186H283N15O191S14	6229.898283
HS_HexA14_HexN14_Ac6_S15_pNP	14	14	28	6	15	C186H283N15O194S15	6309.855098
HS_HexA14_HexN14_Ac6_S16_pNP	14	14	28	6	16	C186H283N15O197S16	6389.811913
HS_HexA14_HexN14_Ac6_S17_pNP	14	14	28	6	17	C186H283N15O200S17	6469.768728
HS_HexA14_HexN14_Ac6_S18_pNP	14	14	28	6	18	C186H283N15O203S18	6549.725543
HS_HexA14_HexN14_Ac6_S19_pNP	14	14	28	6	19	C186H283N15O206S19	6629.682358
HS_HexA14_HexN14_Ac6_S20_pNP	14	14	28	6	20	C186H283N15O209S20	6709.639173
HS_HexA14_HexN14_Ac6_S21_pNP	14	14	28	6	21	C186H283N15O212S21	6789.595988
HS_HexA14_HexN14_Ac6_S22_pNP	14	14	28	6	22	C186H283N15O215S22	6869.552803
HS_HexA14_HexN14_Ac6_S23_pNP	14	14	28	6	23	C186H283N15O218S23	6949.509618
HS_HexA14_HexN14_Ac6_S24_pNP	14	14	28	6	24	C186H283N15O221S24	7029.466433
HS_HexA14_HexN14_Ac6_S25_pNP	14	14	28	6	25	C186H283N15O224S25	7109.423248
HS_HexA14_HexN14_Ac6_S26_pNP	14	14	28	6	26	C186H283N15O227S26	7189.380063
HS_HexA14_HexN14_Ac6_S27_pNP	14	14	28	6	27	C186H283N15O230S27	7269.336878
HS_HexA14_HexN14_Ac6_S28_pNP	14	14	28	6	28	C186H283N15O233S28	7349.293693
HS_HexA14_HexN14_Ac6_S29_pNP	14	14	28	6	29	C186H283N15O236S29	7429.250508
HS_HexA14_HexN14_Ac6_S30_pNP	14	14	28	6	30	C186H283N15O239S30	7509.207323
HS_HexA14_HexN14_Ac6_S31_pNP	14	14	28	6	31	C186H283N15O242S31	7589.164139
HS_HexA14_HexN14_Ac6_S32_pNP	14	14	28	6	32	C186H283N15O245S32	7669.120954
HS_HexA14_HexN14_Ac6_S33_pNP	14	14	28	6	33	C186H283N15O248S33	7749.077769
HS_HexA14_HexN14_Ac6_S34_pNP	14	14	28	6	34	C186H283N15O251S34	7829.034584
HS_HexA14_HexN14_Ac6_S35_pNP	14	14	28	6	35	C186H283N15O254S35	7908.991399
HS_HexA14_HexN14_Ac6_S36_pNP	14	14	28	6	36	C186H283N15O257S36	7988.948214
HS_HexA14_HexN14_Ac6_S37_pNP	14	14	28	6	37	C186H283N15O260S37	8068.905029
HS_HexA14_HexN14_Ac6_S38_pNP	14	14	28	6	38	C186H283N15O263S38	8148.861844
HS_HexA14_HexN14_Ac6_S39_pNP	14	14	28	6	39	C186H283N15O266S39	8228.818659
HS_HexA14_HexN14_Ac6_S40_pNP	14	14	28	6	40	C186H283N15O269S40	8308.775474
HS_HexA14_HexN14_Ac6_S41_pNP	14	14	28	6	41	C186H283N15O272S41	8388.732289
HS_HexA14_HexN14_Ac6_S42_pNP	14	14	28	6	42	C186H283N15O275S42	8468.689104
HS_HexA14_HexN14_Ac7_S0_pNP	14	14	28	7	0	C188H285N15O150	5152.513437
HS_HexA14_HexN14_Ac7_S1_pNP	14	14	28	7	1	C188H285N15O153S	5232.470252
HS_HexA14_HexN14_Ac7_S2_pNP	14	14	28	7	2	C188H285N15O156S2	5312.427067
HS_HexA14_HexN14_Ac7_S3_pNP	14	14	28	7	3	C188H285N15O159S3	5392.383882
HS_HexA14_HexN14_Ac7_S4_pNP	14	14	28	7	4	C188H285N15O162S4	5472.340697
HS_HexA14_HexN14_Ac7_S5_pNP	14	14	28	7	5	C188H285N15O165S5	5552.297512
HS_HexA14_HexN14_Ac7_S6_pNP	14	14	28	7	6	C188H285N15O168S6	5632.254327
HS_HexA14_HexN14_Ac7_S7_pNP	14	14	28	7	7	C188H285N15O171S7	5712.211142
HS_HexA14_HexN14_Ac7_S8_pNP	14	14	28	7	8	C188H285N15O174S8	5792.167957
HS_HexA14_HexN14_Ac7_S9_pNP	14	14	28	7	9	C188H285N15O177S9	5872.124772
HS_HexA14_HexN14_Ac7_S10_pNP	14	14	28	7	10	C188H285N15O180S10	5952.081588
HS_HexA14_HexN14_Ac7_S11_pNP	14	14	28	7	11	C188H285N15O183S11	6032.038403
HS_HexA14_HexN14_Ac7_S12_pNP	14	14	28	7	12	C188H285N15O186S12	6111.995218
HS_HexA14_HexN14_Ac7_S13_pNP	14	14	28	7	13	C188H285N15O189S13	6191.952033
HS_HexA14_HexN14_Ac7_S14_pNP	14	14	28	7	14	C188H285N15O192S14	6271.908848
HS_HexA14_HexN14_Ac7_S15_pNP	14	14	28	7	15	C188H285N15O195S15	6351.865663
HS_HexA14_HexN14_Ac7_S16_pNP	14	14	28	7	16	C188H285N15O198S16	6431.822478
HS_HexA14_HexN14_Ac7_S17_pNP	14	14	28	7	17	C188H285N15O201S17	6511.779293
HS_HexA14_HexN14_Ac7_S18_pNP	14	14	28	7	18	C188H285N15O204S18	6591.736108
HS_HexA14_HexN14_Ac7_S19_pNP	14	14	28	7	19	C188H285N15O207S19	6671.692923
HS_HexA14_HexN14_Ac7_S20_pNP	14	14	28	7	20	C188H285N15O210S20	6751.649738
HS_HexA14_HexN14_Ac7_S21_pNP	14	14	28	7	21	C188H285N15O213S21	6831.606553
HS_HexA14_HexN14_Ac7_S22_pNP	14	14	28	7	22	C188H285N15O216S22	6911.563368
HS_HexA14_HexN14_Ac7_S23_pNP	14	14	28	7	23	C188H285N15O219S23	6991.520183
HS_HexA14_HexN14_Ac7_S24_pNP	14	14	28	7	24	C188H285N15O222S24	7071.476998
HS_HexA14_HexN14_Ac7_S25_pNP	14	14	28	7	25	C188H285N15O225S25	7151.433813
HS_HexA14_HexN14_Ac7_S26_pNP	14	14	28	7	26	C188H285N15O228S26	7231.390628
HS_HexA14_HexN14_Ac7_S27_pNP	14	14	28	7	27	C188H285N15O231S27	7311.347443
HS_HexA14_HexN14_Ac7_S28_pNP	14	14	28	7	28	C188H285N15O234S28	7391.304258
HS_HexA14_HexN14_Ac7_S29_pNP	14	14	28	7	29	C188H285N15O237S29	7471.261073
HS_HexA14_HexN14_Ac7_S30_pNP	14	14	28	7	30	C188H285N15O240S30	7551.217888
HS_HexA14_HexN14_Ac7_S31_pNP	14	14	28	7	31	C188H285N15O243S31	7631.174703
HS_HexA14_HexN14_Ac7_S32_pNP	14	14	28	7	32	C188H285N15O246S32	7711.131518
HS_HexA14_HexN14_Ac7_S33_pNP	14	14	28	7	33	C188H285N15O249S33	7791.088333
HS_HexA14_HexN14_Ac7_S34_pNP	14	14	28	7	34	C188H285N15O252S34	7871.045148
HS_HexA14_HexN14_Ac7_S35_pNP	14	14	28	7	35	C188H285N15O255S35	7951.001963
HS_HexA14_HexN14_Ac7_S36_pNP	14	14	28	7	36	C188H285N15O258S36	8030.958778
HS_HexA14_HexN14_Ac7_S37_pNP	14	14	28	7	37	C188H285N15O261S37	8110.915593
HS_HexA14_HexN14_Ac7_S38_pNP	14	14	28	7	38	C188H285N15O264S38	8190.872408
HS_HexA14_HexN14_Ac7_S39_pNP	14	14	28	7	39	C188H285N15O267S39	8270.829223
HS_HexA14_HexN14_Ac7_S40_pNP	14	14	28	7	40	C188H285N15O270S40	8350.786039
HS_HexA14_HexN14_Ac7_S41_pNP	14	14	28	7	41	C188H285N15O273S41	8430.742854
HS_HexA14_HexN14_Ac7_S42_pNP	14	14	28	7	42	C188H285N15O276S42	8510.699669
HS_HexA14_HexN14_Ac8_S0_pNP	14	14	28	8	0	C190H287N15O151	5194.524002
HS_HexA14_HexN14_Ac8_S1_pNP	14	14	28	8	1	C190H287N15O154S	5274.480817
HS_HexA14_HexN14_Ac8_S2_pNP	14	14	28	8	2	C190H287N15O157S2	5354.437632
HS_HexA14_HexN14_Ac8_S3_pNP	14	14	28	8	3	C190H287N15O160S3	5434.394447
HS_HexA14_HexN14_Ac8_S4_pNP	14	14	28	8	4	C190H287N15O163S4	5514.351262
HS_HexA14_HexN14_Ac8_S5_pNP	14	14	28	8	5	C190H287N15O166S5	5594.308077
HS_HexA14_HexN14_Ac8_S6_pNP	14	14	28	8	6	C190H287N15O169S6	5674.264892
HS_HexA14_HexN14_Ac8_S7_pNP	14	14	28	8	7	C190H287N15O172S7	5754.221707
HS_HexA14_HexN14_Ac8_S8_pNP	14	14	28	8	8	C190H287N15O175S8	5834.178522
HS_HexA14_HexN14_Ac8_S9_pNP	14	14	28	8	9	C190H287N15O178S9	5914.135337
HS_HexA14_HexN14_Ac8_S10_pNP	14	14	28	8	10	C190H287N15O181S10	5994.092152
HS_HexA14_HexN14_Ac8_S11_pNP	14	14	28	8	11	C190H287N15O184S11	6074.048967
HS_HexA14_HexN14_Ac8_S12_pNP	14	14	28	8	12	C190H287N15O187S12	6154.005782
HS_HexA14_HexN14_Ac8_S13_pNP	14	14	28	8	13	C190H287N15O190S13	6233.962597
HS_HexA14_HexN14_Ac8_S14_pNP	14	14	28	8	14	C190H287N15O193S14	6313.919412
HS_HexA14_HexN14_Ac8_S15_pNP	14	14	28	8	15	C190H287N15O196S15	6393.876227
HS_HexA14_HexN14_Ac8_S16_pNP	14	14	28	8	16	C190H287N15O199S16	6473.833042
HS_HexA14_HexN14_Ac8_S17_pNP	14	14	28	8	17	C190H287N15O202S17	6553.789857
HS_HexA14_HexN14_Ac8_S18_pNP	14	14	28	8	18	C190H287N15O205S18	6633.746672
HS_HexA14_HexN14_Ac8_S19_pNP	14	14	28	8	19	C190H287N15O208S19	6713.703488
HS_HexA14_HexN14_Ac8_S20_pNP	14	14	28	8	20	C190H287N15O211S20	6793.660303
HS_HexA14_HexN14_Ac8_S21_pNP	14	14	28	8	21	C190H287N15O214S21	6873.617118
HS_HexA14_HexN14_Ac8_S22_pNP	14	14	28	8	22	C190H287N15O217S22	6953.573933
HS_HexA14_HexN14_Ac8_S23_pNP	14	14	28	8	23	C190H287N15O220S23	7033.530748
HS_HexA14_HexN14_Ac8_S24_pNP	14	14	28	8	24	C190H287N15O223S24	7113.487563
HS_HexA14_HexN14_Ac8_S25_pNP	14	14	28	8	25	C190H287N15O226S25	7193.444378
HS_HexA14_HexN14_Ac8_S26_pNP	14	14	28	8	26	C190H287N15O229S26	7273.401193
HS_HexA14_HexN14_Ac8_S27_pNP	14	14	28	8	27	C190H287N15O232S27	7353.358008
HS_HexA14_HexN14_Ac8_S28_pNP	14	14	28	8	28	C190H287N15O235S28	7433.314823
HS_HexA14_HexN14_Ac8_S29_pNP	14	14	28	8	29	C190H287N15O238S29	7513.271638
HS_HexA14_HexN14_Ac8_S30_pNP	14	14	28	8	30	C190H287N15O241S30	7593.228453
HS_HexA14_HexN14_Ac8_S31_pNP	14	14	28	8	31	C190H287N15O244S31	7673.185268
HS_HexA14_HexN14_Ac8_S32_pNP	14	14	28	8	32	C190H287N15O247S32	7753.142083
HS_HexA14_HexN14_Ac8_S33_pNP	14	14	28	8	33	C190H287N15O250S33	7833.098898
HS_HexA14_HexN14_Ac8_S34_pNP	14	14	28	8	34	C190H287N15O253S34	7913.055713
HS_HexA14_HexN14_Ac8_S35_pNP	14	14	28	8	35	C190H287N15O256S35	7993.012528
HS_HexA14_HexN14_Ac8_S36_pNP	14	14	28	8	36	C190H287N15O259S36	8072.969343
HS_HexA14_HexN14_Ac8_S37_pNP	14	14	28	8	37	C190H287N15O262S37	8152.926158
HS_HexA14_HexN14_Ac8_S38_pNP	14	14	28	8	38	C190H287N15O265S38	8232.882973
HS_HexA14_HexN14_Ac8_S39_pNP	14	14	28	8	39	C190H287N15O268S39	8312.839788
HS_HexA14_HexN14_Ac8_S40_pNP	14	14	28	8	40	C190H287N15O271S40	8392.796603
HS_HexA14_HexN14_Ac8_S41_pNP	14	14	28	8	41	C190H287N15O274S41	8472.753418
HS_HexA14_HexN14_Ac8_S42_pNP	14	14	28	8	42	C190H287N15O277S42	8552.710233
HS_HexA14_HexN14_Ac9_S0_pNP	14	14	28	9	0	C192H289N15O152	5236.534567
HS_HexA14_HexN14_Ac9_S1_pNP	14	14	28	9	1	C192H289N15O155S	5316.491382
HS_HexA14_HexN14_Ac9_S2_pNP	14	14	28	9	2	C192H289N15O158S2	5396.448197
HS_HexA14_HexN14_Ac9_S3_pNP	14	14	28	9	3	C192H289N15O161S3	5476.405012
HS_HexA14_HexN14_Ac9_S4_pNP	14	14	28	9	4	C192H289N15O164S4	5556.361827
HS_HexA14_HexN14_Ac9_S5_pNP	14	14	28	9	5	C192H289N15O167S5	5636.318642
HS_HexA14_HexN14_Ac9_S6_pNP	14	14	28	9	6	C192H289N15O170S6	5716.275457
HS_HexA14_HexN14_Ac9_S7_pNP	14	14	28	9	7	C192H289N15O173S7	5796.232272
HS_HexA14_HexN14_Ac9_S8_pNP	14	14	28	9	8	C192H289N15O176S8	5876.189087
HS_HexA14_HexN14_Ac9_S9_pNP	14	14	28	9	9	C192H289N15O179S9	5956.145902
HS_HexA14_HexN14_Ac9_S10_pNP	14	14	28	9	10	C192H289N15O182S10	6036.102717
HS_HexA14_HexN14_Ac9_S11_pNP	14	14	28	9	11	C192H289N15O185S11	6116.059532
HS_HexA14_HexN14_Ac9_S12_pNP	14	14	28	9	12	C192H289N15O188S12	6196.016347
HS_HexA14_HexN14_Ac9_S13_pNP	14	14	28	9	13	C192H289N15O191S13	6275.973162
HS_HexA14_HexN14_Ac9_S14_pNP	14	14	28	9	14	C192H289N15O194S14	6355.929977
HS_HexA14_HexN14_Ac9_S15_pNP	14	14	28	9	15	C192H289N15O197S15	6435.886792
HS_HexA14_HexN14_Ac9_S16_pNP	14	14	28	9	16	C192H289N15O200S16	6515.843607
HS_HexA14_HexN14_Ac9_S17_pNP	14	14	28	9	17	C192H289N15O203S17	6595.800422
HS_HexA14_HexN14_Ac9_S18_pNP	14	14	28	9	18	C192H289N15O206S18	6675.757237
HS_HexA14_HexN14_Ac9_S19_pNP	14	14	28	9	19	C192H289N15O209S19	6755.714052
HS_HexA14_HexN14_Ac9_S20_pNP	14	14	28	9	20	C192H289N15O212S20	6835.670867
HS_HexA14_HexN14_Ac9_S21_pNP	14	14	28	9	21	C192H289N15O215S21	6915.627682
HS_HexA14_HexN14_Ac9_S22_pNP	14	14	28	9	22	C192H289N15O218S22	6995.584497
HS_HexA14_HexN14_Ac9_S23_pNP	14	14	28	9	23	C192H289N15O221S23	7075.541312
HS_HexA14_HexN14_Ac9_S24_pNP	14	14	28	9	24	C192H289N15O224S24	7155.498127
HS_HexA14_HexN14_Ac9_S25_pNP	14	14	28	9	25	C192H289N15O227S25	7235.454942
HS_HexA14_HexN14_Ac9_S26_pNP	14	14	28	9	26	C192H289N15O230S26	7315.411757
HS_HexA14_HexN14_Ac9_S27_pNP	14	14	28	9	27	C192H289N15O233S27	7395.368572
HS_HexA14_HexN14_Ac9_S28_pNP	14	14	28	9	28	C192H289N15O236S28	7475.325387
HS_HexA14_HexN14_Ac9_S29_pNP	14	14	28	9	29	C192H289N15O239S29	7555.282203
HS_HexA14_HexN14_Ac9_S30_pNP	14	14	28	9	30	C192H289N15O242S30	7635.239018
HS_HexA14_HexN14_Ac9_S31_pNP	14	14	28	9	31	C192H289N15O245S31	7715.195833
HS_HexA14_HexN14_Ac9_S32_pNP	14	14	28	9	32	C192H289N15O248S32	7795.152648
HS_HexA14_HexN14_Ac9_S33_pNP	14	14	28	9	33	C192H289N15O251S33	7875.109463
HS_HexA14_HexN14_Ac9_S34_pNP	14	14	28	9	34	C192H289N15O254S34	7955.066278
HS_HexA14_HexN14_Ac9_S35_pNP	14	14	28	9	35	C192H289N15O257S35	8035.023093
HS_HexA14_HexN14_Ac9_S36_pNP	14	14	28	9	36	C192H289N15O260S36	8114.979908
HS_HexA14_HexN14_Ac9_S37_pNP	14	14	28	9	37	C192H289N15O263S37	8194.936723
HS_HexA14_HexN14_Ac9_S38_pNP	14	14	28	9	38	C192H289N15O266S38	8274.893538
HS_HexA14_HexN14_Ac9_S39_pNP	14	14	28	9	39	C192H289N15O269S39	8354.850353
HS_HexA14_HexN14_Ac9_S40_pNP	14	14	28	9	40	C192H289N15O272S40	8434.807168
HS_HexA14_HexN14_Ac9_S41_pNP	14	14	28	9	41	C192H289N15O275S41	8514.763983
HS_HexA14_HexN14_Ac9_S42_pNP	14	14	28	9	42	C192H289N15O278S42	8594.720798
HS_HexA14_HexN14_Ac10_S0_pNP	14	14	28	10	0	C194H291N15O153	5278.545131
HS_HexA14_HexN14_Ac10_S1_pNP	14	14	28	10	1	C194H291N15O156S	5358.501946
HS_HexA14_HexN14_Ac10_S2_pNP	14	14	28	10	2	C194H291N15O159S2	5438.458761
HS_HexA14_HexN14_Ac10_S3_pNP	14	14	28	10	3	C194H291N15O162S3	5518.415576
HS_HexA14_HexN14_Ac10_S4_pNP	14	14	28	10	4	C194H291N15O165S4	5598.372391
HS_HexA14_HexN14_Ac10_S5_pNP	14	14	28	10	5	C194H291N15O168S5	5678.329206
HS_HexA14_HexN14_Ac10_S6_pNP	14	14	28	10	6	C194H291N15O171S6	5758.286021
HS_HexA14_HexN14_Ac10_S7_pNP	14	14	28	10	7	C194H291N15O174S7	5838.242836
HS_HexA14_HexN14_Ac10_S8_pNP	14	14	28	10	8	C194H291N15O177S8	5918.199652
HS_HexA14_HexN14_Ac10_S9_pNP	14	14	28	10	9	C194H291N15O180S9	5998.156467
HS_HexA14_HexN14_Ac10_S10_pNP	14	14	28	10	10	C194H291N15O183S10	6078.113282
HS_HexA14_HexN14_Ac10_S11_pNP	14	14	28	10	11	C194H291N15O186S11	6158.070097
HS_HexA14_HexN14_Ac10_S12_pNP	14	14	28	10	12	C194H291N15O189S12	6238.026912
HS_HexA14_HexN14_Ac10_S13_pNP	14	14	28	10	13	C194H291N15O192S13	6317.983727
HS_HexA14_HexN14_Ac10_S14_pNP	14	14	28	10	14	C194H291N15O195S14	6397.940542
HS_HexA14_HexN14_Ac10_S15_pNP	14	14	28	10	15	C194H291N15O198S15	6477.897357
HS_HexA14_HexN14_Ac10_S16_pNP	14	14	28	10	16	C194H291N15O201S16	6557.854172
HS_HexA14_HexN14_Ac10_S17_pNP	14	14	28	10	17	C194H291N15O204S17	6637.810987
HS_HexA14_HexN14_Ac10_S18_pNP	14	14	28	10	18	C194H291N15O207S18	6717.767802
HS_HexA14_HexN14_Ac10_S19_pNP	14	14	28	10	19	C194H291N15O210S19	6797.724617
HS_HexA14_HexN14_Ac10_S20_pNP	14	14	28	10	20	C194H291N15O213S20	6877.681432
HS_HexA14_HexN14_Ac10_S21_pNP	14	14	28	10	21	C194H291N15O216S21	6957.638247
HS_HexA14_HexN14_Ac10_S22_pNP	14	14	28	10	22	C194H291N15O219S22	7037.595062
HS_HexA14_HexN14_Ac10_S23_pNP	14	14	28	10	23	C194H291N15O222S23	7117.551877
HS_HexA14_HexN14_Ac10_S24_pNP	14	14	28	10	24	C194H291N15O225S24	7197.508692
HS_HexA14_HexN14_Ac10_S25_pNP	14	14	28	10	25	C194H291N15O228S25	7277.465507
HS_HexA14_HexN14_Ac10_S26_pNP	14	14	28	10	26	C194H291N15O231S26	7357.422322
HS_HexA14_HexN14_Ac10_S27_pNP	14	14	28	10	27	C194H291N15O234S27	7437.379137
HS_HexA14_HexN14_Ac10_S28_pNP	14	14	28	10	28	C194H291N15O237S28	7517.335952
HS_HexA14_HexN14_Ac10_S29_pNP	14	14	28	10	29	C194H291N15O240S29	7597.292767
HS_HexA14_HexN14_Ac10_S30_pNP	14	14	28	10	30	C194H291N15O243S30	7677.249582
HS_HexA14_HexN14_Ac10_S31_pNP	14	14	28	10	31	C194H291N15O246S31	7757.206397
HS_HexA14_HexN14_Ac10_S32_pNP	14	14	28	10	32	C194H291N15O249S32	7837.163212
HS_HexA14_HexN14_Ac10_S33_pNP	14	14	28	10	33	C194H291N15O252S33	7917.120027
HS_HexA14_HexN14_Ac10_S34_pNP	14	14	28	10	34	C194H291N15O255S34	7997.076842
HS_HexA14_HexN14_Ac10_S35_pNP	14	14	28	10	35	C194H291N15O258S35	8077.033657
HS_HexA14_HexN14_Ac10_S36_pNP	14	14	28	10	36	C194H291N15O261S36	8156.990472
HS_HexA14_HexN14_Ac10_S37_pNP	14	14	28	10	37	C194H291N15O264S37	8236.947287
HS_HexA14_HexN14_Ac10_S38_pNP	14	14	28	10	38	C194H291N15O267S38	8316.904102
HS_HexA14_HexN14_Ac10_S39_pNP	14	14	28	10	39	C194H291N15O270S39	8396.860918
HS_HexA14_HexN14_Ac10_S40_pNP	14	14	28	10	40	C194H291N15O273S40	8476.817733
HS_HexA14_HexN14_Ac10_S41_pNP	14	14	28	10	41	C194H291N15O276S41	8556.774548
HS_HexA14_HexN14_Ac10_S42_pNP	14	14	28	10	42	C194H291N15O279S42	8636.731363
HS_HexA14_HexN14_Ac11_S0_pNP	14	14	28	11	0	C196H293N15O154	5320.555696
HS_HexA14_HexN14_Ac11_S1_pNP	14	14	28	11	1	C196H293N15O157S	5400.512511
HS_HexA14_HexN14_Ac11_S2_pNP	14	14	28	11	2	C196H293N15O160S2	5480.469326
HS_HexA14_HexN14_Ac11_S3_pNP	14	14	28	11	3	C196H293N15O163S3	5560.426141
HS_HexA14_HexN14_Ac11_S4_pNP	14	14	28	11	4	C196H293N15O166S4	5640.382956
HS_HexA14_HexN14_Ac11_S5_pNP	14	14	28	11	5	C196H293N15O169S5	5720.339771
HS_HexA14_HexN14_Ac11_S6_pNP	14	14	28	11	6	C196H293N15O172S6	5800.296586
HS_HexA14_HexN14_Ac11_S7_pNP	14	14	28	11	7	C196H293N15O175S7	5880.253401
HS_HexA14_HexN14_Ac11_S8_pNP	14	14	28	11	8	C196H293N15O178S8	5960.210216
HS_HexA14_HexN14_Ac11_S9_pNP	14	14	28	11	9	C196H293N15O181S9	6040.167031
HS_HexA14_HexN14_Ac11_S10_pNP	14	14	28	11	10	C196H293N15O184S10	6120.123846
HS_HexA14_HexN14_Ac11_S11_pNP	14	14	28	11	11	C196H293N15O187S11	6200.080661
HS_HexA14_HexN14_Ac11_S12_pNP	14	14	28	11	12	C196H293N15O190S12	6280.037476
HS_HexA14_HexN14_Ac11_S13_pNP	14	14	28	11	13	C196H293N15O193S13	6359.994291
HS_HexA14_HexN14_Ac11_S14_pNP	14	14	28	11	14	C196H293N15O196S14	6439.951106
HS_HexA14_HexN14_Ac11_S15_pNP	14	14	28	11	15	C196H293N15O199S15	6519.907921
HS_HexA14_HexN14_Ac11_S16_pNP	14	14	28	11	16	C196H293N15O202S16	6599.864736
HS_HexA14_HexN14_Ac11_S17_pNP	14	14	28	11	17	C196H293N15O205S17	6679.821551
HS_HexA14_HexN14_Ac11_S18_pNP	14	14	28	11	18	C196H293N15O208S18	6759.778367
HS_HexA14_HexN14_Ac11_S19_pNP	14	14	28	11	19	C196H293N15O211S19	6839.735182
HS_HexA14_HexN14_Ac11_S20_pNP	14	14	28	11	20	C196H293N15O214S20	6919.691997
HS_HexA14_HexN14_Ac11_S21_pNP	14	14	28	11	21	C196H293N15O217S21	6999.648812
HS_HexA14_HexN14_Ac11_S22_pNP	14	14	28	11	22	C196H293N15O220S22	7079.605627
HS_HexA14_HexN14_Ac11_S23_pNP	14	14	28	11	23	C196H293N15O223S23	7159.562442
HS_HexA14_HexN14_Ac11_S24_pNP	14	14	28	11	24	C196H293N15O226S24	7239.519257
HS_HexA14_HexN14_Ac11_S25_pNP	14	14	28	11	25	C196H293N15O229S25	7319.476072
HS_HexA14_HexN14_Ac11_S26_pNP	14	14	28	11	26	C196H293N15O232S26	7399.432887
HS_HexA14_HexN14_Ac11_S27_pNP	14	14	28	11	27	C196H293N15O235S27	7479.389702
HS_HexA14_HexN14_Ac11_S28_pNP	14	14	28	11	28	C196H293N15O238S28	7559.346517
HS_HexA14_HexN14_Ac11_S29_pNP	14	14	28	11	29	C196H293N15O241S29	7639.303332
HS_HexA14_HexN14_Ac11_S30_pNP	14	14	28	11	30	C196H293N15O244S30	7719.260147
HS_HexA14_HexN14_Ac11_S31_pNP	14	14	28	11	31	C196H293N15O247S31	7799.216962
HS_HexA14_HexN14_Ac11_S32_pNP	14	14	28	11	32	C196H293N15O250S32	7879.173777
HS_HexA14_HexN14_Ac11_S33_pNP	14	14	28	11	33	C196H293N15O253S33	7959.130592
HS_HexA14_HexN14_Ac11_S34_pNP	14	14	28	11	34	C196H293N15O256S34	8039.087407
HS_HexA14_HexN14_Ac11_S35_pNP	14	14	28	11	35	C196H293N15O259S35	8119.044222
HS_HexA14_HexN14_Ac11_S36_pNP	14	14	28	11	36	C196H293N15O262S36	8199.001037
HS_HexA14_HexN14_Ac11_S37_pNP	14	14	28	11	37	C196H293N15O265S37	8278.957852
HS_HexA14_HexN14_Ac11_S38_pNP	14	14	28	11	38	C196H293N15O268S38	8358.914667
HS_HexA14_HexN14_Ac11_S39_pNP	14	14	28	11	39	C196H293N15O271S39	8438.871482
HS_HexA14_HexN14_Ac11_S40_pNP	14	14	28	11	40	C196H293N15O274S40	8518.828297
HS_HexA14_HexN14_Ac11_S41_pNP	14	14	28	11	41	C196H293N15O277S41	8598.785112
HS_HexA14_HexN14_Ac11_S42_pNP	14	14	28	11	42	C196H293N15O280S42	8678.741927
HS_HexA14_HexN14_Ac12_S0_pNP	14	14	28	12	0	C198H295N15O155	5362.566261
HS_HexA14_HexN14_Ac12_S1_pNP	14	14	28	12	1	C198H295N15O158S	5442.523076
HS_HexA14_HexN14_Ac12_S2_pNP	14	14	28	12	2	C198H295N15O161S2	5522.479891
HS_HexA14_HexN14_Ac12_S3_pNP	14	14	28	12	3	C198H295N15O164S3	5602.436706
HS_HexA14_HexN14_Ac12_S4_pNP	14	14	28	12	4	C198H295N15O167S4	5682.393521
HS_HexA14_HexN14_Ac12_S5_pNP	14	14	28	12	5	C198H295N15O170S5	5762.350336
HS_HexA14_HexN14_Ac12_S6_pNP	14	14	28	12	6	C198H295N15O173S6	5842.307151
HS_HexA14_HexN14_Ac12_S7_pNP	14	14	28	12	7	C198H295N15O176S7	5922.263966
HS_HexA14_HexN14_Ac12_S8_pNP	14	14	28	12	8	C198H295N15O179S8	6002.220781
HS_HexA14_HexN14_Ac12_S9_pNP	14	14	28	12	9	C198H295N15O182S9	6082.177596
HS_HexA14_HexN14_Ac12_S10_pNP	14	14	28	12	10	C198H295N15O185S10	6162.134411
HS_HexA14_HexN14_Ac12_S11_pNP	14	14	28	12	11	C198H295N15O188S11	6242.091226
HS_HexA14_HexN14_Ac12_S12_pNP	14	14	28	12	12	C198H295N15O191S12	6322.048041
HS_HexA14_HexN14_Ac12_S13_pNP	14	14	28	12	13	C198H295N15O194S13	6402.004856
HS_HexA14_HexN14_Ac12_S14_pNP	14	14	28	12	14	C198H295N15O197S14	6481.961671
HS_HexA14_HexN14_Ac12_S15_pNP	14	14	28	12	15	C198H295N15O200S15	6561.918486
HS_HexA14_HexN14_Ac12_S16_pNP	14	14	28	12	16	C198H295N15O203S16	6641.875301
HS_HexA14_HexN14_Ac12_S17_pNP	14	14	28	12	17	C198H295N15O206S17	6721.832116
HS_HexA14_HexN14_Ac12_S18_pNP	14	14	28	12	18	C198H295N15O209S18	6801.788931
HS_HexA14_HexN14_Ac12_S19_pNP	14	14	28	12	19	C198H295N15O212S19	6881.745746
HS_HexA14_HexN14_Ac12_S20_pNP	14	14	28	12	20	C198H295N15O215S20	6961.702561
HS_HexA14_HexN14_Ac12_S21_pNP	14	14	28	12	21	C198H295N15O218S21	7041.659376
HS_HexA14_HexN14_Ac12_S22_pNP	14	14	28	12	22	C198H295N15O221S22	7121.616191
HS_HexA14_HexN14_Ac12_S23_pNP	14	14	28	12	23	C198H295N15O224S23	7201.573006
HS_HexA14_HexN14_Ac12_S24_pNP	14	14	28	12	24	C198H295N15O227S24	7281.529821
HS_HexA14_HexN14_Ac12_S25_pNP	14	14	28	12	25	C198H295N15O230S25	7361.486636
HS_HexA14_HexN14_Ac12_S26_pNP	14	14	28	12	26	C198H295N15O233S26	7441.443451
HS_HexA14_HexN14_Ac12_S27_pNP	14	14	28	12	27	C198H295N15O236S27	7521.400267
HS_HexA14_HexN14_Ac12_S28_pNP	14	14	28	12	28	C198H295N15O239S28	7601.357082
HS_HexA14_HexN14_Ac12_S29_pNP	14	14	28	12	29	C198H295N15O242S29	7681.313897
HS_HexA14_HexN14_Ac12_S30_pNP	14	14	28	12	30	C198H295N15O245S30	7761.270712
HS_HexA14_HexN14_Ac12_S31_pNP	14	14	28	12	31	C198H295N15O248S31	7841.227527
HS_HexA14_HexN14_Ac12_S32_pNP	14	14	28	12	32	C198H295N15O251S32	7921.184342
HS_HexA14_HexN14_Ac12_S33_pNP	14	14	28	12	33	C198H295N15O254S33	8001.141157
HS_HexA14_HexN14_Ac12_S34_pNP	14	14	28	12	34	C198H295N15O257S34	8081.097972
HS_HexA14_HexN14_Ac12_S35_pNP	14	14	28	12	35	C198H295N15O260S35	8161.054787
HS_HexA14_HexN14_Ac12_S36_pNP	14	14	28	12	36	C198H295N15O263S36	8241.011602
HS_HexA14_HexN14_Ac12_S37_pNP	14	14	28	12	37	C198H295N15O266S37	8320.968417
HS_HexA14_HexN14_Ac12_S38_pNP	14	14	28	12	38	C198H295N15O269S38	8400.925232
HS_HexA14_HexN14_Ac12_S39_pNP	14	14	28	12	39	C198H295N15O272S39	8480.882047
HS_HexA14_HexN14_Ac12_S40_pNP	14	14	28	12	40	C198H295N15O275S40	8560.838862
HS_HexA14_HexN14_Ac12_S41_pNP	14	14	28	12	41	C198H295N15O278S41	8640.795677
HS_HexA14_HexN14_Ac12_S42_pNP	14	14	28	12	42	C198H295N15O281S42	8720.752492
HS_HexA14_HexN14_Ac13_S0_pNP	14	14	28	13	0	C200H297N15O156	5404.576825
HS_HexA14_HexN14_Ac13_S1_pNP	14	14	28	13	1	C200H297N15O159S	5484.533640
HS_HexA14_HexN14_Ac13_S2_pNP	14	14	28	13	2	C200H297N15O162S2	5564.490455
HS_HexA14_HexN14_Ac13_S3_pNP	14	14	28	13	3	C200H297N15O165S3	5644.447270
HS_HexA14_HexN14_Ac13_S4_pNP	14	14	28	13	4	C200H297N15O168S4	5724.404085
HS_HexA14_HexN14_Ac13_S5_pNP	14	14	28	13	5	C200H297N15O171S5	5804.360900
HS_HexA14_HexN14_Ac13_S6_pNP	14	14	28	13	6	C200H297N15O174S6	5884.317715
HS_HexA14_HexN14_Ac13_S7_pNP	14	14	28	13	7	C200H297N15O177S7	5964.274531
HS_HexA14_HexN14_Ac13_S8_pNP	14	14	28	13	8	C200H297N15O180S8	6044.231346
HS_HexA14_HexN14_Ac13_S9_pNP	14	14	28	13	9	C200H297N15O183S9	6124.188161
HS_HexA14_HexN14_Ac13_S10_pNP	14	14	28	13	10	C200H297N15O186S10	6204.144976
HS_HexA14_HexN14_Ac13_S11_pNP	14	14	28	13	11	C200H297N15O189S11	6284.101791
HS_HexA14_HexN14_Ac13_S12_pNP	14	14	28	13	12	C200H297N15O192S12	6364.058606
HS_HexA14_HexN14_Ac13_S13_pNP	14	14	28	13	13	C200H297N15O195S13	6444.015421
HS_HexA14_HexN14_Ac13_S14_pNP	14	14	28	13	14	C200H297N15O198S14	6523.972236
HS_HexA14_HexN14_Ac13_S15_pNP	14	14	28	13	15	C200H297N15O201S15	6603.929051
HS_HexA14_HexN14_Ac13_S16_pNP	14	14	28	13	16	C200H297N15O204S16	6683.885866
HS_HexA14_HexN14_Ac13_S17_pNP	14	14	28	13	17	C200H297N15O207S17	6763.842681
HS_HexA14_HexN14_Ac13_S18_pNP	14	14	28	13	18	C200H297N15O210S18	6843.799496
HS_HexA14_HexN14_Ac13_S19_pNP	14	14	28	13	19	C200H297N15O213S19	6923.756311
HS_HexA14_HexN14_Ac13_S20_pNP	14	14	28	13	20	C200H297N15O216S20	7003.713126
HS_HexA14_HexN14_Ac13_S21_pNP	14	14	28	13	21	C200H297N15O219S21	7083.669941
HS_HexA14_HexN14_Ac13_S22_pNP	14	14	28	13	22	C200H297N15O222S22	7163.626756
HS_HexA14_HexN14_Ac13_S23_pNP	14	14	28	13	23	C200H297N15O225S23	7243.583571
HS_HexA14_HexN14_Ac13_S24_pNP	14	14	28	13	24	C200H297N15O228S24	7323.540386
HS_HexA14_HexN14_Ac13_S25_pNP	14	14	28	13	25	C200H297N15O231S25	7403.497201
HS_HexA14_HexN14_Ac13_S26_pNP	14	14	28	13	26	C200H297N15O234S26	7483.454016
HS_HexA14_HexN14_Ac13_S27_pNP	14	14	28	13	27	C200H297N15O237S27	7563.410831
HS_HexA14_HexN14_Ac13_S28_pNP	14	14	28	13	28	C200H297N15O240S28	7643.367646
HS_HexA14_HexN14_Ac13_S29_pNP	14	14	28	13	29	C200H297N15O243S29	7723.324461
HS_HexA14_HexN14_Ac13_S30_pNP	14	14	28	13	30	C200H297N15O246S30	7803.281276
HS_HexA14_HexN14_Ac13_S31_pNP	14	14	28	13	31	C200H297N15O249S31	7883.238091
HS_HexA14_HexN14_Ac13_S32_pNP	14	14	28	13	32	C200H297N15O252S32	7963.194906
HS_HexA14_HexN14_Ac13_S33_pNP	14	14	28	13	33	C200H297N15O255S33	8043.151721
HS_HexA14_HexN14_Ac13_S34_pNP	14	14	28	13	34	C200H297N15O258S34	8123.108536
HS_HexA14_HexN14_Ac13_S35_pNP	14	14	28	13	35	C200H297N15O261S35	8203.065351
HS_HexA14_HexN14_Ac13_S36_pNP	14	14	28	13	36	C200H297N15O264S36	8283.022166
HS_HexA14_HexN14_Ac13_S37_pNP	14	14	28	13	37	C200H297N15O267S37	8362.978982
HS_HexA14_HexN14_Ac13_S38_pNP	14	14	28	13	38	C200H297N15O270S38	8442.935797
HS_HexA14_HexN14_Ac13_S39_pNP	14	14	28	13	39	C200H297N15O273S39	8522.892612
HS_HexA14_HexN14_Ac13_S40_pNP	14	14	28	13	40	C200H297N15O276S40	8602.849427
HS_HexA14_HexN14_Ac13_S41_pNP	14	14	28	13	41	C200H297N15O279S41	8682.806242
HS_HexA14_HexN14_Ac13_S42_pNP	14	14	28	13	42	C200H297N15O282S42	8762.763057
HS_HexA14_HexN14_Ac14_S0_pNP	14	14	28	14	0	C202H299N15O157	5446.587390
HS_HexA14_HexN14_Ac14_S1_pNP	14	14	28	14	1	C202H299N15O160S	5526.544205
HS_HexA14_HexN14_Ac14_S2_pNP	14	14	28	14	2	C202H299N15O163S2	5606.501020
HS_HexA14_HexN14_Ac14_S3_pNP	14	14	28	14	3	C202H299N15O166S3	5686.457835
HS_HexA14_HexN14_Ac14_S4_pNP	14	14	28	14	4	C202H299N15O169S4	5766.414650
HS_HexA14_HexN14_Ac14_S5_pNP	14	14	28	14	5	C202H299N15O172S5	5846.371465
HS_HexA14_HexN14_Ac14_S6_pNP	14	14	28	14	6	C202H299N15O175S6	5926.328280
HS_HexA14_HexN14_Ac14_S7_pNP	14	14	28	14	7	C202H299N15O178S7	6006.285095
HS_HexA14_HexN14_Ac14_S8_pNP	14	14	28	14	8	C202H299N15O181S8	6086.241910
HS_HexA14_HexN14_Ac14_S9_pNP	14	14	28	14	9	C202H299N15O184S9	6166.198725
HS_HexA14_HexN14_Ac14_S10_pNP	14	14	28	14	10	C202H299N15O187S10	6246.155540
HS_HexA14_HexN14_Ac14_S11_pNP	14	14	28	14	11	C202H299N15O190S11	6326.112355
HS_HexA14_HexN14_Ac14_S12_pNP	14	14	28	14	12	C202H299N15O193S12	6406.069170
HS_HexA14_HexN14_Ac14_S13_pNP	14	14	28	14	13	C202H299N15O196S13	6486.025985
HS_HexA14_HexN14_Ac14_S14_pNP	14	14	28	14	14	C202H299N15O199S14	6565.982800
HS_HexA14_HexN14_Ac14_S15_pNP	14	14	28	14	15	C202H299N15O202S15	6645.939615
HS_HexA14_HexN14_Ac14_S16_pNP	14	14	28	14	16	C202H299N15O205S16	6725.896431
HS_HexA14_HexN14_Ac14_S17_pNP	14	14	28	14	17	C202H299N15O208S17	6805.853246
HS_HexA14_HexN14_Ac14_S18_pNP	14	14	28	14	18	C202H299N15O211S18	6885.810061
HS_HexA14_HexN14_Ac14_S19_pNP	14	14	28	14	19	C202H299N15O214S19	6965.766876
HS_HexA14_HexN14_Ac14_S20_pNP	14	14	28	14	20	C202H299N15O217S20	7045.723691
HS_HexA14_HexN14_Ac14_S21_pNP	14	14	28	14	21	C202H299N15O220S21	7125.680506
HS_HexA14_HexN14_Ac14_S22_pNP	14	14	28	14	22	C202H299N15O223S22	7205.637321
HS_HexA14_HexN14_Ac14_S23_pNP	14	14	28	14	23	C202H299N15O226S23	7285.594136
HS_HexA14_HexN14_Ac14_S24_pNP	14	14	28	14	24	C202H299N15O229S24	7365.550951
HS_HexA14_HexN14_Ac14_S25_pNP	14	14	28	14	25	C202H299N15O232S25	7445.507766
HS_HexA14_HexN14_Ac14_S26_pNP	14	14	28	14	26	C202H299N15O235S26	7525.464581
HS_HexA14_HexN14_Ac14_S27_pNP	14	14	28	14	27	C202H299N15O238S27	7605.421396
HS_HexA14_HexN14_Ac14_S28_pNP	14	14	28	14	28	C202H299N15O241S28	7685.378211
HS_HexA14_HexN14_Ac14_S29_pNP	14	14	28	14	29	C202H299N15O244S29	7765.335026
HS_HexA14_HexN14_Ac14_S30_pNP	14	14	28	14	30	C202H299N15O247S30	7845.291841
HS_HexA14_HexN14_Ac14_S31_pNP	14	14	28	14	31	C202H299N15O250S31	7925.248656
HS_HexA14_HexN14_Ac14_S32_pNP	14	14	28	14	32	C202H299N15O253S32	8005.205471
HS_HexA14_HexN14_Ac14_S33_pNP	14	14	28	14	33	C202H299N15O256S33	8085.162286
HS_HexA14_HexN14_Ac14_S34_pNP	14	14	28	14	34	C202H299N15O259S34	8165.119101
HS_HexA14_HexN14_Ac14_S35_pNP	14	14	28	14	35	C202H299N15O262S35	8245.075916
HS_HexA14_HexN14_Ac14_S36_pNP	14	14	28	14	36	C202H299N15O265S36	8325.032731
HS_HexA14_HexN14_Ac14_S37_pNP	14	14	28	14	37	C202H299N15O268S37	8404.989546
HS_HexA14_HexN14_Ac14_S38_pNP	14	14	28	14	38	C202H299N15O271S38	8484.946361
HS_HexA14_HexN14_Ac14_S39_pNP	14	14	28	14	39	C202H299N15O274S39	8564.903176
HS_HexA14_HexN14_Ac14_S40_pNP	14	14	28	14	40	C202H299N15O277S40	8644.859991
HS_HexA14_HexN14_Ac14_S41_pNP	14	14	28	14	41	C202H299N15O280S41	8724.816806
HS_HexA14_HexN14_Ac14_S42_pNP	14	14	28	14	42	C202H299N15O283S42	8804.773621
HS_HexA15_HexN14_Ac0_S0_pNP	15	14	29	0	0	C180H279N15O149	5034.471572
HS_HexA15_HexN14_Ac0_S1_pNP	15	14	29	0	1	C180H279N15O152S	5114.428387
HS_HexA15_HexN14_Ac0_S2_pNP	15	14	29	0	2	C180H279N15O155S2	5194.385202
HS_HexA15_HexN14_Ac0_S3_pNP	15	14	29	0	3	C180H279N15O158S3	5274.342017
HS_HexA15_HexN14_Ac0_S4_pNP	15	14	29	0	4	C180H279N15O161S4	5354.298833
HS_HexA15_HexN14_Ac0_S5_pNP	15	14	29	0	5	C180H279N15O164S5	5434.255648
HS_HexA15_HexN14_Ac0_S6_pNP	15	14	29	0	6	C180H279N15O167S6	5514.212463
HS_HexA15_HexN14_Ac0_S7_pNP	15	14	29	0	7	C180H279N15O170S7	5594.169278
HS_HexA15_HexN14_Ac0_S8_pNP	15	14	29	0	8	C180H279N15O173S8	5674.126093
HS_HexA15_HexN14_Ac0_S9_pNP	15	14	29	0	9	C180H279N15O176S9	5754.082908
HS_HexA15_HexN14_Ac0_S10_pNP	15	14	29	0	10	C180H279N15O179S10	5834.039723
HS_HexA15_HexN14_Ac0_S11_pNP	15	14	29	0	11	C180H279N15O182S11	5913.996538
HS_HexA15_HexN14_Ac0_S12_pNP	15	14	29	0	12	C180H279N15O185S12	5993.953353
HS_HexA15_HexN14_Ac0_S13_pNP	15	14	29	0	13	C180H279N15O188S13	6073.910168
HS_HexA15_HexN14_Ac0_S14_pNP	15	14	29	0	14	C180H279N15O191S14	6153.866983
HS_HexA15_HexN14_Ac0_S15_pNP	15	14	29	0	15	C180H279N15O194S15	6233.823798
HS_HexA15_HexN14_Ac0_S16_pNP	15	14	29	0	16	C180H279N15O197S16	6313.780613
HS_HexA15_HexN14_Ac0_S17_pNP	15	14	29	0	17	C180H279N15O200S17	6393.737428
HS_HexA15_HexN14_Ac0_S18_pNP	15	14	29	0	18	C180H279N15O203S18	6473.694243
HS_HexA15_HexN14_Ac0_S19_pNP	15	14	29	0	19	C180H279N15O206S19	6553.651058
HS_HexA15_HexN14_Ac0_S20_pNP	15	14	29	0	20	C180H279N15O209S20	6633.607873
HS_HexA15_HexN14_Ac0_S21_pNP	15	14	29	0	21	C180H279N15O212S21	6713.564688
HS_HexA15_HexN14_Ac0_S22_pNP	15	14	29	0	22	C180H279N15O215S22	6793.521503
HS_HexA15_HexN14_Ac0_S23_pNP	15	14	29	0	23	C180H279N15O218S23	6873.478318
HS_HexA15_HexN14_Ac0_S24_pNP	15	14	29	0	24	C180H279N15O221S24	6953.435133
HS_HexA15_HexN14_Ac0_S25_pNP	15	14	29	0	25	C180H279N15O224S25	7033.391948
HS_HexA15_HexN14_Ac0_S26_pNP	15	14	29	0	26	C180H279N15O227S26	7113.348763
HS_HexA15_HexN14_Ac0_S27_pNP	15	14	29	0	27	C180H279N15O230S27	7193.305578
HS_HexA15_HexN14_Ac0_S28_pNP	15	14	29	0	28	C180H279N15O233S28	7273.262393
HS_HexA15_HexN14_Ac0_S29_pNP	15	14	29	0	29	C180H279N15O236S29	7353.219208
HS_HexA15_HexN14_Ac0_S30_pNP	15	14	29	0	30	C180H279N15O239S30	7433.176023
HS_HexA15_HexN14_Ac0_S31_pNP	15	14	29	0	31	C180H279N15O242S31	7513.132838
HS_HexA15_HexN14_Ac0_S32_pNP	15	14	29	0	32	C180H279N15O245S32	7593.089653
HS_HexA15_HexN14_Ac0_S33_pNP	15	14	29	0	33	C180H279N15O248S33	7673.046468
HS_HexA15_HexN14_Ac0_S34_pNP	15	14	29	0	34	C180H279N15O251S34	7753.003284
HS_HexA15_HexN14_Ac0_S35_pNP	15	14	29	0	35	C180H279N15O254S35	7832.960099
HS_HexA15_HexN14_Ac0_S36_pNP	15	14	29	0	36	C180H279N15O257S36	7912.916914
HS_HexA15_HexN14_Ac0_S37_pNP	15	14	29	0	37	C180H279N15O260S37	7992.873729
HS_HexA15_HexN14_Ac0_S38_pNP	15	14	29	0	38	C180H279N15O263S38	8072.830544
HS_HexA15_HexN14_Ac0_S39_pNP	15	14	29	0	39	C180H279N15O266S39	8152.787359
HS_HexA15_HexN14_Ac0_S40_pNP	15	14	29	0	40	C180H279N15O269S40	8232.744174
HS_HexA15_HexN14_Ac0_S41_pNP	15	14	29	0	41	C180H279N15O272S41	8312.700989
HS_HexA15_HexN14_Ac0_S42_pNP	15	14	29	0	42	C180H279N15O275S42	8392.657804
HS_HexA15_HexN14_Ac1_S0_pNP	15	14	29	1	0	C182H281N15O150	5076.482137
HS_HexA15_HexN14_Ac1_S1_pNP	15	14	29	1	1	C182H281N15O153S	5156.438952
HS_HexA15_HexN14_Ac1_S2_pNP	15	14	29	1	2	C182H281N15O156S2	5236.395767
HS_HexA15_HexN14_Ac1_S3_pNP	15	14	29	1	3	C182H281N15O159S3	5316.352582
HS_HexA15_HexN14_Ac1_S4_pNP	15	14	29	1	4	C182H281N15O162S4	5396.309397
HS_HexA15_HexN14_Ac1_S5_pNP	15	14	29	1	5	C182H281N15O165S5	5476.266212
HS_HexA15_HexN14_Ac1_S6_pNP	15	14	29	1	6	C182H281N15O168S6	5556.223027
HS_HexA15_HexN14_Ac1_S7_pNP	15	14	29	1	7	C182H281N15O171S7	5636.179842
HS_HexA15_HexN14_Ac1_S8_pNP	15	14	29	1	8	C182H281N15O174S8	5716.136657
HS_HexA15_HexN14_Ac1_S9_pNP	15	14	29	1	9	C182H281N15O177S9	5796.093472
HS_HexA15_HexN14_Ac1_S10_pNP	15	14	29	1	10	C182H281N15O180S10	5876.050287
HS_HexA15_HexN14_Ac1_S11_pNP	15	14	29	1	11	C182H281N15O183S11	5956.007102
HS_HexA15_HexN14_Ac1_S12_pNP	15	14	29	1	12	C182H281N15O186S12	6035.963917
HS_HexA15_HexN14_Ac1_S13_pNP	15	14	29	1	13	C182H281N15O189S13	6115.920732
HS_HexA15_HexN14_Ac1_S14_pNP	15	14	29	1	14	C182H281N15O192S14	6195.877548
HS_HexA15_HexN14_Ac1_S15_pNP	15	14	29	1	15	C182H281N15O195S15	6275.834363
HS_HexA15_HexN14_Ac1_S16_pNP	15	14	29	1	16	C182H281N15O198S16	6355.791178
HS_HexA15_HexN14_Ac1_S17_pNP	15	14	29	1	17	C182H281N15O201S17	6435.747993
HS_HexA15_HexN14_Ac1_S18_pNP	15	14	29	1	18	C182H281N15O204S18	6515.704808
HS_HexA15_HexN14_Ac1_S19_pNP	15	14	29	1	19	C182H281N15O207S19	6595.661623
HS_HexA15_HexN14_Ac1_S20_pNP	15	14	29	1	20	C182H281N15O210S20	6675.618438
HS_HexA15_HexN14_Ac1_S21_pNP	15	14	29	1	21	C182H281N15O213S21	6755.575253
HS_HexA15_HexN14_Ac1_S22_pNP	15	14	29	1	22	C182H281N15O216S22	6835.532068
HS_HexA15_HexN14_Ac1_S23_pNP	15	14	29	1	23	C182H281N15O219S23	6915.488883
HS_HexA15_HexN14_Ac1_S24_pNP	15	14	29	1	24	C182H281N15O222S24	6995.445698
HS_HexA15_HexN14_Ac1_S25_pNP	15	14	29	1	25	C182H281N15O225S25	7075.402513
HS_HexA15_HexN14_Ac1_S26_pNP	15	14	29	1	26	C182H281N15O228S26	7155.359328
HS_HexA15_HexN14_Ac1_S27_pNP	15	14	29	1	27	C182H281N15O231S27	7235.316143
HS_HexA15_HexN14_Ac1_S28_pNP	15	14	29	1	28	C182H281N15O234S28	7315.272958
HS_HexA15_HexN14_Ac1_S29_pNP	15	14	29	1	29	C182H281N15O237S29	7395.229773
HS_HexA15_HexN14_Ac1_S30_pNP	15	14	29	1	30	C182H281N15O240S30	7475.186588
HS_HexA15_HexN14_Ac1_S31_pNP	15	14	29	1	31	C182H281N15O243S31	7555.143403
HS_HexA15_HexN14_Ac1_S32_pNP	15	14	29	1	32	C182H281N15O246S32	7635.100218
HS_HexA15_HexN14_Ac1_S33_pNP	15	14	29	1	33	C182H281N15O249S33	7715.057033
HS_HexA15_HexN14_Ac1_S34_pNP	15	14	29	1	34	C182H281N15O252S34	7795.013848
HS_HexA15_HexN14_Ac1_S35_pNP	15	14	29	1	35	C182H281N15O255S35	7874.970663
HS_HexA15_HexN14_Ac1_S36_pNP	15	14	29	1	36	C182H281N15O258S36	7954.927478
HS_HexA15_HexN14_Ac1_S37_pNP	15	14	29	1	37	C182H281N15O261S37	8034.884293
HS_HexA15_HexN14_Ac1_S38_pNP	15	14	29	1	38	C182H281N15O264S38	8114.841108
HS_HexA15_HexN14_Ac1_S39_pNP	15	14	29	1	39	C182H281N15O267S39	8194.797923
HS_HexA15_HexN14_Ac1_S40_pNP	15	14	29	1	40	C182H281N15O270S40	8274.754738
HS_HexA15_HexN14_Ac1_S41_pNP	15	14	29	1	41	C182H281N15O273S41	8354.711553
HS_HexA15_HexN14_Ac1_S42_pNP	15	14	29	1	42	C182H281N15O276S42	8434.668368
HS_HexA15_HexN14_Ac2_S0_pNP	15	14	29	2	0	C184H283N15O151	5118.492702
HS_HexA15_HexN14_Ac2_S1_pNP	15	14	29	2	1	C184H283N15O154S	5198.449517
HS_HexA15_HexN14_Ac2_S2_pNP	15	14	29	2	2	C184H283N15O157S2	5278.406332
HS_HexA15_HexN14_Ac2_S3_pNP	15	14	29	2	3	C184H283N15O160S3	5358.363147
HS_HexA15_HexN14_Ac2_S4_pNP	15	14	29	2	4	C184H283N15O163S4	5438.319962
HS_HexA15_HexN14_Ac2_S5_pNP	15	14	29	2	5	C184H283N15O166S5	5518.276777
HS_HexA15_HexN14_Ac2_S6_pNP	15	14	29	2	6	C184H283N15O169S6	5598.233592
HS_HexA15_HexN14_Ac2_S7_pNP	15	14	29	2	7	C184H283N15O172S7	5678.190407
HS_HexA15_HexN14_Ac2_S8_pNP	15	14	29	2	8	C184H283N15O175S8	5758.147222
HS_HexA15_HexN14_Ac2_S9_pNP	15	14	29	2	9	C184H283N15O178S9	5838.104037
HS_HexA15_HexN14_Ac2_S10_pNP	15	14	29	2	10	C184H283N15O181S10	5918.060852
HS_HexA15_HexN14_Ac2_S11_pNP	15	14	29	2	11	C184H283N15O184S11	5998.017667
HS_HexA15_HexN14_Ac2_S12_pNP	15	14	29	2	12	C184H283N15O187S12	6077.974482
HS_HexA15_HexN14_Ac2_S13_pNP	15	14	29	2	13	C184H283N15O190S13	6157.931297
HS_HexA15_HexN14_Ac2_S14_pNP	15	14	29	2	14	C184H283N15O193S14	6237.888112
HS_HexA15_HexN14_Ac2_S15_pNP	15	14	29	2	15	C184H283N15O196S15	6317.844927
HS_HexA15_HexN14_Ac2_S16_pNP	15	14	29	2	16	C184H283N15O199S16	6397.801742
HS_HexA15_HexN14_Ac2_S17_pNP	15	14	29	2	17	C184H283N15O202S17	6477.758557
HS_HexA15_HexN14_Ac2_S18_pNP	15	14	29	2	18	C184H283N15O205S18	6557.715372
HS_HexA15_HexN14_Ac2_S19_pNP	15	14	29	2	19	C184H283N15O208S19	6637.672187
HS_HexA15_HexN14_Ac2_S20_pNP	15	14	29	2	20	C184H283N15O211S20	6717.629002
HS_HexA15_HexN14_Ac2_S21_pNP	15	14	29	2	21	C184H283N15O214S21	6797.585817
HS_HexA15_HexN14_Ac2_S22_pNP	15	14	29	2	22	C184H283N15O217S22	6877.542632
HS_HexA15_HexN14_Ac2_S23_pNP	15	14	29	2	23	C184H283N15O220S23	6957.499448
HS_HexA15_HexN14_Ac2_S24_pNP	15	14	29	2	24	C184H283N15O223S24	7037.456263
HS_HexA15_HexN14_Ac2_S25_pNP	15	14	29	2	25	C184H283N15O226S25	7117.413078
HS_HexA15_HexN14_Ac2_S26_pNP	15	14	29	2	26	C184H283N15O229S26	7197.369893
HS_HexA15_HexN14_Ac2_S27_pNP	15	14	29	2	27	C184H283N15O232S27	7277.326708
HS_HexA15_HexN14_Ac2_S28_pNP	15	14	29	2	28	C184H283N15O235S28	7357.283523
HS_HexA15_HexN14_Ac2_S29_pNP	15	14	29	2	29	C184H283N15O238S29	7437.240338
HS_HexA15_HexN14_Ac2_S30_pNP	15	14	29	2	30	C184H283N15O241S30	7517.197153
HS_HexA15_HexN14_Ac2_S31_pNP	15	14	29	2	31	C184H283N15O244S31	7597.153968
HS_HexA15_HexN14_Ac2_S32_pNP	15	14	29	2	32	C184H283N15O247S32	7677.110783
HS_HexA15_HexN14_Ac2_S33_pNP	15	14	29	2	33	C184H283N15O250S33	7757.067598
HS_HexA15_HexN14_Ac2_S34_pNP	15	14	29	2	34	C184H283N15O253S34	7837.024413
HS_HexA15_HexN14_Ac2_S35_pNP	15	14	29	2	35	C184H283N15O256S35	7916.981228
HS_HexA15_HexN14_Ac2_S36_pNP	15	14	29	2	36	C184H283N15O259S36	7996.938043
HS_HexA15_HexN14_Ac2_S37_pNP	15	14	29	2	37	C184H283N15O262S37	8076.894858
HS_HexA15_HexN14_Ac2_S38_pNP	15	14	29	2	38	C184H283N15O265S38	8156.851673
HS_HexA15_HexN14_Ac2_S39_pNP	15	14	29	2	39	C184H283N15O268S39	8236.808488
HS_HexA15_HexN14_Ac2_S40_pNP	15	14	29	2	40	C184H283N15O271S40	8316.765303
HS_HexA15_HexN14_Ac2_S41_pNP	15	14	29	2	41	C184H283N15O274S41	8396.722118
HS_HexA15_HexN14_Ac2_S42_pNP	15	14	29	2	42	C184H283N15O277S42	8476.678933
HS_HexA15_HexN14_Ac3_S0_pNP	15	14	29	3	0	C186H285N15O152	5160.503266
HS_HexA15_HexN14_Ac3_S1_pNP	15	14	29	3	1	C186H285N15O155S	5240.460081
HS_HexA15_HexN14_Ac3_S2_pNP	15	14	29	3	2	C186H285N15O158S2	5320.416896
HS_HexA15_HexN14_Ac3_S3_pNP	15	14	29	3	3	C186H285N15O161S3	5400.373712
HS_HexA15_HexN14_Ac3_S4_pNP	15	14	29	3	4	C186H285N15O164S4	5480.330527
HS_HexA15_HexN14_Ac3_S5_pNP	15	14	29	3	5	C186H285N15O167S5	5560.287342
HS_HexA15_HexN14_Ac3_S6_pNP	15	14	29	3	6	C186H285N15O170S6	5640.244157
HS_HexA15_HexN14_Ac3_S7_pNP	15	14	29	3	7	C186H285N15O173S7	5720.200972
HS_HexA15_HexN14_Ac3_S8_pNP	15	14	29	3	8	C186H285N15O176S8	5800.157787
HS_HexA15_HexN14_Ac3_S9_pNP	15	14	29	3	9	C186H285N15O179S9	5880.114602
HS_HexA15_HexN14_Ac3_S10_pNP	15	14	29	3	10	C186H285N15O182S10	5960.071417
HS_HexA15_HexN14_Ac3_S11_pNP	15	14	29	3	11	C186H285N15O185S11	6040.028232
HS_HexA15_HexN14_Ac3_S12_pNP	15	14	29	3	12	C186H285N15O188S12	6119.985047
HS_HexA15_HexN14_Ac3_S13_pNP	15	14	29	3	13	C186H285N15O191S13	6199.941862
HS_HexA15_HexN14_Ac3_S14_pNP	15	14	29	3	14	C186H285N15O194S14	6279.898677
HS_HexA15_HexN14_Ac3_S15_pNP	15	14	29	3	15	C186H285N15O197S15	6359.855492
HS_HexA15_HexN14_Ac3_S16_pNP	15	14	29	3	16	C186H285N15O200S16	6439.812307
HS_HexA15_HexN14_Ac3_S17_pNP	15	14	29	3	17	C186H285N15O203S17	6519.769122
HS_HexA15_HexN14_Ac3_S18_pNP	15	14	29	3	18	C186H285N15O206S18	6599.725937
HS_HexA15_HexN14_Ac3_S19_pNP	15	14	29	3	19	C186H285N15O209S19	6679.682752
HS_HexA15_HexN14_Ac3_S20_pNP	15	14	29	3	20	C186H285N15O212S20	6759.639567
HS_HexA15_HexN14_Ac3_S21_pNP	15	14	29	3	21	C186H285N15O215S21	6839.596382
HS_HexA15_HexN14_Ac3_S22_pNP	15	14	29	3	22	C186H285N15O218S22	6919.553197
HS_HexA15_HexN14_Ac3_S23_pNP	15	14	29	3	23	C186H285N15O221S23	6999.510012
HS_HexA15_HexN14_Ac3_S24_pNP	15	14	29	3	24	C186H285N15O224S24	7079.466827
HS_HexA15_HexN14_Ac3_S25_pNP	15	14	29	3	25	C186H285N15O227S25	7159.423642
HS_HexA15_HexN14_Ac3_S26_pNP	15	14	29	3	26	C186H285N15O230S26	7239.380457
HS_HexA15_HexN14_Ac3_S27_pNP	15	14	29	3	27	C186H285N15O233S27	7319.337272
HS_HexA15_HexN14_Ac3_S28_pNP	15	14	29	3	28	C186H285N15O236S28	7399.294087
HS_HexA15_HexN14_Ac3_S29_pNP	15	14	29	3	29	C186H285N15O239S29	7479.250902
HS_HexA15_HexN14_Ac3_S30_pNP	15	14	29	3	30	C186H285N15O242S30	7559.207717
HS_HexA15_HexN14_Ac3_S31_pNP	15	14	29	3	31	C186H285N15O245S31	7639.164532
HS_HexA15_HexN14_Ac3_S32_pNP	15	14	29	3	32	C186H285N15O248S32	7719.121347
HS_HexA15_HexN14_Ac3_S33_pNP	15	14	29	3	33	C186H285N15O251S33	7799.078163
HS_HexA15_HexN14_Ac3_S34_pNP	15	14	29	3	34	C186H285N15O254S34	7879.034978
HS_HexA15_HexN14_Ac3_S35_pNP	15	14	29	3	35	C186H285N15O257S35	7958.991793
HS_HexA15_HexN14_Ac3_S36_pNP	15	14	29	3	36	C186H285N15O260S36	8038.948608
HS_HexA15_HexN14_Ac3_S37_pNP	15	14	29	3	37	C186H285N15O263S37	8118.905423
HS_HexA15_HexN14_Ac3_S38_pNP	15	14	29	3	38	C186H285N15O266S38	8198.862238
HS_HexA15_HexN14_Ac3_S39_pNP	15	14	29	3	39	C186H285N15O269S39	8278.819053
HS_HexA15_HexN14_Ac3_S40_pNP	15	14	29	3	40	C186H285N15O272S40	8358.775868
HS_HexA15_HexN14_Ac3_S41_pNP	15	14	29	3	41	C186H285N15O275S41	8438.732683
HS_HexA15_HexN14_Ac3_S42_pNP	15	14	29	3	42	C186H285N15O278S42	8518.689498
HS_HexA15_HexN14_Ac4_S0_pNP	15	14	29	4	0	C188H287N15O153	5202.513831
HS_HexA15_HexN14_Ac4_S1_pNP	15	14	29	4	1	C188H287N15O156S	5282.470646
HS_HexA15_HexN14_Ac4_S2_pNP	15	14	29	4	2	C188H287N15O159S2	5362.427461
HS_HexA15_HexN14_Ac4_S3_pNP	15	14	29	4	3	C188H287N15O162S3	5442.384276
HS_HexA15_HexN14_Ac4_S4_pNP	15	14	29	4	4	C188H287N15O165S4	5522.341091
HS_HexA15_HexN14_Ac4_S5_pNP	15	14	29	4	5	C188H287N15O168S5	5602.297906
HS_HexA15_HexN14_Ac4_S6_pNP	15	14	29	4	6	C188H287N15O171S6	5682.254721
HS_HexA15_HexN14_Ac4_S7_pNP	15	14	29	4	7	C188H287N15O174S7	5762.211536
HS_HexA15_HexN14_Ac4_S8_pNP	15	14	29	4	8	C188H287N15O177S8	5842.168351
HS_HexA15_HexN14_Ac4_S9_pNP	15	14	29	4	9	C188H287N15O180S9	5922.125166
HS_HexA15_HexN14_Ac4_S10_pNP	15	14	29	4	10	C188H287N15O183S10	6002.081981
HS_HexA15_HexN14_Ac4_S11_pNP	15	14	29	4	11	C188H287N15O186S11	6082.038796
HS_HexA15_HexN14_Ac4_S12_pNP	15	14	29	4	12	C188H287N15O189S12	6161.995612
HS_HexA15_HexN14_Ac4_S13_pNP	15	14	29	4	13	C188H287N15O192S13	6241.952427
HS_HexA15_HexN14_Ac4_S14_pNP	15	14	29	4	14	C188H287N15O195S14	6321.909242
HS_HexA15_HexN14_Ac4_S15_pNP	15	14	29	4	15	C188H287N15O198S15	6401.866057
HS_HexA15_HexN14_Ac4_S16_pNP	15	14	29	4	16	C188H287N15O201S16	6481.822872
HS_HexA15_HexN14_Ac4_S17_pNP	15	14	29	4	17	C188H287N15O204S17	6561.779687
HS_HexA15_HexN14_Ac4_S18_pNP	15	14	29	4	18	C188H287N15O207S18	6641.736502
HS_HexA15_HexN14_Ac4_S19_pNP	15	14	29	4	19	C188H287N15O210S19	6721.693317
HS_HexA15_HexN14_Ac4_S20_pNP	15	14	29	4	20	C188H287N15O213S20	6801.650132
HS_HexA15_HexN14_Ac4_S21_pNP	15	14	29	4	21	C188H287N15O216S21	6881.606947
HS_HexA15_HexN14_Ac4_S22_pNP	15	14	29	4	22	C188H287N15O219S22	6961.563762
HS_HexA15_HexN14_Ac4_S23_pNP	15	14	29	4	23	C188H287N15O222S23	7041.520577
HS_HexA15_HexN14_Ac4_S24_pNP	15	14	29	4	24	C188H287N15O225S24	7121.477392
HS_HexA15_HexN14_Ac4_S25_pNP	15	14	29	4	25	C188H287N15O228S25	7201.434207
HS_HexA15_HexN14_Ac4_S26_pNP	15	14	29	4	26	C188H287N15O231S26	7281.391022
HS_HexA15_HexN14_Ac4_S27_pNP	15	14	29	4	27	C188H287N15O234S27	7361.347837
HS_HexA15_HexN14_Ac4_S28_pNP	15	14	29	4	28	C188H287N15O237S28	7441.304652
HS_HexA15_HexN14_Ac4_S29_pNP	15	14	29	4	29	C188H287N15O240S29	7521.261467
HS_HexA15_HexN14_Ac4_S30_pNP	15	14	29	4	30	C188H287N15O243S30	7601.218282
HS_HexA15_HexN14_Ac4_S31_pNP	15	14	29	4	31	C188H287N15O246S31	7681.175097
HS_HexA15_HexN14_Ac4_S32_pNP	15	14	29	4	32	C188H287N15O249S32	7761.131912
HS_HexA15_HexN14_Ac4_S33_pNP	15	14	29	4	33	C188H287N15O252S33	7841.088727
HS_HexA15_HexN14_Ac4_S34_pNP	15	14	29	4	34	C188H287N15O255S34	7921.045542
HS_HexA15_HexN14_Ac4_S35_pNP	15	14	29	4	35	C188H287N15O258S35	8001.002357
HS_HexA15_HexN14_Ac4_S36_pNP	15	14	29	4	36	C188H287N15O261S36	8080.959172
HS_HexA15_HexN14_Ac4_S37_pNP	15	14	29	4	37	C188H287N15O264S37	8160.915987
HS_HexA15_HexN14_Ac4_S38_pNP	15	14	29	4	38	C188H287N15O267S38	8240.872802
HS_HexA15_HexN14_Ac4_S39_pNP	15	14	29	4	39	C188H287N15O270S39	8320.829617
HS_HexA15_HexN14_Ac4_S40_pNP	15	14	29	4	40	C188H287N15O273S40	8400.786432
HS_HexA15_HexN14_Ac4_S41_pNP	15	14	29	4	41	C188H287N15O276S41	8480.743247
HS_HexA15_HexN14_Ac4_S42_pNP	15	14	29	4	42	C188H287N15O279S42	8560.700063
HS_HexA15_HexN14_Ac5_S0_pNP	15	14	29	5	0	C190H289N15O154	5244.524396
HS_HexA15_HexN14_Ac5_S1_pNP	15	14	29	5	1	C190H289N15O157S	5324.481211
HS_HexA15_HexN14_Ac5_S2_pNP	15	14	29	5	2	C190H289N15O160S2	5404.438026
HS_HexA15_HexN14_Ac5_S3_pNP	15	14	29	5	3	C190H289N15O163S3	5484.394841
HS_HexA15_HexN14_Ac5_S4_pNP	15	14	29	5	4	C190H289N15O166S4	5564.351656
HS_HexA15_HexN14_Ac5_S5_pNP	15	14	29	5	5	C190H289N15O169S5	5644.308471
HS_HexA15_HexN14_Ac5_S6_pNP	15	14	29	5	6	C190H289N15O172S6	5724.265286
HS_HexA15_HexN14_Ac5_S7_pNP	15	14	29	5	7	C190H289N15O175S7	5804.222101
HS_HexA15_HexN14_Ac5_S8_pNP	15	14	29	5	8	C190H289N15O178S8	5884.178916
HS_HexA15_HexN14_Ac5_S9_pNP	15	14	29	5	9	C190H289N15O181S9	5964.135731
HS_HexA15_HexN14_Ac5_S10_pNP	15	14	29	5	10	C190H289N15O184S10	6044.092546
HS_HexA15_HexN14_Ac5_S11_pNP	15	14	29	5	11	C190H289N15O187S11	6124.049361
HS_HexA15_HexN14_Ac5_S12_pNP	15	14	29	5	12	C190H289N15O190S12	6204.006176
HS_HexA15_HexN14_Ac5_S13_pNP	15	14	29	5	13	C190H289N15O193S13	6283.962991
HS_HexA15_HexN14_Ac5_S14_pNP	15	14	29	5	14	C190H289N15O196S14	6363.919806
HS_HexA15_HexN14_Ac5_S15_pNP	15	14	29	5	15	C190H289N15O199S15	6443.876621
HS_HexA15_HexN14_Ac5_S16_pNP	15	14	29	5	16	C190H289N15O202S16	6523.833436
HS_HexA15_HexN14_Ac5_S17_pNP	15	14	29	5	17	C190H289N15O205S17	6603.790251
HS_HexA15_HexN14_Ac5_S18_pNP	15	14	29	5	18	C190H289N15O208S18	6683.747066
HS_HexA15_HexN14_Ac5_S19_pNP	15	14	29	5	19	C190H289N15O211S19	6763.703881
HS_HexA15_HexN14_Ac5_S20_pNP	15	14	29	5	20	C190H289N15O214S20	6843.660696
HS_HexA15_HexN14_Ac5_S21_pNP	15	14	29	5	21	C190H289N15O217S21	6923.617511
HS_HexA15_HexN14_Ac5_S22_pNP	15	14	29	5	22	C190H289N15O220S22	7003.574327
HS_HexA15_HexN14_Ac5_S23_pNP	15	14	29	5	23	C190H289N15O223S23	7083.531142
HS_HexA15_HexN14_Ac5_S24_pNP	15	14	29	5	24	C190H289N15O226S24	7163.487957
HS_HexA15_HexN14_Ac5_S25_pNP	15	14	29	5	25	C190H289N15O229S25	7243.444772
HS_HexA15_HexN14_Ac5_S26_pNP	15	14	29	5	26	C190H289N15O232S26	7323.401587
HS_HexA15_HexN14_Ac5_S27_pNP	15	14	29	5	27	C190H289N15O235S27	7403.358402
HS_HexA15_HexN14_Ac5_S28_pNP	15	14	29	5	28	C190H289N15O238S28	7483.315217
HS_HexA15_HexN14_Ac5_S29_pNP	15	14	29	5	29	C190H289N15O241S29	7563.272032
HS_HexA15_HexN14_Ac5_S30_pNP	15	14	29	5	30	C190H289N15O244S30	7643.228847
HS_HexA15_HexN14_Ac5_S31_pNP	15	14	29	5	31	C190H289N15O247S31	7723.185662
HS_HexA15_HexN14_Ac5_S32_pNP	15	14	29	5	32	C190H289N15O250S32	7803.142477
HS_HexA15_HexN14_Ac5_S33_pNP	15	14	29	5	33	C190H289N15O253S33	7883.099292
HS_HexA15_HexN14_Ac5_S34_pNP	15	14	29	5	34	C190H289N15O256S34	7963.056107
HS_HexA15_HexN14_Ac5_S35_pNP	15	14	29	5	35	C190H289N15O259S35	8043.012922
HS_HexA15_HexN14_Ac5_S36_pNP	15	14	29	5	36	C190H289N15O262S36	8122.969737
HS_HexA15_HexN14_Ac5_S37_pNP	15	14	29	5	37	C190H289N15O265S37	8202.926552
HS_HexA15_HexN14_Ac5_S38_pNP	15	14	29	5	38	C190H289N15O268S38	8282.883367
HS_HexA15_HexN14_Ac5_S39_pNP	15	14	29	5	39	C190H289N15O271S39	8362.840182
HS_HexA15_HexN14_Ac5_S40_pNP	15	14	29	5	40	C190H289N15O274S40	8442.796997
HS_HexA15_HexN14_Ac5_S41_pNP	15	14	29	5	41	C190H289N15O277S41	8522.753812
HS_HexA15_HexN14_Ac5_S42_pNP	15	14	29	5	42	C190H289N15O280S42	8602.710627
HS_HexA15_HexN14_Ac6_S0_pNP	15	14	29	6	0	C192H291N15O155	5286.534960
HS_HexA15_HexN14_Ac6_S1_pNP	15	14	29	6	1	C192H291N15O158S	5366.491776
HS_HexA15_HexN14_Ac6_S2_pNP	15	14	29	6	2	C192H291N15O161S2	5446.448591
HS_HexA15_HexN14_Ac6_S3_pNP	15	14	29	6	3	C192H291N15O164S3	5526.405406
HS_HexA15_HexN14_Ac6_S4_pNP	15	14	29	6	4	C192H291N15O167S4	5606.362221
HS_HexA15_HexN14_Ac6_S5_pNP	15	14	29	6	5	C192H291N15O170S5	5686.319036
HS_HexA15_HexN14_Ac6_S6_pNP	15	14	29	6	6	C192H291N15O173S6	5766.275851
HS_HexA15_HexN14_Ac6_S7_pNP	15	14	29	6	7	C192H291N15O176S7	5846.232666
HS_HexA15_HexN14_Ac6_S8_pNP	15	14	29	6	8	C192H291N15O179S8	5926.189481
HS_HexA15_HexN14_Ac6_S9_pNP	15	14	29	6	9	C192H291N15O182S9	6006.146296
HS_HexA15_HexN14_Ac6_S10_pNP	15	14	29	6	10	C192H291N15O185S10	6086.103111
HS_HexA15_HexN14_Ac6_S11_pNP	15	14	29	6	11	C192H291N15O188S11	6166.059926
HS_HexA15_HexN14_Ac6_S12_pNP	15	14	29	6	12	C192H291N15O191S12	6246.016741
HS_HexA15_HexN14_Ac6_S13_pNP	15	14	29	6	13	C192H291N15O194S13	6325.973556
HS_HexA15_HexN14_Ac6_S14_pNP	15	14	29	6	14	C192H291N15O197S14	6405.930371
HS_HexA15_HexN14_Ac6_S15_pNP	15	14	29	6	15	C192H291N15O200S15	6485.887186
HS_HexA15_HexN14_Ac6_S16_pNP	15	14	29	6	16	C192H291N15O203S16	6565.844001
HS_HexA15_HexN14_Ac6_S17_pNP	15	14	29	6	17	C192H291N15O206S17	6645.800816
HS_HexA15_HexN14_Ac6_S18_pNP	15	14	29	6	18	C192H291N15O209S18	6725.757631
HS_HexA15_HexN14_Ac6_S19_pNP	15	14	29	6	19	C192H291N15O212S19	6805.714446
HS_HexA15_HexN14_Ac6_S20_pNP	15	14	29	6	20	C192H291N15O215S20	6885.671261
HS_HexA15_HexN14_Ac6_S21_pNP	15	14	29	6	21	C192H291N15O218S21	6965.628076
HS_HexA15_HexN14_Ac6_S22_pNP	15	14	29	6	22	C192H291N15O221S22	7045.584891
HS_HexA15_HexN14_Ac6_S23_pNP	15	14	29	6	23	C192H291N15O224S23	7125.541706
HS_HexA15_HexN14_Ac6_S24_pNP	15	14	29	6	24	C192H291N15O227S24	7205.498521
HS_HexA15_HexN14_Ac6_S25_pNP	15	14	29	6	25	C192H291N15O230S25	7285.455336
HS_HexA15_HexN14_Ac6_S26_pNP	15	14	29	6	26	C192H291N15O233S26	7365.412151
HS_HexA15_HexN14_Ac6_S27_pNP	15	14	29	6	27	C192H291N15O236S27	7445.368966
HS_HexA15_HexN14_Ac6_S28_pNP	15	14	29	6	28	C192H291N15O239S28	7525.325781
HS_HexA15_HexN14_Ac6_S29_pNP	15	14	29	6	29	C192H291N15O242S29	7605.282596
HS_HexA15_HexN14_Ac6_S30_pNP	15	14	29	6	30	C192H291N15O245S30	7685.239411
HS_HexA15_HexN14_Ac6_S31_pNP	15	14	29	6	31	C192H291N15O248S31	7765.196227
HS_HexA15_HexN14_Ac6_S32_pNP	15	14	29	6	32	C192H291N15O251S32	7845.153042
HS_HexA15_HexN14_Ac6_S33_pNP	15	14	29	6	33	C192H291N15O254S33	7925.109857
HS_HexA15_HexN14_Ac6_S34_pNP	15	14	29	6	34	C192H291N15O257S34	8005.066672
HS_HexA15_HexN14_Ac6_S35_pNP	15	14	29	6	35	C192H291N15O260S35	8085.023487
HS_HexA15_HexN14_Ac6_S36_pNP	15	14	29	6	36	C192H291N15O263S36	8164.980302
HS_HexA15_HexN14_Ac6_S37_pNP	15	14	29	6	37	C192H291N15O266S37	8244.937117
HS_HexA15_HexN14_Ac6_S38_pNP	15	14	29	6	38	C192H291N15O269S38	8324.893932
HS_HexA15_HexN14_Ac6_S39_pNP	15	14	29	6	39	C192H291N15O272S39	8404.850747
HS_HexA15_HexN14_Ac6_S40_pNP	15	14	29	6	40	C192H291N15O275S40	8484.807562
HS_HexA15_HexN14_Ac6_S41_pNP	15	14	29	6	41	C192H291N15O278S41	8564.764377
HS_HexA15_HexN14_Ac6_S42_pNP	15	14	29	6	42	C192H291N15O281S42	8644.721192
HS_HexA15_HexN14_Ac7_S0_pNP	15	14	29	7	0	C194H293N15O156	5328.545525
HS_HexA15_HexN14_Ac7_S1_pNP	15	14	29	7	1	C194H293N15O159S	5408.502340
HS_HexA15_HexN14_Ac7_S2_pNP	15	14	29	7	2	C194H293N15O162S2	5488.459155
HS_HexA15_HexN14_Ac7_S3_pNP	15	14	29	7	3	C194H293N15O165S3	5568.415970
HS_HexA15_HexN14_Ac7_S4_pNP	15	14	29	7	4	C194H293N15O168S4	5648.372785
HS_HexA15_HexN14_Ac7_S5_pNP	15	14	29	7	5	C194H293N15O171S5	5728.329600
HS_HexA15_HexN14_Ac7_S6_pNP	15	14	29	7	6	C194H293N15O174S6	5808.286415
HS_HexA15_HexN14_Ac7_S7_pNP	15	14	29	7	7	C194H293N15O177S7	5888.243230
HS_HexA15_HexN14_Ac7_S8_pNP	15	14	29	7	8	C194H293N15O180S8	5968.200045
HS_HexA15_HexN14_Ac7_S9_pNP	15	14	29	7	9	C194H293N15O183S9	6048.156860
HS_HexA15_HexN14_Ac7_S10_pNP	15	14	29	7	10	C194H293N15O186S10	6128.113675
HS_HexA15_HexN14_Ac7_S11_pNP	15	14	29	7	11	C194H293N15O189S11	6208.070491
HS_HexA15_HexN14_Ac7_S12_pNP	15	14	29	7	12	C194H293N15O192S12	6288.027306
HS_HexA15_HexN14_Ac7_S13_pNP	15	14	29	7	13	C194H293N15O195S13	6367.984121
HS_HexA15_HexN14_Ac7_S14_pNP	15	14	29	7	14	C194H293N15O198S14	6447.940936
HS_HexA15_HexN14_Ac7_S15_pNP	15	14	29	7	15	C194H293N15O201S15	6527.897751
HS_HexA15_HexN14_Ac7_S16_pNP	15	14	29	7	16	C194H293N15O204S16	6607.854566
HS_HexA15_HexN14_Ac7_S17_pNP	15	14	29	7	17	C194H293N15O207S17	6687.811381
HS_HexA15_HexN14_Ac7_S18_pNP	15	14	29	7	18	C194H293N15O210S18	6767.768196
HS_HexA15_HexN14_Ac7_S19_pNP	15	14	29	7	19	C194H293N15O213S19	6847.725011
HS_HexA15_HexN14_Ac7_S20_pNP	15	14	29	7	20	C194H293N15O216S20	6927.681826
HS_HexA15_HexN14_Ac7_S21_pNP	15	14	29	7	21	C194H293N15O219S21	7007.638641
HS_HexA15_HexN14_Ac7_S22_pNP	15	14	29	7	22	C194H293N15O222S22	7087.595456
HS_HexA15_HexN14_Ac7_S23_pNP	15	14	29	7	23	C194H293N15O225S23	7167.552271
HS_HexA15_HexN14_Ac7_S24_pNP	15	14	29	7	24	C194H293N15O228S24	7247.509086
HS_HexA15_HexN14_Ac7_S25_pNP	15	14	29	7	25	C194H293N15O231S25	7327.465901
HS_HexA15_HexN14_Ac7_S26_pNP	15	14	29	7	26	C194H293N15O234S26	7407.422716
HS_HexA15_HexN14_Ac7_S27_pNP	15	14	29	7	27	C194H293N15O237S27	7487.379531
HS_HexA15_HexN14_Ac7_S28_pNP	15	14	29	7	28	C194H293N15O240S28	7567.336346
HS_HexA15_HexN14_Ac7_S29_pNP	15	14	29	7	29	C194H293N15O243S29	7647.293161
HS_HexA15_HexN14_Ac7_S30_pNP	15	14	29	7	30	C194H293N15O246S30	7727.249976
HS_HexA15_HexN14_Ac7_S31_pNP	15	14	29	7	31	C194H293N15O249S31	7807.206791
HS_HexA15_HexN14_Ac7_S32_pNP	15	14	29	7	32	C194H293N15O252S32	7887.163606
HS_HexA15_HexN14_Ac7_S33_pNP	15	14	29	7	33	C194H293N15O255S33	7967.120421
HS_HexA15_HexN14_Ac7_S34_pNP	15	14	29	7	34	C194H293N15O258S34	8047.077236
HS_HexA15_HexN14_Ac7_S35_pNP	15	14	29	7	35	C194H293N15O261S35	8127.034051
HS_HexA15_HexN14_Ac7_S36_pNP	15	14	29	7	36	C194H293N15O264S36	8206.990866
HS_HexA15_HexN14_Ac7_S37_pNP	15	14	29	7	37	C194H293N15O267S37	8286.947681
HS_HexA15_HexN14_Ac7_S38_pNP	15	14	29	7	38	C194H293N15O270S38	8366.904496
HS_HexA15_HexN14_Ac7_S39_pNP	15	14	29	7	39	C194H293N15O273S39	8446.861311
HS_HexA15_HexN14_Ac7_S40_pNP	15	14	29	7	40	C194H293N15O276S40	8526.818126
HS_HexA15_HexN14_Ac7_S41_pNP	15	14	29	7	41	C194H293N15O279S41	8606.774942
HS_HexA15_HexN14_Ac7_S42_pNP	15	14	29	7	42	C194H293N15O282S42	8686.731757
HS_HexA15_HexN14_Ac8_S0_pNP	15	14	29	8	0	C196H295N15O157	5370.556090
HS_HexA15_HexN14_Ac8_S1_pNP	15	14	29	8	1	C196H295N15O160S	5450.512905
HS_HexA15_HexN14_Ac8_S2_pNP	15	14	29	8	2	C196H295N15O163S2	5530.469720
HS_HexA15_HexN14_Ac8_S3_pNP	15	14	29	8	3	C196H295N15O166S3	5610.426535
HS_HexA15_HexN14_Ac8_S4_pNP	15	14	29	8	4	C196H295N15O169S4	5690.383350
HS_HexA15_HexN14_Ac8_S5_pNP	15	14	29	8	5	C196H295N15O172S5	5770.340165
HS_HexA15_HexN14_Ac8_S6_pNP	15	14	29	8	6	C196H295N15O175S6	5850.296980
HS_HexA15_HexN14_Ac8_S7_pNP	15	14	29	8	7	C196H295N15O178S7	5930.253795
HS_HexA15_HexN14_Ac8_S8_pNP	15	14	29	8	8	C196H295N15O181S8	6010.210610
HS_HexA15_HexN14_Ac8_S9_pNP	15	14	29	8	9	C196H295N15O184S9	6090.167425
HS_HexA15_HexN14_Ac8_S10_pNP	15	14	29	8	10	C196H295N15O187S10	6170.124240
HS_HexA15_HexN14_Ac8_S11_pNP	15	14	29	8	11	C196H295N15O190S11	6250.081055
HS_HexA15_HexN14_Ac8_S12_pNP	15	14	29	8	12	C196H295N15O193S12	6330.037870
HS_HexA15_HexN14_Ac8_S13_pNP	15	14	29	8	13	C196H295N15O196S13	6409.994685
HS_HexA15_HexN14_Ac8_S14_pNP	15	14	29	8	14	C196H295N15O199S14	6489.951500
HS_HexA15_HexN14_Ac8_S15_pNP	15	14	29	8	15	C196H295N15O202S15	6569.908315
HS_HexA15_HexN14_Ac8_S16_pNP	15	14	29	8	16	C196H295N15O205S16	6649.865130
HS_HexA15_HexN14_Ac8_S17_pNP	15	14	29	8	17	C196H295N15O208S17	6729.821945
HS_HexA15_HexN14_Ac8_S18_pNP	15	14	29	8	18	C196H295N15O211S18	6809.778760
HS_HexA15_HexN14_Ac8_S19_pNP	15	14	29	8	19	C196H295N15O214S19	6889.735575
HS_HexA15_HexN14_Ac8_S20_pNP	15	14	29	8	20	C196H295N15O217S20	6969.692391
HS_HexA15_HexN14_Ac8_S21_pNP	15	14	29	8	21	C196H295N15O220S21	7049.649206
HS_HexA15_HexN14_Ac8_S22_pNP	15	14	29	8	22	C196H295N15O223S22	7129.606021
HS_HexA15_HexN14_Ac8_S23_pNP	15	14	29	8	23	C196H295N15O226S23	7209.562836
HS_HexA15_HexN14_Ac8_S24_pNP	15	14	29	8	24	C196H295N15O229S24	7289.519651
HS_HexA15_HexN14_Ac8_S25_pNP	15	14	29	8	25	C196H295N15O232S25	7369.476466
HS_HexA15_HexN14_Ac8_S26_pNP	15	14	29	8	26	C196H295N15O235S26	7449.433281
HS_HexA15_HexN14_Ac8_S27_pNP	15	14	29	8	27	C196H295N15O238S27	7529.390096
HS_HexA15_HexN14_Ac8_S28_pNP	15	14	29	8	28	C196H295N15O241S28	7609.346911
HS_HexA15_HexN14_Ac8_S29_pNP	15	14	29	8	29	C196H295N15O244S29	7689.303726
HS_HexA15_HexN14_Ac8_S30_pNP	15	14	29	8	30	C196H295N15O247S30	7769.260541
HS_HexA15_HexN14_Ac8_S31_pNP	15	14	29	8	31	C196H295N15O250S31	7849.217356
HS_HexA15_HexN14_Ac8_S32_pNP	15	14	29	8	32	C196H295N15O253S32	7929.174171
HS_HexA15_HexN14_Ac8_S33_pNP	15	14	29	8	33	C196H295N15O256S33	8009.130986
HS_HexA15_HexN14_Ac8_S34_pNP	15	14	29	8	34	C196H295N15O259S34	8089.087801
HS_HexA15_HexN14_Ac8_S35_pNP	15	14	29	8	35	C196H295N15O262S35	8169.044616
HS_HexA15_HexN14_Ac8_S36_pNP	15	14	29	8	36	C196H295N15O265S36	8249.001431
HS_HexA15_HexN14_Ac8_S37_pNP	15	14	29	8	37	C196H295N15O268S37	8328.958246
HS_HexA15_HexN14_Ac8_S38_pNP	15	14	29	8	38	C196H295N15O271S38	8408.915061
HS_HexA15_HexN14_Ac8_S39_pNP	15	14	29	8	39	C196H295N15O274S39	8488.871876
HS_HexA15_HexN14_Ac8_S40_pNP	15	14	29	8	40	C196H295N15O277S40	8568.828691
HS_HexA15_HexN14_Ac8_S41_pNP	15	14	29	8	41	C196H295N15O280S41	8648.785506
HS_HexA15_HexN14_Ac8_S42_pNP	15	14	29	8	42	C196H295N15O283S42	8728.742321
HS_HexA15_HexN14_Ac9_S0_pNP	15	14	29	9	0	C198H297N15O158	5412.566655
HS_HexA15_HexN14_Ac9_S1_pNP	15	14	29	9	1	C198H297N15O161S	5492.523470
HS_HexA15_HexN14_Ac9_S2_pNP	15	14	29	9	2	C198H297N15O164S2	5572.480285
HS_HexA15_HexN14_Ac9_S3_pNP	15	14	29	9	3	C198H297N15O167S3	5652.437100
HS_HexA15_HexN14_Ac9_S4_pNP	15	14	29	9	4	C198H297N15O170S4	5732.393915
HS_HexA15_HexN14_Ac9_S5_pNP	15	14	29	9	5	C198H297N15O173S5	5812.350730
HS_HexA15_HexN14_Ac9_S6_pNP	15	14	29	9	6	C198H297N15O176S6	5892.307545
HS_HexA15_HexN14_Ac9_S7_pNP	15	14	29	9	7	C198H297N15O179S7	5972.264360
HS_HexA15_HexN14_Ac9_S8_pNP	15	14	29	9	8	C198H297N15O182S8	6052.221175
HS_HexA15_HexN14_Ac9_S9_pNP	15	14	29	9	9	C198H297N15O185S9	6132.177990
HS_HexA15_HexN14_Ac9_S10_pNP	15	14	29	9	10	C198H297N15O188S10	6212.134805
HS_HexA15_HexN14_Ac9_S11_pNP	15	14	29	9	11	C198H297N15O191S11	6292.091620
HS_HexA15_HexN14_Ac9_S12_pNP	15	14	29	9	12	C198H297N15O194S12	6372.048435
HS_HexA15_HexN14_Ac9_S13_pNP	15	14	29	9	13	C198H297N15O197S13	6452.005250
HS_HexA15_HexN14_Ac9_S14_pNP	15	14	29	9	14	C198H297N15O200S14	6531.962065
HS_HexA15_HexN14_Ac9_S15_pNP	15	14	29	9	15	C198H297N15O203S15	6611.918880
HS_HexA15_HexN14_Ac9_S16_pNP	15	14	29	9	16	C198H297N15O206S16	6691.875695
HS_HexA15_HexN14_Ac9_S17_pNP	15	14	29	9	17	C198H297N15O209S17	6771.832510
HS_HexA15_HexN14_Ac9_S18_pNP	15	14	29	9	18	C198H297N15O212S18	6851.789325
HS_HexA15_HexN14_Ac9_S19_pNP	15	14	29	9	19	C198H297N15O215S19	6931.746140
HS_HexA15_HexN14_Ac9_S20_pNP	15	14	29	9	20	C198H297N15O218S20	7011.702955
HS_HexA15_HexN14_Ac9_S21_pNP	15	14	29	9	21	C198H297N15O221S21	7091.659770
HS_HexA15_HexN14_Ac9_S22_pNP	15	14	29	9	22	C198H297N15O224S22	7171.616585
HS_HexA15_HexN14_Ac9_S23_pNP	15	14	29	9	23	C198H297N15O227S23	7251.573400
HS_HexA15_HexN14_Ac9_S24_pNP	15	14	29	9	24	C198H297N15O230S24	7331.530215
HS_HexA15_HexN14_Ac9_S25_pNP	15	14	29	9	25	C198H297N15O233S25	7411.487030
HS_HexA15_HexN14_Ac9_S26_pNP	15	14	29	9	26	C198H297N15O236S26	7491.443845
HS_HexA15_HexN14_Ac9_S27_pNP	15	14	29	9	27	C198H297N15O239S27	7571.400660
HS_HexA15_HexN14_Ac9_S28_pNP	15	14	29	9	28	C198H297N15O242S28	7651.357475
HS_HexA15_HexN14_Ac9_S29_pNP	15	14	29	9	29	C198H297N15O245S29	7731.314290
HS_HexA15_HexN14_Ac9_S30_pNP	15	14	29	9	30	C198H297N15O248S30	7811.271106
HS_HexA15_HexN14_Ac9_S31_pNP	15	14	29	9	31	C198H297N15O251S31	7891.227921
HS_HexA15_HexN14_Ac9_S32_pNP	15	14	29	9	32	C198H297N15O254S32	7971.184736
HS_HexA15_HexN14_Ac9_S33_pNP	15	14	29	9	33	C198H297N15O257S33	8051.141551
HS_HexA15_HexN14_Ac9_S34_pNP	15	14	29	9	34	C198H297N15O260S34	8131.098366
HS_HexA15_HexN14_Ac9_S35_pNP	15	14	29	9	35	C198H297N15O263S35	8211.055181
HS_HexA15_HexN14_Ac9_S36_pNP	15	14	29	9	36	C198H297N15O266S36	8291.011996
HS_HexA15_HexN14_Ac9_S37_pNP	15	14	29	9	37	C198H297N15O269S37	8370.968811
HS_HexA15_HexN14_Ac9_S38_pNP	15	14	29	9	38	C198H297N15O272S38	8450.925626
HS_HexA15_HexN14_Ac9_S39_pNP	15	14	29	9	39	C198H297N15O275S39	8530.882441
HS_HexA15_HexN14_Ac9_S40_pNP	15	14	29	9	40	C198H297N15O278S40	8610.839256
HS_HexA15_HexN14_Ac9_S41_pNP	15	14	29	9	41	C198H297N15O281S41	8690.796071
HS_HexA15_HexN14_Ac9_S42_pNP	15	14	29	9	42	C198H297N15O284S42	8770.752886
HS_HexA15_HexN14_Ac10_S0_pNP	15	14	29	10	0	C200H299N15O159	5454.577219
HS_HexA15_HexN14_Ac10_S1_pNP	15	14	29	10	1	C200H299N15O162S	5534.534034
HS_HexA15_HexN14_Ac10_S2_pNP	15	14	29	10	2	C200H299N15O165S2	5614.490849
HS_HexA15_HexN14_Ac10_S3_pNP	15	14	29	10	3	C200H299N15O168S3	5694.447664
HS_HexA15_HexN14_Ac10_S4_pNP	15	14	29	10	4	C200H299N15O171S4	5774.404479
HS_HexA15_HexN14_Ac10_S5_pNP	15	14	29	10	5	C200H299N15O174S5	5854.361294
HS_HexA15_HexN14_Ac10_S6_pNP	15	14	29	10	6	C200H299N15O177S6	5934.318109
HS_HexA15_HexN14_Ac10_S7_pNP	15	14	29	10	7	C200H299N15O180S7	6014.274924
HS_HexA15_HexN14_Ac10_S8_pNP	15	14	29	10	8	C200H299N15O183S8	6094.231739
HS_HexA15_HexN14_Ac10_S9_pNP	15	14	29	10	9	C200H299N15O186S9	6174.188555
HS_HexA15_HexN14_Ac10_S10_pNP	15	14	29	10	10	C200H299N15O189S10	6254.145370
HS_HexA15_HexN14_Ac10_S11_pNP	15	14	29	10	11	C200H299N15O192S11	6334.102185
HS_HexA15_HexN14_Ac10_S12_pNP	15	14	29	10	12	C200H299N15O195S12	6414.059000
HS_HexA15_HexN14_Ac10_S13_pNP	15	14	29	10	13	C200H299N15O198S13	6494.015815
HS_HexA15_HexN14_Ac10_S14_pNP	15	14	29	10	14	C200H299N15O201S14	6573.972630
HS_HexA15_HexN14_Ac10_S15_pNP	15	14	29	10	15	C200H299N15O204S15	6653.929445
HS_HexA15_HexN14_Ac10_S16_pNP	15	14	29	10	16	C200H299N15O207S16	6733.886260
HS_HexA15_HexN14_Ac10_S17_pNP	15	14	29	10	17	C200H299N15O210S17	6813.843075
HS_HexA15_HexN14_Ac10_S18_pNP	15	14	29	10	18	C200H299N15O213S18	6893.799890
HS_HexA15_HexN14_Ac10_S19_pNP	15	14	29	10	19	C200H299N15O216S19	6973.756705
HS_HexA15_HexN14_Ac10_S20_pNP	15	14	29	10	20	C200H299N15O219S20	7053.713520
HS_HexA15_HexN14_Ac10_S21_pNP	15	14	29	10	21	C200H299N15O222S21	7133.670335
HS_HexA15_HexN14_Ac10_S22_pNP	15	14	29	10	22	C200H299N15O225S22	7213.627150
HS_HexA15_HexN14_Ac10_S23_pNP	15	14	29	10	23	C200H299N15O228S23	7293.583965
HS_HexA15_HexN14_Ac10_S24_pNP	15	14	29	10	24	C200H299N15O231S24	7373.540780
HS_HexA15_HexN14_Ac10_S25_pNP	15	14	29	10	25	C200H299N15O234S25	7453.497595
HS_HexA15_HexN14_Ac10_S26_pNP	15	14	29	10	26	C200H299N15O237S26	7533.454410
HS_HexA15_HexN14_Ac10_S27_pNP	15	14	29	10	27	C200H299N15O240S27	7613.411225
HS_HexA15_HexN14_Ac10_S28_pNP	15	14	29	10	28	C200H299N15O243S28	7693.368040
HS_HexA15_HexN14_Ac10_S29_pNP	15	14	29	10	29	C200H299N15O246S29	7773.324855
HS_HexA15_HexN14_Ac10_S30_pNP	15	14	29	10	30	C200H299N15O249S30	7853.281670
HS_HexA15_HexN14_Ac10_S31_pNP	15	14	29	10	31	C200H299N15O252S31	7933.238485
HS_HexA15_HexN14_Ac10_S32_pNP	15	14	29	10	32	C200H299N15O255S32	8013.195300
HS_HexA15_HexN14_Ac10_S33_pNP	15	14	29	10	33	C200H299N15O258S33	8093.152115
HS_HexA15_HexN14_Ac10_S34_pNP	15	14	29	10	34	C200H299N15O261S34	8173.108930
HS_HexA15_HexN14_Ac10_S35_pNP	15	14	29	10	35	C200H299N15O264S35	8253.065745
HS_HexA15_HexN14_Ac10_S36_pNP	15	14	29	10	36	C200H299N15O267S36	8333.022560
HS_HexA15_HexN14_Ac10_S37_pNP	15	14	29	10	37	C200H299N15O270S37	8412.979375
HS_HexA15_HexN14_Ac10_S38_pNP	15	14	29	10	38	C200H299N15O273S38	8492.936190
HS_HexA15_HexN14_Ac10_S39_pNP	15	14	29	10	39	C200H299N15O276S39	8572.893006
HS_HexA15_HexN14_Ac10_S40_pNP	15	14	29	10	40	C200H299N15O279S40	8652.849821
HS_HexA15_HexN14_Ac10_S41_pNP	15	14	29	10	41	C200H299N15O282S41	8732.806636
HS_HexA15_HexN14_Ac10_S42_pNP	15	14	29	10	42	C200H299N15O285S42	8812.763451
HS_HexA15_HexN14_Ac11_S0_pNP	15	14	29	11	0	C202H301N15O160	5496.587784
HS_HexA15_HexN14_Ac11_S1_pNP	15	14	29	11	1	C202H301N15O163S	5576.544599
HS_HexA15_HexN14_Ac11_S2_pNP	15	14	29	11	2	C202H301N15O166S2	5656.501414
HS_HexA15_HexN14_Ac11_S3_pNP	15	14	29	11	3	C202H301N15O169S3	5736.458229
HS_HexA15_HexN14_Ac11_S4_pNP	15	14	29	11	4	C202H301N15O172S4	5816.415044
HS_HexA15_HexN14_Ac11_S5_pNP	15	14	29	11	5	C202H301N15O175S5	5896.371859
HS_HexA15_HexN14_Ac11_S6_pNP	15	14	29	11	6	C202H301N15O178S6	5976.328674
HS_HexA15_HexN14_Ac11_S7_pNP	15	14	29	11	7	C202H301N15O181S7	6056.285489
HS_HexA15_HexN14_Ac11_S8_pNP	15	14	29	11	8	C202H301N15O184S8	6136.242304
HS_HexA15_HexN14_Ac11_S9_pNP	15	14	29	11	9	C202H301N15O187S9	6216.199119
HS_HexA15_HexN14_Ac11_S10_pNP	15	14	29	11	10	C202H301N15O190S10	6296.155934
HS_HexA15_HexN14_Ac11_S11_pNP	15	14	29	11	11	C202H301N15O193S11	6376.112749
HS_HexA15_HexN14_Ac11_S12_pNP	15	14	29	11	12	C202H301N15O196S12	6456.069564
HS_HexA15_HexN14_Ac11_S13_pNP	15	14	29	11	13	C202H301N15O199S13	6536.026379
HS_HexA15_HexN14_Ac11_S14_pNP	15	14	29	11	14	C202H301N15O202S14	6615.983194
HS_HexA15_HexN14_Ac11_S15_pNP	15	14	29	11	15	C202H301N15O205S15	6695.940009
HS_HexA15_HexN14_Ac11_S16_pNP	15	14	29	11	16	C202H301N15O208S16	6775.896824
HS_HexA15_HexN14_Ac11_S17_pNP	15	14	29	11	17	C202H301N15O211S17	6855.853639
HS_HexA15_HexN14_Ac11_S18_pNP	15	14	29	11	18	C202H301N15O214S18	6935.810454
HS_HexA15_HexN14_Ac11_S19_pNP	15	14	29	11	19	C202H301N15O217S19	7015.767270
HS_HexA15_HexN14_Ac11_S20_pNP	15	14	29	11	20	C202H301N15O220S20	7095.724085
HS_HexA15_HexN14_Ac11_S21_pNP	15	14	29	11	21	C202H301N15O223S21	7175.680900
HS_HexA15_HexN14_Ac11_S22_pNP	15	14	29	11	22	C202H301N15O226S22	7255.637715
HS_HexA15_HexN14_Ac11_S23_pNP	15	14	29	11	23	C202H301N15O229S23	7335.594530
HS_HexA15_HexN14_Ac11_S24_pNP	15	14	29	11	24	C202H301N15O232S24	7415.551345
HS_HexA15_HexN14_Ac11_S25_pNP	15	14	29	11	25	C202H301N15O235S25	7495.508160
HS_HexA15_HexN14_Ac11_S26_pNP	15	14	29	11	26	C202H301N15O238S26	7575.464975
HS_HexA15_HexN14_Ac11_S27_pNP	15	14	29	11	27	C202H301N15O241S27	7655.421790
HS_HexA15_HexN14_Ac11_S28_pNP	15	14	29	11	28	C202H301N15O244S28	7735.378605
HS_HexA15_HexN14_Ac11_S29_pNP	15	14	29	11	29	C202H301N15O247S29	7815.335420
HS_HexA15_HexN14_Ac11_S30_pNP	15	14	29	11	30	C202H301N15O250S30	7895.292235
HS_HexA15_HexN14_Ac11_S31_pNP	15	14	29	11	31	C202H301N15O253S31	7975.249050
HS_HexA15_HexN14_Ac11_S32_pNP	15	14	29	11	32	C202H301N15O256S32	8055.205865
HS_HexA15_HexN14_Ac11_S33_pNP	15	14	29	11	33	C202H301N15O259S33	8135.162680
HS_HexA15_HexN14_Ac11_S34_pNP	15	14	29	11	34	C202H301N15O262S34	8215.119495
HS_HexA15_HexN14_Ac11_S35_pNP	15	14	29	11	35	C202H301N15O265S35	8295.076310
HS_HexA15_HexN14_Ac11_S36_pNP	15	14	29	11	36	C202H301N15O268S36	8375.033125
HS_HexA15_HexN14_Ac11_S37_pNP	15	14	29	11	37	C202H301N15O271S37	8454.989940
HS_HexA15_HexN14_Ac11_S38_pNP	15	14	29	11	38	C202H301N15O274S38	8534.946755
HS_HexA15_HexN14_Ac11_S39_pNP	15	14	29	11	39	C202H301N15O277S39	8614.903570
HS_HexA15_HexN14_Ac11_S40_pNP	15	14	29	11	40	C202H301N15O280S40	8694.860385
HS_HexA15_HexN14_Ac11_S41_pNP	15	14	29	11	41	C202H301N15O283S41	8774.817200
HS_HexA15_HexN14_Ac11_S42_pNP	15	14	29	11	42	C202H301N15O286S42	8854.774015
HS_HexA15_HexN14_Ac12_S0_pNP	15	14	29	12	0	C204H303N15O161	5538.598349
HS_HexA15_HexN14_Ac12_S1_pNP	15	14	29	12	1	C204H303N15O164S	5618.555164
HS_HexA15_HexN14_Ac12_S2_pNP	15	14	29	12	2	C204H303N15O167S2	5698.511979
HS_HexA15_HexN14_Ac12_S3_pNP	15	14	29	12	3	C204H303N15O170S3	5778.468794
HS_HexA15_HexN14_Ac12_S4_pNP	15	14	29	12	4	C204H303N15O173S4	5858.425609
HS_HexA15_HexN14_Ac12_S5_pNP	15	14	29	12	5	C204H303N15O176S5	5938.382424
HS_HexA15_HexN14_Ac12_S6_pNP	15	14	29	12	6	C204H303N15O179S6	6018.339239
HS_HexA15_HexN14_Ac12_S7_pNP	15	14	29	12	7	C204H303N15O182S7	6098.296054
HS_HexA15_HexN14_Ac12_S8_pNP	15	14	29	12	8	C204H303N15O185S8	6178.252869
HS_HexA15_HexN14_Ac12_S9_pNP	15	14	29	12	9	C204H303N15O188S9	6258.209684
HS_HexA15_HexN14_Ac12_S10_pNP	15	14	29	12	10	C204H303N15O191S10	6338.166499
HS_HexA15_HexN14_Ac12_S11_pNP	15	14	29	12	11	C204H303N15O194S11	6418.123314
HS_HexA15_HexN14_Ac12_S12_pNP	15	14	29	12	12	C204H303N15O197S12	6498.080129
HS_HexA15_HexN14_Ac12_S13_pNP	15	14	29	12	13	C204H303N15O200S13	6578.036944
HS_HexA15_HexN14_Ac12_S14_pNP	15	14	29	12	14	C204H303N15O203S14	6657.993759
HS_HexA15_HexN14_Ac12_S15_pNP	15	14	29	12	15	C204H303N15O206S15	6737.950574
HS_HexA15_HexN14_Ac12_S16_pNP	15	14	29	12	16	C204H303N15O209S16	6817.907389
HS_HexA15_HexN14_Ac12_S17_pNP	15	14	29	12	17	C204H303N15O212S17	6897.864204
HS_HexA15_HexN14_Ac12_S18_pNP	15	14	29	12	18	C204H303N15O215S18	6977.821019
HS_HexA15_HexN14_Ac12_S19_pNP	15	14	29	12	19	C204H303N15O218S19	7057.777834
HS_HexA15_HexN14_Ac12_S20_pNP	15	14	29	12	20	C204H303N15O221S20	7137.734649
HS_HexA15_HexN14_Ac12_S21_pNP	15	14	29	12	21	C204H303N15O224S21	7217.691464
HS_HexA15_HexN14_Ac12_S22_pNP	15	14	29	12	22	C204H303N15O227S22	7297.648279
HS_HexA15_HexN14_Ac12_S23_pNP	15	14	29	12	23	C204H303N15O230S23	7377.605094
HS_HexA15_HexN14_Ac12_S24_pNP	15	14	29	12	24	C204H303N15O233S24	7457.561909
HS_HexA15_HexN14_Ac12_S25_pNP	15	14	29	12	25	C204H303N15O236S25	7537.518724
HS_HexA15_HexN14_Ac12_S26_pNP	15	14	29	12	26	C204H303N15O239S26	7617.475539
HS_HexA15_HexN14_Ac12_S27_pNP	15	14	29	12	27	C204H303N15O242S27	7697.432354
HS_HexA15_HexN14_Ac12_S28_pNP	15	14	29	12	28	C204H303N15O245S28	7777.389170
HS_HexA15_HexN14_Ac12_S29_pNP	15	14	29	12	29	C204H303N15O248S29	7857.345985
HS_HexA15_HexN14_Ac12_S30_pNP	15	14	29	12	30	C204H303N15O251S30	7937.302800
HS_HexA15_HexN14_Ac12_S31_pNP	15	14	29	12	31	C204H303N15O254S31	8017.259615
HS_HexA15_HexN14_Ac12_S32_pNP	15	14	29	12	32	C204H303N15O257S32	8097.216430
HS_HexA15_HexN14_Ac12_S33_pNP	15	14	29	12	33	C204H303N15O260S33	8177.173245
HS_HexA15_HexN14_Ac12_S34_pNP	15	14	29	12	34	C204H303N15O263S34	8257.130060
HS_HexA15_HexN14_Ac12_S35_pNP	15	14	29	12	35	C204H303N15O266S35	8337.086875
HS_HexA15_HexN14_Ac12_S36_pNP	15	14	29	12	36	C204H303N15O269S36	8417.043690
HS_HexA15_HexN14_Ac12_S37_pNP	15	14	29	12	37	C204H303N15O272S37	8497.000505
HS_HexA15_HexN14_Ac12_S38_pNP	15	14	29	12	38	C204H303N15O275S38	8576.957320
HS_HexA15_HexN14_Ac12_S39_pNP	15	14	29	12	39	C204H303N15O278S39	8656.914135
HS_HexA15_HexN14_Ac12_S40_pNP	15	14	29	12	40	C204H303N15O281S40	8736.870950
HS_HexA15_HexN14_Ac12_S41_pNP	15	14	29	12	41	C204H303N15O284S41	8816.827765
HS_HexA15_HexN14_Ac12_S42_pNP	15	14	29	12	42	C204H303N15O287S42	8896.784580
HS_HexA15_HexN14_Ac13_S0_pNP	15	14	29	13	0	C206H305N15O162	5580.608913
HS_HexA15_HexN14_Ac13_S1_pNP	15	14	29	13	1	C206H305N15O165S	5660.565728
HS_HexA15_HexN14_Ac13_S2_pNP	15	14	29	13	2	C206H305N15O168S2	5740.522543
HS_HexA15_HexN14_Ac13_S3_pNP	15	14	29	13	3	C206H305N15O171S3	5820.479358
HS_HexA15_HexN14_Ac13_S4_pNP	15	14	29	13	4	C206H305N15O174S4	5900.436173
HS_HexA15_HexN14_Ac13_S5_pNP	15	14	29	13	5	C206H305N15O177S5	5980.392988
HS_HexA15_HexN14_Ac13_S6_pNP	15	14	29	13	6	C206H305N15O180S6	6060.349803
HS_HexA15_HexN14_Ac13_S7_pNP	15	14	29	13	7	C206H305N15O183S7	6140.306618
HS_HexA15_HexN14_Ac13_S8_pNP	15	14	29	13	8	C206H305N15O186S8	6220.263434
HS_HexA15_HexN14_Ac13_S9_pNP	15	14	29	13	9	C206H305N15O189S9	6300.220249
HS_HexA15_HexN14_Ac13_S10_pNP	15	14	29	13	10	C206H305N15O192S10	6380.177064
HS_HexA15_HexN14_Ac13_S11_pNP	15	14	29	13	11	C206H305N15O195S11	6460.133879
HS_HexA15_HexN14_Ac13_S12_pNP	15	14	29	13	12	C206H305N15O198S12	6540.090694
HS_HexA15_HexN14_Ac13_S13_pNP	15	14	29	13	13	C206H305N15O201S13	6620.047509
HS_HexA15_HexN14_Ac13_S14_pNP	15	14	29	13	14	C206H305N15O204S14	6700.004324
HS_HexA15_HexN14_Ac13_S15_pNP	15	14	29	13	15	C206H305N15O207S15	6779.961139
HS_HexA15_HexN14_Ac13_S16_pNP	15	14	29	13	16	C206H305N15O210S16	6859.917954
HS_HexA15_HexN14_Ac13_S17_pNP	15	14	29	13	17	C206H305N15O213S17	6939.874769
HS_HexA15_HexN14_Ac13_S18_pNP	15	14	29	13	18	C206H305N15O216S18	7019.831584
HS_HexA15_HexN14_Ac13_S19_pNP	15	14	29	13	19	C206H305N15O219S19	7099.788399
HS_HexA15_HexN14_Ac13_S20_pNP	15	14	29	13	20	C206H305N15O222S20	7179.745214
HS_HexA15_HexN14_Ac13_S21_pNP	15	14	29	13	21	C206H305N15O225S21	7259.702029
HS_HexA15_HexN14_Ac13_S22_pNP	15	14	29	13	22	C206H305N15O228S22	7339.658844
HS_HexA15_HexN14_Ac13_S23_pNP	15	14	29	13	23	C206H305N15O231S23	7419.615659
HS_HexA15_HexN14_Ac13_S24_pNP	15	14	29	13	24	C206H305N15O234S24	7499.572474
HS_HexA15_HexN14_Ac13_S25_pNP	15	14	29	13	25	C206H305N15O237S25	7579.529289
HS_HexA15_HexN14_Ac13_S26_pNP	15	14	29	13	26	C206H305N15O240S26	7659.486104
HS_HexA15_HexN14_Ac13_S27_pNP	15	14	29	13	27	C206H305N15O243S27	7739.442919
HS_HexA15_HexN14_Ac13_S28_pNP	15	14	29	13	28	C206H305N15O246S28	7819.399734
HS_HexA15_HexN14_Ac13_S29_pNP	15	14	29	13	29	C206H305N15O249S29	7899.356549
HS_HexA15_HexN14_Ac13_S30_pNP	15	14	29	13	30	C206H305N15O252S30	7979.313364
HS_HexA15_HexN14_Ac13_S31_pNP	15	14	29	13	31	C206H305N15O255S31	8059.270179
HS_HexA15_HexN14_Ac13_S32_pNP	15	14	29	13	32	C206H305N15O258S32	8139.226994
HS_HexA15_HexN14_Ac13_S33_pNP	15	14	29	13	33	C206H305N15O261S33	8219.183809
HS_HexA15_HexN14_Ac13_S34_pNP	15	14	29	13	34	C206H305N15O264S34	8299.140624
HS_HexA15_HexN14_Ac13_S35_pNP	15	14	29	13	35	C206H305N15O267S35	8379.097439
HS_HexA15_HexN14_Ac13_S36_pNP	15	14	29	13	36	C206H305N15O270S36	8459.054254
HS_HexA15_HexN14_Ac13_S37_pNP	15	14	29	13	37	C206H305N15O273S37	8539.011069
HS_HexA15_HexN14_Ac13_S38_pNP	15	14	29	13	38	C206H305N15O276S38	8618.967885
HS_HexA15_HexN14_Ac13_S39_pNP	15	14	29	13	39	C206H305N15O279S39	8698.924700
HS_HexA15_HexN14_Ac13_S40_pNP	15	14	29	13	40	C206H305N15O282S40	8778.881515
HS_HexA15_HexN14_Ac13_S41_pNP	15	14	29	13	41	C206H305N15O285S41	8858.838330
HS_HexA15_HexN14_Ac13_S42_pNP	15	14	29	13	42	C206H305N15O288S42	8938.795145
HS_HexA15_HexN14_Ac14_S0_pNP	15	14	29	14	0	C208H307N15O163	5622.619478
HS_HexA15_HexN14_Ac14_S1_pNP	15	14	29	14	1	C208H307N15O166S	5702.576293
HS_HexA15_HexN14_Ac14_S2_pNP	15	14	29	14	2	C208H307N15O169S2	5782.533108
HS_HexA15_HexN14_Ac14_S3_pNP	15	14	29	14	3	C208H307N15O172S3	5862.489923
HS_HexA15_HexN14_Ac14_S4_pNP	15	14	29	14	4	C208H307N15O175S4	5942.446738
HS_HexA15_HexN14_Ac14_S5_pNP	15	14	29	14	5	C208H307N15O178S5	6022.403553
HS_HexA15_HexN14_Ac14_S6_pNP	15	14	29	14	6	C208H307N15O181S6	6102.360368
HS_HexA15_HexN14_Ac14_S7_pNP	15	14	29	14	7	C208H307N15O184S7	6182.317183
HS_HexA15_HexN14_Ac14_S8_pNP	15	14	29	14	8	C208H307N15O187S8	6262.273998
HS_HexA15_HexN14_Ac14_S9_pNP	15	14	29	14	9	C208H307N15O190S9	6342.230813
HS_HexA15_HexN14_Ac14_S10_pNP	15	14	29	14	10	C208H307N15O193S10	6422.187628
HS_HexA15_HexN14_Ac14_S11_pNP	15	14	29	14	11	C208H307N15O196S11	6502.144443
HS_HexA15_HexN14_Ac14_S12_pNP	15	14	29	14	12	C208H307N15O199S12	6582.101258
HS_HexA15_HexN14_Ac14_S13_pNP	15	14	29	14	13	C208H307N15O202S13	6662.058073
HS_HexA15_HexN14_Ac14_S14_pNP	15	14	29	14	14	C208H307N15O205S14	6742.014888
HS_HexA15_HexN14_Ac14_S15_pNP	15	14	29	14	15	C208H307N15O208S15	6821.971703
HS_HexA15_HexN14_Ac14_S16_pNP	15	14	29	14	16	C208H307N15O211S16	6901.928518
HS_HexA15_HexN14_Ac14_S17_pNP	15	14	29	14	17	C208H307N15O214S17	6981.885334
HS_HexA15_HexN14_Ac14_S18_pNP	15	14	29	14	18	C208H307N15O217S18	7061.842149
HS_HexA15_HexN14_Ac14_S19_pNP	15	14	29	14	19	C208H307N15O220S19	7141.798964
HS_HexA15_HexN14_Ac14_S20_pNP	15	14	29	14	20	C208H307N15O223S20	7221.755779
HS_HexA15_HexN14_Ac14_S21_pNP	15	14	29	14	21	C208H307N15O226S21	7301.712594
HS_HexA15_HexN14_Ac14_S22_pNP	15	14	29	14	22	C208H307N15O229S22	7381.669409
HS_HexA15_HexN14_Ac14_S23_pNP	15	14	29	14	23	C208H307N15O232S23	7461.626224
HS_HexA15_HexN14_Ac14_S24_pNP	15	14	29	14	24	C208H307N15O235S24	7541.583039
HS_HexA15_HexN14_Ac14_S25_pNP	15	14	29	14	25	C208H307N15O238S25	7621.539854
HS_HexA15_HexN14_Ac14_S26_pNP	15	14	29	14	26	C208H307N15O241S26	7701.496669
HS_HexA15_HexN14_Ac14_S27_pNP	15	14	29	14	27	C208H307N15O244S27	7781.453484
HS_HexA15_HexN14_Ac14_S28_pNP	15	14	29	14	28	C208H307N15O247S28	7861.410299
HS_HexA15_HexN14_Ac14_S29_pNP	15	14	29	14	29	C208H307N15O250S29	7941.367114
HS_HexA15_HexN14_Ac14_S30_pNP	15	14	29	14	30	C208H307N15O253S30	8021.323929
HS_HexA15_HexN14_Ac14_S31_pNP	15	14	29	14	31	C208H307N15O256S31	8101.280744
HS_HexA15_HexN14_Ac14_S32_pNP	15	14	29	14	32	C208H307N15O259S32	8181.237559
HS_HexA15_HexN14_Ac14_S33_pNP	15	14	29	14	33	C208H307N15O262S33	8261.194374
HS_HexA15_HexN14_Ac14_S34_pNP	15	14	29	14	34	C208H307N15O265S34	8341.151189
HS_HexA15_HexN14_Ac14_S35_pNP	15	14	29	14	35	C208H307N15O268S35	8421.108004
HS_HexA15_HexN14_Ac14_S36_pNP	15	14	29	14	36	C208H307N15O271S36	8501.064819
HS_HexA15_HexN14_Ac14_S37_pNP	15	14	29	14	37	C208H307N15O274S37	8581.021634
HS_HexA15_HexN14_Ac14_S38_pNP	15	14	29	14	38	C208H307N15O277S38	8660.978449
HS_HexA15_HexN14_Ac14_S39_pNP	15	14	29	14	39	C208H307N15O280S39	8740.935264
HS_HexA15_HexN14_Ac14_S40_pNP	15	14	29	14	40	C208H307N15O283S40	8820.892079
HS_HexA15_HexN14_Ac14_S41_pNP	15	14	29	14	41	C208H307N15O286S41	8900.848894
HS_HexA15_HexN14_Ac14_S42_pNP	15	14	29	14	42	C208H307N15O289S42	8980.805709
HS_HexA15_HexN15_Ac0_S0_pNP	15	15	30	0	0	C186H290N16O153	5195.540380
HS_HexA15_HexN15_Ac0_S1_pNP	15	15	30	0	1	C186H290N16O156S	5275.497195
HS_HexA15_HexN15_Ac0_S2_pNP	15	15	30	0	2	C186H290N16O159S2	5355.454010
HS_HexA15_HexN15_Ac0_S3_pNP	15	15	30	0	3	C186H290N16O162S3	5435.410825
HS_HexA15_HexN15_Ac0_S4_pNP	15	15	30	0	4	C186H290N16O165S4	5515.367640
HS_HexA15_HexN15_Ac0_S5_pNP	15	15	30	0	5	C186H290N16O168S5	5595.324455
HS_HexA15_HexN15_Ac0_S6_pNP	15	15	30	0	6	C186H290N16O171S6	5675.281270
HS_HexA15_HexN15_Ac0_S7_pNP	15	15	30	0	7	C186H290N16O174S7	5755.238085
HS_HexA15_HexN15_Ac0_S8_pNP	15	15	30	0	8	C186H290N16O177S8	5835.194900
HS_HexA15_HexN15_Ac0_S9_pNP	15	15	30	0	9	C186H290N16O180S9	5915.151716
HS_HexA15_HexN15_Ac0_S10_pNP	15	15	30	0	10	C186H290N16O183S10	5995.108531
HS_HexA15_HexN15_Ac0_S11_pNP	15	15	30	0	11	C186H290N16O186S11	6075.065346
HS_HexA15_HexN15_Ac0_S12_pNP	15	15	30	0	12	C186H290N16O189S12	6155.022161
HS_HexA15_HexN15_Ac0_S13_pNP	15	15	30	0	13	C186H290N16O192S13	6234.978976
HS_HexA15_HexN15_Ac0_S14_pNP	15	15	30	0	14	C186H290N16O195S14	6314.935791
HS_HexA15_HexN15_Ac0_S15_pNP	15	15	30	0	15	C186H290N16O198S15	6394.892606
HS_HexA15_HexN15_Ac0_S16_pNP	15	15	30	0	16	C186H290N16O201S16	6474.849421
HS_HexA15_HexN15_Ac0_S17_pNP	15	15	30	0	17	C186H290N16O204S17	6554.806236
HS_HexA15_HexN15_Ac0_S18_pNP	15	15	30	0	18	C186H290N16O207S18	6634.763051
HS_HexA15_HexN15_Ac0_S19_pNP	15	15	30	0	19	C186H290N16O210S19	6714.719866
HS_HexA15_HexN15_Ac0_S20_pNP	15	15	30	0	20	C186H290N16O213S20	6794.676681
HS_HexA15_HexN15_Ac0_S21_pNP	15	15	30	0	21	C186H290N16O216S21	6874.633496
HS_HexA15_HexN15_Ac0_S22_pNP	15	15	30	0	22	C186H290N16O219S22	6954.590311
HS_HexA15_HexN15_Ac0_S23_pNP	15	15	30	0	23	C186H290N16O222S23	7034.547126
HS_HexA15_HexN15_Ac0_S24_pNP	15	15	30	0	24	C186H290N16O225S24	7114.503941
HS_HexA15_HexN15_Ac0_S25_pNP	15	15	30	0	25	C186H290N16O228S25	7194.460756
HS_HexA15_HexN15_Ac0_S26_pNP	15	15	30	0	26	C186H290N16O231S26	7274.417571
HS_HexA15_HexN15_Ac0_S27_pNP	15	15	30	0	27	C186H290N16O234S27	7354.374386
HS_HexA15_HexN15_Ac0_S28_pNP	15	15	30	0	28	C186H290N16O237S28	7434.331201
HS_HexA15_HexN15_Ac0_S29_pNP	15	15	30	0	29	C186H290N16O240S29	7514.288016
HS_HexA15_HexN15_Ac0_S30_pNP	15	15	30	0	30	C186H290N16O243S30	7594.244831
HS_HexA15_HexN15_Ac0_S31_pNP	15	15	30	0	31	C186H290N16O246S31	7674.201646
HS_HexA15_HexN15_Ac0_S32_pNP	15	15	30	0	32	C186H290N16O249S32	7754.158461
HS_HexA15_HexN15_Ac0_S33_pNP	15	15	30	0	33	C186H290N16O252S33	7834.115276
HS_HexA15_HexN15_Ac0_S34_pNP	15	15	30	0	34	C186H290N16O255S34	7914.072091
HS_HexA15_HexN15_Ac0_S35_pNP	15	15	30	0	35	C186H290N16O258S35	7994.028906
HS_HexA15_HexN15_Ac0_S36_pNP	15	15	30	0	36	C186H290N16O261S36	8073.985721
HS_HexA15_HexN15_Ac0_S37_pNP	15	15	30	0	37	C186H290N16O264S37	8153.942536
HS_HexA15_HexN15_Ac0_S38_pNP	15	15	30	0	38	C186H290N16O267S38	8233.899351
HS_HexA15_HexN15_Ac0_S39_pNP	15	15	30	0	39	C186H290N16O270S39	8313.856167
HS_HexA15_HexN15_Ac0_S40_pNP	15	15	30	0	40	C186H290N16O273S40	8393.812982
HS_HexA15_HexN15_Ac0_S41_pNP	15	15	30	0	41	C186H290N16O276S41	8473.769797
HS_HexA15_HexN15_Ac0_S42_pNP	15	15	30	0	42	C186H290N16O279S42	8553.726612
HS_HexA15_HexN15_Ac0_S43_pNP	15	15	30	0	43	C186H290N16O282S43	8633.683427
HS_HexA15_HexN15_Ac0_S44_pNP	15	15	30	0	44	C186H290N16O285S44	8713.640242
HS_HexA15_HexN15_Ac0_S45_pNP	15	15	30	0	45	C186H290N16O288S45	8793.597057
HS_HexA15_HexN15_Ac1_S0_pNP	15	15	30	1	0	C188H292N16O154	5237.550945
HS_HexA15_HexN15_Ac1_S1_pNP	15	15	30	1	1	C188H292N16O157S	5317.507760
HS_HexA15_HexN15_Ac1_S2_pNP	15	15	30	1	2	C188H292N16O160S2	5397.464575
HS_HexA15_HexN15_Ac1_S3_pNP	15	15	30	1	3	C188H292N16O163S3	5477.421390
HS_HexA15_HexN15_Ac1_S4_pNP	15	15	30	1	4	C188H292N16O166S4	5557.378205
HS_HexA15_HexN15_Ac1_S5_pNP	15	15	30	1	5	C188H292N16O169S5	5637.335020
HS_HexA15_HexN15_Ac1_S6_pNP	15	15	30	1	6	C188H292N16O172S6	5717.291835
HS_HexA15_HexN15_Ac1_S7_pNP	15	15	30	1	7	C188H292N16O175S7	5797.248650
HS_HexA15_HexN15_Ac1_S8_pNP	15	15	30	1	8	C188H292N16O178S8	5877.205465
HS_HexA15_HexN15_Ac1_S9_pNP	15	15	30	1	9	C188H292N16O181S9	5957.162280
HS_HexA15_HexN15_Ac1_S10_pNP	15	15	30	1	10	C188H292N16O184S10	6037.119095
HS_HexA15_HexN15_Ac1_S11_pNP	15	15	30	1	11	C188H292N16O187S11	6117.075910
HS_HexA15_HexN15_Ac1_S12_pNP	15	15	30	1	12	C188H292N16O190S12	6197.032725
HS_HexA15_HexN15_Ac1_S13_pNP	15	15	30	1	13	C188H292N16O193S13	6276.989540
HS_HexA15_HexN15_Ac1_S14_pNP	15	15	30	1	14	C188H292N16O196S14	6356.946355
HS_HexA15_HexN15_Ac1_S15_pNP	15	15	30	1	15	C188H292N16O199S15	6436.903170
HS_HexA15_HexN15_Ac1_S16_pNP	15	15	30	1	16	C188H292N16O202S16	6516.859985
HS_HexA15_HexN15_Ac1_S17_pNP	15	15	30	1	17	C188H292N16O205S17	6596.816800
HS_HexA15_HexN15_Ac1_S18_pNP	15	15	30	1	18	C188H292N16O208S18	6676.773615
HS_HexA15_HexN15_Ac1_S19_pNP	15	15	30	1	19	C188H292N16O211S19	6756.730431
HS_HexA15_HexN15_Ac1_S20_pNP	15	15	30	1	20	C188H292N16O214S20	6836.687246
HS_HexA15_HexN15_Ac1_S21_pNP	15	15	30	1	21	C188H292N16O217S21	6916.644061
HS_HexA15_HexN15_Ac1_S22_pNP	15	15	30	1	22	C188H292N16O220S22	6996.600876
HS_HexA15_HexN15_Ac1_S23_pNP	15	15	30	1	23	C188H292N16O223S23	7076.557691
HS_HexA15_HexN15_Ac1_S24_pNP	15	15	30	1	24	C188H292N16O226S24	7156.514506
HS_HexA15_HexN15_Ac1_S25_pNP	15	15	30	1	25	C188H292N16O229S25	7236.471321
HS_HexA15_HexN15_Ac1_S26_pNP	15	15	30	1	26	C188H292N16O232S26	7316.428136
HS_HexA15_HexN15_Ac1_S27_pNP	15	15	30	1	27	C188H292N16O235S27	7396.384951
HS_HexA15_HexN15_Ac1_S28_pNP	15	15	30	1	28	C188H292N16O238S28	7476.341766
HS_HexA15_HexN15_Ac1_S29_pNP	15	15	30	1	29	C188H292N16O241S29	7556.298581
HS_HexA15_HexN15_Ac1_S30_pNP	15	15	30	1	30	C188H292N16O244S30	7636.255396
HS_HexA15_HexN15_Ac1_S31_pNP	15	15	30	1	31	C188H292N16O247S31	7716.212211
HS_HexA15_HexN15_Ac1_S32_pNP	15	15	30	1	32	C188H292N16O250S32	7796.169026
HS_HexA15_HexN15_Ac1_S33_pNP	15	15	30	1	33	C188H292N16O253S33	7876.125841
HS_HexA15_HexN15_Ac1_S34_pNP	15	15	30	1	34	C188H292N16O256S34	7956.082656
HS_HexA15_HexN15_Ac1_S35_pNP	15	15	30	1	35	C188H292N16O259S35	8036.039471
HS_HexA15_HexN15_Ac1_S36_pNP	15	15	30	1	36	C188H292N16O262S36	8115.996286
HS_HexA15_HexN15_Ac1_S37_pNP	15	15	30	1	37	C188H292N16O265S37	8195.953101
HS_HexA15_HexN15_Ac1_S38_pNP	15	15	30	1	38	C188H292N16O268S38	8275.909916
HS_HexA15_HexN15_Ac1_S39_pNP	15	15	30	1	39	C188H292N16O271S39	8355.866731
HS_HexA15_HexN15_Ac1_S40_pNP	15	15	30	1	40	C188H292N16O274S40	8435.823546
HS_HexA15_HexN15_Ac1_S41_pNP	15	15	30	1	41	C188H292N16O277S41	8515.780361
HS_HexA15_HexN15_Ac1_S42_pNP	15	15	30	1	42	C188H292N16O280S42	8595.737176
HS_HexA15_HexN15_Ac1_S43_pNP	15	15	30	1	43	C188H292N16O283S43	8675.693991
HS_HexA15_HexN15_Ac1_S44_pNP	15	15	30	1	44	C188H292N16O286S44	8755.650806
HS_HexA15_HexN15_Ac1_S45_pNP	15	15	30	1	45	C188H292N16O289S45	8835.607621
HS_HexA15_HexN15_Ac2_S0_pNP	15	15	30	2	0	C190H294N16O155	5279.561510
HS_HexA15_HexN15_Ac2_S1_pNP	15	15	30	2	1	C190H294N16O158S	5359.518325
HS_HexA15_HexN15_Ac2_S2_pNP	15	15	30	2	2	C190H294N16O161S2	5439.475140
HS_HexA15_HexN15_Ac2_S3_pNP	15	15	30	2	3	C190H294N16O164S3	5519.431955
HS_HexA15_HexN15_Ac2_S4_pNP	15	15	30	2	4	C190H294N16O167S4	5599.388770
HS_HexA15_HexN15_Ac2_S5_pNP	15	15	30	2	5	C190H294N16O170S5	5679.345585
HS_HexA15_HexN15_Ac2_S6_pNP	15	15	30	2	6	C190H294N16O173S6	5759.302400
HS_HexA15_HexN15_Ac2_S7_pNP	15	15	30	2	7	C190H294N16O176S7	5839.259215
HS_HexA15_HexN15_Ac2_S8_pNP	15	15	30	2	8	C190H294N16O179S8	5919.216030
HS_HexA15_HexN15_Ac2_S9_pNP	15	15	30	2	9	C190H294N16O182S9	5999.172845
HS_HexA15_HexN15_Ac2_S10_pNP	15	15	30	2	10	C190H294N16O185S10	6079.129660
HS_HexA15_HexN15_Ac2_S11_pNP	15	15	30	2	11	C190H294N16O188S11	6159.086475
HS_HexA15_HexN15_Ac2_S12_pNP	15	15	30	2	12	C190H294N16O191S12	6239.043290
HS_HexA15_HexN15_Ac2_S13_pNP	15	15	30	2	13	C190H294N16O194S13	6319.000105
HS_HexA15_HexN15_Ac2_S14_pNP	15	15	30	2	14	C190H294N16O197S14	6398.956920
HS_HexA15_HexN15_Ac2_S15_pNP	15	15	30	2	15	C190H294N16O200S15	6478.913735
HS_HexA15_HexN15_Ac2_S16_pNP	15	15	30	2	16	C190H294N16O203S16	6558.870550
HS_HexA15_HexN15_Ac2_S17_pNP	15	15	30	2	17	C190H294N16O206S17	6638.827365
HS_HexA15_HexN15_Ac2_S18_pNP	15	15	30	2	18	C190H294N16O209S18	6718.784180
HS_HexA15_HexN15_Ac2_S19_pNP	15	15	30	2	19	C190H294N16O212S19	6798.740995
HS_HexA15_HexN15_Ac2_S20_pNP	15	15	30	2	20	C190H294N16O215S20	6878.697810
HS_HexA15_HexN15_Ac2_S21_pNP	15	15	30	2	21	C190H294N16O218S21	6958.654625
HS_HexA15_HexN15_Ac2_S22_pNP	15	15	30	2	22	C190H294N16O221S22	7038.611440
HS_HexA15_HexN15_Ac2_S23_pNP	15	15	30	2	23	C190H294N16O224S23	7118.568255
HS_HexA15_HexN15_Ac2_S24_pNP	15	15	30	2	24	C190H294N16O227S24	7198.525070
HS_HexA15_HexN15_Ac2_S25_pNP	15	15	30	2	25	C190H294N16O230S25	7278.481885
HS_HexA15_HexN15_Ac2_S26_pNP	15	15	30	2	26	C190H294N16O233S26	7358.438700
HS_HexA15_HexN15_Ac2_S27_pNP	15	15	30	2	27	C190H294N16O236S27	7438.395515
HS_HexA15_HexN15_Ac2_S28_pNP	15	15	30	2	28	C190H294N16O239S28	7518.352331
HS_HexA15_HexN15_Ac2_S29_pNP	15	15	30	2	29	C190H294N16O242S29	7598.309146
HS_HexA15_HexN15_Ac2_S30_pNP	15	15	30	2	30	C190H294N16O245S30	7678.265961
HS_HexA15_HexN15_Ac2_S31_pNP	15	15	30	2	31	C190H294N16O248S31	7758.222776
HS_HexA15_HexN15_Ac2_S32_pNP	15	15	30	2	32	C190H294N16O251S32	7838.179591
HS_HexA15_HexN15_Ac2_S33_pNP	15	15	30	2	33	C190H294N16O254S33	7918.136406
HS_HexA15_HexN15_Ac2_S34_pNP	15	15	30	2	34	C190H294N16O257S34	7998.093221
HS_HexA15_HexN15_Ac2_S35_pNP	15	15	30	2	35	C190H294N16O260S35	8078.050036
HS_HexA15_HexN15_Ac2_S36_pNP	15	15	30	2	36	C190H294N16O263S36	8158.006851
HS_HexA15_HexN15_Ac2_S37_pNP	15	15	30	2	37	C190H294N16O266S37	8237.963666
HS_HexA15_HexN15_Ac2_S38_pNP	15	15	30	2	38	C190H294N16O269S38	8317.920481
HS_HexA15_HexN15_Ac2_S39_pNP	15	15	30	2	39	C190H294N16O272S39	8397.877296
HS_HexA15_HexN15_Ac2_S40_pNP	15	15	30	2	40	C190H294N16O275S40	8477.834111
HS_HexA15_HexN15_Ac2_S41_pNP	15	15	30	2	41	C190H294N16O278S41	8557.790926
HS_HexA15_HexN15_Ac2_S42_pNP	15	15	30	2	42	C190H294N16O281S42	8637.747741
HS_HexA15_HexN15_Ac2_S43_pNP	15	15	30	2	43	C190H294N16O284S43	8717.704556
HS_HexA15_HexN15_Ac2_S44_pNP	15	15	30	2	44	C190H294N16O287S44	8797.661371
HS_HexA15_HexN15_Ac2_S45_pNP	15	15	30	2	45	C190H294N16O290S45	8877.618186
HS_HexA15_HexN15_Ac3_S0_pNP	15	15	30	3	0	C192H296N16O156	5321.572074
HS_HexA15_HexN15_Ac3_S1_pNP	15	15	30	3	1	C192H296N16O159S	5401.528889
HS_HexA15_HexN15_Ac3_S2_pNP	15	15	30	3	2	C192H296N16O162S2	5481.485704
HS_HexA15_HexN15_Ac3_S3_pNP	15	15	30	3	3	C192H296N16O165S3	5561.442519
HS_HexA15_HexN15_Ac3_S4_pNP	15	15	30	3	4	C192H296N16O168S4	5641.399334
HS_HexA15_HexN15_Ac3_S5_pNP	15	15	30	3	5	C192H296N16O171S5	5721.356149
HS_HexA15_HexN15_Ac3_S6_pNP	15	15	30	3	6	C192H296N16O174S6	5801.312964
HS_HexA15_HexN15_Ac3_S7_pNP	15	15	30	3	7	C192H296N16O177S7	5881.269779
HS_HexA15_HexN15_Ac3_S8_pNP	15	15	30	3	8	C192H296N16O180S8	5961.226595
HS_HexA15_HexN15_Ac3_S9_pNP	15	15	30	3	9	C192H296N16O183S9	6041.183410
HS_HexA15_HexN15_Ac3_S10_pNP	15	15	30	3	10	C192H296N16O186S10	6121.140225
HS_HexA15_HexN15_Ac3_S11_pNP	15	15	30	3	11	C192H296N16O189S11	6201.097040
HS_HexA15_HexN15_Ac3_S12_pNP	15	15	30	3	12	C192H296N16O192S12	6281.053855
HS_HexA15_HexN15_Ac3_S13_pNP	15	15	30	3	13	C192H296N16O195S13	6361.010670
HS_HexA15_HexN15_Ac3_S14_pNP	15	15	30	3	14	C192H296N16O198S14	6440.967485
HS_HexA15_HexN15_Ac3_S15_pNP	15	15	30	3	15	C192H296N16O201S15	6520.924300
HS_HexA15_HexN15_Ac3_S16_pNP	15	15	30	3	16	C192H296N16O204S16	6600.881115
HS_HexA15_HexN15_Ac3_S17_pNP	15	15	30	3	17	C192H296N16O207S17	6680.837930
HS_HexA15_HexN15_Ac3_S18_pNP	15	15	30	3	18	C192H296N16O210S18	6760.794745
HS_HexA15_HexN15_Ac3_S19_pNP	15	15	30	3	19	C192H296N16O213S19	6840.751560
HS_HexA15_HexN15_Ac3_S20_pNP	15	15	30	3	20	C192H296N16O216S20	6920.708375
HS_HexA15_HexN15_Ac3_S21_pNP	15	15	30	3	21	C192H296N16O219S21	7000.665190
HS_HexA15_HexN15_Ac3_S22_pNP	15	15	30	3	22	C192H296N16O222S22	7080.622005
HS_HexA15_HexN15_Ac3_S23_pNP	15	15	30	3	23	C192H296N16O225S23	7160.578820
HS_HexA15_HexN15_Ac3_S24_pNP	15	15	30	3	24	C192H296N16O228S24	7240.535635
HS_HexA15_HexN15_Ac3_S25_pNP	15	15	30	3	25	C192H296N16O231S25	7320.492450
HS_HexA15_HexN15_Ac3_S26_pNP	15	15	30	3	26	C192H296N16O234S26	7400.449265
HS_HexA15_HexN15_Ac3_S27_pNP	15	15	30	3	27	C192H296N16O237S27	7480.406080
HS_HexA15_HexN15_Ac3_S28_pNP	15	15	30	3	28	C192H296N16O240S28	7560.362895
HS_HexA15_HexN15_Ac3_S29_pNP	15	15	30	3	29	C192H296N16O243S29	7640.319710
HS_HexA15_HexN15_Ac3_S30_pNP	15	15	30	3	30	C192H296N16O246S30	7720.276525
HS_HexA15_HexN15_Ac3_S31_pNP	15	15	30	3	31	C192H296N16O249S31	7800.233340
HS_HexA15_HexN15_Ac3_S32_pNP	15	15	30	3	32	C192H296N16O252S32	7880.190155
HS_HexA15_HexN15_Ac3_S33_pNP	15	15	30	3	33	C192H296N16O255S33	7960.146970
HS_HexA15_HexN15_Ac3_S34_pNP	15	15	30	3	34	C192H296N16O258S34	8040.103785
HS_HexA15_HexN15_Ac3_S35_pNP	15	15	30	3	35	C192H296N16O261S35	8120.060600
HS_HexA15_HexN15_Ac3_S36_pNP	15	15	30	3	36	C192H296N16O264S36	8200.017415
HS_HexA15_HexN15_Ac3_S37_pNP	15	15	30	3	37	C192H296N16O267S37	8279.974230
HS_HexA15_HexN15_Ac3_S38_pNP	15	15	30	3	38	C192H296N16O270S38	8359.931046
HS_HexA15_HexN15_Ac3_S39_pNP	15	15	30	3	39	C192H296N16O273S39	8439.887861
HS_HexA15_HexN15_Ac3_S40_pNP	15	15	30	3	40	C192H296N16O276S40	8519.844676
HS_HexA15_HexN15_Ac3_S41_pNP	15	15	30	3	41	C192H296N16O279S41	8599.801491
HS_HexA15_HexN15_Ac3_S42_pNP	15	15	30	3	42	C192H296N16O282S42	8679.758306
HS_HexA15_HexN15_Ac3_S43_pNP	15	15	30	3	43	C192H296N16O285S43	8759.715121
HS_HexA15_HexN15_Ac3_S44_pNP	15	15	30	3	44	C192H296N16O288S44	8839.671936
HS_HexA15_HexN15_Ac3_S45_pNP	15	15	30	3	45	C192H296N16O291S45	8919.628751
HS_HexA15_HexN15_Ac4_S0_pNP	15	15	30	4	0	C194H298N16O157	5363.582639
HS_HexA15_HexN15_Ac4_S1_pNP	15	15	30	4	1	C194H298N16O160S	5443.539454
HS_HexA15_HexN15_Ac4_S2_pNP	15	15	30	4	2	C194H298N16O163S2	5523.496269
HS_HexA15_HexN15_Ac4_S3_pNP	15	15	30	4	3	C194H298N16O166S3	5603.453084
HS_HexA15_HexN15_Ac4_S4_pNP	15	15	30	4	4	C194H298N16O169S4	5683.409899
HS_HexA15_HexN15_Ac4_S5_pNP	15	15	30	4	5	C194H298N16O172S5	5763.366714
HS_HexA15_HexN15_Ac4_S6_pNP	15	15	30	4	6	C194H298N16O175S6	5843.323529
HS_HexA15_HexN15_Ac4_S7_pNP	15	15	30	4	7	C194H298N16O178S7	5923.280344
HS_HexA15_HexN15_Ac4_S8_pNP	15	15	30	4	8	C194H298N16O181S8	6003.237159
HS_HexA15_HexN15_Ac4_S9_pNP	15	15	30	4	9	C194H298N16O184S9	6083.193974
HS_HexA15_HexN15_Ac4_S10_pNP	15	15	30	4	10	C194H298N16O187S10	6163.150789
HS_HexA15_HexN15_Ac4_S11_pNP	15	15	30	4	11	C194H298N16O190S11	6243.107604
HS_HexA15_HexN15_Ac4_S12_pNP	15	15	30	4	12	C194H298N16O193S12	6323.064419
HS_HexA15_HexN15_Ac4_S13_pNP	15	15	30	4	13	C194H298N16O196S13	6403.021234
HS_HexA15_HexN15_Ac4_S14_pNP	15	15	30	4	14	C194H298N16O199S14	6482.978049
HS_HexA15_HexN15_Ac4_S15_pNP	15	15	30	4	15	C194H298N16O202S15	6562.934864
HS_HexA15_HexN15_Ac4_S16_pNP	15	15	30	4	16	C194H298N16O205S16	6642.891679
HS_HexA15_HexN15_Ac4_S17_pNP	15	15	30	4	17	C194H298N16O208S17	6722.848495
HS_HexA15_HexN15_Ac4_S18_pNP	15	15	30	4	18	C194H298N16O211S18	6802.805310
HS_HexA15_HexN15_Ac4_S19_pNP	15	15	30	4	19	C194H298N16O214S19	6882.762125
HS_HexA15_HexN15_Ac4_S20_pNP	15	15	30	4	20	C194H298N16O217S20	6962.718940
HS_HexA15_HexN15_Ac4_S21_pNP	15	15	30	4	21	C194H298N16O220S21	7042.675755
HS_HexA15_HexN15_Ac4_S22_pNP	15	15	30	4	22	C194H298N16O223S22	7122.632570
HS_HexA15_HexN15_Ac4_S23_pNP	15	15	30	4	23	C194H298N16O226S23	7202.589385
HS_HexA15_HexN15_Ac4_S24_pNP	15	15	30	4	24	C194H298N16O229S24	7282.546200
HS_HexA15_HexN15_Ac4_S25_pNP	15	15	30	4	25	C194H298N16O232S25	7362.503015
HS_HexA15_HexN15_Ac4_S26_pNP	15	15	30	4	26	C194H298N16O235S26	7442.459830
HS_HexA15_HexN15_Ac4_S27_pNP	15	15	30	4	27	C194H298N16O238S27	7522.416645
HS_HexA15_HexN15_Ac4_S28_pNP	15	15	30	4	28	C194H298N16O241S28	7602.373460
HS_HexA15_HexN15_Ac4_S29_pNP	15	15	30	4	29	C194H298N16O244S29	7682.330275
HS_HexA15_HexN15_Ac4_S30_pNP	15	15	30	4	30	C194H298N16O247S30	7762.287090
HS_HexA15_HexN15_Ac4_S31_pNP	15	15	30	4	31	C194H298N16O250S31	7842.243905
HS_HexA15_HexN15_Ac4_S32_pNP	15	15	30	4	32	C194H298N16O253S32	7922.200720
HS_HexA15_HexN15_Ac4_S33_pNP	15	15	30	4	33	C194H298N16O256S33	8002.157535
HS_HexA15_HexN15_Ac4_S34_pNP	15	15	30	4	34	C194H298N16O259S34	8082.114350
HS_HexA15_HexN15_Ac4_S35_pNP	15	15	30	4	35	C194H298N16O262S35	8162.071165
HS_HexA15_HexN15_Ac4_S36_pNP	15	15	30	4	36	C194H298N16O265S36	8242.027980
HS_HexA15_HexN15_Ac4_S37_pNP	15	15	30	4	37	C194H298N16O268S37	8321.984795
HS_HexA15_HexN15_Ac4_S38_pNP	15	15	30	4	38	C194H298N16O271S38	8401.941610
HS_HexA15_HexN15_Ac4_S39_pNP	15	15	30	4	39	C194H298N16O274S39	8481.898425
HS_HexA15_HexN15_Ac4_S40_pNP	15	15	30	4	40	C194H298N16O277S40	8561.855240
HS_HexA15_HexN15_Ac4_S41_pNP	15	15	30	4	41	C194H298N16O280S41	8641.812055
HS_HexA15_HexN15_Ac4_S42_pNP	15	15	30	4	42	C194H298N16O283S42	8721.768870
HS_HexA15_HexN15_Ac4_S43_pNP	15	15	30	4	43	C194H298N16O286S43	8801.725685
HS_HexA15_HexN15_Ac4_S44_pNP	15	15	30	4	44	C194H298N16O289S44	8881.682500
HS_HexA15_HexN15_Ac4_S45_pNP	15	15	30	4	45	C194H298N16O292S45	8961.639315
HS_HexA15_HexN15_Ac5_S0_pNP	15	15	30	5	0	C196H300N16O158	5405.593204
HS_HexA15_HexN15_Ac5_S1_pNP	15	15	30	5	1	C196H300N16O161S	5485.550019
HS_HexA15_HexN15_Ac5_S2_pNP	15	15	30	5	2	C196H300N16O164S2	5565.506834
HS_HexA15_HexN15_Ac5_S3_pNP	15	15	30	5	3	C196H300N16O167S3	5645.463649
HS_HexA15_HexN15_Ac5_S4_pNP	15	15	30	5	4	C196H300N16O170S4	5725.420464
HS_HexA15_HexN15_Ac5_S5_pNP	15	15	30	5	5	C196H300N16O173S5	5805.377279
HS_HexA15_HexN15_Ac5_S6_pNP	15	15	30	5	6	C196H300N16O176S6	5885.334094
HS_HexA15_HexN15_Ac5_S7_pNP	15	15	30	5	7	C196H300N16O179S7	5965.290909
HS_HexA15_HexN15_Ac5_S8_pNP	15	15	30	5	8	C196H300N16O182S8	6045.247724
HS_HexA15_HexN15_Ac5_S9_pNP	15	15	30	5	9	C196H300N16O185S9	6125.204539
HS_HexA15_HexN15_Ac5_S10_pNP	15	15	30	5	10	C196H300N16O188S10	6205.161354
HS_HexA15_HexN15_Ac5_S11_pNP	15	15	30	5	11	C196H300N16O191S11	6285.118169
HS_HexA15_HexN15_Ac5_S12_pNP	15	15	30	5	12	C196H300N16O194S12	6365.074984
HS_HexA15_HexN15_Ac5_S13_pNP	15	15	30	5	13	C196H300N16O197S13	6445.031799
HS_HexA15_HexN15_Ac5_S14_pNP	15	15	30	5	14	C196H300N16O200S14	6524.988614
HS_HexA15_HexN15_Ac5_S15_pNP	15	15	30	5	15	C196H300N16O203S15	6604.945429
HS_HexA15_HexN15_Ac5_S16_pNP	15	15	30	5	16	C196H300N16O206S16	6684.902244
HS_HexA15_HexN15_Ac5_S17_pNP	15	15	30	5	17	C196H300N16O209S17	6764.859059
HS_HexA15_HexN15_Ac5_S18_pNP	15	15	30	5	18	C196H300N16O212S18	6844.815874
HS_HexA15_HexN15_Ac5_S19_pNP	15	15	30	5	19	C196H300N16O215S19	6924.772689
HS_HexA15_HexN15_Ac5_S20_pNP	15	15	30	5	20	C196H300N16O218S20	7004.729504
HS_HexA15_HexN15_Ac5_S21_pNP	15	15	30	5	21	C196H300N16O221S21	7084.686319
HS_HexA15_HexN15_Ac5_S22_pNP	15	15	30	5	22	C196H300N16O224S22	7164.643134
HS_HexA15_HexN15_Ac5_S23_pNP	15	15	30	5	23	C196H300N16O227S23	7244.599949
HS_HexA15_HexN15_Ac5_S24_pNP	15	15	30	5	24	C196H300N16O230S24	7324.556764
HS_HexA15_HexN15_Ac5_S25_pNP	15	15	30	5	25	C196H300N16O233S25	7404.513579
HS_HexA15_HexN15_Ac5_S26_pNP	15	15	30	5	26	C196H300N16O236S26	7484.470394
HS_HexA15_HexN15_Ac5_S27_pNP	15	15	30	5	27	C196H300N16O239S27	7564.427210
HS_HexA15_HexN15_Ac5_S28_pNP	15	15	30	5	28	C196H300N16O242S28	7644.384025
HS_HexA15_HexN15_Ac5_S29_pNP	15	15	30	5	29	C196H300N16O245S29	7724.340840
HS_HexA15_HexN15_Ac5_S30_pNP	15	15	30	5	30	C196H300N16O248S30	7804.297655
HS_HexA15_HexN15_Ac5_S31_pNP	15	15	30	5	31	C196H300N16O251S31	7884.254470
HS_HexA15_HexN15_Ac5_S32_pNP	15	15	30	5	32	C196H300N16O254S32	7964.211285
HS_HexA15_HexN15_Ac5_S33_pNP	15	15	30	5	33	C196H300N16O257S33	8044.168100
HS_HexA15_HexN15_Ac5_S34_pNP	15	15	30	5	34	C196H300N16O260S34	8124.124915
HS_HexA15_HexN15_Ac5_S35_pNP	15	15	30	5	35	C196H300N16O263S35	8204.081730
HS_HexA15_HexN15_Ac5_S36_pNP	15	15	30	5	36	C196H300N16O266S36	8284.038545
HS_HexA15_HexN15_Ac5_S37_pNP	15	15	30	5	37	C196H300N16O269S37	8363.995360
HS_HexA15_HexN15_Ac5_S38_pNP	15	15	30	5	38	C196H300N16O272S38	8443.952175
HS_HexA15_HexN15_Ac5_S39_pNP	15	15	30	5	39	C196H300N16O275S39	8523.908990
HS_HexA15_HexN15_Ac5_S40_pNP	15	15	30	5	40	C196H300N16O278S40	8603.865805
HS_HexA15_HexN15_Ac5_S41_pNP	15	15	30	5	41	C196H300N16O281S41	8683.822620
HS_HexA15_HexN15_Ac5_S42_pNP	15	15	30	5	42	C196H300N16O284S42	8763.779435
HS_HexA15_HexN15_Ac5_S43_pNP	15	15	30	5	43	C196H300N16O287S43	8843.736250
HS_HexA15_HexN15_Ac5_S44_pNP	15	15	30	5	44	C196H300N16O290S44	8923.693065
HS_HexA15_HexN15_Ac5_S45_pNP	15	15	30	5	45	C196H300N16O293S45	9003.649880
HS_HexA15_HexN15_Ac6_S0_pNP	15	15	30	6	0	C198H302N16O159	5447.603768
HS_HexA15_HexN15_Ac6_S1_pNP	15	15	30	6	1	C198H302N16O162S	5527.560583
HS_HexA15_HexN15_Ac6_S2_pNP	15	15	30	6	2	C198H302N16O165S2	5607.517398
HS_HexA15_HexN15_Ac6_S3_pNP	15	15	30	6	3	C198H302N16O168S3	5687.474213
HS_HexA15_HexN15_Ac6_S4_pNP	15	15	30	6	4	C198H302N16O171S4	5767.431028
HS_HexA15_HexN15_Ac6_S5_pNP	15	15	30	6	5	C198H302N16O174S5	5847.387843
HS_HexA15_HexN15_Ac6_S6_pNP	15	15	30	6	6	C198H302N16O177S6	5927.344659
HS_HexA15_HexN15_Ac6_S7_pNP	15	15	30	6	7	C198H302N16O180S7	6007.301474
HS_HexA15_HexN15_Ac6_S8_pNP	15	15	30	6	8	C198H302N16O183S8	6087.258289
HS_HexA15_HexN15_Ac6_S9_pNP	15	15	30	6	9	C198H302N16O186S9	6167.215104
HS_HexA15_HexN15_Ac6_S10_pNP	15	15	30	6	10	C198H302N16O189S10	6247.171919
HS_HexA15_HexN15_Ac6_S11_pNP	15	15	30	6	11	C198H302N16O192S11	6327.128734
HS_HexA15_HexN15_Ac6_S12_pNP	15	15	30	6	12	C198H302N16O195S12	6407.085549
HS_HexA15_HexN15_Ac6_S13_pNP	15	15	30	6	13	C198H302N16O198S13	6487.042364
HS_HexA15_HexN15_Ac6_S14_pNP	15	15	30	6	14	C198H302N16O201S14	6566.999179
HS_HexA15_HexN15_Ac6_S15_pNP	15	15	30	6	15	C198H302N16O204S15	6646.955994
HS_HexA15_HexN15_Ac6_S16_pNP	15	15	30	6	16	C198H302N16O207S16	6726.912809
HS_HexA15_HexN15_Ac6_S17_pNP	15	15	30	6	17	C198H302N16O210S17	6806.869624
HS_HexA15_HexN15_Ac6_S18_pNP	15	15	30	6	18	C198H302N16O213S18	6886.826439
HS_HexA15_HexN15_Ac6_S19_pNP	15	15	30	6	19	C198H302N16O216S19	6966.783254
HS_HexA15_HexN15_Ac6_S20_pNP	15	15	30	6	20	C198H302N16O219S20	7046.740069
HS_HexA15_HexN15_Ac6_S21_pNP	15	15	30	6	21	C198H302N16O222S21	7126.696884
HS_HexA15_HexN15_Ac6_S22_pNP	15	15	30	6	22	C198H302N16O225S22	7206.653699
HS_HexA15_HexN15_Ac6_S23_pNP	15	15	30	6	23	C198H302N16O228S23	7286.610514
HS_HexA15_HexN15_Ac6_S24_pNP	15	15	30	6	24	C198H302N16O231S24	7366.567329
HS_HexA15_HexN15_Ac6_S25_pNP	15	15	30	6	25	C198H302N16O234S25	7446.524144
HS_HexA15_HexN15_Ac6_S26_pNP	15	15	30	6	26	C198H302N16O237S26	7526.480959
HS_HexA15_HexN15_Ac6_S27_pNP	15	15	30	6	27	C198H302N16O240S27	7606.437774
HS_HexA15_HexN15_Ac6_S28_pNP	15	15	30	6	28	C198H302N16O243S28	7686.394589
HS_HexA15_HexN15_Ac6_S29_pNP	15	15	30	6	29	C198H302N16O246S29	7766.351404
HS_HexA15_HexN15_Ac6_S30_pNP	15	15	30	6	30	C198H302N16O249S30	7846.308219
HS_HexA15_HexN15_Ac6_S31_pNP	15	15	30	6	31	C198H302N16O252S31	7926.265034
HS_HexA15_HexN15_Ac6_S32_pNP	15	15	30	6	32	C198H302N16O255S32	8006.221849
HS_HexA15_HexN15_Ac6_S33_pNP	15	15	30	6	33	C198H302N16O258S33	8086.178664
HS_HexA15_HexN15_Ac6_S34_pNP	15	15	30	6	34	C198H302N16O261S34	8166.135479
HS_HexA15_HexN15_Ac6_S35_pNP	15	15	30	6	35	C198H302N16O264S35	8246.092294
HS_HexA15_HexN15_Ac6_S36_pNP	15	15	30	6	36	C198H302N16O267S36	8326.049110
HS_HexA15_HexN15_Ac6_S37_pNP	15	15	30	6	37	C198H302N16O270S37	8406.005925
HS_HexA15_HexN15_Ac6_S38_pNP	15	15	30	6	38	C198H302N16O273S38	8485.962740
HS_HexA15_HexN15_Ac6_S39_pNP	15	15	30	6	39	C198H302N16O276S39	8565.919555
HS_HexA15_HexN15_Ac6_S40_pNP	15	15	30	6	40	C198H302N16O279S40	8645.876370
HS_HexA15_HexN15_Ac6_S41_pNP	15	15	30	6	41	C198H302N16O282S41	8725.833185
HS_HexA15_HexN15_Ac6_S42_pNP	15	15	30	6	42	C198H302N16O285S42	8805.790000
HS_HexA15_HexN15_Ac6_S43_pNP	15	15	30	6	43	C198H302N16O288S43	8885.746815
HS_HexA15_HexN15_Ac6_S44_pNP	15	15	30	6	44	C198H302N16O291S44	8965.703630
HS_HexA15_HexN15_Ac6_S45_pNP	15	15	30	6	45	C198H302N16O294S45	9045.660445
HS_HexA15_HexN15_Ac7_S0_pNP	15	15	30	7	0	C200H304N16O160	5489.614333
HS_HexA15_HexN15_Ac7_S1_pNP	15	15	30	7	1	C200H304N16O163S	5569.571148
HS_HexA15_HexN15_Ac7_S2_pNP	15	15	30	7	2	C200H304N16O166S2	5649.527963
HS_HexA15_HexN15_Ac7_S3_pNP	15	15	30	7	3	C200H304N16O169S3	5729.484778
HS_HexA15_HexN15_Ac7_S4_pNP	15	15	30	7	4	C200H304N16O172S4	5809.441593
HS_HexA15_HexN15_Ac7_S5_pNP	15	15	30	7	5	C200H304N16O175S5	5889.398408
HS_HexA15_HexN15_Ac7_S6_pNP	15	15	30	7	6	C200H304N16O178S6	5969.355223
HS_HexA15_HexN15_Ac7_S7_pNP	15	15	30	7	7	C200H304N16O181S7	6049.312038
HS_HexA15_HexN15_Ac7_S8_pNP	15	15	30	7	8	C200H304N16O184S8	6129.268853
HS_HexA15_HexN15_Ac7_S9_pNP	15	15	30	7	9	C200H304N16O187S9	6209.225668
HS_HexA15_HexN15_Ac7_S10_pNP	15	15	30	7	10	C200H304N16O190S10	6289.182483
HS_HexA15_HexN15_Ac7_S11_pNP	15	15	30	7	11	C200H304N16O193S11	6369.139298
HS_HexA15_HexN15_Ac7_S12_pNP	15	15	30	7	12	C200H304N16O196S12	6449.096113
HS_HexA15_HexN15_Ac7_S13_pNP	15	15	30	7	13	C200H304N16O199S13	6529.052928
HS_HexA15_HexN15_Ac7_S14_pNP	15	15	30	7	14	C200H304N16O202S14	6609.009743
HS_HexA15_HexN15_Ac7_S15_pNP	15	15	30	7	15	C200H304N16O205S15	6688.966558
HS_HexA15_HexN15_Ac7_S16_pNP	15	15	30	7	16	C200H304N16O208S16	6768.923374
HS_HexA15_HexN15_Ac7_S17_pNP	15	15	30	7	17	C200H304N16O211S17	6848.880189
HS_HexA15_HexN15_Ac7_S18_pNP	15	15	30	7	18	C200H304N16O214S18	6928.837004
HS_HexA15_HexN15_Ac7_S19_pNP	15	15	30	7	19	C200H304N16O217S19	7008.793819
HS_HexA15_HexN15_Ac7_S20_pNP	15	15	30	7	20	C200H304N16O220S20	7088.750634
HS_HexA15_HexN15_Ac7_S21_pNP	15	15	30	7	21	C200H304N16O223S21	7168.707449
HS_HexA15_HexN15_Ac7_S22_pNP	15	15	30	7	22	C200H304N16O226S22	7248.664264
HS_HexA15_HexN15_Ac7_S23_pNP	15	15	30	7	23	C200H304N16O229S23	7328.621079
HS_HexA15_HexN15_Ac7_S24_pNP	15	15	30	7	24	C200H304N16O232S24	7408.577894
HS_HexA15_HexN15_Ac7_S25_pNP	15	15	30	7	25	C200H304N16O235S25	7488.534709
HS_HexA15_HexN15_Ac7_S26_pNP	15	15	30	7	26	C200H304N16O238S26	7568.491524
HS_HexA15_HexN15_Ac7_S27_pNP	15	15	30	7	27	C200H304N16O241S27	7648.448339
HS_HexA15_HexN15_Ac7_S28_pNP	15	15	30	7	28	C200H304N16O244S28	7728.405154
HS_HexA15_HexN15_Ac7_S29_pNP	15	15	30	7	29	C200H304N16O247S29	7808.361969
HS_HexA15_HexN15_Ac7_S30_pNP	15	15	30	7	30	C200H304N16O250S30	7888.318784
HS_HexA15_HexN15_Ac7_S31_pNP	15	15	30	7	31	C200H304N16O253S31	7968.275599
HS_HexA15_HexN15_Ac7_S32_pNP	15	15	30	7	32	C200H304N16O256S32	8048.232414
HS_HexA15_HexN15_Ac7_S33_pNP	15	15	30	7	33	C200H304N16O259S33	8128.189229
HS_HexA15_HexN15_Ac7_S34_pNP	15	15	30	7	34	C200H304N16O262S34	8208.146044
HS_HexA15_HexN15_Ac7_S35_pNP	15	15	30	7	35	C200H304N16O265S35	8288.102859
HS_HexA15_HexN15_Ac7_S36_pNP	15	15	30	7	36	C200H304N16O268S36	8368.059674
HS_HexA15_HexN15_Ac7_S37_pNP	15	15	30	7	37	C200H304N16O271S37	8448.016489
HS_HexA15_HexN15_Ac7_S38_pNP	15	15	30	7	38	C200H304N16O274S38	8527.973304
HS_HexA15_HexN15_Ac7_S39_pNP	15	15	30	7	39	C200H304N16O277S39	8607.930119
HS_HexA15_HexN15_Ac7_S40_pNP	15	15	30	7	40	C200H304N16O280S40	8687.886934
HS_HexA15_HexN15_Ac7_S41_pNP	15	15	30	7	41	C200H304N16O283S41	8767.843749
HS_HexA15_HexN15_Ac7_S42_pNP	15	15	30	7	42	C200H304N16O286S42	8847.800564
HS_HexA15_HexN15_Ac7_S43_pNP	15	15	30	7	43	C200H304N16O289S43	8927.757379
HS_HexA15_HexN15_Ac7_S44_pNP	15	15	30	7	44	C200H304N16O292S44	9007.714194
HS_HexA15_HexN15_Ac7_S45_pNP	15	15	30	7	45	C200H304N16O295S45	9087.671009
HS_HexA15_HexN15_Ac8_S0_pNP	15	15	30	8	0	C202H306N16O161	5531.624898
HS_HexA15_HexN15_Ac8_S1_pNP	15	15	30	8	1	C202H306N16O164S	5611.581713
HS_HexA15_HexN15_Ac8_S2_pNP	15	15	30	8	2	C202H306N16O167S2	5691.538528
HS_HexA15_HexN15_Ac8_S3_pNP	15	15	30	8	3	C202H306N16O170S3	5771.495343
HS_HexA15_HexN15_Ac8_S4_pNP	15	15	30	8	4	C202H306N16O173S4	5851.452158
HS_HexA15_HexN15_Ac8_S5_pNP	15	15	30	8	5	C202H306N16O176S5	5931.408973
HS_HexA15_HexN15_Ac8_S6_pNP	15	15	30	8	6	C202H306N16O179S6	6011.365788
HS_HexA15_HexN15_Ac8_S7_pNP	15	15	30	8	7	C202H306N16O182S7	6091.322603
HS_HexA15_HexN15_Ac8_S8_pNP	15	15	30	8	8	C202H306N16O185S8	6171.279418
HS_HexA15_HexN15_Ac8_S9_pNP	15	15	30	8	9	C202H306N16O188S9	6251.236233
HS_HexA15_HexN15_Ac8_S10_pNP	15	15	30	8	10	C202H306N16O191S10	6331.193048
HS_HexA15_HexN15_Ac8_S11_pNP	15	15	30	8	11	C202H306N16O194S11	6411.149863
HS_HexA15_HexN15_Ac8_S12_pNP	15	15	30	8	12	C202H306N16O197S12	6491.106678
HS_HexA15_HexN15_Ac8_S13_pNP	15	15	30	8	13	C202H306N16O200S13	6571.063493
HS_HexA15_HexN15_Ac8_S14_pNP	15	15	30	8	14	C202H306N16O203S14	6651.020308
HS_HexA15_HexN15_Ac8_S15_pNP	15	15	30	8	15	C202H306N16O206S15	6730.977123
HS_HexA15_HexN15_Ac8_S16_pNP	15	15	30	8	16	C202H306N16O209S16	6810.933938
HS_HexA15_HexN15_Ac8_S17_pNP	15	15	30	8	17	C202H306N16O212S17	6890.890753
HS_HexA15_HexN15_Ac8_S18_pNP	15	15	30	8	18	C202H306N16O215S18	6970.847568
HS_HexA15_HexN15_Ac8_S19_pNP	15	15	30	8	19	C202H306N16O218S19	7050.804383
HS_HexA15_HexN15_Ac8_S20_pNP	15	15	30	8	20	C202H306N16O221S20	7130.761198
HS_HexA15_HexN15_Ac8_S21_pNP	15	15	30	8	21	C202H306N16O224S21	7210.718013
HS_HexA15_HexN15_Ac8_S22_pNP	15	15	30	8	22	C202H306N16O227S22	7290.674828
HS_HexA15_HexN15_Ac8_S23_pNP	15	15	30	8	23	C202H306N16O230S23	7370.631643
HS_HexA15_HexN15_Ac8_S24_pNP	15	15	30	8	24	C202H306N16O233S24	7450.588458
HS_HexA15_HexN15_Ac8_S25_pNP	15	15	30	8	25	C202H306N16O236S25	7530.545274
HS_HexA15_HexN15_Ac8_S26_pNP	15	15	30	8	26	C202H306N16O239S26	7610.502089
HS_HexA15_HexN15_Ac8_S27_pNP	15	15	30	8	27	C202H306N16O242S27	7690.458904
HS_HexA15_HexN15_Ac8_S28_pNP	15	15	30	8	28	C202H306N16O245S28	7770.415719
HS_HexA15_HexN15_Ac8_S29_pNP	15	15	30	8	29	C202H306N16O248S29	7850.372534
HS_HexA15_HexN15_Ac8_S30_pNP	15	15	30	8	30	C202H306N16O251S30	7930.329349
HS_HexA15_HexN15_Ac8_S31_pNP	15	15	30	8	31	C202H306N16O254S31	8010.286164
HS_HexA15_HexN15_Ac8_S32_pNP	15	15	30	8	32	C202H306N16O257S32	8090.242979
HS_HexA15_HexN15_Ac8_S33_pNP	15	15	30	8	33	C202H306N16O260S33	8170.199794
HS_HexA15_HexN15_Ac8_S34_pNP	15	15	30	8	34	C202H306N16O263S34	8250.156609
HS_HexA15_HexN15_Ac8_S35_pNP	15	15	30	8	35	C202H306N16O266S35	8330.113424
HS_HexA15_HexN15_Ac8_S36_pNP	15	15	30	8	36	C202H306N16O269S36	8410.070239
HS_HexA15_HexN15_Ac8_S37_pNP	15	15	30	8	37	C202H306N16O272S37	8490.027054
HS_HexA15_HexN15_Ac8_S38_pNP	15	15	30	8	38	C202H306N16O275S38	8569.983869
HS_HexA15_HexN15_Ac8_S39_pNP	15	15	30	8	39	C202H306N16O278S39	8649.940684
HS_HexA15_HexN15_Ac8_S40_pNP	15	15	30	8	40	C202H306N16O281S40	8729.897499
HS_HexA15_HexN15_Ac8_S41_pNP	15	15	30	8	41	C202H306N16O284S41	8809.854314
HS_HexA15_HexN15_Ac8_S42_pNP	15	15	30	8	42	C202H306N16O287S42	8889.811129
HS_HexA15_HexN15_Ac8_S43_pNP	15	15	30	8	43	C202H306N16O290S43	8969.767944
HS_HexA15_HexN15_Ac8_S44_pNP	15	15	30	8	44	C202H306N16O293S44	9049.724759
HS_HexA15_HexN15_Ac8_S45_pNP	15	15	30	8	45	C202H306N16O296S45	9129.681574
HS_HexA15_HexN15_Ac9_S0_pNP	15	15	30	9	0	C204H308N16O162	5573.635462
HS_HexA15_HexN15_Ac9_S1_pNP	15	15	30	9	1	C204H308N16O165S	5653.592277
HS_HexA15_HexN15_Ac9_S2_pNP	15	15	30	9	2	C204H308N16O168S2	5733.549092
HS_HexA15_HexN15_Ac9_S3_pNP	15	15	30	9	3	C204H308N16O171S3	5813.505907
HS_HexA15_HexN15_Ac9_S4_pNP	15	15	30	9	4	C204H308N16O174S4	5893.462723
HS_HexA15_HexN15_Ac9_S5_pNP	15	15	30	9	5	C204H308N16O177S5	5973.419538
HS_HexA15_HexN15_Ac9_S6_pNP	15	15	30	9	6	C204H308N16O180S6	6053.376353
HS_HexA15_HexN15_Ac9_S7_pNP	15	15	30	9	7	C204H308N16O183S7	6133.333168
HS_HexA15_HexN15_Ac9_S8_pNP	15	15	30	9	8	C204H308N16O186S8	6213.289983
HS_HexA15_HexN15_Ac9_S9_pNP	15	15	30	9	9	C204H308N16O189S9	6293.246798
HS_HexA15_HexN15_Ac9_S10_pNP	15	15	30	9	10	C204H308N16O192S10	6373.203613
HS_HexA15_HexN15_Ac9_S11_pNP	15	15	30	9	11	C204H308N16O195S11	6453.160428
HS_HexA15_HexN15_Ac9_S12_pNP	15	15	30	9	12	C204H308N16O198S12	6533.117243
HS_HexA15_HexN15_Ac9_S13_pNP	15	15	30	9	13	C204H308N16O201S13	6613.074058
HS_HexA15_HexN15_Ac9_S14_pNP	15	15	30	9	14	C204H308N16O204S14	6693.030873
HS_HexA15_HexN15_Ac9_S15_pNP	15	15	30	9	15	C204H308N16O207S15	6772.987688
HS_HexA15_HexN15_Ac9_S16_pNP	15	15	30	9	16	C204H308N16O210S16	6852.944503
HS_HexA15_HexN15_Ac9_S17_pNP	15	15	30	9	17	C204H308N16O213S17	6932.901318
HS_HexA15_HexN15_Ac9_S18_pNP	15	15	30	9	18	C204H308N16O216S18	7012.858133
HS_HexA15_HexN15_Ac9_S19_pNP	15	15	30	9	19	C204H308N16O219S19	7092.814948
HS_HexA15_HexN15_Ac9_S20_pNP	15	15	30	9	20	C204H308N16O222S20	7172.771763
HS_HexA15_HexN15_Ac9_S21_pNP	15	15	30	9	21	C204H308N16O225S21	7252.728578
HS_HexA15_HexN15_Ac9_S22_pNP	15	15	30	9	22	C204H308N16O228S22	7332.685393
HS_HexA15_HexN15_Ac9_S23_pNP	15	15	30	9	23	C204H308N16O231S23	7412.642208
HS_HexA15_HexN15_Ac9_S24_pNP	15	15	30	9	24	C204H308N16O234S24	7492.599023
HS_HexA15_HexN15_Ac9_S25_pNP	15	15	30	9	25	C204H308N16O237S25	7572.555838
HS_HexA15_HexN15_Ac9_S26_pNP	15	15	30	9	26	C204H308N16O240S26	7652.512653
HS_HexA15_HexN15_Ac9_S27_pNP	15	15	30	9	27	C204H308N16O243S27	7732.469468
HS_HexA15_HexN15_Ac9_S28_pNP	15	15	30	9	28	C204H308N16O246S28	7812.426283
HS_HexA15_HexN15_Ac9_S29_pNP	15	15	30	9	29	C204H308N16O249S29	7892.383098
HS_HexA15_HexN15_Ac9_S30_pNP	15	15	30	9	30	C204H308N16O252S30	7972.339913
HS_HexA15_HexN15_Ac9_S31_pNP	15	15	30	9	31	C204H308N16O255S31	8052.296728
HS_HexA15_HexN15_Ac9_S32_pNP	15	15	30	9	32	C204H308N16O258S32	8132.253543
HS_HexA15_HexN15_Ac9_S33_pNP	15	15	30	9	33	C204H308N16O261S33	8212.210358
HS_HexA15_HexN15_Ac9_S34_pNP	15	15	30	9	34	C204H308N16O264S34	8292.167173
HS_HexA15_HexN15_Ac9_S35_pNP	15	15	30	9	35	C204H308N16O267S35	8372.123989
HS_HexA15_HexN15_Ac9_S36_pNP	15	15	30	9	36	C204H308N16O270S36	8452.080804
HS_HexA15_HexN15_Ac9_S37_pNP	15	15	30	9	37	C204H308N16O273S37	8532.037619
HS_HexA15_HexN15_Ac9_S38_pNP	15	15	30	9	38	C204H308N16O276S38	8611.994434
HS_HexA15_HexN15_Ac9_S39_pNP	15	15	30	9	39	C204H308N16O279S39	8691.951249
HS_HexA15_HexN15_Ac9_S40_pNP	15	15	30	9	40	C204H308N16O282S40	8771.908064
HS_HexA15_HexN15_Ac9_S41_pNP	15	15	30	9	41	C204H308N16O285S41	8851.864879
HS_HexA15_HexN15_Ac9_S42_pNP	15	15	30	9	42	C204H308N16O288S42	8931.821694
HS_HexA15_HexN15_Ac9_S43_pNP	15	15	30	9	43	C204H308N16O291S43	9011.778509
HS_HexA15_HexN15_Ac9_S44_pNP	15	15	30	9	44	C204H308N16O294S44	9091.735324
HS_HexA15_HexN15_Ac9_S45_pNP	15	15	30	9	45	C204H308N16O297S45	9171.692139
HS_HexA15_HexN15_Ac10_S0_pNP	15	15	30	10	0	C206H310N16O163	5615.646027
HS_HexA15_HexN15_Ac10_S1_pNP	15	15	30	10	1	C206H310N16O166S	5695.602842
HS_HexA15_HexN15_Ac10_S2_pNP	15	15	30	10	2	C206H310N16O169S2	5775.559657
HS_HexA15_HexN15_Ac10_S3_pNP	15	15	30	10	3	C206H310N16O172S3	5855.516472
HS_HexA15_HexN15_Ac10_S4_pNP	15	15	30	10	4	C206H310N16O175S4	5935.473287
HS_HexA15_HexN15_Ac10_S5_pNP	15	15	30	10	5	C206H310N16O178S5	6015.430102
HS_HexA15_HexN15_Ac10_S6_pNP	15	15	30	10	6	C206H310N16O181S6	6095.386917
HS_HexA15_HexN15_Ac10_S7_pNP	15	15	30	10	7	C206H310N16O184S7	6175.343732
HS_HexA15_HexN15_Ac10_S8_pNP	15	15	30	10	8	C206H310N16O187S8	6255.300547
HS_HexA15_HexN15_Ac10_S9_pNP	15	15	30	10	9	C206H310N16O190S9	6335.257362
HS_HexA15_HexN15_Ac10_S10_pNP	15	15	30	10	10	C206H310N16O193S10	6415.214177
HS_HexA15_HexN15_Ac10_S11_pNP	15	15	30	10	11	C206H310N16O196S11	6495.170992
HS_HexA15_HexN15_Ac10_S12_pNP	15	15	30	10	12	C206H310N16O199S12	6575.127807
HS_HexA15_HexN15_Ac10_S13_pNP	15	15	30	10	13	C206H310N16O202S13	6655.084622
HS_HexA15_HexN15_Ac10_S14_pNP	15	15	30	10	14	C206H310N16O205S14	6735.041438
HS_HexA15_HexN15_Ac10_S15_pNP	15	15	30	10	15	C206H310N16O208S15	6814.998253
HS_HexA15_HexN15_Ac10_S16_pNP	15	15	30	10	16	C206H310N16O211S16	6894.955068
HS_HexA15_HexN15_Ac10_S17_pNP	15	15	30	10	17	C206H310N16O214S17	6974.911883
HS_HexA15_HexN15_Ac10_S18_pNP	15	15	30	10	18	C206H310N16O217S18	7054.868698
HS_HexA15_HexN15_Ac10_S19_pNP	15	15	30	10	19	C206H310N16O220S19	7134.825513
HS_HexA15_HexN15_Ac10_S20_pNP	15	15	30	10	20	C206H310N16O223S20	7214.782328
HS_HexA15_HexN15_Ac10_S21_pNP	15	15	30	10	21	C206H310N16O226S21	7294.739143
HS_HexA15_HexN15_Ac10_S22_pNP	15	15	30	10	22	C206H310N16O229S22	7374.695958
HS_HexA15_HexN15_Ac10_S23_pNP	15	15	30	10	23	C206H310N16O232S23	7454.652773
HS_HexA15_HexN15_Ac10_S24_pNP	15	15	30	10	24	C206H310N16O235S24	7534.609588
HS_HexA15_HexN15_Ac10_S25_pNP	15	15	30	10	25	C206H310N16O238S25	7614.566403
HS_HexA15_HexN15_Ac10_S26_pNP	15	15	30	10	26	C206H310N16O241S26	7694.523218
HS_HexA15_HexN15_Ac10_S27_pNP	15	15	30	10	27	C206H310N16O244S27	7774.480033
HS_HexA15_HexN15_Ac10_S28_pNP	15	15	30	10	28	C206H310N16O247S28	7854.436848
HS_HexA15_HexN15_Ac10_S29_pNP	15	15	30	10	29	C206H310N16O250S29	7934.393663
HS_HexA15_HexN15_Ac10_S30_pNP	15	15	30	10	30	C206H310N16O253S30	8014.350478
HS_HexA15_HexN15_Ac10_S31_pNP	15	15	30	10	31	C206H310N16O256S31	8094.307293
HS_HexA15_HexN15_Ac10_S32_pNP	15	15	30	10	32	C206H310N16O259S32	8174.264108
HS_HexA15_HexN15_Ac10_S33_pNP	15	15	30	10	33	C206H310N16O262S33	8254.220923
HS_HexA15_HexN15_Ac10_S34_pNP	15	15	30	10	34	C206H310N16O265S34	8334.177738
HS_HexA15_HexN15_Ac10_S35_pNP	15	15	30	10	35	C206H310N16O268S35	8414.134553
HS_HexA15_HexN15_Ac10_S36_pNP	15	15	30	10	36	C206H310N16O271S36	8494.091368
HS_HexA15_HexN15_Ac10_S37_pNP	15	15	30	10	37	C206H310N16O274S37	8574.048183
HS_HexA15_HexN15_Ac10_S38_pNP	15	15	30	10	38	C206H310N16O277S38	8654.004998
HS_HexA15_HexN15_Ac10_S39_pNP	15	15	30	10	39	C206H310N16O280S39	8733.961813
HS_HexA15_HexN15_Ac10_S40_pNP	15	15	30	10	40	C206H310N16O283S40	8813.918628
HS_HexA15_HexN15_Ac10_S41_pNP	15	15	30	10	41	C206H310N16O286S41	8893.875443
HS_HexA15_HexN15_Ac10_S42_pNP	15	15	30	10	42	C206H310N16O289S42	8973.832258
HS_HexA15_HexN15_Ac10_S43_pNP	15	15	30	10	43	C206H310N16O292S43	9053.789073
HS_HexA15_HexN15_Ac10_S44_pNP	15	15	30	10	44	C206H310N16O295S44	9133.745889
HS_HexA15_HexN15_Ac10_S45_pNP	15	15	30	10	45	C206H310N16O298S45	9213.702704
HS_HexA15_HexN15_Ac11_S0_pNP	15	15	30	11	0	C208H312N16O164	5657.656592
HS_HexA15_HexN15_Ac11_S1_pNP	15	15	30	11	1	C208H312N16O167S	5737.613407
HS_HexA15_HexN15_Ac11_S2_pNP	15	15	30	11	2	C208H312N16O170S2	5817.570222
HS_HexA15_HexN15_Ac11_S3_pNP	15	15	30	11	3	C208H312N16O173S3	5897.527037
HS_HexA15_HexN15_Ac11_S4_pNP	15	15	30	11	4	C208H312N16O176S4	5977.483852
HS_HexA15_HexN15_Ac11_S5_pNP	15	15	30	11	5	C208H312N16O179S5	6057.440667
HS_HexA15_HexN15_Ac11_S6_pNP	15	15	30	11	6	C208H312N16O182S6	6137.397482
HS_HexA15_HexN15_Ac11_S7_pNP	15	15	30	11	7	C208H312N16O185S7	6217.354297
HS_HexA15_HexN15_Ac11_S8_pNP	15	15	30	11	8	C208H312N16O188S8	6297.311112
HS_HexA15_HexN15_Ac11_S9_pNP	15	15	30	11	9	C208H312N16O191S9	6377.267927
HS_HexA15_HexN15_Ac11_S10_pNP	15	15	30	11	10	C208H312N16O194S10	6457.224742
HS_HexA15_HexN15_Ac11_S11_pNP	15	15	30	11	11	C208H312N16O197S11	6537.181557
HS_HexA15_HexN15_Ac11_S12_pNP	15	15	30	11	12	C208H312N16O200S12	6617.138372
HS_HexA15_HexN15_Ac11_S13_pNP	15	15	30	11	13	C208H312N16O203S13	6697.095187
HS_HexA15_HexN15_Ac11_S14_pNP	15	15	30	11	14	C208H312N16O206S14	6777.052002
HS_HexA15_HexN15_Ac11_S15_pNP	15	15	30	11	15	C208H312N16O209S15	6857.008817
HS_HexA15_HexN15_Ac11_S16_pNP	15	15	30	11	16	C208H312N16O212S16	6936.965632
HS_HexA15_HexN15_Ac11_S17_pNP	15	15	30	11	17	C208H312N16O215S17	7016.922447
HS_HexA15_HexN15_Ac11_S18_pNP	15	15	30	11	18	C208H312N16O218S18	7096.879262
HS_HexA15_HexN15_Ac11_S19_pNP	15	15	30	11	19	C208H312N16O221S19	7176.836077
HS_HexA15_HexN15_Ac11_S20_pNP	15	15	30	11	20	C208H312N16O224S20	7256.792892
HS_HexA15_HexN15_Ac11_S21_pNP	15	15	30	11	21	C208H312N16O227S21	7336.749707
HS_HexA15_HexN15_Ac11_S22_pNP	15	15	30	11	22	C208H312N16O230S22	7416.706522
HS_HexA15_HexN15_Ac11_S23_pNP	15	15	30	11	23	C208H312N16O233S23	7496.663337
HS_HexA15_HexN15_Ac11_S24_pNP	15	15	30	11	24	C208H312N16O236S24	7576.620153
HS_HexA15_HexN15_Ac11_S25_pNP	15	15	30	11	25	C208H312N16O239S25	7656.576968
HS_HexA15_HexN15_Ac11_S26_pNP	15	15	30	11	26	C208H312N16O242S26	7736.533783
HS_HexA15_HexN15_Ac11_S27_pNP	15	15	30	11	27	C208H312N16O245S27	7816.490598
HS_HexA15_HexN15_Ac11_S28_pNP	15	15	30	11	28	C208H312N16O248S28	7896.447413
HS_HexA15_HexN15_Ac11_S29_pNP	15	15	30	11	29	C208H312N16O251S29	7976.404228
HS_HexA15_HexN15_Ac11_S30_pNP	15	15	30	11	30	C208H312N16O254S30	8056.361043
HS_HexA15_HexN15_Ac11_S31_pNP	15	15	30	11	31	C208H312N16O257S31	8136.317858
HS_HexA15_HexN15_Ac11_S32_pNP	15	15	30	11	32	C208H312N16O260S32	8216.274673
HS_HexA15_HexN15_Ac11_S33_pNP	15	15	30	11	33	C208H312N16O263S33	8296.231488
HS_HexA15_HexN15_Ac11_S34_pNP	15	15	30	11	34	C208H312N16O266S34	8376.188303
HS_HexA15_HexN15_Ac11_S35_pNP	15	15	30	11	35	C208H312N16O269S35	8456.145118
HS_HexA15_HexN15_Ac11_S36_pNP	15	15	30	11	36	C208H312N16O272S36	8536.101933
HS_HexA15_HexN15_Ac11_S37_pNP	15	15	30	11	37	C208H312N16O275S37	8616.058748
HS_HexA15_HexN15_Ac11_S38_pNP	15	15	30	11	38	C208H312N16O278S38	8696.015563
HS_HexA15_HexN15_Ac11_S39_pNP	15	15	30	11	39	C208H312N16O281S39	8775.972378
HS_HexA15_HexN15_Ac11_S40_pNP	15	15	30	11	40	C208H312N16O284S40	8855.929193
HS_HexA15_HexN15_Ac11_S41_pNP	15	15	30	11	41	C208H312N16O287S41	8935.886008
HS_HexA15_HexN15_Ac11_S42_pNP	15	15	30	11	42	C208H312N16O290S42	9015.842823
HS_HexA15_HexN15_Ac11_S43_pNP	15	15	30	11	43	C208H312N16O293S43	9095.799638
HS_HexA15_HexN15_Ac11_S44_pNP	15	15	30	11	44	C208H312N16O296S44	9175.756453
HS_HexA15_HexN15_Ac11_S45_pNP	15	15	30	11	45	C208H312N16O299S45	9255.713268
HS_HexA15_HexN15_Ac12_S0_pNP	15	15	30	12	0	C210H314N16O165	5699.667156
HS_HexA15_HexN15_Ac12_S1_pNP	15	15	30	12	1	C210H314N16O168S	5779.623971
HS_HexA15_HexN15_Ac12_S2_pNP	15	15	30	12	2	C210H314N16O171S2	5859.580786
HS_HexA15_HexN15_Ac12_S3_pNP	15	15	30	12	3	C210H314N16O174S3	5939.537602
HS_HexA15_HexN15_Ac12_S4_pNP	15	15	30	12	4	C210H314N16O177S4	6019.494417
HS_HexA15_HexN15_Ac12_S5_pNP	15	15	30	12	5	C210H314N16O180S5	6099.451232
HS_HexA15_HexN15_Ac12_S6_pNP	15	15	30	12	6	C210H314N16O183S6	6179.408047
HS_HexA15_HexN15_Ac12_S7_pNP	15	15	30	12	7	C210H314N16O186S7	6259.364862
HS_HexA15_HexN15_Ac12_S8_pNP	15	15	30	12	8	C210H314N16O189S8	6339.321677
HS_HexA15_HexN15_Ac12_S9_pNP	15	15	30	12	9	C210H314N16O192S9	6419.278492
HS_HexA15_HexN15_Ac12_S10_pNP	15	15	30	12	10	C210H314N16O195S10	6499.235307
HS_HexA15_HexN15_Ac12_S11_pNP	15	15	30	12	11	C210H314N16O198S11	6579.192122
HS_HexA15_HexN15_Ac12_S12_pNP	15	15	30	12	12	C210H314N16O201S12	6659.148937
HS_HexA15_HexN15_Ac12_S13_pNP	15	15	30	12	13	C210H314N16O204S13	6739.105752
HS_HexA15_HexN15_Ac12_S14_pNP	15	15	30	12	14	C210H314N16O207S14	6819.062567
HS_HexA15_HexN15_Ac12_S15_pNP	15	15	30	12	15	C210H314N16O210S15	6899.019382
HS_HexA15_HexN15_Ac12_S16_pNP	15	15	30	12	16	C210H314N16O213S16	6978.976197
HS_HexA15_HexN15_Ac12_S17_pNP	15	15	30	12	17	C210H314N16O216S17	7058.933012
HS_HexA15_HexN15_Ac12_S18_pNP	15	15	30	12	18	C210H314N16O219S18	7138.889827
HS_HexA15_HexN15_Ac12_S19_pNP	15	15	30	12	19	C210H314N16O222S19	7218.846642
HS_HexA15_HexN15_Ac12_S20_pNP	15	15	30	12	20	C210H314N16O225S20	7298.803457
HS_HexA15_HexN15_Ac12_S21_pNP	15	15	30	12	21	C210H314N16O228S21	7378.760272
HS_HexA15_HexN15_Ac12_S22_pNP	15	15	30	12	22	C210H314N16O231S22	7458.717087
HS_HexA15_HexN15_Ac12_S23_pNP	15	15	30	12	23	C210H314N16O234S23	7538.673902
HS_HexA15_HexN15_Ac12_S24_pNP	15	15	30	12	24	C210H314N16O237S24	7618.630717
HS_HexA15_HexN15_Ac12_S25_pNP	15	15	30	12	25	C210H314N16O240S25	7698.587532
HS_HexA15_HexN15_Ac12_S26_pNP	15	15	30	12	26	C210H314N16O243S26	7778.544347
HS_HexA15_HexN15_Ac12_S27_pNP	15	15	30	12	27	C210H314N16O246S27	7858.501162
HS_HexA15_HexN15_Ac12_S28_pNP	15	15	30	12	28	C210H314N16O249S28	7938.457977
HS_HexA15_HexN15_Ac12_S29_pNP	15	15	30	12	29	C210H314N16O252S29	8018.414792
HS_HexA15_HexN15_Ac12_S30_pNP	15	15	30	12	30	C210H314N16O255S30	8098.371607
HS_HexA15_HexN15_Ac12_S31_pNP	15	15	30	12	31	C210H314N16O258S31	8178.328422
HS_HexA15_HexN15_Ac12_S32_pNP	15	15	30	12	32	C210H314N16O261S32	8258.285237
HS_HexA15_HexN15_Ac12_S33_pNP	15	15	30	12	33	C210H314N16O264S33	8338.242053
HS_HexA15_HexN15_Ac12_S34_pNP	15	15	30	12	34	C210H314N16O267S34	8418.198868
HS_HexA15_HexN15_Ac12_S35_pNP	15	15	30	12	35	C210H314N16O270S35	8498.155683
HS_HexA15_HexN15_Ac12_S36_pNP	15	15	30	12	36	C210H314N16O273S36	8578.112498
HS_HexA15_HexN15_Ac12_S37_pNP	15	15	30	12	37	C210H314N16O276S37	8658.069313
HS_HexA15_HexN15_Ac12_S38_pNP	15	15	30	12	38	C210H314N16O279S38	8738.026128
HS_HexA15_HexN15_Ac12_S39_pNP	15	15	30	12	39	C210H314N16O282S39	8817.982943
HS_HexA15_HexN15_Ac12_S40_pNP	15	15	30	12	40	C210H314N16O285S40	8897.939758
HS_HexA15_HexN15_Ac12_S41_pNP	15	15	30	12	41	C210H314N16O288S41	8977.896573
HS_HexA15_HexN15_Ac12_S42_pNP	15	15	30	12	42	C210H314N16O291S42	9057.853388
HS_HexA15_HexN15_Ac12_S43_pNP	15	15	30	12	43	C210H314N16O294S43	9137.810203
HS_HexA15_HexN15_Ac12_S44_pNP	15	15	30	12	44	C210H314N16O297S44	9217.767018
HS_HexA15_HexN15_Ac12_S45_pNP	15	15	30	12	45	C210H314N16O300S45	9297.723833
HS_HexA15_HexN15_Ac13_S0_pNP	15	15	30	13	0	C212H316N16O166	5741.677721
HS_HexA15_HexN15_Ac13_S1_pNP	15	15	30	13	1	C212H316N16O169S	5821.634536
HS_HexA15_HexN15_Ac13_S2_pNP	15	15	30	13	2	C212H316N16O172S2	5901.591351
HS_HexA15_HexN15_Ac13_S3_pNP	15	15	30	13	3	C212H316N16O175S3	5981.548166
HS_HexA15_HexN15_Ac13_S4_pNP	15	15	30	13	4	C212H316N16O178S4	6061.504981
HS_HexA15_HexN15_Ac13_S5_pNP	15	15	30	13	5	C212H316N16O181S5	6141.461796
HS_HexA15_HexN15_Ac13_S6_pNP	15	15	30	13	6	C212H316N16O184S6	6221.418611
HS_HexA15_HexN15_Ac13_S7_pNP	15	15	30	13	7	C212H316N16O187S7	6301.375426
HS_HexA15_HexN15_Ac13_S8_pNP	15	15	30	13	8	C212H316N16O190S8	6381.332241
HS_HexA15_HexN15_Ac13_S9_pNP	15	15	30	13	9	C212H316N16O193S9	6461.289056
HS_HexA15_HexN15_Ac13_S10_pNP	15	15	30	13	10	C212H316N16O196S10	6541.245871
HS_HexA15_HexN15_Ac13_S11_pNP	15	15	30	13	11	C212H316N16O199S11	6621.202686
HS_HexA15_HexN15_Ac13_S12_pNP	15	15	30	13	12	C212H316N16O202S12	6701.159502
HS_HexA15_HexN15_Ac13_S13_pNP	15	15	30	13	13	C212H316N16O205S13	6781.116317
HS_HexA15_HexN15_Ac13_S14_pNP	15	15	30	13	14	C212H316N16O208S14	6861.073132
HS_HexA15_HexN15_Ac13_S15_pNP	15	15	30	13	15	C212H316N16O211S15	6941.029947
HS_HexA15_HexN15_Ac13_S16_pNP	15	15	30	13	16	C212H316N16O214S16	7020.986762
HS_HexA15_HexN15_Ac13_S17_pNP	15	15	30	13	17	C212H316N16O217S17	7100.943577
HS_HexA15_HexN15_Ac13_S18_pNP	15	15	30	13	18	C212H316N16O220S18	7180.900392
HS_HexA15_HexN15_Ac13_S19_pNP	15	15	30	13	19	C212H316N16O223S19	7260.857207
HS_HexA15_HexN15_Ac13_S20_pNP	15	15	30	13	20	C212H316N16O226S20	7340.814022
HS_HexA15_HexN15_Ac13_S21_pNP	15	15	30	13	21	C212H316N16O229S21	7420.770837
HS_HexA15_HexN15_Ac13_S22_pNP	15	15	30	13	22	C212H316N16O232S22	7500.727652
HS_HexA15_HexN15_Ac13_S23_pNP	15	15	30	13	23	C212H316N16O235S23	7580.684467
HS_HexA15_HexN15_Ac13_S24_pNP	15	15	30	13	24	C212H316N16O238S24	7660.641282
HS_HexA15_HexN15_Ac13_S25_pNP	15	15	30	13	25	C212H316N16O241S25	7740.598097
HS_HexA15_HexN15_Ac13_S26_pNP	15	15	30	13	26	C212H316N16O244S26	7820.554912
HS_HexA15_HexN15_Ac13_S27_pNP	15	15	30	13	27	C212H316N16O247S27	7900.511727
HS_HexA15_HexN15_Ac13_S28_pNP	15	15	30	13	28	C212H316N16O250S28	7980.468542
HS_HexA15_HexN15_Ac13_S29_pNP	15	15	30	13	29	C212H316N16O253S29	8060.425357
HS_HexA15_HexN15_Ac13_S30_pNP	15	15	30	13	30	C212H316N16O256S30	8140.382172
HS_HexA15_HexN15_Ac13_S31_pNP	15	15	30	13	31	C212H316N16O259S31	8220.338987
HS_HexA15_HexN15_Ac13_S32_pNP	15	15	30	13	32	C212H316N16O262S32	8300.295802
HS_HexA15_HexN15_Ac13_S33_pNP	15	15	30	13	33	C212H316N16O265S33	8380.252617
HS_HexA15_HexN15_Ac13_S34_pNP	15	15	30	13	34	C212H316N16O268S34	8460.209432
HS_HexA15_HexN15_Ac13_S35_pNP	15	15	30	13	35	C212H316N16O271S35	8540.166247
HS_HexA15_HexN15_Ac13_S36_pNP	15	15	30	13	36	C212H316N16O274S36	8620.123062
HS_HexA15_HexN15_Ac13_S37_pNP	15	15	30	13	37	C212H316N16O277S37	8700.079877
HS_HexA15_HexN15_Ac13_S38_pNP	15	15	30	13	38	C212H316N16O280S38	8780.036692
HS_HexA15_HexN15_Ac13_S39_pNP	15	15	30	13	39	C212H316N16O283S39	8859.993507
HS_HexA15_HexN15_Ac13_S40_pNP	15	15	30	13	40	C212H316N16O286S40	8939.950322
HS_HexA15_HexN15_Ac13_S41_pNP	15	15	30	13	41	C212H316N16O289S41	9019.907137
HS_HexA15_HexN15_Ac13_S42_pNP	15	15	30	13	42	C212H316N16O292S42	9099.863952
HS_HexA15_HexN15_Ac13_S43_pNP	15	15	30	13	43	C212H316N16O295S43	9179.820768
HS_HexA15_HexN15_Ac13_S44_pNP	15	15	30	13	44	C212H316N16O298S44	9259.777583
HS_HexA15_HexN15_Ac13_S45_pNP	15	15	30	13	45	C212H316N16O301S45	9339.734398
HS_HexA15_HexN15_Ac14_S0_pNP	15	15	30	14	0	C214H318N16O167	5783.688286
HS_HexA15_HexN15_Ac14_S1_pNP	15	15	30	14	1	C214H318N16O170S	5863.645101
HS_HexA15_HexN15_Ac14_S2_pNP	15	15	30	14	2	C214H318N16O173S2	5943.601916
HS_HexA15_HexN15_Ac14_S3_pNP	15	15	30	14	3	C214H318N16O176S3	6023.558731
HS_HexA15_HexN15_Ac14_S4_pNP	15	15	30	14	4	C214H318N16O179S4	6103.515546
HS_HexA15_HexN15_Ac14_S5_pNP	15	15	30	14	5	C214H318N16O182S5	6183.472361
HS_HexA15_HexN15_Ac14_S6_pNP	15	15	30	14	6	C214H318N16O185S6	6263.429176
HS_HexA15_HexN15_Ac14_S7_pNP	15	15	30	14	7	C214H318N16O188S7	6343.385991
HS_HexA15_HexN15_Ac14_S8_pNP	15	15	30	14	8	C214H318N16O191S8	6423.342806
HS_HexA15_HexN15_Ac14_S9_pNP	15	15	30	14	9	C214H318N16O194S9	6503.299621
HS_HexA15_HexN15_Ac14_S10_pNP	15	15	30	14	10	C214H318N16O197S10	6583.256436
HS_HexA15_HexN15_Ac14_S11_pNP	15	15	30	14	11	C214H318N16O200S11	6663.213251
HS_HexA15_HexN15_Ac14_S12_pNP	15	15	30	14	12	C214H318N16O203S12	6743.170066
HS_HexA15_HexN15_Ac14_S13_pNP	15	15	30	14	13	C214H318N16O206S13	6823.126881
HS_HexA15_HexN15_Ac14_S14_pNP	15	15	30	14	14	C214H318N16O209S14	6903.083696
HS_HexA15_HexN15_Ac14_S15_pNP	15	15	30	14	15	C214H318N16O212S15	6983.040511
HS_HexA15_HexN15_Ac14_S16_pNP	15	15	30	14	16	C214H318N16O215S16	7062.997326
HS_HexA15_HexN15_Ac14_S17_pNP	15	15	30	14	17	C214H318N16O218S17	7142.954141
HS_HexA15_HexN15_Ac14_S18_pNP	15	15	30	14	18	C214H318N16O221S18	7222.910956
HS_HexA15_HexN15_Ac14_S19_pNP	15	15	30	14	19	C214H318N16O224S19	7302.867771
HS_HexA15_HexN15_Ac14_S20_pNP	15	15	30	14	20	C214H318N16O227S20	7382.824586
HS_HexA15_HexN15_Ac14_S21_pNP	15	15	30	14	21	C214H318N16O230S21	7462.781401
HS_HexA15_HexN15_Ac14_S22_pNP	15	15	30	14	22	C214H318N16O233S22	7542.738217
HS_HexA15_HexN15_Ac14_S23_pNP	15	15	30	14	23	C214H318N16O236S23	7622.695032
HS_HexA15_HexN15_Ac14_S24_pNP	15	15	30	14	24	C214H318N16O239S24	7702.651847
HS_HexA15_HexN15_Ac14_S25_pNP	15	15	30	14	25	C214H318N16O242S25	7782.608662
HS_HexA15_HexN15_Ac14_S26_pNP	15	15	30	14	26	C214H318N16O245S26	7862.565477
HS_HexA15_HexN15_Ac14_S27_pNP	15	15	30	14	27	C214H318N16O248S27	7942.522292
HS_HexA15_HexN15_Ac14_S28_pNP	15	15	30	14	28	C214H318N16O251S28	8022.479107
HS_HexA15_HexN15_Ac14_S29_pNP	15	15	30	14	29	C214H318N16O254S29	8102.435922
HS_HexA15_HexN15_Ac14_S30_pNP	15	15	30	14	30	C214H318N16O257S30	8182.392737
HS_HexA15_HexN15_Ac14_S31_pNP	15	15	30	14	31	C214H318N16O260S31	8262.349552
HS_HexA15_HexN15_Ac14_S32_pNP	15	15	30	14	32	C214H318N16O263S32	8342.306367
HS_HexA15_HexN15_Ac14_S33_pNP	15	15	30	14	33	C214H318N16O266S33	8422.263182
HS_HexA15_HexN15_Ac14_S34_pNP	15	15	30	14	34	C214H318N16O269S34	8502.219997
HS_HexA15_HexN15_Ac14_S35_pNP	15	15	30	14	35	C214H318N16O272S35	8582.176812
HS_HexA15_HexN15_Ac14_S36_pNP	15	15	30	14	36	C214H318N16O275S36	8662.133627
HS_HexA15_HexN15_Ac14_S37_pNP	15	15	30	14	37	C214H318N16O278S37	8742.090442
HS_HexA15_HexN15_Ac14_S38_pNP	15	15	30	14	38	C214H318N16O281S38	8822.047257
HS_HexA15_HexN15_Ac14_S39_pNP	15	15	30	14	39	C214H318N16O284S39	8902.004072
HS_HexA15_HexN15_Ac14_S40_pNP	15	15	30	14	40	C214H318N16O287S40	8981.960887
HS_HexA15_HexN15_Ac14_S41_pNP	15	15	30	14	41	C214H318N16O290S41	9061.917702
HS_HexA15_HexN15_Ac14_S42_pNP	15	15	30	14	42	C214H318N16O293S42	9141.874517
HS_HexA15_HexN15_Ac14_S43_pNP	15	15	30	14	43	C214H318N16O296S43	9221.831332
HS_HexA15_HexN15_Ac14_S44_pNP	15	15	30	14	44	C214H318N16O299S44	9301.788147
HS_HexA15_HexN15_Ac14_S45_pNP	15	15	30	14	45	C214H318N16O302S45	9381.744962
HS_HexA15_HexN15_Ac15_S0_pNP	15	15	30	15	0	C216H320N16O168	5825.698850
HS_HexA15_HexN15_Ac15_S1_pNP	15	15	30	15	1	C216H320N16O171S	5905.655666
HS_HexA15_HexN15_Ac15_S2_pNP	15	15	30	15	2	C216H320N16O174S2	5985.612481
HS_HexA15_HexN15_Ac15_S3_pNP	15	15	30	15	3	C216H320N16O177S3	6065.569296
HS_HexA15_HexN15_Ac15_S4_pNP	15	15	30	15	4	C216H320N16O180S4	6145.526111
HS_HexA15_HexN15_Ac15_S5_pNP	15	15	30	15	5	C216H320N16O183S5	6225.482926
HS_HexA15_HexN15_Ac15_S6_pNP	15	15	30	15	6	C216H320N16O186S6	6305.439741
HS_HexA15_HexN15_Ac15_S7_pNP	15	15	30	15	7	C216H320N16O189S7	6385.396556
HS_HexA15_HexN15_Ac15_S8_pNP	15	15	30	15	8	C216H320N16O192S8	6465.353371
HS_HexA15_HexN15_Ac15_S9_pNP	15	15	30	15	9	C216H320N16O195S9	6545.310186
HS_HexA15_HexN15_Ac15_S10_pNP	15	15	30	15	10	C216H320N16O198S10	6625.267001
HS_HexA15_HexN15_Ac15_S11_pNP	15	15	30	15	11	C216H320N16O201S11	6705.223816
HS_HexA15_HexN15_Ac15_S12_pNP	15	15	30	15	12	C216H320N16O204S12	6785.180631
HS_HexA15_HexN15_Ac15_S13_pNP	15	15	30	15	13	C216H320N16O207S13	6865.137446
HS_HexA15_HexN15_Ac15_S14_pNP	15	15	30	15	14	C216H320N16O210S14	6945.094261
HS_HexA15_HexN15_Ac15_S15_pNP	15	15	30	15	15	C216H320N16O213S15	7025.051076
HS_HexA15_HexN15_Ac15_S16_pNP	15	15	30	15	16	C216H320N16O216S16	7105.007891
HS_HexA15_HexN15_Ac15_S17_pNP	15	15	30	15	17	C216H320N16O219S17	7184.964706
HS_HexA15_HexN15_Ac15_S18_pNP	15	15	30	15	18	C216H320N16O222S18	7264.921521
HS_HexA15_HexN15_Ac15_S19_pNP	15	15	30	15	19	C216H320N16O225S19	7344.878336
HS_HexA15_HexN15_Ac15_S20_pNP	15	15	30	15	20	C216H320N16O228S20	7424.835151
HS_HexA15_HexN15_Ac15_S21_pNP	15	15	30	15	21	C216H320N16O231S21	7504.791966
HS_HexA15_HexN15_Ac15_S22_pNP	15	15	30	15	22	C216H320N16O234S22	7584.748781
HS_HexA15_HexN15_Ac15_S23_pNP	15	15	30	15	23	C216H320N16O237S23	7664.705596
HS_HexA15_HexN15_Ac15_S24_pNP	15	15	30	15	24	C216H320N16O240S24	7744.662411
HS_HexA15_HexN15_Ac15_S25_pNP	15	15	30	15	25	C216H320N16O243S25	7824.619226
HS_HexA15_HexN15_Ac15_S26_pNP	15	15	30	15	26	C216H320N16O246S26	7904.576041
HS_HexA15_HexN15_Ac15_S27_pNP	15	15	30	15	27	C216H320N16O249S27	7984.532856
HS_HexA15_HexN15_Ac15_S28_pNP	15	15	30	15	28	C216H320N16O252S28	8064.489671
HS_HexA15_HexN15_Ac15_S29_pNP	15	15	30	15	29	C216H320N16O255S29	8144.446486
HS_HexA15_HexN15_Ac15_S30_pNP	15	15	30	15	30	C216H320N16O258S30	8224.403301
HS_HexA15_HexN15_Ac15_S31_pNP	15	15	30	15	31	C216H320N16O261S31	8304.360116
HS_HexA15_HexN15_Ac15_S32_pNP	15	15	30	15	32	C216H320N16O264S32	8384.316932
HS_HexA15_HexN15_Ac15_S33_pNP	15	15	30	15	33	C216H320N16O267S33	8464.273747
HS_HexA15_HexN15_Ac15_S34_pNP	15	15	30	15	34	C216H320N16O270S34	8544.230562
HS_HexA15_HexN15_Ac15_S35_pNP	15	15	30	15	35	C216H320N16O273S35	8624.187377
HS_HexA15_HexN15_Ac15_S36_pNP	15	15	30	15	36	C216H320N16O276S36	8704.144192
HS_HexA15_HexN15_Ac15_S37_pNP	15	15	30	15	37	C216H320N16O279S37	8784.101007
HS_HexA15_HexN15_Ac15_S38_pNP	15	15	30	15	38	C216H320N16O282S38	8864.057822
HS_HexA15_HexN15_Ac15_S39_pNP	15	15	30	15	39	C216H320N16O285S39	8944.014637
HS_HexA15_HexN15_Ac15_S40_pNP	15	15	30	15	40	C216H320N16O288S40	9023.971452
HS_HexA15_HexN15_Ac15_S41_pNP	15	15	30	15	41	C216H320N16O291S41	9103.928267
HS_HexA15_HexN15_Ac15_S42_pNP	15	15	30	15	42	C216H320N16O294S42	9183.885082
HS_HexA15_HexN15_Ac15_S43_pNP	15	15	30	15	43	C216H320N16O297S43	9263.841897
HS_HexA15_HexN15_Ac15_S44_pNP	15	15	30	15	44	C216H320N16O300S44	9343.798712
HS_HexA15_HexN15_Ac15_S45_pNP	15	15	30	15	45	C216H320N16O303S45	9423.755527
